epoch,price,last_digit
1780810934,2803.891,1
1780810936,2804.123,3
1780810938,2804.218,8
1780810940,2804.345,5
1780810942,2804.547,7
1780810944,2804.330,0
1780810946,2804.340,0
1780810948,2804.449,9
1780810950,2804.552,2
1780810952,2804.522,2
1780810954,2804.659,9
1780810956,2804.423,3
1780810958,2804.241,1
1780810960,2804.219,9
1780810962,2804.316,6
1780810964,2804.385,5
1780810966,2804.325,5
1780810968,2804.229,9
1780810970,2804.537,7
1780810972,2804.681,1
1780810974,2804.723,3
1780810976,2804.613,3
1780810978,2804.737,7
1780810980,2805.002,2
1780810982,2805.083,3
1780810984,2804.956,6
1780810986,2804.885,5
1780810988,2804.822,2
1780810990,2804.703,3
1780810992,2804.440,0
1780810994,2804.372,2
1780810996,2804.081,1
1780810998,2803.858,8
1780811000,2803.602,2
1780811002,2803.783,3
1780811004,2804.124,4
1780811006,2803.844,4
1780811008,2804.003,3
1780811010,2804.099,9
1780811012,2804.054,4
1780811014,2804.028,8
1780811016,2803.905,5
1780811018,2803.708,8
1780811020,2803.854,4
1780811022,2804.211,1
1780811024,2804.445,5
1780811026,2804.348,8
1780811028,2804.328,8
1780811030,2804.524,4
1780811032,2804.454,4
1780811034,2804.458,8
1780811036,2804.386,6
1780811038,2804.611,1
1780811040,2804.494,4
1780811042,2804.642,2
1780811044,2804.718,8
1780811046,2804.619,9
1780811048,2804.594,4
1780811050,2804.431,1
1780811052,2804.457,7
1780811054,2804.297,7
1780811056,2804.453,3
1780811058,2804.604,4
1780811060,2804.716,6
1780811062,2805.005,5
1780811064,2804.949,9
1780811066,2805.268,8
1780811068,2805.267,7
1780811070,2805.127,7
1780811072,2805.228,8
1780811074,2805.260,0
1780811076,2805.238,8
1780811078,2805.448,8
1780811080,2805.202,2
1780811082,2804.910,0
1780811084,2804.978,8
1780811086,2804.963,3
1780811088,2804.956,6
1780811090,2804.942,2
1780811092,2804.951,1
1780811094,2805.194,4
1780811096,2805.088,8
1780811098,2805.077,7
1780811100,2804.959,9
1780811102,2804.886,6
1780811104,2805.052,2
1780811106,2804.951,1
1780811108,2805.312,2
1780811110,2805.311,1
1780811112,2805.321,1
1780811114,2805.188,8
1780811116,2804.848,8
1780811118,2804.980,0
1780811120,2805.062,2
1780811122,2805.145,5
1780811124,2804.945,5
1780811126,2804.624,4
1780811128,2804.920,0
1780811130,2804.887,7
1780811132,2804.773,3
1780811134,2804.526,6
1780811136,2804.498,8
1780811138,2804.284,4
1780811140,2804.347,7
1780811142,2804.512,2
1780811144,2804.733,3
1780811146,2804.808,8
1780811148,2804.744,4
1780811150,2804.776,6
1780811152,2804.739,9
1780811154,2804.853,3
1780811156,2804.791,1
1780811158,2804.813,3
1780811160,2804.776,6
1780811162,2804.938,8
1780811164,2805.025,5
1780811166,2805.206,6
1780811168,2805.388,8
1780811170,2805.133,3
1780811172,2805.085,5
1780811174,2805.247,7
1780811176,2805.180,0
1780811178,2805.212,2
1780811180,2805.349,9
1780811182,2805.414,4
1780811184,2805.452,2
1780811186,2805.704,4
1780811188,2805.422,2
1780811190,2805.638,8
1780811192,2805.772,2
1780811194,2805.829,9
1780811196,2805.932,2
1780811198,2805.759,9
1780811200,2805.600,0
1780811202,2805.623,3
1780811204,2805.526,6
1780811206,2805.684,4
1780811208,2805.466,6
1780811210,2805.624,4
1780811212,2805.454,4
1780811214,2805.054,4
1780811216,2805.029,9
1780811218,2805.372,2
1780811220,2805.183,3
1780811222,2805.260,0
1780811224,2805.139,9
1780811226,2805.176,6
1780811228,2805.154,4
1780811230,2805.160,0
1780811232,2805.345,5
1780811234,2805.462,2
1780811236,2805.154,4
1780811238,2805.189,9
1780811240,2804.908,8
1780811242,2804.916,6
1780811244,2804.792,2
1780811246,2804.807,7
1780811248,2804.698,8
1780811250,2804.619,9
1780811252,2804.623,3
1780811254,2804.406,6
1780811256,2804.250,0
1780811258,2804.102,2
1780811260,2804.354,4
1780811262,2804.293,3
1780811264,2803.898,8
1780811266,2803.540,0
1780811268,2803.775,5
1780811270,2803.918,8
1780811272,2803.616,6
1780811274,2803.600,0
1780811276,2803.766,6
1780811278,2804.050,0
1780811280,2804.157,7
1780811282,2804.100,0
1780811284,2804.055,5
1780811286,2804.064,4
1780811288,2804.262,2
1780811290,2804.437,7
1780811292,2804.295,5
1780811294,2804.227,7
1780811296,2804.302,2
1780811298,2804.429,9
1780811300,2804.332,2
1780811302,2804.492,2
1780811304,2804.624,4
1780811306,2804.746,6
1780811308,2804.917,7
1780811310,2804.844,4
1780811312,2805.131,1
1780811314,2805.378,8
1780811316,2805.327,7
1780811318,2805.194,4
1780811320,2805.235,5
1780811322,2804.824,4
1780811324,2804.768,8
1780811326,2804.653,3
1780811328,2804.828,8
1780811330,2804.567,7
1780811332,2804.705,5
1780811334,2804.721,1
1780811336,2804.733,3
1780811338,2804.757,7
1780811340,2804.696,6
1780811342,2804.551,1
1780811344,2804.729,9
1780811346,2804.641,1
1780811348,2804.231,1
1780811350,2804.542,2
1780811352,2804.621,1
1780811354,2804.532,2
1780811356,2804.677,7
1780811358,2804.780,0
1780811360,2804.672,2
1780811362,2804.758,8
1780811364,2804.400,0
1780811366,2804.344,4
1780811368,2804.592,2
1780811370,2804.458,8
1780811372,2804.456,6
1780811374,2804.421,1
1780811376,2804.135,5
1780811378,2804.097,7
1780811380,2803.951,1
1780811382,2803.814,4
1780811384,2804.069,9
1780811386,2804.196,6
1780811388,2804.137,7
1780811390,2804.080,0
1780811392,2804.107,7
1780811394,2803.959,9
1780811396,2804.222,2
1780811398,2803.963,3
1780811400,2804.117,7
1780811402,2804.325,5
1780811404,2804.113,3
1780811406,2804.072,2
1780811408,2803.960,0
1780811410,2804.006,6
1780811412,2803.873,3
1780811414,2803.742,2
1780811416,2803.660,0
1780811418,2803.820,0
1780811420,2803.846,6
1780811422,2804.051,1
1780811424,2803.948,8
1780811426,2803.800,0
1780811428,2803.715,5
1780811430,2803.688,8
1780811432,2803.796,6
1780811434,2803.882,2
1780811436,2804.078,8
1780811438,2804.413,3
1780811440,2804.608,8
1780811442,2804.454,4
1780811444,2804.861,1
1780811446,2804.801,1
1780811448,2804.863,3
1780811450,2804.988,8
1780811452,2804.817,7
1780811454,2804.800,0
1780811456,2804.893,3
1780811458,2804.888,8
1780811460,2804.747,7
1780811462,2804.634,4
1780811464,2804.691,1
1780811466,2804.667,7
1780811468,2804.532,2
1780811470,2804.494,4
1780811472,2804.776,6
1780811474,2804.773,3
1780811476,2804.653,3
1780811478,2804.613,3
1780811480,2804.633,3
1780811482,2805.044,4
1780811484,2804.876,6
1780811486,2804.724,4
1780811488,2804.834,4
1780811490,2804.756,6
1780811492,2805.057,7
1780811494,2805.338,8
1780811496,2805.349,9
1780811498,2805.188,8
1780811500,2805.239,9
1780811502,2805.251,1
1780811504,2805.510,0
1780811506,2805.452,2
1780811508,2805.534,4
1780811510,2805.699,9
1780811512,2805.644,4
1780811514,2805.805,5
1780811516,2805.545,5
1780811518,2805.695,5
1780811520,2805.597,7
1780811522,2805.568,8
1780811524,2805.333,3
1780811526,2805.120,0
1780811528,2804.919,9
1780811530,2804.783,3
1780811532,2804.750,0
1780811534,2804.807,7
1780811536,2805.065,5
1780811538,2805.087,7
1780811540,2805.348,8
1780811542,2805.532,2
1780811544,2805.279,9
1780811546,2805.076,6
1780811548,2804.892,2
1780811550,2805.099,9
1780811552,2804.857,7
1780811554,2804.872,2
1780811556,2804.971,1
1780811558,2804.870,0
1780811560,2804.826,6
1780811562,2804.531,1
1780811564,2804.563,3
1780811566,2804.714,4
1780811568,2804.723,3
1780811570,2804.664,4
1780811572,2804.365,5
1780811574,2804.471,1
1780811576,2804.486,6
1780811578,2804.433,3
1780811580,2804.413,3
1780811582,2804.353,3
1780811584,2804.262,2
1780811586,2803.872,2
1780811588,2803.845,5
1780811590,2803.788,8
1780811592,2803.681,1
1780811594,2803.585,5
1780811596,2803.775,5
1780811598,2803.814,4
1780811600,2803.871,1
1780811602,2804.120,0
1780811604,2804.329,9
1780811606,2804.460,0
1780811608,2804.591,1
1780811610,2804.621,1
1780811612,2804.391,1
1780811614,2804.357,7
1780811616,2803.946,6
1780811618,2803.908,8
1780811620,2804.095,5
1780811622,2803.894,4
1780811624,2803.866,6
1780811626,2803.972,2
1780811628,2803.764,4
1780811630,2803.709,9
1780811632,2803.555,5
1780811634,2803.413,3
1780811636,2803.432,2
1780811638,2803.217,7
1780811640,2803.463,3
1780811642,2803.121,1
1780811644,2803.089,9
1780811646,2802.974,4
1780811648,2803.316,6
1780811650,2803.473,3
1780811652,2803.246,6
1780811654,2803.277,7
1780811656,2803.415,5
1780811658,2803.379,9
1780811660,2803.528,8
1780811662,2803.484,4
1780811664,2803.177,7
1780811666,2803.211,1
1780811668,2803.253,3
1780811670,2803.152,2
1780811672,2803.015,5
1780811674,2802.921,1
1780811676,2802.982,2
1780811678,2803.008,8
1780811680,2803.023,3
1780811682,2802.982,2
1780811684,2802.905,5
1780811686,2803.014,4
1780811688,2803.185,5
1780811690,2803.601,1
1780811692,2803.761,1
1780811694,2803.956,6
1780811696,2803.901,1
1780811698,2804.175,5
1780811700,2804.172,2
1780811702,2804.490,0
1780811704,2804.363,3
1780811706,2804.639,9
1780811708,2804.799,9
1780811710,2804.720,0
1780811712,2805.242,2
1780811714,2805.160,0
1780811716,2804.948,8
1780811718,2805.160,0
1780811720,2805.016,6
1780811722,2804.959,9
1780811724,2805.025,5
1780811726,2805.042,2
1780811728,2805.125,5
1780811730,2805.055,5
1780811732,2805.005,5
1780811734,2805.111,1
1780811736,2805.395,5
1780811738,2805.462,2
1780811740,2805.654,4
1780811742,2805.876,6
1780811744,2805.892,2
1780811746,2805.786,6
1780811748,2805.887,7
1780811750,2806.207,7
1780811752,2806.504,4
1780811754,2806.770,0
1780811756,2806.635,5
1780811758,2806.691,1
1780811760,2806.739,9
1780811762,2806.534,4
1780811764,2806.605,5
1780811766,2806.763,3
1780811768,2806.881,1
1780811770,2806.868,8
1780811772,2807.019,9
1780811774,2807.061,1
1780811776,2806.699,9
1780811778,2806.718,8
1780811780,2806.792,2
1780811782,2806.873,3
1780811784,2806.852,2
1780811786,2806.938,8
1780811788,2806.687,7
1780811790,2806.580,0
1780811792,2806.776,6
1780811794,2806.784,4
1780811796,2806.540,0
1780811798,2806.436,6
1780811800,2806.308,8
1780811802,2806.231,1
1780811804,2805.810,0
1780811806,2805.847,7
1780811808,2805.871,1
1780811810,2805.952,2
1780811812,2805.821,1
1780811814,2805.577,7
1780811816,2805.451,1
1780811818,2805.573,3
1780811820,2805.646,6
1780811822,2805.529,9
1780811824,2805.659,9
1780811826,2805.488,8
1780811828,2805.633,3
1780811830,2805.598,8
1780811832,2805.598,8
1780811834,2805.429,9
1780811836,2805.418,8
1780811838,2805.187,7
1780811840,2805.282,2
1780811842,2805.301,1
1780811844,2805.273,3
1780811846,2805.252,2
1780811848,2805.200,0
1780811850,2805.044,4
1780811852,2805.089,9
1780811854,2805.259,9
1780811856,2805.373,3
1780811858,2805.771,1
1780811860,2805.800,0
1780811862,2805.801,1
1780811864,2805.563,3
1780811866,2805.463,3
1780811868,2805.647,7
1780811870,2805.725,5
1780811872,2805.758,8
1780811874,2805.641,1
1780811876,2805.963,3
1780811878,2805.764,4
1780811880,2805.640,0
1780811882,2805.786,6
1780811884,2805.845,5
1780811886,2806.094,4
1780811888,2806.086,6
1780811890,2806.522,2
1780811892,2806.495,5
1780811894,2806.560,0
1780811896,2806.922,2
1780811898,2807.093,3
1780811900,2807.062,2
1780811902,2807.084,4
1780811904,2807.174,4
1780811906,2807.386,6
1780811908,2807.068,8
1780811910,2807.144,4
1780811912,2807.113,3
1780811914,2807.170,0
1780811916,2807.055,5
1780811918,2806.977,7
1780811920,2806.774,4
1780811922,2806.796,6
1780811924,2806.824,4
1780811926,2806.733,3
1780811928,2806.602,2
1780811930,2806.572,2
1780811932,2806.649,9
1780811934,2806.925,5
1780811936,2806.882,2
1780811938,2806.968,8
1780811940,2806.978,8
1780811942,2806.943,3
1780811944,2806.813,3
1780811946,2806.850,0
1780811948,2806.848,8
1780811950,2806.725,5
1780811952,2806.556,6
1780811954,2806.293,3
1780811956,2806.335,5
1780811958,2806.294,4
1780811960,2806.337,7
1780811962,2806.214,4
1780811964,2806.382,2
1780811966,2806.222,2
1780811968,2806.446,6
1780811970,2806.214,4
1780811972,2805.763,3
1780811974,2805.899,9
1780811976,2806.357,7
1780811978,2806.607,7
1780811980,2806.812,2
1780811982,2806.792,2
1780811984,2806.616,6
1780811986,2806.461,1
1780811988,2806.676,6
1780811990,2806.813,3
1780811992,2806.912,2
1780811994,2806.606,6
1780811996,2806.709,9
1780811998,2806.458,8
1780812000,2806.740,0
1780812002,2806.875,5
1780812004,2806.955,5
1780812006,2806.972,2
1780812008,2806.991,1
1780812010,2806.783,3
1780812012,2806.717,7
1780812014,2806.937,7
1780812016,2806.865,5
1780812018,2806.917,7
1780812020,2807.105,5
1780812022,2807.100,0
1780812024,2806.850,0
1780812026,2806.697,7
1780812028,2806.722,2
1780812030,2806.949,9
1780812032,2806.936,6
1780812034,2806.778,8
1780812036,2806.565,5
1780812038,2806.789,9
1780812040,2806.928,8
1780812042,2807.086,6
1780812044,2807.130,0
1780812046,2807.048,8
1780812048,2806.884,4
1780812050,2806.984,4
1780812052,2806.867,7
1780812054,2806.833,3
1780812056,2806.835,5
1780812058,2806.966,6
1780812060,2806.822,2
1780812062,2806.873,3
1780812064,2807.032,2
1780812066,2807.115,5
1780812068,2807.265,5
1780812070,2807.040,0
1780812072,2806.967,7
1780812074,2807.206,6
1780812076,2807.396,6
1780812078,2807.162,2
1780812080,2807.137,7
1780812082,2807.269,9
1780812084,2807.558,8
1780812086,2807.773,3
1780812088,2807.684,4
1780812090,2807.600,0
1780812092,2807.821,1
1780812094,2807.809,9
1780812096,2807.631,1
1780812098,2807.586,6
1780812100,2807.560,0
1780812102,2807.508,8
1780812104,2807.454,4
1780812106,2807.327,7
1780812108,2807.374,4
1780812110,2807.139,9
1780812112,2807.242,2
1780812114,2807.283,3
1780812116,2807.336,6
1780812118,2807.011,1
1780812120,2806.798,8
1780812122,2806.911,1
1780812124,2806.894,4
1780812126,2807.125,5
1780812128,2807.244,4
1780812130,2807.277,7
1780812132,2807.165,5
1780812134,2807.099,9
1780812136,2807.116,6
1780812138,2807.199,9
1780812140,2807.144,4
1780812142,2807.113,3
1780812144,2807.134,4
1780812146,2806.913,3
1780812148,2806.791,1
1780812150,2807.021,1
1780812152,2806.956,6
1780812154,2806.960,0
1780812156,2806.803,3
1780812158,2806.830,0
1780812160,2806.983,3
1780812162,2807.007,7
1780812164,2806.957,7
1780812166,2806.706,6
1780812168,2806.447,7
1780812170,2806.376,6
1780812172,2806.493,3
1780812174,2806.539,9
1780812176,2806.402,2
1780812178,2806.498,8
1780812180,2806.725,5
1780812182,2806.812,2
1780812184,2806.893,3
1780812186,2806.767,7
1780812188,2806.710,0
1780812190,2806.840,0
1780812192,2807.334,4
1780812194,2807.731,1
1780812196,2807.643,3
1780812198,2807.698,8
1780812200,2807.672,2
1780812202,2807.567,7
1780812204,2807.627,7
1780812206,2807.804,4
1780812208,2808.085,5
1780812210,2807.782,2
1780812212,2807.869,9
1780812214,2807.883,3
1780812216,2807.669,9
1780812218,2807.831,1
1780812220,2807.833,3
1780812222,2807.744,4
1780812224,2807.736,6
1780812226,2807.993,3
1780812228,2808.168,8
1780812230,2808.141,1
1780812232,2808.128,8
1780812234,2808.024,4
1780812236,2808.084,4
1780812238,2807.969,9
1780812240,2808.029,9
1780812242,2808.411,1
1780812244,2808.352,2
1780812246,2808.562,2
1780812248,2808.661,1
1780812250,2808.545,5
1780812252,2808.407,7
1780812254,2808.420,0
1780812256,2808.407,7
1780812258,2808.554,4
1780812260,2808.604,4
1780812262,2808.291,1
1780812264,2808.470,0
1780812266,2808.673,3
1780812268,2808.401,1
1780812270,2808.320,0
1780812272,2808.205,5
1780812274,2807.879,9
1780812276,2808.178,8
1780812278,2808.620,0
1780812280,2808.572,2
1780812282,2808.644,4
1780812284,2808.439,9
1780812286,2808.581,1
1780812288,2808.244,4
1780812290,2808.115,5
1780812292,2808.307,7
1780812294,2808.503,3
1780812296,2808.385,5
1780812298,2808.294,4
1780812300,2808.424,4
1780812302,2808.576,6
1780812304,2808.396,6
1780812306,2808.362,2
1780812308,2808.472,2
1780812310,2808.261,1
1780812312,2808.256,6
1780812314,2808.368,8
1780812316,2808.330,0
1780812318,2808.379,9
1780812320,2808.522,2
1780812322,2808.540,0
1780812324,2808.559,9
1780812326,2808.511,1
1780812328,2808.523,3
1780812330,2808.495,5
1780812332,2808.400,0
1780812334,2808.584,4
1780812336,2808.321,1
1780812338,2808.509,9
1780812340,2808.737,7
1780812342,2808.730,0
1780812344,2808.794,4
1780812346,2808.911,1
1780812348,2808.753,3
1780812350,2808.577,7
1780812352,2808.547,7
1780812354,2808.327,7
1780812356,2808.429,9
1780812358,2808.429,9
1780812360,2808.246,6
1780812362,2808.102,2
1780812364,2807.980,0
1780812366,2807.790,0
1780812368,2807.959,9
1780812370,2807.807,7
1780812372,2807.701,1
1780812374,2807.983,3
1780812376,2808.014,4
1780812378,2807.894,4
1780812380,2807.771,1
1780812382,2807.813,3
1780812384,2807.921,1
1780812386,2807.563,3
1780812388,2807.812,2
1780812390,2808.280,0
1780812392,2808.289,9
1780812394,2808.137,7
1780812396,2808.138,8
1780812398,2808.247,7
1780812400,2808.423,3
1780812402,2808.487,7
1780812404,2808.542,2
1780812406,2808.557,7
1780812408,2808.533,3
1780812410,2808.376,6
1780812412,2808.097,7
1780812414,2808.118,8
1780812416,2807.865,5
1780812418,2808.190,0
1780812420,2808.194,4
1780812422,2808.042,2
1780812424,2807.842,2
1780812426,2808.057,7
1780812428,2807.867,7
1780812430,2807.857,7
1780812432,2807.653,3
1780812434,2807.752,2
1780812436,2807.770,0
1780812438,2807.947,7
1780812440,2808.085,5
1780812442,2808.194,4
1780812444,2808.329,9
1780812446,2808.354,4
1780812448,2808.393,3
1780812450,2808.565,5
1780812452,2808.600,0
1780812454,2808.781,1
1780812456,2809.250,0
1780812458,2809.188,8
1780812460,2809.196,6
1780812462,2809.221,1
1780812464,2809.070,0
1780812466,2808.940,0
1780812468,2808.864,4
1780812470,2808.531,1
1780812472,2808.655,5
1780812474,2808.704,4
1780812476,2808.541,1
1780812478,2808.359,9
1780812480,2808.135,5
1780812482,2808.217,7
1780812484,2808.301,1
1780812486,2808.257,7
1780812488,2808.491,1
1780812490,2808.580,0
1780812492,2808.702,2
1780812494,2808.735,5
1780812496,2808.753,3
1780812498,2808.752,2
1780812500,2809.044,4
1780812502,2809.160,0
1780812504,2808.997,7
1780812506,2809.143,3
1780812508,2808.858,8
1780812510,2808.885,5
1780812512,2808.915,5
1780812514,2808.843,3
1780812516,2809.017,7
1780812518,2808.916,6
1780812520,2808.756,6
1780812522,2808.644,4
1780812524,2808.331,1
1780812526,2808.061,1
1780812528,2808.121,1
1780812530,2808.193,3
1780812532,2808.119,9
1780812534,2807.845,5
1780812536,2807.710,0
1780812538,2807.614,4
1780812540,2807.968,8
1780812542,2808.091,1
1780812544,2808.139,9
1780812546,2807.992,2
1780812548,2807.950,0
1780812550,2808.090,0
1780812552,2807.934,4
1780812554,2807.747,7
1780812556,2807.779,9
1780812558,2807.594,4
1780812560,2807.785,5
1780812562,2807.538,8
1780812564,2807.542,2
1780812566,2807.716,6
1780812568,2807.684,4
1780812570,2807.775,5
1780812572,2808.029,9
1780812574,2808.165,5
1780812576,2808.058,8
1780812578,2807.650,0
1780812580,2807.745,5
1780812582,2807.562,2
1780812584,2807.556,6
1780812586,2807.921,1
1780812588,2808.207,7
1780812590,2808.134,4
1780812592,2808.089,9
1780812594,2808.262,2
1780812596,2808.179,9
1780812598,2808.120,0
1780812600,2808.153,3
1780812602,2808.427,7
1780812604,2808.345,5
1780812606,2808.167,7
1780812608,2807.989,9
1780812610,2807.613,3
1780812612,2807.804,4
1780812614,2807.967,7
1780812616,2807.719,9
1780812618,2807.595,5
1780812620,2807.596,6
1780812622,2807.471,1
1780812624,2807.578,8
1780812626,2807.346,6
1780812628,2807.348,8
1780812630,2806.953,3
1780812632,2806.992,2
1780812634,2807.010,0
1780812636,2807.258,8
1780812638,2807.121,1
1780812640,2807.125,5
1780812642,2807.313,3
1780812644,2807.431,1
1780812646,2807.373,3
1780812648,2807.452,2
1780812650,2807.479,9
1780812652,2807.405,5
1780812654,2807.489,9
1780812656,2807.492,2
1780812658,2807.140,0
1780812660,2807.288,8
1780812662,2807.420,0
1780812664,2807.604,4
1780812666,2807.691,1
1780812668,2807.967,7
1780812670,2808.269,9
1780812672,2808.332,2
1780812674,2808.463,3
1780812676,2808.393,3
1780812678,2808.283,3
1780812680,2808.161,1
1780812682,2808.108,8
1780812684,2807.965,5
1780812686,2807.999,9
1780812688,2807.976,6
1780812690,2807.878,8
1780812692,2807.806,6
1780812694,2807.826,6
1780812696,2807.702,2
1780812698,2807.823,3
1780812700,2807.717,7
1780812702,2807.682,2
1780812704,2807.678,8
1780812706,2807.444,4
1780812708,2807.428,8
1780812710,2807.220,0
1780812712,2807.146,6
1780812714,2807.031,1
1780812716,2806.900,0
1780812718,2807.075,5
1780812720,2807.260,0
1780812722,2807.173,3
1780812724,2806.799,9
1780812726,2806.473,3
1780812728,2806.413,3
1780812730,2806.677,7
1780812732,2806.672,2
1780812734,2806.907,7
1780812736,2807.032,2
1780812738,2806.879,9
1780812740,2807.062,2
1780812742,2807.013,3
1780812744,2806.891,1
1780812746,2806.700,0
1780812748,2806.676,6
1780812750,2806.580,0
1780812752,2806.460,0
1780812754,2806.677,7
1780812756,2806.630,0
1780812758,2806.662,2
1780812760,2806.702,2
1780812762,2806.649,9
1780812764,2806.878,8
1780812766,2806.885,5
1780812768,2806.983,3
1780812770,2807.002,2
1780812772,2806.854,4
1780812774,2806.678,8
1780812776,2806.656,6
1780812778,2806.813,3
1780812780,2806.860,0
1780812782,2806.879,9
1780812784,2807.053,3
1780812786,2807.397,7
1780812788,2807.659,9
1780812790,2808.075,5
1780812792,2808.285,5
1780812794,2808.186,6
1780812796,2808.306,6
1780812798,2808.267,7
1780812800,2808.616,6
1780812802,2808.714,4
1780812804,2808.712,2
1780812806,2808.577,7
1780812808,2808.984,4
1780812810,2809.191,1
1780812812,2809.156,6
1780812814,2809.184,4
1780812816,2808.987,7
1780812818,2808.846,6
1780812820,2808.577,7
1780812822,2808.246,6
1780812824,2808.207,7
1780812826,2808.258,8
1780812828,2808.127,7
1780812830,2808.072,2
1780812832,2807.938,8
1780812834,2808.034,4
1780812836,2808.142,2
1780812838,2808.563,3
1780812840,2808.351,1
1780812842,2808.554,4
1780812844,2808.737,7
1780812846,2808.542,2
1780812848,2808.553,3
1780812850,2808.469,9
1780812852,2808.472,2
1780812854,2808.274,4
1780812856,2808.302,2
1780812858,2808.419,9
1780812860,2808.261,1
1780812862,2808.373,3
1780812864,2808.320,0
1780812866,2808.083,3
1780812868,2808.322,2
1780812870,2808.477,7
1780812872,2808.283,3
1780812874,2808.430,0
1780812876,2808.443,3
1780812878,2808.255,5
1780812880,2808.491,1
1780812882,2808.698,8
1780812884,2808.674,4
1780812886,2808.856,6
1780812888,2808.736,6
1780812890,2808.801,1
1780812892,2808.459,9
1780812894,2808.384,4
1780812896,2808.446,6
1780812898,2808.551,1
1780812900,2808.711,1
1780812902,2808.651,1
1780812904,2808.455,5
1780812906,2808.401,1
1780812908,2808.645,5
1780812910,2808.724,4
1780812912,2808.579,9
1780812914,2808.678,8
1780812916,2808.671,1
1780812918,2808.859,9
1780812920,2808.680,0
1780812922,2809.250,0
1780812924,2809.105,5
1780812926,2808.922,2
1780812928,2808.603,3
1780812930,2808.433,3
1780812932,2808.322,2
1780812934,2808.368,8
1780812936,2808.460,0
1780812938,2808.258,8
1780812940,2808.314,4
1780812942,2808.257,7
1780812944,2808.346,6
1780812946,2808.106,6
1780812948,2808.254,4
1780812950,2808.326,6
1780812952,2808.312,2
1780812954,2808.286,6
1780812956,2808.392,2
1780812958,2808.507,7
1780812960,2808.500,0
1780812962,2808.453,3
1780812964,2808.363,3
1780812966,2808.276,6
1780812968,2808.198,8
1780812970,2807.968,8
1780812972,2808.081,1
1780812974,2808.028,8
1780812976,2808.189,9
1780812978,2808.667,7
1780812980,2808.738,8
1780812982,2808.880,0
1780812984,2808.668,8
1780812986,2809.030,0
1780812988,2809.349,9
1780812990,2809.353,3
1780812992,2809.489,9
1780812994,2809.240,0
1780812996,2809.176,6
1780812998,2809.264,4
1780813000,2809.501,1
1780813002,2809.199,9
1780813004,2809.267,7
1780813006,2809.164,4
1780813008,2808.979,9
1780813010,2808.924,4
1780813012,2809.005,5
1780813014,2808.879,9
1780813016,2808.908,8
1780813018,2808.624,4
1780813020,2808.404,4
1780813022,2808.357,7
1780813024,2808.499,9
1780813026,2808.082,2
1780813028,2807.854,4
1780813030,2807.924,4
1780813032,2807.842,2
1780813034,2807.498,8
1780813036,2807.508,8
1780813038,2807.746,6
1780813040,2808.107,7
1780813042,2807.982,2
1780813044,2807.980,0
1780813046,2807.945,5
1780813048,2807.721,1
1780813050,2807.664,4
1780813052,2807.973,3
1780813054,2807.929,9
1780813056,2807.833,3
1780813058,2807.736,6
1780813060,2807.842,2
1780813062,2807.712,2
1780813064,2807.453,3
1780813066,2806.903,3
1780813068,2806.892,2
1780813070,2806.724,4
1780813072,2806.749,9
1780813074,2806.919,9
1780813076,2806.947,7
1780813078,2806.764,4
1780813080,2806.601,1
1780813082,2806.522,2
1780813084,2806.571,1
1780813086,2806.807,7
1780813088,2806.873,3
1780813090,2806.862,2
1780813092,2806.856,6
1780813094,2806.849,9
1780813096,2806.794,4
1780813098,2806.678,8
1780813100,2806.866,6
1780813102,2807.081,1
1780813104,2807.120,0
1780813106,2806.963,3
1780813108,2806.598,8
1780813110,2806.676,6
1780813112,2806.796,6
1780813114,2807.179,9
1780813116,2807.201,1
1780813118,2806.981,1
1780813120,2807.127,7
1780813122,2807.024,4
1780813124,2806.977,7
1780813126,2806.921,1
1780813128,2807.063,3
1780813130,2806.978,8
1780813132,2806.785,5
1780813134,2806.702,2
1780813136,2806.598,8
1780813138,2806.630,0
1780813140,2806.694,4
1780813142,2806.710,0
1780813144,2806.553,3
1780813146,2806.526,6
1780813148,2806.323,3
1780813150,2806.108,8
1780813152,2806.027,7
1780813154,2806.243,3
1780813156,2805.867,7
1780813158,2806.196,6
1780813160,2806.459,9
1780813162,2806.321,1
1780813164,2806.126,6
1780813166,2806.045,5
1780813168,2805.857,7
1780813170,2805.884,4
1780813172,2805.669,9
1780813174,2805.723,3
1780813176,2805.748,8
1780813178,2805.705,5
1780813180,2805.674,4
1780813182,2805.953,3
1780813184,2805.913,3
1780813186,2805.997,7
1780813188,2805.976,6
1780813190,2805.975,5
1780813192,2806.246,6
1780813194,2805.976,6
1780813196,2805.783,3
1780813198,2805.581,1
1780813200,2805.845,5
1780813202,2805.829,9
1780813204,2805.651,1
1780813206,2805.472,2
1780813208,2805.618,8
1780813210,2805.321,1
1780813212,2805.233,3
1780813214,2805.023,3
1780813216,2805.168,8
1780813218,2805.213,3
1780813220,2805.143,3
1780813222,2805.321,1
1780813224,2805.266,6
1780813226,2805.308,8
1780813228,2805.321,1
1780813230,2805.604,4
1780813232,2805.819,9
1780813234,2805.472,2
1780813236,2805.209,9
1780813238,2805.277,7
1780813240,2805.300,0
1780813242,2805.375,5
1780813244,2805.164,4
1780813246,2805.245,5
1780813248,2805.362,2
1780813250,2805.290,0
1780813252,2805.302,2
1780813254,2805.282,2
1780813256,2805.284,4
1780813258,2805.107,7
1780813260,2804.937,7
1780813262,2805.083,3
1780813264,2805.006,6
1780813266,2805.248,8
1780813268,2805.220,0
1780813270,2805.272,2
1780813272,2805.216,6
1780813274,2805.167,7
1780813276,2805.254,4
1780813278,2805.258,8
1780813280,2805.081,1
1780813282,2804.715,5
1780813284,2804.692,2
1780813286,2804.484,4
1780813288,2804.476,6
1780813290,2804.256,6
1780813292,2804.067,7
1780813294,2804.041,1
1780813296,2803.960,0
1780813298,2803.843,3
1780813300,2803.976,6
1780813302,2804.100,0
1780813304,2804.237,7
1780813306,2804.507,7
1780813308,2804.540,0
1780813310,2804.419,9
1780813312,2804.378,8
1780813314,2804.349,9
1780813316,2804.403,3
1780813318,2804.364,4
1780813320,2804.377,7
1780813322,2804.270,0
1780813324,2804.343,3
1780813326,2804.312,2
1780813328,2804.009,9
1780813330,2804.145,5
1780813332,2804.041,1
1780813334,2804.219,9
1780813336,2804.297,7
1780813338,2804.320,0
1780813340,2804.536,6
1780813342,2804.607,7
1780813344,2804.835,5
1780813346,2804.822,2
1780813348,2805.051,1
1780813350,2805.059,9
1780813352,2804.988,8
1780813354,2804.569,9
1780813356,2804.578,8
1780813358,2804.772,2
1780813360,2804.823,3
1780813362,2804.587,7
1780813364,2804.524,4
1780813366,2804.463,3
1780813368,2804.576,6
1780813370,2804.668,8
1780813372,2804.903,3
1780813374,2805.040,0
1780813376,2805.209,9
1780813378,2805.340,0
1780813380,2805.082,2
1780813382,2805.079,9
1780813384,2804.791,1
1780813386,2804.828,8
1780813388,2804.913,3
1780813390,2804.490,0
1780813392,2804.365,5
1780813394,2804.419,9
1780813396,2804.385,5
1780813398,2804.416,6
1780813400,2804.387,7
1780813402,2804.512,2
1780813404,2804.627,7
1780813406,2804.688,8
1780813408,2804.788,8
1780813410,2804.913,3
1780813412,2804.971,1
1780813414,2805.082,2
1780813416,2805.024,4
1780813418,2805.191,1
1780813420,2805.103,3
1780813422,2805.027,7
1780813424,2804.820,0
1780813426,2804.659,9
1780813428,2804.656,6
1780813430,2804.830,0
1780813432,2804.826,6
1780813434,2805.133,3
1780813436,2805.031,1
1780813438,2804.959,9
1780813440,2805.044,4
1780813442,2805.012,2
1780813444,2805.060,0
1780813446,2805.351,1
1780813448,2805.495,5
1780813450,2805.424,4
1780813452,2805.559,9
1780813454,2805.824,4
1780813456,2805.989,9
1780813458,2805.902,2
1780813460,2805.480,0
1780813462,2805.390,0
1780813464,2805.477,7
1780813466,2805.696,6
1780813468,2805.756,6
1780813470,2805.793,3
1780813472,2805.741,1
1780813474,2806.006,6
1780813476,2806.148,8
1780813478,2805.860,0
1780813480,2806.014,4
1780813482,2806.301,1
1780813484,2806.388,8
1780813486,2806.490,0
1780813488,2806.646,6
1780813490,2806.914,4
1780813492,2806.833,3
1780813494,2806.854,4
1780813496,2807.047,7
1780813498,2806.570,0
1780813500,2806.705,5
1780813502,2806.370,0
1780813504,2806.601,1
1780813506,2806.815,5
1780813508,2806.280,0
1780813510,2806.280,0
1780813512,2806.436,6
1780813514,2806.175,5
1780813516,2806.041,1
1780813518,2806.515,5
1780813520,2806.521,1
1780813522,2806.258,8
1780813524,2806.314,4
1780813526,2806.389,9
1780813528,2806.672,2
1780813530,2806.472,2
1780813532,2806.304,4
1780813534,2805.984,4
1780813536,2806.110,0
1780813538,2806.328,8
1780813540,2806.382,2
1780813542,2806.445,5
1780813544,2806.587,7
1780813546,2806.386,6
1780813548,2806.602,2
1780813550,2806.577,7
1780813552,2806.541,1
1780813554,2806.844,4
1780813556,2806.737,7
1780813558,2806.773,3
1780813560,2806.731,1
1780813562,2806.870,0
1780813564,2806.582,2
1780813566,2806.677,7
1780813568,2806.629,9
1780813570,2806.484,4
1780813572,2806.256,6
1780813574,2806.254,4
1780813576,2806.424,4
1780813578,2806.317,7
1780813580,2806.280,0
1780813582,2806.248,8
1780813584,2806.486,6
1780813586,2806.350,0
1780813588,2806.130,0
1780813590,2806.172,2
1780813592,2806.503,3
1780813594,2806.538,8
1780813596,2806.499,9
1780813598,2806.728,8
1780813600,2806.895,5
1780813602,2807.038,8
1780813604,2807.021,1
1780813606,2806.962,2
1780813608,2807.099,9
1780813610,2807.006,6
1780813612,2806.935,5
1780813614,2806.675,5
1780813616,2806.482,2
1780813618,2806.776,6
1780813620,2807.103,3
1780813622,2807.172,2
1780813624,2807.280,0
1780813626,2807.346,6
1780813628,2807.556,6
1780813630,2807.237,7
1780813632,2807.059,9
1780813634,2807.121,1
1780813636,2807.057,7
1780813638,2807.175,5
1780813640,2807.109,9
1780813642,2807.058,8
1780813644,2807.162,2
1780813646,2807.246,6
1780813648,2806.995,5
1780813650,2807.065,5
1780813652,2807.326,6
1780813654,2807.317,7
1780813656,2807.221,1
1780813658,2807.414,4
1780813660,2807.398,8
1780813662,2807.378,8
1780813664,2807.253,3
1780813666,2807.648,8
1780813668,2807.649,9
1780813670,2807.373,3
1780813672,2807.532,2
1780813674,2807.619,9
1780813676,2807.889,9
1780813678,2807.644,4
1780813680,2807.506,6
1780813682,2807.329,9
1780813684,2807.701,1
1780813686,2807.927,7
1780813688,2807.909,9
1780813690,2807.815,5
1780813692,2807.986,6
1780813694,2808.035,5
1780813696,2808.290,0
1780813698,2808.411,1
1780813700,2808.255,5
1780813702,2807.735,5
1780813704,2807.540,0
1780813706,2807.546,6
1780813708,2807.387,7
1780813710,2807.554,4
1780813712,2807.508,8
1780813714,2807.534,4
1780813716,2807.589,9
1780813718,2807.612,2
1780813720,2807.806,6
1780813722,2808.039,9
1780813724,2808.203,3
1780813726,2808.038,8
1780813728,2808.137,7
1780813730,2808.476,6
1780813732,2808.635,5
1780813734,2808.629,9
1780813736,2808.858,8
1780813738,2808.948,8
1780813740,2808.918,8
1780813742,2808.970,0
1780813744,2808.952,2
1780813746,2808.907,7
1780813748,2808.852,2
1780813750,2809.157,7
1780813752,2809.354,4
1780813754,2809.273,3
1780813756,2809.285,5
1780813758,2809.314,4
1780813760,2809.382,2
1780813762,2809.236,6
1780813764,2809.172,2
1780813766,2809.215,5
1780813768,2809.201,1
1780813770,2809.442,2
1780813772,2809.353,3
1780813774,2809.320,0
1780813776,2809.424,4
1780813778,2809.582,2
1780813780,2809.590,0
1780813782,2809.673,3
1780813784,2809.117,7
1780813786,2809.215,5
1780813788,2809.239,9
1780813790,2809.066,6
1780813792,2808.996,6
1780813794,2809.105,5
1780813796,2809.412,2
1780813798,2809.403,3
1780813800,2809.376,6
1780813802,2809.435,5
1780813804,2809.276,6
1780813806,2809.341,1
1780813808,2809.484,4
1780813810,2809.596,6
1780813812,2809.427,7
1780813814,2809.299,9
1780813816,2809.676,6
1780813818,2809.976,6
1780813820,2810.020,0
1780813822,2809.992,2
1780813824,2809.911,1
1780813826,2809.704,4
1780813828,2809.823,3
1780813830,2809.962,2
1780813832,2809.765,5
1780813834,2809.668,8
1780813836,2809.674,4
1780813838,2809.696,6
1780813840,2809.492,2
1780813842,2809.595,5
1780813844,2809.379,9
1780813846,2809.541,1
1780813848,2809.600,0
1780813850,2809.403,3
1780813852,2809.766,6
1780813854,2809.768,8
1780813856,2809.513,3
1780813858,2809.822,2
1780813860,2809.857,7
1780813862,2809.841,1
1780813864,2809.704,4
1780813866,2809.627,7
1780813868,2809.398,8
1780813870,2809.216,6
1780813872,2809.045,5
1780813874,2809.181,1
1780813876,2809.158,8
1780813878,2809.198,8
1780813880,2809.158,8
1780813882,2809.135,5
1780813884,2809.154,4
1780813886,2809.016,6
1780813888,2809.135,5
1780813890,2808.887,7
1780813892,2808.848,8
1780813894,2808.891,1
1780813896,2808.642,2
1780813898,2808.426,6
1780813900,2808.124,4
1780813902,2807.803,3
1780813904,2807.716,6
1780813906,2807.926,6
1780813908,2808.013,3
1780813910,2808.098,8
1780813912,2808.066,6
1780813914,2808.165,5
1780813916,2807.923,3
1780813918,2807.927,7
1780813920,2808.143,3
1780813922,2808.309,9
1780813924,2807.993,3
1780813926,2807.820,0
1780813928,2807.624,4
1780813930,2807.976,6
1780813932,2807.961,1
1780813934,2808.319,9
1780813936,2808.183,3
1780813938,2808.180,0
1780813940,2808.013,3
1780813942,2807.742,2
1780813944,2807.495,5
1780813946,2807.681,1
1780813948,2807.982,2
1780813950,2807.935,5
1780813952,2807.916,6
1780813954,2808.380,0
1780813956,2808.373,3
1780813958,2808.302,2
1780813960,2808.189,9
1780813962,2808.213,3
1780813964,2807.979,9
1780813966,2807.923,3
1780813968,2808.105,5
1780813970,2808.044,4
1780813972,2808.261,1
1780813974,2808.161,1
1780813976,2808.583,3
1780813978,2808.537,7
1780813980,2808.593,3
1780813982,2808.419,9
1780813984,2808.378,8
1780813986,2808.351,1
1780813988,2808.532,2
1780813990,2808.395,5
1780813992,2808.355,5
1780813994,2808.542,2
1780813996,2808.852,2
1780813998,2808.869,9
1780814000,2808.797,7
1780814002,2808.462,2
1780814004,2808.690,0
1780814006,2808.616,6
1780814008,2808.762,2
1780814010,2808.934,4
1780814012,2808.949,9
1780814014,2809.024,4
1780814016,2808.779,9
1780814018,2808.796,6
1780814020,2808.758,8
1780814022,2808.868,8
1780814024,2808.765,5
1780814026,2808.708,8
1780814028,2808.666,6
1780814030,2808.772,2
1780814032,2808.907,7
1780814034,2808.915,5
1780814036,2808.617,7
1780814038,2808.594,4
1780814040,2808.797,7
1780814042,2808.446,6
1780814044,2808.370,0
1780814046,2808.400,0
1780814048,2808.393,3
1780814050,2808.235,5
1780814052,2807.775,5
1780814054,2808.244,4
1780814056,2807.902,2
1780814058,2807.685,5
1780814060,2807.255,5
1780814062,2807.437,7
1780814064,2807.258,8
1780814066,2807.273,3
1780814068,2806.840,0
1780814070,2806.794,4
1780814072,2806.773,3
1780814074,2806.649,9
1780814076,2806.535,5
1780814078,2806.441,1
1780814080,2806.420,0
1780814082,2806.131,1
1780814084,2806.251,1
1780814086,2806.505,5
1780814088,2806.514,4
1780814090,2806.446,6
1780814092,2806.449,9
1780814094,2806.632,2
1780814096,2806.371,1
1780814098,2806.674,4
1780814100,2806.705,5
1780814102,2806.708,8
1780814104,2806.874,4
1780814106,2806.953,3
1780814108,2806.951,1
1780814110,2807.001,1
1780814112,2807.281,1
1780814114,2807.441,1
1780814116,2807.881,1
1780814118,2807.861,1
1780814120,2807.862,2
1780814122,2808.024,4
1780814124,2807.772,2
1780814126,2807.842,2
1780814128,2808.060,0
1780814130,2808.041,1
1780814132,2807.952,2
1780814134,2807.977,7
1780814136,2807.762,2
1780814138,2807.792,2
1780814140,2807.561,1
1780814142,2807.563,3
1780814144,2807.599,9
1780814146,2807.502,2
1780814148,2807.677,7
1780814150,2807.699,9
1780814152,2807.626,6
1780814154,2807.828,8
1780814156,2807.989,9
1780814158,2807.823,3
1780814160,2807.809,9
1780814162,2807.934,4
1780814164,2807.772,2
1780814166,2807.555,5
1780814168,2807.744,4
1780814170,2807.778,8
1780814172,2808.020,0
1780814174,2808.117,7
1780814176,2807.941,1
1780814178,2808.169,9
1780814180,2807.961,1
1780814182,2807.925,5
1780814184,2807.939,9
1780814186,2808.096,6
1780814188,2808.032,2
1780814190,2807.946,6
1780814192,2807.718,8
1780814194,2807.605,5
1780814196,2807.308,8
1780814198,2807.412,2
1780814200,2807.318,8
1780814202,2807.356,6
1780814204,2807.372,2
1780814206,2807.064,4
1780814208,2806.921,1
1780814210,2806.869,9
1780814212,2806.904,4
1780814214,2806.650,0
1780814216,2806.657,7
1780814218,2806.677,7
1780814220,2806.887,7
1780814222,2806.972,2
1780814224,2807.030,0
1780814226,2806.960,0
1780814228,2806.636,6
1780814230,2806.777,7
1780814232,2806.613,3
1780814234,2806.648,8
1780814236,2806.981,1
1780814238,2806.767,7
1780814240,2806.757,7
1780814242,2806.608,8
1780814244,2806.527,7
1780814246,2806.597,7
1780814248,2806.603,3
1780814250,2806.708,8
1780814252,2806.832,2
1780814254,2806.970,0
1780814256,2806.953,3
1780814258,2807.072,2
1780814260,2806.892,2
1780814262,2807.093,3
1780814264,2807.112,2
1780814266,2807.247,7
1780814268,2807.379,9
1780814270,2807.347,7
1780814272,2807.471,1
1780814274,2807.447,7
1780814276,2807.435,5
1780814278,2807.540,0
1780814280,2807.572,2
1780814282,2807.626,6
1780814284,2807.540,0
1780814286,2807.467,7
1780814288,2807.285,5
1780814290,2807.004,4
1780814292,2807.145,5
1780814294,2807.200,0
1780814296,2807.131,1
1780814298,2806.905,5
1780814300,2807.051,1
1780814302,2807.242,2
1780814304,2807.447,7
1780814306,2807.318,8
1780814308,2807.382,2
1780814310,2807.470,0
1780814312,2807.239,9
1780814314,2807.196,6
1780814316,2806.933,3
1780814318,2806.772,2
1780814320,2806.735,5
1780814322,2806.720,0
1780814324,2806.795,5
1780814326,2806.896,6
1780814328,2806.718,8
1780814330,2806.791,1
1780814332,2806.776,6
1780814334,2806.801,1
1780814336,2806.585,5
1780814338,2806.488,8
1780814340,2806.402,2
1780814342,2806.106,6
1780814344,2805.914,4
1780814346,2806.020,0
1780814348,2805.815,5
1780814350,2805.416,6
1780814352,2805.450,0
1780814354,2805.335,5
1780814356,2805.366,6
1780814358,2805.043,3
1780814360,2805.130,0
1780814362,2805.292,2
1780814364,2804.979,9
1780814366,2804.776,6
1780814368,2804.801,1
1780814370,2804.828,8
1780814372,2804.978,8
1780814374,2805.359,9
1780814376,2805.409,9
1780814378,2805.291,1
1780814380,2805.397,7
1780814382,2805.423,3
1780814384,2805.642,2
1780814386,2805.453,3
1780814388,2805.504,4
1780814390,2805.595,5
1780814392,2805.417,7
1780814394,2805.741,1
1780814396,2805.871,1
1780814398,2805.490,0
1780814400,2805.289,9
1780814402,2805.265,5
1780814404,2805.350,0
1780814406,2805.318,8
1780814408,2805.398,8
1780814410,2805.601,1
1780814412,2805.509,9
1780814414,2805.660,0
1780814416,2805.842,2
1780814418,2805.640,0
1780814420,2805.486,6
1780814422,2805.617,7
1780814424,2805.593,3
1780814426,2805.772,2
1780814428,2805.631,1
1780814430,2806.122,2
1780814432,2806.465,5
1780814434,2806.794,4
1780814436,2806.865,5
1780814438,2806.535,5
1780814440,2806.510,0
1780814442,2806.703,3
1780814444,2806.384,4
1780814446,2806.404,4
1780814448,2806.246,6
1780814450,2806.207,7
1780814452,2805.714,4
1780814454,2805.798,8
1780814456,2806.057,7
1780814458,2806.148,8
1780814460,2806.632,2
1780814462,2806.833,3
1780814464,2806.712,2
1780814466,2806.553,3
1780814468,2806.553,3
1780814470,2806.757,7
1780814472,2806.334,4
1780814474,2806.095,5
1780814476,2806.228,8
1780814478,2806.198,8
1780814480,2806.186,6
1780814482,2806.178,8
1780814484,2806.086,6
1780814486,2805.790,0
1780814488,2805.722,2
1780814490,2805.894,4
1780814492,2805.609,9
1780814494,2805.398,8
1780814496,2805.258,8
1780814498,2805.189,9
1780814500,2805.030,0
1780814502,2804.825,5
1780814504,2805.051,1
1780814506,2805.281,1
1780814508,2805.222,2
1780814510,2805.169,9
1780814512,2805.095,5
1780814514,2805.196,6
1780814516,2805.132,2
1780814518,2805.259,9
1780814520,2805.472,2
1780814522,2805.667,7
1780814524,2805.368,8
1780814526,2805.112,2
1780814528,2805.085,5
1780814530,2805.043,3
1780814532,2804.951,1
1780814534,2805.042,2
1780814536,2805.027,7
1780814538,2805.107,7
1780814540,2805.036,6
1780814542,2804.871,1
1780814544,2804.714,4
1780814546,2804.560,0
1780814548,2804.313,3
1780814550,2804.264,4
1780814552,2804.135,5
1780814554,2804.277,7
1780814556,2804.227,7
1780814558,2804.288,8
1780814560,2804.216,6
1780814562,2804.261,1
1780814564,2804.349,9
1780814566,2804.164,4
1780814568,2804.208,8
1780814570,2804.404,4
1780814572,2804.655,5
1780814574,2804.382,2
1780814576,2804.239,9
1780814578,2804.192,2
1780814580,2804.145,5
1780814582,2804.141,1
1780814584,2803.928,8
1780814586,2803.893,3
1780814588,2803.859,9
1780814590,2803.991,1
1780814592,2803.783,3
1780814594,2803.851,1
1780814596,2803.693,3
1780814598,2803.282,2
1780814600,2803.178,8
1780814602,2803.009,9
1780814604,2803.175,5
1780814606,2802.946,6
1780814608,2802.971,1
1780814610,2803.042,2
1780814612,2802.922,2
1780814614,2803.112,2
1780814616,2803.008,8
1780814618,2802.744,4
1780814620,2802.733,3
1780814622,2802.905,5
1780814624,2802.879,9
1780814626,2802.727,7
1780814628,2802.664,4
1780814630,2802.446,6
1780814632,2802.515,5
1780814634,2802.616,6
1780814636,2802.945,5
1780814638,2802.981,1
1780814640,2803.142,2
1780814642,2803.187,7
1780814644,2803.198,8
1780814646,2803.224,4
1780814648,2803.148,8
1780814650,2803.118,8
1780814652,2803.099,9
1780814654,2803.435,5
1780814656,2803.296,6
1780814658,2803.057,7
1780814660,2802.924,4
1780814662,2802.855,5
1780814664,2803.012,2
1780814666,2803.197,7
1780814668,2803.414,4
1780814670,2803.507,7
1780814672,2803.413,3
1780814674,2803.413,3
1780814676,2803.028,8
1780814678,2803.171,1
1780814680,2803.050,0
1780814682,2803.001,1
1780814684,2803.097,7
1780814686,2803.042,2
1780814688,2802.910,0
1780814690,2802.728,8
1780814692,2802.268,8
1780814694,2802.434,4
1780814696,2802.633,3
1780814698,2802.566,6
1780814700,2802.659,9
1780814702,2802.417,7
1780814704,2802.629,9
1780814706,2802.612,2
1780814708,2802.208,8
1780814710,2801.706,6
1780814712,2801.589,9
1780814714,2801.519,9
1780814716,2801.289,9
1780814718,2801.273,3
1780814720,2801.494,4
1780814722,2801.652,2
1780814724,2801.627,7
1780814726,2801.782,2
1780814728,2802.015,5
1780814730,2802.234,4
1780814732,2802.152,2
1780814734,2802.318,8
1780814736,2801.952,2
1780814738,2801.883,3
1780814740,2802.318,8
1780814742,2802.102,2
1780814744,2802.003,3
1780814746,2801.990,0
1780814748,2802.232,2
1780814750,2802.605,5
1780814752,2802.572,2
1780814754,2802.520,0
1780814756,2802.322,2
1780814758,2802.394,4
1780814760,2802.611,1
1780814762,2802.682,2
1780814764,2802.657,7
1780814766,2802.697,7
1780814768,2802.697,7
1780814770,2803.001,1
1780814772,2802.695,5
1780814774,2802.548,8
1780814776,2802.251,1
1780814778,2802.269,9
1780814780,2802.321,1
1780814782,2802.468,8
1780814784,2802.799,9
1780814786,2802.576,6
1780814788,2802.627,7
1780814790,2802.781,1
1780814792,2802.930,0
1780814794,2802.712,2
1780814796,2802.559,9
1780814798,2802.582,2
1780814800,2802.562,2
1780814802,2802.603,3
1780814804,2802.557,7
1780814806,2802.463,3
1780814808,2802.442,2
1780814810,2802.413,3
1780814812,2802.370,0
1780814814,2802.347,7
1780814816,2802.285,5
1780814818,2802.161,1
1780814820,2802.211,1
1780814822,2801.995,5
1780814824,2802.072,2
1780814826,2801.950,0
1780814828,2801.798,8
1780814830,2801.957,7
1780814832,2802.152,2
1780814834,2802.112,2
1780814836,2802.142,2
1780814838,2802.137,7
1780814840,2802.004,4
1780814842,2801.847,7
1780814844,2801.721,1
1780814846,2801.813,3
1780814848,2801.686,6
1780814850,2801.502,2
1780814852,2801.669,9
1780814854,2801.778,8
1780814856,2801.850,0
1780814858,2801.872,2
1780814860,2801.788,8
1780814862,2801.618,8
1780814864,2801.472,2
1780814866,2801.478,8
1780814868,2801.393,3
1780814870,2801.212,2
1780814872,2801.400,0
1780814874,2801.373,3
1780814876,2801.467,7
1780814878,2801.559,9
1780814880,2801.795,5
1780814882,2801.767,7
1780814884,2801.893,3
1780814886,2801.842,2
1780814888,2801.754,4
1780814890,2801.697,7
1780814892,2801.500,0
1780814894,2801.659,9
1780814896,2801.634,4
1780814898,2801.823,3
1780814900,2802.114,4
1780814902,2802.078,8
1780814904,2801.887,7
1780814906,2801.953,3
1780814908,2801.936,6
1780814910,2802.342,2
1780814912,2802.142,2
1780814914,2802.100,0
1780814916,2801.804,4
1780814918,2801.867,7
1780814920,2801.567,7
1780814922,2801.513,3
1780814924,2801.309,9
1780814926,2801.432,2
1780814928,2801.573,3
1780814930,2801.700,0
1780814932,2801.993,3
1780814934,2802.008,8
1780814936,2801.928,8
1780814938,2801.901,1
1780814940,2801.602,2
1780814942,2801.808,8
1780814944,2801.699,9
1780814946,2801.627,7
1780814948,2801.643,3
1780814950,2802.080,0
1780814952,2801.696,6
1780814954,2801.806,6
1780814956,2801.493,3
1780814958,2801.431,1
1780814960,2801.374,4
1780814962,2801.348,8
1780814964,2801.538,8
1780814966,2801.441,1
1780814968,2801.154,4
1780814970,2801.359,9
1780814972,2801.455,5
1780814974,2801.115,5
1780814976,2801.071,1
1780814978,2801.188,8
1780814980,2801.264,4
1780814982,2801.291,1
1780814984,2801.308,8
1780814986,2801.177,7
1780814988,2801.247,7
1780814990,2801.612,2
1780814992,2801.974,4
1780814994,2801.773,3
1780814996,2801.604,4
1780814998,2801.690,0
1780815000,2801.840,0
1780815002,2801.869,9
1780815004,2801.825,5
1780815006,2801.974,4
1780815008,2801.835,5
1780815010,2801.739,9
1780815012,2801.957,7
1780815014,2802.116,6
1780815016,2802.108,8
1780815018,2802.108,8
1780815020,2802.062,2
1780815022,2801.896,6
1780815024,2801.974,4
1780815026,2801.792,2
1780815028,2801.590,0
1780815030,2801.459,9
1780815032,2801.402,2
1780815034,2801.202,2
1780815036,2801.422,2
1780815038,2801.158,8
1780815040,2801.128,8
1780815042,2801.310,0
1780815044,2801.329,9
1780815046,2801.599,9
1780815048,2801.622,2
1780815050,2801.606,6
1780815052,2801.799,9
1780815054,2801.751,1
1780815056,2801.753,3
1780815058,2801.570,0
1780815060,2801.379,9
1780815062,2801.276,6
1780815064,2801.257,7
1780815066,2801.027,7
1780815068,2800.846,6
1780815070,2801.023,3
1780815072,2801.126,6
1780815074,2801.039,9
1780815076,2800.764,4
1780815078,2800.888,8
1780815080,2800.879,9
1780815082,2801.122,2
1780815084,2800.941,1
1780815086,2801.020,0
1780815088,2800.816,6
1780815090,2800.683,3
1780815092,2801.118,8
1780815094,2801.526,6
1780815096,2801.574,4
1780815098,2801.223,3
1780815100,2800.995,5
1780815102,2800.774,4
1780815104,2800.942,2
1780815106,2800.748,8
1780815108,2800.551,1
1780815110,2800.768,8
1780815112,2800.884,4
1780815114,2800.928,8
1780815116,2800.798,8
1780815118,2800.973,3
1780815120,2801.053,3
1780815122,2800.981,1
1780815124,2800.976,6
1780815126,2801.102,2
1780815128,2800.916,6
1780815130,2800.857,7
1780815132,2800.613,3
1780815134,2800.380,0
1780815136,2800.613,3
1780815138,2800.542,2
1780815140,2800.324,4
1780815142,2800.469,9
1780815144,2800.618,8
1780815146,2800.495,5
1780815148,2800.563,3
1780815150,2800.381,1
1780815152,2800.219,9
1780815154,2800.344,4
1780815156,2800.270,0
1780815158,2800.371,1
1780815160,2800.033,3
1780815162,2800.013,3
1780815164,2799.909,9
1780815166,2799.969,9
1780815168,2799.916,6
1780815170,2800.116,6
1780815172,2799.987,7
1780815174,2800.133,3
1780815176,2800.235,5
1780815178,2800.212,2
1780815180,2800.159,9
1780815182,2800.234,4
1780815184,2800.177,7
1780815186,2800.169,9
1780815188,2800.290,0
1780815190,2800.232,2
1780815192,2800.383,3
1780815194,2800.241,1
1780815196,2800.092,2
1780815198,2800.184,4
1780815200,2800.314,4
1780815202,2800.556,6
1780815204,2800.479,9
1780815206,2800.324,4
1780815208,2800.343,3
1780815210,2800.402,2
1780815212,2800.310,0
1780815214,2800.570,0
1780815216,2800.661,1
1780815218,2800.569,9
1780815220,2800.209,9
1780815222,2799.994,4
1780815224,2800.403,3
1780815226,2800.489,9
1780815228,2800.301,1
1780815230,2799.948,8
1780815232,2799.901,1
1780815234,2799.758,8
1780815236,2799.569,9
1780815238,2799.751,1
1780815240,2799.869,9
1780815242,2800.028,8
1780815244,2799.914,4
1780815246,2800.091,1
1780815248,2800.065,5
1780815250,2800.126,6
1780815252,2800.052,2
1780815254,2799.934,4
1780815256,2799.909,9
1780815258,2800.068,8
1780815260,2799.882,2
1780815262,2799.827,7
1780815264,2799.862,2
1780815266,2799.988,8
1780815268,2800.319,9
1780815270,2800.328,8
1780815272,2800.307,7
1780815274,2800.063,3
1780815276,2799.792,2
1780815278,2799.755,5
1780815280,2800.189,9
1780815282,2800.207,7
1780815284,2800.192,2
1780815286,2800.239,9
1780815288,2800.182,2
1780815290,2800.063,3
1780815292,2800.020,0
1780815294,2800.196,6
1780815296,2800.419,9
1780815298,2800.202,2
1780815300,2800.088,8
1780815302,2800.145,5
1780815304,2800.374,4
1780815306,2800.415,5
1780815308,2800.304,4
1780815310,2800.313,3
1780815312,2799.753,3
1780815314,2800.293,3
1780815316,2800.291,1
1780815318,2800.169,9
1780815320,2800.551,1
1780815322,2800.526,6
1780815324,2800.655,5
1780815326,2800.802,2
1780815328,2800.567,7
1780815330,2800.463,3
1780815332,2800.240,0
1780815334,2800.237,7
1780815336,2800.485,5
1780815338,2800.541,1
1780815340,2800.668,8
1780815342,2800.783,3
1780815344,2800.662,2
1780815346,2800.777,7
1780815348,2800.960,0
1780815350,2800.689,9
1780815352,2800.684,4
1780815354,2800.524,4
1780815356,2800.627,7
1780815358,2800.748,8
1780815360,2800.716,6
1780815362,2800.763,3
1780815364,2801.261,1
1780815366,2800.914,4
1780815368,2800.998,8
1780815370,2801.098,8
1780815372,2801.498,8
1780815374,2801.602,2
1780815376,2801.428,8
1780815378,2801.292,2
1780815380,2801.391,1
1780815382,2801.129,9
1780815384,2800.937,7
1780815386,2800.971,1
1780815388,2801.126,6
1780815390,2801.436,6
1780815392,2801.379,9
1780815394,2801.218,8
1780815396,2801.163,3
1780815398,2801.300,0
1780815400,2801.249,9
1780815402,2801.254,4
1780815404,2801.284,4
1780815406,2801.069,9
1780815408,2800.937,7
1780815410,2801.052,2
1780815412,2800.901,1
1780815414,2800.791,1
1780815416,2800.727,7
1780815418,2800.762,2
1780815420,2800.957,7
1780815422,2800.998,8
1780815424,2801.014,4
1780815426,2801.218,8
1780815428,2801.394,4
1780815430,2801.195,5
1780815432,2801.131,1
1780815434,2801.208,8
1780815436,2801.453,3
1780815438,2801.121,1
1780815440,2800.994,4
1780815442,2801.200,0
1780815444,2801.080,0
1780815446,2800.945,5
1780815448,2801.108,8
1780815450,2800.941,1
1780815452,2800.933,3
1780815454,2801.003,3
1780815456,2801.070,0
1780815458,2801.082,2
1780815460,2800.739,9
1780815462,2800.678,8
1780815464,2800.628,8
1780815466,2800.501,1
1780815468,2800.377,7
1780815470,2800.416,6
1780815472,2800.399,9
1780815474,2800.426,6
1780815476,2800.102,2
1780815478,2800.174,4
1780815480,2800.348,8
1780815482,2800.389,9
1780815484,2800.380,0
1780815486,2800.520,0
1780815488,2800.845,5
1780815490,2800.832,2
1780815492,2800.551,1
1780815494,2800.582,2
1780815496,2800.834,4
1780815498,2801.013,3
1780815500,2801.129,9
1780815502,2801.222,2
1780815504,2801.195,5
1780815506,2801.091,1
1780815508,2800.959,9
1780815510,2800.869,9
1780815512,2800.965,5
1780815514,2800.992,2
1780815516,2800.863,3
1780815518,2801.252,2
1780815520,2801.346,6
1780815522,2801.567,7
1780815524,2801.558,8
1780815526,2801.642,2
1780815528,2801.251,1
1780815530,2801.115,5
1780815532,2801.328,8
1780815534,2801.221,1
1780815536,2801.370,0
1780815538,2801.648,8
1780815540,2801.327,7
1780815542,2801.481,1
1780815544,2801.555,5
1780815546,2801.611,1
1780815548,2801.381,1
1780815550,2801.403,3
1780815552,2801.536,6
1780815554,2801.858,8
1780815556,2801.880,0
1780815558,2802.047,7
1780815560,2802.339,9
1780815562,2802.558,8
1780815564,2802.501,1
1780815566,2802.337,7
1780815568,2802.293,3
1780815570,2802.477,7
1780815572,2802.513,3
1780815574,2802.356,6
1780815576,2802.322,2
1780815578,2802.471,1
1780815580,2802.635,5
1780815582,2802.523,3
1780815584,2802.561,1
1780815586,2802.403,3
1780815588,2802.411,1
1780815590,2802.463,3
1780815592,2802.331,1
1780815594,2802.444,4
1780815596,2802.398,8
1780815598,2802.282,2
1780815600,2802.110,0
1780815602,2801.997,7
1780815604,2801.917,7
1780815606,2802.138,8
1780815608,2802.055,5
1780815610,2801.875,5
1780815612,2802.009,9
1780815614,2802.079,9
1780815616,2801.819,9
1780815618,2801.730,0
1780815620,2801.944,4
1780815622,2801.770,0
1780815624,2801.636,6
1780815626,2801.317,7
1780815628,2801.412,2
1780815630,2801.065,5
1780815632,2801.177,7
1780815634,2801.138,8
1780815636,2800.879,9
1780815638,2801.036,6
1780815640,2801.133,3
1780815642,2801.221,1
1780815644,2801.444,4
1780815646,2801.373,3
1780815648,2801.542,2
1780815650,2801.631,1
1780815652,2801.621,1
1780815654,2801.718,8
1780815656,2801.807,7
1780815658,2801.806,6
1780815660,2801.936,6
1780815662,2802.076,6
1780815664,2801.939,9
1780815666,2801.492,2
1780815668,2801.649,9
1780815670,2801.754,4
1780815672,2801.790,0
1780815674,2802.163,3
1780815676,2802.225,5
1780815678,2802.130,0
1780815680,2802.173,3
1780815682,2802.425,5
1780815684,2802.313,3
1780815686,2802.461,1
1780815688,2802.272,2
1780815690,2802.517,7
1780815692,2802.150,0
1780815694,2801.891,1
1780815696,2802.011,1
1780815698,2802.186,6
1780815700,2802.049,9
1780815702,2801.766,6
1780815704,2801.827,7
1780815706,2801.716,6
1780815708,2801.657,7
1780815710,2801.836,6
1780815712,2801.500,0
1780815714,2801.515,5
1780815716,2801.333,3
1780815718,2801.128,8
1780815720,2801.165,5
1780815722,2801.590,0
1780815724,2801.204,4
1780815726,2801.191,1
1780815728,2801.110,0
1780815730,2801.171,1
1780815732,2800.765,5
1780815734,2800.668,8
1780815736,2800.342,2
1780815738,2800.457,7
1780815740,2800.256,6
1780815742,2800.291,1
1780815744,2800.339,9
1780815746,2800.278,8
1780815748,2800.397,7
1780815750,2800.552,2
1780815752,2800.653,3
1780815754,2800.515,5
1780815756,2800.465,5
1780815758,2800.534,4
1780815760,2800.533,3
1780815762,2800.498,8
1780815764,2800.400,0
1780815766,2800.197,7
1780815768,2800.295,5
1780815770,2800.146,6
1780815772,2799.931,1
1780815774,2799.796,6
1780815776,2799.730,0
1780815778,2799.602,2
1780815780,2799.514,4
1780815782,2799.427,7
1780815784,2799.400,0
1780815786,2799.487,7
1780815788,2799.502,2
1780815790,2799.277,7
1780815792,2799.303,3
1780815794,2799.477,7
1780815796,2799.492,2
1780815798,2799.485,5
1780815800,2799.624,4
1780815802,2799.360,0
1780815804,2799.298,8
1780815806,2799.297,7
1780815808,2799.355,5
1780815810,2799.226,6
1780815812,2799.071,1
1780815814,2799.073,3
1780815816,2799.113,3
1780815818,2799.124,4
1780815820,2799.273,3
1780815822,2799.215,5
1780815824,2799.257,7
1780815826,2799.157,7
1780815828,2799.145,5
1780815830,2799.292,2
1780815832,2799.502,2
1780815834,2799.450,0
1780815836,2799.479,9
1780815838,2799.474,4
1780815840,2799.445,5
1780815842,2799.453,3
1780815844,2799.413,3
1780815846,2799.435,5
1780815848,2799.401,1
1780815850,2799.654,4
1780815852,2799.678,8
1780815854,2799.639,9
1780815856,2799.851,1
1780815858,2799.700,0
1780815860,2799.635,5
1780815862,2799.501,1
1780815864,2799.361,1
1780815866,2799.597,7
1780815868,2799.530,0
1780815870,2799.608,8
1780815872,2799.589,9
1780815874,2799.523,3
1780815876,2799.677,7
1780815878,2799.483,3
1780815880,2799.558,8
1780815882,2799.755,5
1780815884,2799.865,5
1780815886,2800.002,2
1780815888,2799.848,8
1780815890,2799.827,7
1780815892,2799.818,8
1780815894,2800.208,8
1780815896,2800.179,9
1780815898,2800.224,4
1780815900,2800.091,1
1780815902,2800.468,8
1780815904,2800.351,1
1780815906,2800.308,8
1780815908,2800.222,2
1780815910,2800.427,7
1780815912,2800.132,2
1780815914,2800.099,9
1780815916,2799.889,9
1780815918,2799.791,1
1780815920,2799.688,8
1780815922,2799.740,0
1780815924,2799.751,1
1780815926,2799.773,3
1780815928,2800.006,6
1780815930,2799.869,9
1780815932,2799.881,1
1780815934,2799.981,1
1780815936,2800.107,7
1780815938,2800.363,3
1780815940,2800.371,1
1780815942,2800.415,5
1780815944,2800.097,7
1780815946,2800.074,4
1780815948,2800.287,7
1780815950,2800.238,8
1780815952,2800.192,2
1780815954,2800.034,4
1780815956,2799.894,4
1780815958,2799.912,2
1780815960,2800.117,7
1780815962,2800.195,5
1780815964,2800.041,1
1780815966,2800.077,7
1780815968,2800.132,2
1780815970,2799.968,8
1780815972,2799.916,6
1780815974,2799.980,0
1780815976,2799.723,3
1780815978,2800.022,2
1780815980,2799.734,4
1780815982,2799.869,9
1780815984,2800.132,2
1780815986,2800.261,1
1780815988,2800.388,8
1780815990,2800.723,3
1780815992,2800.576,6
1780815994,2800.654,4
1780815996,2800.541,1
1780815998,2800.364,4
1780816000,2800.186,6
1780816002,2800.325,5
1780816004,2800.230,0
1780816006,2800.346,6
1780816008,2800.373,3
1780816010,2800.320,0
1780816012,2800.468,8
1780816014,2800.399,9
1780816016,2800.259,9
1780816018,2800.257,7
1780816020,2800.205,5
1780816022,2800.063,3
1780816024,2800.218,8
1780816026,2800.246,6
1780816028,2800.546,6
1780816030,2800.581,1
1780816032,2800.673,3
1780816034,2800.810,0
1780816036,2800.966,6
1780816038,2800.880,0
1780816040,2800.941,1
1780816042,2801.143,3
1780816044,2801.316,6
1780816046,2801.465,5
1780816048,2801.623,3
1780816050,2801.573,3
1780816052,2801.621,1
1780816054,2801.535,5
1780816056,2801.540,0
1780816058,2801.541,1
1780816060,2801.671,1
1780816062,2801.615,5
1780816064,2801.766,6
1780816066,2801.684,4
1780816068,2801.762,2
1780816070,2801.820,0
1780816072,2802.012,2
1780816074,2801.924,4
1780816076,2802.015,5
1780816078,2801.851,1
1780816080,2801.967,7
1780816082,2802.188,8
1780816084,2801.979,9
1780816086,2802.059,9
1780816088,2802.159,9
1780816090,2802.470,0
1780816092,2802.331,1
1780816094,2802.393,3
1780816096,2802.208,8
1780816098,2802.237,7
1780816100,2802.056,6
1780816102,2801.814,4
1780816104,2801.925,5
1780816106,2801.834,4
1780816108,2801.990,0
1780816110,2801.853,3
1780816112,2802.021,1
1780816114,2801.893,3
1780816116,2801.796,6
1780816118,2801.771,1
1780816120,2802.004,4
1780816122,2801.896,6
1780816124,2801.786,6
1780816126,2801.663,3
1780816128,2801.506,6
1780816130,2801.556,6
1780816132,2801.488,8
1780816134,2801.743,3
1780816136,2801.698,8
1780816138,2801.691,1
1780816140,2801.577,7
1780816142,2801.628,8
1780816144,2801.690,0
1780816146,2801.585,5
1780816148,2801.558,8
1780816150,2801.610,0
1780816152,2801.694,4
1780816154,2801.773,3
1780816156,2802.019,9
1780816158,2801.900,0
1780816160,2802.324,4
1780816162,2802.237,7
1780816164,2802.341,1
1780816166,2802.536,6
1780816168,2802.543,3
1780816170,2802.524,4
1780816172,2802.636,6
1780816174,2802.837,7
1780816176,2802.827,7
1780816178,2802.564,4
1780816180,2802.602,2
1780816182,2802.498,8
1780816184,2802.535,5
1780816186,2803.058,8
1780816188,2803.279,9
1780816190,2803.553,3
1780816192,2803.485,5
1780816194,2803.636,6
1780816196,2803.598,8
1780816198,2803.937,7
1780816200,2803.960,0
1780816202,2804.197,7
1780816204,2804.293,3
1780816206,2804.249,9
1780816208,2804.383,3
1780816210,2804.252,2
1780816212,2804.410,0
1780816214,2804.581,1
1780816216,2804.651,1
1780816218,2804.476,6
1780816220,2804.428,8
1780816222,2804.716,6
1780816224,2804.744,4
1780816226,2804.872,2
1780816228,2804.953,3
1780816230,2805.061,1
1780816232,2804.994,4
1780816234,2804.946,6
1780816236,2804.859,9
1780816238,2804.978,8
1780816240,2804.677,7
1780816242,2804.642,2
1780816244,2804.556,6
1780816246,2804.661,1
1780816248,2804.541,1
1780816250,2804.630,0
1780816252,2804.865,5
1780816254,2804.775,5
1780816256,2805.153,3
1780816258,2805.310,0
1780816260,2805.522,2
1780816262,2805.436,6
1780816264,2805.317,7
1780816266,2805.323,3
1780816268,2805.638,8
1780816270,2805.559,9
1780816272,2805.696,6
1780816274,2805.391,1
1780816276,2805.393,3
1780816278,2805.620,0
1780816280,2805.784,4
1780816282,2805.740,0
1780816284,2805.681,1
1780816286,2805.739,9
1780816288,2806.010,0
1780816290,2805.859,9
1780816292,2805.782,2
1780816294,2805.798,8
1780816296,2805.857,7
1780816298,2805.632,2
1780816300,2805.822,2
1780816302,2806.025,5
1780816304,2805.768,8
1780816306,2805.614,4
1780816308,2805.676,6
1780816310,2805.873,3
1780816312,2805.867,7
1780816314,2806.096,6
1780816316,2806.280,0
1780816318,2806.272,2
1780816320,2806.017,7
1780816322,2806.016,6
1780816324,2806.062,2
1780816326,2806.138,8
1780816328,2806.249,9
1780816330,2806.392,2
1780816332,2806.434,4
1780816334,2806.635,5
1780816336,2806.670,0
1780816338,2806.742,2
1780816340,2806.322,2
1780816342,2806.066,6
1780816344,2806.000,0
1780816346,2806.040,0
1780816348,2805.987,7
1780816350,2805.560,0
1780816352,2805.577,7
1780816354,2805.563,3
1780816356,2805.654,4
1780816358,2805.381,1
1780816360,2805.078,8
1780816362,2804.935,5
1780816364,2805.042,2
1780816366,2804.891,1
1780816368,2805.107,7
1780816370,2805.155,5
1780816372,2805.106,6
1780816374,2805.231,1
1780816376,2805.132,2
1780816378,2804.973,3
1780816380,2804.855,5
1780816382,2804.601,1
1780816384,2804.479,9
1780816386,2804.479,9
1780816388,2804.522,2
1780816390,2804.470,0
1780816392,2804.382,2
1780816394,2804.441,1
1780816396,2804.610,0
1780816398,2804.545,5
1780816400,2804.549,9
1780816402,2804.776,6
1780816404,2804.613,3
1780816406,2804.421,1
1780816408,2804.213,3
1780816410,2804.304,4
1780816412,2804.115,5
1780816414,2804.131,1
1780816416,2804.460,0
1780816418,2804.329,9
1780816420,2804.495,5
1780816422,2804.544,4
1780816424,2804.604,4
1780816426,2804.633,3
1780816428,2804.541,1
1780816430,2804.380,0
1780816432,2804.672,2
1780816434,2804.298,8
1780816436,2804.437,7
1780816438,2804.205,5
1780816440,2803.994,4
1780816442,2803.840,0
1780816444,2803.860,0
1780816446,2803.937,7
1780816448,2803.808,8
1780816450,2803.669,9
1780816452,2803.693,3
1780816454,2803.924,4
1780816456,2803.982,2
1780816458,2804.070,0
1780816460,2804.227,7
1780816462,2804.228,8
1780816464,2804.158,8
1780816466,2804.192,2
1780816468,2804.166,6
1780816470,2804.166,6
1780816472,2804.154,4
1780816474,2804.109,9
1780816476,2804.199,9
1780816478,2804.054,4
1780816480,2803.996,6
1780816482,2804.194,4
1780816484,2804.347,7
1780816486,2804.237,7
1780816488,2804.216,6
1780816490,2803.986,6
1780816492,2804.044,4
1780816494,2804.295,5
1780816496,2804.531,1
1780816498,2804.651,1
1780816500,2804.716,6
1780816502,2804.756,6
1780816504,2805.007,7
1780816506,2804.994,4
1780816508,2804.845,5
1780816510,2805.151,1
1780816512,2805.228,8
1780816514,2805.047,7
1780816516,2804.846,6
1780816518,2804.922,2
1780816520,2804.927,7
1780816522,2804.985,5
1780816524,2805.006,6
1780816526,2805.127,7
1780816528,2805.357,7
1780816530,2805.509,9
1780816532,2805.303,3
1780816534,2805.188,8
1780816536,2805.120,0
1780816538,2805.360,0
1780816540,2805.248,8
1780816542,2804.904,4
1780816544,2804.811,1
1780816546,2804.678,8
1780816548,2804.803,3
1780816550,2804.971,1
1780816552,2805.178,8
1780816554,2805.707,7
1780816556,2805.767,7
1780816558,2805.773,3
1780816560,2805.764,4
1780816562,2805.806,6
1780816564,2805.956,6
1780816566,2805.926,6
1780816568,2805.981,1
1780816570,2806.119,9
1780816572,2805.955,5
1780816574,2806.032,2
1780816576,2806.034,4
1780816578,2806.099,9
1780816580,2805.759,9
1780816582,2805.875,5
1780816584,2805.791,1
1780816586,2805.674,4
1780816588,2805.496,6
1780816590,2805.240,0
1780816592,2805.411,1
1780816594,2805.336,6
1780816596,2804.951,1
1780816598,2804.989,9
1780816600,2805.019,9
1780816602,2805.054,4
1780816604,2804.970,0
1780816606,2804.731,1
1780816608,2804.497,7
1780816610,2804.655,5
1780816612,2804.617,7
1780816614,2804.616,6
1780816616,2804.309,9
1780816618,2804.450,0
1780816620,2804.501,1
1780816622,2804.340,0
1780816624,2804.350,0
1780816626,2804.320,0
1780816628,2804.518,8
1780816630,2804.849,9
1780816632,2804.686,6
1780816634,2804.857,7
1780816636,2804.663,3
1780816638,2804.811,1
1780816640,2804.898,8
1780816642,2804.496,6
1780816644,2804.701,1
1780816646,2804.312,2
1780816648,2804.420,0
1780816650,2804.342,2
1780816652,2804.535,5
1780816654,2804.545,5
1780816656,2804.419,9
1780816658,2804.368,8
1780816660,2804.457,7
1780816662,2804.158,8
1780816664,2804.163,3
1780816666,2804.331,1
1780816668,2804.349,9
1780816670,2804.566,6
1780816672,2804.514,4
1780816674,2804.511,1
1780816676,2804.953,3
1780816678,2804.980,0
1780816680,2805.207,7
1780816682,2804.947,7
1780816684,2804.918,8
1780816686,2804.681,1
1780816688,2804.821,1
1780816690,2805.046,6
1780816692,2805.057,7
1780816694,2805.034,4
1780816696,2805.110,0
1780816698,2805.058,8
1780816700,2805.194,4
1780816702,2805.058,8
1780816704,2805.181,1
1780816706,2805.379,9
1780816708,2805.378,8
1780816710,2805.549,9
1780816712,2805.806,6
1780816714,2805.950,0
1780816716,2805.742,2
1780816718,2805.539,9
1780816720,2805.694,4
1780816722,2805.447,7
1780816724,2805.518,8
1780816726,2805.353,3
1780816728,2805.248,8
1780816730,2805.489,9
1780816732,2805.473,3
1780816734,2805.287,7
1780816736,2805.022,2
1780816738,2805.036,6
1780816740,2805.286,6
1780816742,2804.985,5
1780816744,2805.150,0
1780816746,2804.927,7
1780816748,2805.034,4
1780816750,2805.554,4
1780816752,2805.669,9
1780816754,2805.732,2
1780816756,2805.701,1
1780816758,2805.566,6
1780816760,2805.638,8
1780816762,2805.831,1
1780816764,2805.724,4
1780816766,2805.767,7
1780816768,2806.068,8
1780816770,2805.913,3
1780816772,2806.026,6
1780816774,2806.149,9
1780816776,2806.383,3
1780816778,2806.540,0
1780816780,2806.714,4
1780816782,2806.518,8
1780816784,2806.288,8
1780816786,2806.395,5
1780816788,2806.329,9
1780816790,2806.784,4
1780816792,2806.774,4
1780816794,2806.729,9
1780816796,2806.636,6
1780816798,2806.499,9
1780816800,2806.638,8
1780816802,2806.817,7
1780816804,2806.639,9
1780816806,2806.435,5
1780816808,2806.392,2
1780816810,2806.517,7
1780816812,2806.777,7
1780816814,2806.795,5
1780816816,2806.915,5
1780816818,2806.475,5
1780816820,2806.536,6
1780816822,2806.529,9
1780816824,2806.599,9
1780816826,2806.701,1
1780816828,2806.830,0
1780816830,2806.804,4
1780816832,2806.696,6
1780816834,2806.702,2
1780816836,2806.561,1
1780816838,2806.870,0
1780816840,2807.003,3
1780816842,2807.089,9
1780816844,2806.964,4
1780816846,2806.915,5
1780816848,2807.102,2
1780816850,2807.232,2
1780816852,2807.259,9
1780816854,2807.085,5
1780816856,2807.128,8
1780816858,2807.362,2
1780816860,2807.182,2
1780816862,2807.309,9
1780816864,2807.413,3
1780816866,2807.543,3
1780816868,2807.545,5
1780816870,2807.759,9
1780816872,2807.366,6
1780816874,2807.392,2
1780816876,2807.336,6
1780816878,2807.213,3
1780816880,2807.376,6
1780816882,2807.049,9
1780816884,2807.031,1
1780816886,2806.846,6
1780816888,2807.167,7
1780816890,2807.147,7
1780816892,2806.805,5
1780816894,2806.405,5
1780816896,2806.430,0
1780816898,2806.374,4
1780816900,2806.582,2
1780816902,2806.559,9
1780816904,2806.740,0
1780816906,2806.814,4
1780816908,2806.794,4
1780816910,2806.562,2
1780816912,2806.450,0
1780816914,2805.992,2
1780816916,2805.693,3
1780816918,2805.693,3
1780816920,2805.433,3
1780816922,2805.245,5
1780816924,2805.124,4
1780816926,2805.267,7
1780816928,2805.386,6
1780816930,2805.659,9
1780816932,2805.553,3
1780816934,2805.743,3
1780816936,2806.474,4
1780816938,2806.498,8
1780816940,2806.360,0
1780816942,2805.979,9
1780816944,2805.957,7
1780816946,2805.837,7
1780816948,2805.652,2
1780816950,2805.751,1
1780816952,2805.985,5
1780816954,2805.952,2
1780816956,2805.905,5
1780816958,2805.844,4
1780816960,2805.893,3
1780816962,2805.721,1
1780816964,2805.686,6
1780816966,2805.466,6
1780816968,2805.555,5
1780816970,2805.485,5
1780816972,2805.614,4
1780816974,2805.481,1
1780816976,2805.623,3
1780816978,2805.772,2
1780816980,2805.575,5
1780816982,2805.802,2
1780816984,2805.942,2
1780816986,2805.856,6
1780816988,2805.756,6
1780816990,2806.038,8
1780816992,2806.234,4
1780816994,2805.972,2
1780816996,2806.189,9
1780816998,2806.133,3
1780817000,2806.012,2
1780817002,2806.131,1
1780817004,2806.210,0
1780817006,2806.359,9
1780817008,2806.524,4
1780817010,2806.369,9
1780817012,2806.212,2
1780817014,2806.126,6
1780817016,2806.187,7
1780817018,2806.236,6
1780817020,2806.299,9
1780817022,2806.178,8
1780817024,2806.201,1
1780817026,2806.509,9
1780817028,2806.475,5
1780817030,2806.525,5
1780817032,2807.032,2
1780817034,2806.949,9
1780817036,2806.946,6
1780817038,2806.914,4
1780817040,2806.818,8
1780817042,2806.420,0
1780817044,2806.469,9
1780817046,2806.320,0
1780817048,2806.107,7
1780817050,2805.870,0
1780817052,2806.358,8
1780817054,2806.523,3
1780817056,2806.616,6
1780817058,2806.398,8
1780817060,2806.530,0
1780817062,2806.508,8
1780817064,2806.196,6
1780817066,2806.110,0
1780817068,2806.456,6
1780817070,2806.583,3
1780817072,2806.696,6
1780817074,2806.389,9
1780817076,2806.589,9
1780817078,2806.534,4
1780817080,2806.501,1
1780817082,2806.546,6
1780817084,2806.743,3
1780817086,2806.638,8
1780817088,2806.823,3
1780817090,2807.233,3
1780817092,2807.354,4
1780817094,2807.388,8
1780817096,2807.553,3
1780817098,2807.614,4
1780817100,2807.379,9
1780817102,2807.479,9
1780817104,2807.383,3
1780817106,2807.126,6
1780817108,2806.904,4
1780817110,2806.735,5
1780817112,2806.749,9
1780817114,2806.636,6
1780817116,2806.700,0
1780817118,2806.607,7
1780817120,2806.348,8
1780817122,2806.567,7
1780817124,2806.649,9
1780817126,2806.761,1
1780817128,2806.806,6
1780817130,2806.613,3
1780817132,2806.697,7
1780817134,2806.712,2
1780817136,2806.702,2
1780817138,2806.833,3
1780817140,2806.861,1
1780817142,2807.066,6
1780817144,2807.304,4
1780817146,2807.118,8
1780817148,2807.226,6
1780817150,2807.034,4
1780817152,2807.180,0
1780817154,2806.948,8
1780817156,2807.090,0
1780817158,2807.142,2
1780817160,2807.103,3
1780817162,2807.016,6
1780817164,2807.248,8
1780817166,2807.300,0
1780817168,2807.615,5
1780817170,2807.671,1
1780817172,2807.768,8
1780817174,2807.950,0
1780817176,2807.826,6
1780817178,2808.217,7
1780817180,2808.028,8
1780817182,2807.979,9
1780817184,2807.559,9
1780817186,2807.481,1
1780817188,2807.474,4
1780817190,2807.274,4
1780817192,2807.214,4
1780817194,2806.987,7
1780817196,2806.932,2
1780817198,2806.760,0
1780817200,2806.775,5
1780817202,2806.902,2
1780817204,2806.815,5
1780817206,2807.017,7
1780817208,2807.023,3
1780817210,2807.252,2
1780817212,2807.325,5
1780817214,2807.547,7
1780817216,2807.781,1
1780817218,2807.716,6
1780817220,2807.615,5
1780817222,2807.769,9
1780817224,2807.821,1
1780817226,2807.339,9
1780817228,2807.334,4
1780817230,2807.708,8
1780817232,2807.722,2
1780817234,2807.532,2
1780817236,2807.519,9
1780817238,2807.521,1
1780817240,2807.477,7
1780817242,2807.651,1
1780817244,2807.556,6
1780817246,2807.241,1
1780817248,2807.341,1
1780817250,2807.354,4
1780817252,2807.511,1
1780817254,2807.228,8
1780817256,2807.131,1
1780817258,2807.019,9
1780817260,2807.105,5
1780817262,2807.038,8
1780817264,2807.165,5
1780817266,2806.896,6
1780817268,2806.842,2
1780817270,2806.852,2
1780817272,2806.803,3
1780817274,2806.686,6
1780817276,2807.002,2
1780817278,2806.516,6
1780817280,2806.676,6
1780817282,2806.627,7
1780817284,2806.551,1
1780817286,2806.427,7
1780817288,2806.394,4
1780817290,2806.296,6
1780817292,2806.239,9
1780817294,2806.265,5
1780817296,2806.461,1
1780817298,2806.494,4
1780817300,2806.262,2
1780817302,2806.381,1
1780817304,2806.849,9
1780817306,2807.183,3
1780817308,2807.399,9
1780817310,2807.240,0
1780817312,2806.979,9
1780817314,2807.296,6
1780817316,2807.205,5
1780817318,2807.125,5
1780817320,2807.035,5
1780817322,2806.952,2
1780817324,2806.749,9
1780817326,2806.737,7
1780817328,2806.769,9
1780817330,2806.872,2
1780817332,2807.014,4
1780817334,2806.926,6
1780817336,2806.892,2
1780817338,2807.007,7
1780817340,2806.802,2
1780817342,2806.898,8
1780817344,2806.747,7
1780817346,2806.554,4
1780817348,2806.259,9
1780817350,2805.915,5
1780817352,2806.077,7
1780817354,2806.259,9
1780817356,2806.029,9
1780817358,2805.845,5
1780817360,2805.811,1
1780817362,2805.661,1
1780817364,2805.678,8
1780817366,2805.682,2
1780817368,2805.832,2
1780817370,2805.763,3
1780817372,2805.620,0
1780817374,2805.464,4
1780817376,2805.266,6
1780817378,2805.257,7
1780817380,2805.443,3
1780817382,2805.452,2
1780817384,2805.447,7
1780817386,2805.426,6
1780817388,2805.299,9
1780817390,2805.432,2
1780817392,2805.539,9
1780817394,2805.658,8
1780817396,2805.522,2
1780817398,2805.340,0
1780817400,2805.487,7
1780817402,2805.208,8
1780817404,2805.363,3
1780817406,2805.046,6
1780817408,2805.065,5
1780817410,2804.889,9
1780817412,2804.727,7
1780817414,2804.793,3
1780817416,2804.868,8
1780817418,2804.541,1
1780817420,2804.444,4
1780817422,2804.423,3
1780817424,2804.404,4
1780817426,2804.571,1
1780817428,2804.496,6
1780817430,2804.373,3
1780817432,2803.969,9
1780817434,2804.121,1
1780817436,2803.976,6
1780817438,2803.682,2
1780817440,2803.505,5
1780817442,2803.722,2
1780817444,2803.890,0
1780817446,2803.774,4
1780817448,2803.796,6
1780817450,2803.657,7
1780817452,2803.707,7
1780817454,2803.542,2
1780817456,2803.842,2
1780817458,2803.849,9
1780817460,2803.623,3
1780817462,2803.907,7
1780817464,2803.886,6
1780817466,2804.180,0
1780817468,2804.222,2
1780817470,2804.109,9
1780817472,2804.133,3
1780817474,2804.153,3
1780817476,2804.259,9
1780817478,2804.557,7
1780817480,2804.434,4
1780817482,2804.486,6
1780817484,2804.535,5
1780817486,2804.367,7
1780817488,2804.162,2
1780817490,2803.887,7
1780817492,2804.075,5
1780817494,2804.215,5
1780817496,2804.293,3
1780817498,2804.261,1
1780817500,2804.354,4
1780817502,2804.143,3
1780817504,2804.367,7
1780817506,2804.427,7
1780817508,2804.516,6
1780817510,2804.264,4
1780817512,2804.368,8
1780817514,2804.495,5
1780817516,2804.396,6
1780817518,2804.344,4
1780817520,2804.611,1
1780817522,2804.555,5
1780817524,2804.807,7
1780817526,2804.906,6
1780817528,2804.820,0
1780817530,2804.586,6
1780817532,2804.805,5
1780817534,2804.623,3
1780817536,2804.581,1
1780817538,2804.451,1
1780817540,2804.573,3
1780817542,2804.396,6
1780817544,2804.232,2
1780817546,2804.203,3
1780817548,2804.075,5
1780817550,2803.856,6
1780817552,2803.615,5
1780817554,2803.436,6
1780817556,2803.589,9
1780817558,2803.783,3
1780817560,2803.763,3
1780817562,2803.897,7
1780817564,2803.858,8
1780817566,2803.874,4
1780817568,2803.753,3
1780817570,2803.829,9
1780817572,2803.655,5
1780817574,2803.702,2
1780817576,2803.981,1
1780817578,2803.554,4
1780817580,2803.257,7
1780817582,2803.300,0
1780817584,2803.273,3
1780817586,2803.501,1
1780817588,2803.492,2
1780817590,2803.796,6
1780817592,2803.838,8
1780817594,2803.838,8
1780817596,2803.647,7
1780817598,2803.699,9
1780817600,2803.605,5
1780817602,2803.915,5
1780817604,2803.850,0
1780817606,2803.527,7
1780817608,2803.573,3
1780817610,2803.581,1
1780817612,2803.428,8
1780817614,2803.232,2
1780817616,2803.188,8
1780817618,2802.893,3
1780817620,2802.929,9
1780817622,2803.090,0
1780817624,2803.027,7
1780817626,2802.905,5
1780817628,2802.889,9
1780817630,2803.040,0
1780817632,2803.125,5
1780817634,2803.411,1
1780817636,2803.376,6
1780817638,2803.474,4
1780817640,2803.281,1
1780817642,2803.349,9
1780817644,2803.293,3
1780817646,2803.268,8
1780817648,2803.509,9
1780817650,2803.305,5
1780817652,2803.231,1
1780817654,2803.498,8
1780817656,2803.519,9
1780817658,2803.239,9
1780817660,2803.110,0
1780817662,2803.265,5
1780817664,2803.226,6
1780817666,2803.070,0
1780817668,2803.093,3
1780817670,2803.026,6
1780817672,2802.933,3
1780817674,2802.652,2
1780817676,2802.876,6
1780817678,2802.772,2
1780817680,2802.761,1
1780817682,2802.602,2
1780817684,2802.676,6
1780817686,2802.764,4
1780817688,2802.751,1
1780817690,2802.481,1
1780817692,2802.440,0
1780817694,2802.500,0
1780817696,2802.466,6
1780817698,2802.511,1
1780817700,2802.498,8
1780817702,2802.712,2
1780817704,2802.499,9
1780817706,2802.318,8
1780817708,2802.470,0
1780817710,2802.296,6
1780817712,2802.238,8
1780817714,2802.306,6
1780817716,2802.359,9
1780817718,2802.611,1
1780817720,2802.688,8
1780817722,2802.550,0
1780817724,2802.198,8
1780817726,2801.876,6
1780817728,2801.614,4
1780817730,2801.954,4
1780817732,2802.580,0
1780817734,2802.489,9
1780817736,2802.946,6
1780817738,2802.745,5
1780817740,2802.928,8
1780817742,2803.037,7
1780817744,2803.018,8
1780817746,2803.095,5
1780817748,2803.483,3
1780817750,2803.423,3
1780817752,2803.491,1
1780817754,2803.526,6
1780817756,2803.686,6
1780817758,2803.701,1
1780817760,2803.558,8
1780817762,2803.264,4
1780817764,2803.512,2
1780817766,2803.554,4
1780817768,2803.746,6
1780817770,2803.777,7
1780817772,2803.792,2
1780817774,2803.679,9
1780817776,2803.610,0
1780817778,2803.752,2
1780817780,2803.881,1
1780817782,2803.786,6
1780817784,2803.749,9
1780817786,2803.800,0
1780817788,2803.812,2
1780817790,2803.818,8
1780817792,2803.511,1
1780817794,2803.448,8
1780817796,2803.429,9
1780817798,2803.544,4
1780817800,2803.454,4
1780817802,2803.039,9
1780817804,2803.079,9
1780817806,2803.661,1
1780817808,2803.539,9
1780817810,2803.562,2
1780817812,2803.579,9
1780817814,2803.359,9
1780817816,2803.663,3
1780817818,2803.566,6
1780817820,2803.530,0
1780817822,2803.467,7
1780817824,2803.670,0
1780817826,2803.536,6
1780817828,2803.582,2
1780817830,2803.469,9
1780817832,2803.562,2
1780817834,2803.434,4
1780817836,2803.506,6
1780817838,2803.611,1
1780817840,2803.302,2
1780817842,2803.256,6
1780817844,2803.105,5
1780817846,2803.124,4
1780817848,2802.810,0
1780817850,2802.639,9
1780817852,2802.669,9
1780817854,2802.678,8
1780817856,2802.451,1
1780817858,2802.676,6
1780817860,2802.272,2
1780817862,2802.515,5
1780817864,2802.256,6
1780817866,2802.282,2
1780817868,2802.270,0
1780817870,2802.063,3
1780817872,2802.018,8
1780817874,2801.924,4
1780817876,2801.893,3
1780817878,2801.873,3
1780817880,2801.808,8
1780817882,2801.606,6
1780817884,2801.627,7
1780817886,2801.537,7
1780817888,2801.822,2
1780817890,2801.577,7
1780817892,2801.484,4
1780817894,2801.416,6
1780817896,2801.476,6
1780817898,2801.285,5
1780817900,2801.304,4
1780817902,2801.737,7
1780817904,2801.629,9
1780817906,2801.732,2
1780817908,2801.619,9
1780817910,2801.479,9
1780817912,2801.352,2
1780817914,2801.201,1
1780817916,2801.297,7
1780817918,2801.336,6
1780817920,2801.475,5
1780817922,2801.166,6
1780817924,2801.083,3
1780817926,2801.168,8
1780817928,2801.102,2
1780817930,2801.302,2
1780817932,2801.316,6
1780817934,2801.658,8
1780817936,2801.929,9
1780817938,2801.736,6
1780817940,2801.559,9
1780817942,2801.745,5
1780817944,2801.420,0
1780817946,2801.178,8
1780817948,2801.081,1
1780817950,2801.020,0
1780817952,2801.268,8
1780817954,2801.150,0
1780817956,2801.378,8
1780817958,2801.402,2
1780817960,2801.252,2
1780817962,2800.880,0
1780817964,2801.013,3
1780817966,2800.824,4
1780817968,2800.673,3
1780817970,2800.919,9
1780817972,2800.948,8
1780817974,2801.104,4
1780817976,2801.021,1
1780817978,2800.926,6
1780817980,2800.865,5
1780817982,2801.015,5
1780817984,2800.865,5
1780817986,2801.031,1
1780817988,2801.057,7
1780817990,2801.190,0
1780817992,2801.224,4
1780817994,2801.158,8
1780817996,2801.187,7
1780817998,2801.500,0
1780818000,2801.570,0
1780818002,2801.384,4
1780818004,2801.258,8
1780818006,2801.429,9
1780818008,2801.455,5
1780818010,2801.358,8
1780818012,2801.155,5
1780818014,2801.011,1
1780818016,2801.257,7
1780818018,2800.954,4
1780818020,2800.959,9
1780818022,2800.973,3
1780818024,2801.020,0
1780818026,2800.787,7
1780818028,2800.581,1
1780818030,2800.423,3
1780818032,2800.335,5
1780818034,2800.038,8
1780818036,2799.920,0
1780818038,2799.732,2
1780818040,2799.721,1
1780818042,2799.528,8
1780818044,2799.270,0
1780818046,2799.274,4
1780818048,2799.845,5
1780818050,2799.780,0
1780818052,2799.765,5
1780818054,2799.621,1
1780818056,2799.534,4
1780818058,2799.814,4
1780818060,2799.768,8
1780818062,2799.767,7
1780818064,2800.056,6
1780818066,2800.034,4
1780818068,2799.992,2
1780818070,2799.858,8
1780818072,2800.064,4
1780818074,2800.020,0
1780818076,2799.858,8
1780818078,2799.679,9
1780818080,2799.682,2
1780818082,2799.679,9
1780818084,2799.602,2
1780818086,2799.657,7
1780818088,2799.741,1
1780818090,2799.554,4
1780818092,2799.549,9
1780818094,2799.379,9
1780818096,2799.494,4
1780818098,2799.490,0
1780818100,2799.509,9
1780818102,2799.319,9
1780818104,2799.208,8
1780818106,2799.405,5
1780818108,2799.126,6
1780818110,2799.405,5
1780818112,2799.629,9
1780818114,2799.536,6
1780818116,2799.228,8
1780818118,2799.294,4
1780818120,2799.304,4
1780818122,2799.393,3
1780818124,2799.377,7
1780818126,2799.594,4
1780818128,2799.595,5
1780818130,2799.562,2
1780818132,2799.514,4
1780818134,2799.326,6
1780818136,2799.211,1
1780818138,2799.296,6
1780818140,2799.152,2
1780818142,2799.496,6
1780818144,2799.475,5
1780818146,2799.576,6
1780818148,2799.346,6
1780818150,2799.058,8
1780818152,2798.632,2
1780818154,2798.274,4
1780818156,2798.456,6
1780818158,2798.438,8
1780818160,2798.562,2
1780818162,2798.445,5
1780818164,2798.491,1
1780818166,2798.569,9
1780818168,2798.713,3
1780818170,2798.612,2
1780818172,2798.851,1
1780818174,2799.056,6
1780818176,2799.100,0
1780818178,2799.167,7
1780818180,2799.005,5
1780818182,2798.932,2
1780818184,2798.717,7
1780818186,2798.952,2
1780818188,2799.200,0
1780818190,2799.142,2
1780818192,2798.971,1
1780818194,2799.019,9
1780818196,2799.214,4
1780818198,2799.061,1
1780818200,2799.238,8
1780818202,2799.532,2
1780818204,2799.524,4
1780818206,2799.525,5
1780818208,2799.721,1
1780818210,2799.556,6
1780818212,2799.603,3
1780818214,2799.661,1
1780818216,2799.412,2
1780818218,2799.676,6
1780818220,2799.742,2
1780818222,2800.154,4
1780818224,2799.914,4
1780818226,2799.858,8
1780818228,2799.743,3
1780818230,2799.794,4
1780818232,2799.343,3
1780818234,2799.610,0
1780818236,2799.488,8
1780818238,2799.394,4
1780818240,2798.939,9
1780818242,2799.418,8
1780818244,2799.178,8
1780818246,2799.309,9
1780818248,2799.254,4
1780818250,2799.156,6
1780818252,2799.015,5
1780818254,2798.982,2
1780818256,2798.984,4
1780818258,2799.119,9
1780818260,2799.350,0
1780818262,2799.118,8
1780818264,2799.193,3
1780818266,2798.984,4
1780818268,2799.172,2
1780818270,2798.978,8
1780818272,2799.222,2
1780818274,2799.484,4
1780818276,2799.678,8
1780818278,2799.570,0
1780818280,2799.324,4
1780818282,2799.346,6
1780818284,2799.438,8
1780818286,2799.438,8
1780818288,2799.558,8
1780818290,2799.778,8
1780818292,2799.860,0
1780818294,2799.833,3
1780818296,2799.774,4
1780818298,2799.716,6
1780818300,2799.638,8
1780818302,2799.294,4
1780818304,2799.322,2
1780818306,2799.419,9
1780818308,2799.438,8
1780818310,2799.934,4
1780818312,2799.844,4
1780818314,2799.837,7
1780818316,2800.058,8
1780818318,2799.949,9
1780818320,2799.819,9
1780818322,2799.804,4
1780818324,2799.947,7
1780818326,2799.941,1
1780818328,2799.716,6
1780818330,2799.512,2
1780818332,2799.679,9
1780818334,2799.668,8
1780818336,2799.426,6
1780818338,2799.209,9
1780818340,2798.953,3
1780818342,2798.851,1
1780818344,2798.635,5
1780818346,2798.585,5
1780818348,2798.627,7
1780818350,2798.286,6
1780818352,2798.258,8
1780818354,2797.991,1
1780818356,2797.973,3
1780818358,2797.901,1
1780818360,2798.209,9
1780818362,2798.076,6
1780818364,2798.061,1
1780818366,2798.179,9
1780818368,2798.381,1
1780818370,2798.090,0
1780818372,2798.026,6
1780818374,2797.810,0
1780818376,2797.847,7
1780818378,2797.908,8
1780818380,2797.765,5
1780818382,2798.166,6
1780818384,2797.940,0
1780818386,2798.004,4
1780818388,2798.002,2
1780818390,2797.875,5
1780818392,2798.076,6
1780818394,2797.882,2
1780818396,2797.831,1
1780818398,2797.836,6
1780818400,2797.833,3
1780818402,2798.060,0
1780818404,2798.336,6
1780818406,2798.018,8
1780818408,2797.870,0
1780818410,2797.830,0
1780818412,2797.701,1
1780818414,2797.821,1
1780818416,2797.937,7
1780818418,2797.927,7
1780818420,2797.821,1
1780818422,2797.890,0
1780818424,2797.897,7
1780818426,2797.806,6
1780818428,2797.568,8
1780818430,2797.348,8
1780818432,2797.757,7
1780818434,2797.351,1
1780818436,2797.229,9
1780818438,2797.328,8
1780818440,2797.227,7
1780818442,2797.035,5
1780818444,2796.963,3
1780818446,2796.994,4
1780818448,2797.092,2
1780818450,2796.887,7
1780818452,2796.846,6
1780818454,2796.984,4
1780818456,2797.331,1
1780818458,2797.318,8
1780818460,2797.290,0
1780818462,2797.284,4
1780818464,2797.213,3
1780818466,2797.574,4
1780818468,2797.457,7
1780818470,2797.572,2
1780818472,2797.556,6
1780818474,2797.509,9
1780818476,2797.345,5
1780818478,2797.260,0
1780818480,2796.878,8
1780818482,2796.910,0
1780818484,2796.880,0
1780818486,2796.814,4
1780818488,2796.795,5
1780818490,2797.043,3
1780818492,2797.139,9
1780818494,2796.627,7
1780818496,2796.783,3
1780818498,2796.758,8
1780818500,2796.708,8
1780818502,2796.531,1
1780818504,2796.777,7
1780818506,2796.598,8
1780818508,2796.425,5
1780818510,2796.293,3
1780818512,2796.339,9
1780818514,2796.469,9
1780818516,2796.297,7
1780818518,2796.557,7
1780818520,2796.426,6
1780818522,2796.478,8
1780818524,2796.500,0
1780818526,2796.285,5
1780818528,2795.918,8
1780818530,2795.758,8
1780818532,2795.789,9
1780818534,2795.855,5
1780818536,2796.084,4
1780818538,2796.047,7
1780818540,2795.996,6
1780818542,2796.217,7
1780818544,2796.172,2
1780818546,2796.121,1
1780818548,2796.231,1
1780818550,2796.002,2
1780818552,2796.179,9
1780818554,2796.054,4
1780818556,2796.126,6
1780818558,2796.216,6
1780818560,2796.129,9
1780818562,2796.074,4
1780818564,2796.066,6
1780818566,2796.231,1
1780818568,2796.300,0
1780818570,2796.450,0
1780818572,2796.443,3
1780818574,2796.288,8
1780818576,2796.316,6
1780818578,2796.726,6
1780818580,2796.941,1
1780818582,2796.875,5
1780818584,2796.880,0
1780818586,2796.817,7
1780818588,2797.210,0
1780818590,2797.525,5
1780818592,2797.648,8
1780818594,2797.506,6
1780818596,2797.618,8
1780818598,2797.719,9
1780818600,2797.553,3
1780818602,2797.513,3
1780818604,2797.668,8
1780818606,2797.751,1
1780818608,2797.867,7
1780818610,2797.873,3
1780818612,2798.224,4
1780818614,2798.368,8
1780818616,2798.046,6
1780818618,2798.057,7
1780818620,2798.447,7
1780818622,2798.356,6
1780818624,2798.292,2
1780818626,2798.459,9
1780818628,2798.383,3
1780818630,2798.439,9
1780818632,2798.039,9
1780818634,2797.986,6
1780818636,2797.991,1
1780818638,2798.234,4
1780818640,2798.551,1
1780818642,2798.612,2
1780818644,2798.718,8
1780818646,2798.360,0
1780818648,2798.343,3
1780818650,2798.670,0
1780818652,2798.463,3
1780818654,2798.314,4
1780818656,2798.391,1
1780818658,2798.610,0
1780818660,2798.740,0
1780818662,2798.742,2
1780818664,2798.396,6
1780818666,2798.152,2
1780818668,2798.101,1
1780818670,2797.867,7
1780818672,2797.867,7
1780818674,2798.163,3
1780818676,2798.135,5
1780818678,2798.224,4
1780818680,2797.825,5
1780818682,2797.946,6
1780818684,2798.306,6
1780818686,2798.532,2
1780818688,2798.602,2
1780818690,2798.715,5
1780818692,2798.820,0
1780818694,2798.425,5
1780818696,2798.337,7
1780818698,2798.478,8
1780818700,2798.577,7
1780818702,2798.801,1
1780818704,2798.984,4
1780818706,2798.910,0
1780818708,2798.932,2
1780818710,2798.942,2
1780818712,2799.040,0
1780818714,2798.969,9
1780818716,2798.854,4
1780818718,2798.968,8
1780818720,2798.951,1
1780818722,2799.318,8
1780818724,2799.215,5
1780818726,2799.200,0
1780818728,2799.124,4
1780818730,2799.260,0
1780818732,2799.167,7
1780818734,2799.110,0
1780818736,2799.010,0
1780818738,2798.949,9
1780818740,2799.154,4
1780818742,2798.912,2
1780818744,2798.830,0
1780818746,2798.842,2
1780818748,2798.667,7
1780818750,2798.798,8
1780818752,2798.888,8
1780818754,2799.298,8
1780818756,2799.209,9
1780818758,2799.316,6
1780818760,2799.081,1
1780818762,2799.377,7
1780818764,2799.268,8
1780818766,2799.507,7
1780818768,2799.303,3
1780818770,2799.571,1
1780818772,2799.653,3
1780818774,2800.071,1
1780818776,2800.078,8
1780818778,2799.995,5
1780818780,2799.933,3
1780818782,2800.031,1
1780818784,2799.905,5
1780818786,2799.774,4
1780818788,2800.003,3
1780818790,2800.148,8
1780818792,2800.182,2
1780818794,2800.412,2
1780818796,2800.222,2
1780818798,2800.254,4
1780818800,2800.291,1
1780818802,2800.217,7
1780818804,2800.516,6
1780818806,2800.358,8
1780818808,2800.490,0
1780818810,2800.657,7
1780818812,2800.730,0
1780818814,2800.514,4
1780818816,2800.660,0
1780818818,2800.682,2
1780818820,2800.868,8
1780818822,2800.492,2
1780818824,2800.230,0
1780818826,2800.057,7
1780818828,2800.232,2
1780818830,2799.759,9
1780818832,2799.638,8
1780818834,2799.390,0
1780818836,2799.322,2
1780818838,2799.312,2
1780818840,2799.257,7
1780818842,2799.341,1
1780818844,2799.408,8
1780818846,2799.853,3
1780818848,2800.025,5
1780818850,2800.068,8
1780818852,2800.137,7
1780818854,2800.519,9
1780818856,2800.792,2
1780818858,2801.105,5
1780818860,2801.158,8
1780818862,2801.149,9
1780818864,2800.960,0
1780818866,2800.692,2
1780818868,2800.886,6
1780818870,2801.101,1
1780818872,2801.061,1
1780818874,2800.905,5
1780818876,2801.020,0
1780818878,2801.072,2
1780818880,2801.214,4
1780818882,2801.194,4
1780818884,2801.187,7
1780818886,2801.120,0
1780818888,2801.036,6
1780818890,2801.070,0
1780818892,2801.193,3
1780818894,2800.854,4
1780818896,2800.622,2
1780818898,2800.395,5
1780818900,2800.300,0
1780818902,2800.505,5
1780818904,2800.570,0
1780818906,2800.709,9
1780818908,2800.845,5
1780818910,2801.028,8
1780818912,2801.167,7
1780818914,2801.365,5
1780818916,2801.070,0
1780818918,2801.179,9
1780818920,2801.231,1
1780818922,2800.971,1
1780818924,2801.175,5
1780818926,2801.137,7
1780818928,2801.276,6
1780818930,2801.277,7
1780818932,2801.389,9
1780818934,2801.404,4
1780818936,2801.534,4
1780818938,2801.378,8
1780818940,2801.615,5
1780818942,2801.953,3
1780818944,2802.025,5
1780818946,2802.399,9
1780818948,2802.388,8
1780818950,2802.108,8
1780818952,2801.899,9
1780818954,2801.786,6
1780818956,2801.986,6
1780818958,2801.652,2
1780818960,2801.625,5
1780818962,2801.581,1
1780818964,2801.687,7
1780818966,2801.547,7
1780818968,2801.554,4
1780818970,2801.445,5
1780818972,2801.602,2
1780818974,2801.621,1
1780818976,2801.617,7
1780818978,2801.507,7
1780818980,2801.387,7
1780818982,2801.160,0
1780818984,2801.268,8
1780818986,2801.594,4
1780818988,2801.832,2
1780818990,2801.626,6
1780818992,2801.836,6
1780818994,2801.910,0
1780818996,2802.146,6
1780818998,2802.353,3
1780819000,2802.344,4
1780819002,2802.645,5
1780819004,2802.676,6
1780819006,2802.966,6
1780819008,2803.005,5
1780819010,2802.899,9
1780819012,2802.964,4
1780819014,2803.049,9
1780819016,2803.239,9
1780819018,2803.087,7
1780819020,2802.903,3
1780819022,2802.948,8
1780819024,2803.352,2
1780819026,2803.619,9
1780819028,2803.878,8
1780819030,2803.889,9
1780819032,2803.795,5
1780819034,2803.643,3
1780819036,2803.731,1
1780819038,2803.518,8
1780819040,2803.612,2
1780819042,2803.568,8
1780819044,2803.526,6
1780819046,2803.669,9
1780819048,2803.573,3
1780819050,2803.770,0
1780819052,2803.483,3
1780819054,2803.289,9
1780819056,2803.341,1
1780819058,2802.879,9
1780819060,2802.955,5
1780819062,2802.944,4
1780819064,2803.083,3
1780819066,2802.985,5
1780819068,2803.201,1
1780819070,2803.345,5
1780819072,2803.491,1
1780819074,2803.558,8
1780819076,2803.391,1
1780819078,2803.416,6
1780819080,2803.522,2
1780819082,2803.591,1
1780819084,2803.717,7
1780819086,2803.908,8
1780819088,2804.418,8
1780819090,2804.255,5
1780819092,2804.302,2
1780819094,2804.670,0
1780819096,2804.633,3
1780819098,2804.496,6
1780819100,2804.386,6
1780819102,2804.161,1
1780819104,2804.387,7
1780819106,2804.539,9
1780819108,2804.418,8
1780819110,2804.668,8
1780819112,2804.816,6
1780819114,2804.721,1
1780819116,2804.768,8
1780819118,2804.864,4
1780819120,2804.354,4
1780819122,2804.279,9
1780819124,2803.927,7
1780819126,2803.796,6
1780819128,2803.656,6
1780819130,2803.360,0
1780819132,2803.071,1
1780819134,2803.380,0
1780819136,2803.711,1
1780819138,2803.527,7
1780819140,2803.717,7
1780819142,2803.516,6
1780819144,2803.679,9
1780819146,2803.646,6
1780819148,2803.670,0
1780819150,2803.374,4
1780819152,2803.369,9
1780819154,2803.563,3
1780819156,2803.544,4
1780819158,2803.686,6
1780819160,2803.696,6
1780819162,2803.726,6
1780819164,2803.852,2
1780819166,2803.738,8
1780819168,2803.730,0
1780819170,2804.028,8
1780819172,2803.921,1
1780819174,2804.155,5
1780819176,2804.244,4
1780819178,2804.058,8
1780819180,2804.020,0
1780819182,2804.038,8
1780819184,2803.977,7
1780819186,2803.800,0
1780819188,2803.917,7
1780819190,2803.793,3
1780819192,2803.932,2
1780819194,2804.001,1
1780819196,2803.890,0
1780819198,2803.848,8
1780819200,2803.670,0
1780819202,2803.656,6
1780819204,2803.539,9
1780819206,2803.728,8
1780819208,2803.917,7
1780819210,2803.950,0
1780819212,2804.195,5
1780819214,2804.428,8
1780819216,2804.473,3
1780819218,2804.441,1
1780819220,2804.616,6
1780819222,2804.382,2
1780819224,2804.334,4
1780819226,2803.897,7
1780819228,2804.082,2
1780819230,2804.118,8
1780819232,2803.879,9
1780819234,2803.852,2
1780819236,2803.796,6
1780819238,2803.792,2
1780819240,2803.839,9
1780819242,2803.537,7
1780819244,2803.727,7
1780819246,2803.947,7
1780819248,2803.898,8
1780819250,2803.863,3
1780819252,2804.119,9
1780819254,2804.342,2
1780819256,2804.275,5
1780819258,2804.699,9
1780819260,2804.333,3
1780819262,2804.667,7
1780819264,2804.693,3
1780819266,2804.877,7
1780819268,2804.805,5
1780819270,2805.020,0
1780819272,2805.100,0
1780819274,2804.852,2
1780819276,2804.960,0
1780819278,2805.040,0
1780819280,2805.122,2
1780819282,2804.722,2
1780819284,2804.746,6
1780819286,2805.008,8
1780819288,2804.701,1
1780819290,2804.859,9
1780819292,2804.936,6
1780819294,2804.983,3
1780819296,2804.674,4
1780819298,2804.926,6
1780819300,2804.833,3
1780819302,2805.082,2
1780819304,2805.189,9
1780819306,2804.882,2
1780819308,2804.737,7
1780819310,2805.266,6
1780819312,2805.077,7
1780819314,2804.931,1
1780819316,2804.707,7
1780819318,2804.704,4
1780819320,2804.397,7
1780819322,2804.032,2
1780819324,2803.962,2
1780819326,2804.000,0
1780819328,2803.971,1
1780819330,2804.211,1
1780819332,2804.215,5
1780819334,2804.431,1
1780819336,2804.644,4
1780819338,2804.792,2
1780819340,2804.896,6
1780819342,2804.974,4
1780819344,2804.970,0
1780819346,2804.657,7
1780819348,2804.571,1
1780819350,2804.457,7
1780819352,2804.335,5
1780819354,2804.053,3
1780819356,2804.089,9
1780819358,2804.357,7
1780819360,2804.431,1
1780819362,2804.435,5
1780819364,2804.553,3
1780819366,2804.415,5
1780819368,2804.445,5
1780819370,2804.343,3
1780819372,2804.437,7
1780819374,2804.313,3
1780819376,2804.169,9
1780819378,2804.109,9
1780819380,2804.268,8
1780819382,2804.368,8
1780819384,2804.662,2
1780819386,2804.735,5
1780819388,2804.802,2
1780819390,2804.728,8
1780819392,2804.763,3
1780819394,2804.779,9
1780819396,2804.730,0
1780819398,2804.509,9
1780819400,2804.322,2
1780819402,2804.102,2
1780819404,2804.147,7
1780819406,2804.308,8
1780819408,2804.096,6
1780819410,2804.074,4
1780819412,2804.279,9
1780819414,2804.351,1
1780819416,2804.272,2
1780819418,2804.055,5
1780819420,2804.174,4
1780819422,2804.329,9
1780819424,2804.658,8
1780819426,2804.572,2
1780819428,2804.301,1
1780819430,2804.189,9
1780819432,2804.139,9
1780819434,2804.508,8
1780819436,2804.459,9
1780819438,2804.507,7
1780819440,2804.618,8
1780819442,2804.536,6
1780819444,2804.621,1
1780819446,2804.563,3
1780819448,2804.439,9
1780819450,2804.363,3
1780819452,2804.495,5
1780819454,2804.395,5
1780819456,2804.221,1
1780819458,2804.308,8
1780819460,2804.193,3
1780819462,2804.279,9
1780819464,2804.150,0
1780819466,2803.873,3
1780819468,2803.838,8
1780819470,2803.874,4
1780819472,2803.731,1
1780819474,2803.705,5
1780819476,2804.061,1
1780819478,2803.756,6
1780819480,2803.566,6
1780819482,2803.595,5
1780819484,2803.524,4
1780819486,2803.505,5
1780819488,2803.409,9
1780819490,2803.474,4
1780819492,2803.888,8
1780819494,2803.948,8
1780819496,2804.045,5
1780819498,2804.249,9
1780819500,2804.081,1
1780819502,2803.715,5
1780819504,2803.362,2
1780819506,2803.718,8
1780819508,2803.675,5
1780819510,2803.826,6
1780819512,2803.753,3
1780819514,2803.565,5
1780819516,2803.851,1
1780819518,2803.820,0
1780819520,2803.816,6
1780819522,2803.933,3
1780819524,2803.615,5
1780819526,2803.252,2
1780819528,2803.205,5
1780819530,2803.316,6
1780819532,2803.245,5
1780819534,2803.418,8
1780819536,2803.533,3
1780819538,2803.640,0
1780819540,2803.553,3
1780819542,2803.567,7
1780819544,2803.321,1
1780819546,2803.487,7
1780819548,2803.525,5
1780819550,2803.526,6
1780819552,2803.313,3
1780819554,2803.378,8
1780819556,2803.443,3
1780819558,2803.748,8
1780819560,2803.871,1
1780819562,2803.698,8
1780819564,2803.577,7
1780819566,2803.695,5
1780819568,2803.835,5
1780819570,2803.977,7
1780819572,2803.878,8
1780819574,2803.748,8
1780819576,2803.761,1
1780819578,2803.343,3
1780819580,2803.361,1
1780819582,2803.076,6
1780819584,2803.290,0
1780819586,2803.436,6
1780819588,2803.389,9
1780819590,2803.283,3
1780819592,2803.229,9
1780819594,2802.998,8
1780819596,2802.912,2
1780819598,2803.134,4
1780819600,2803.306,6
1780819602,2803.484,4
1780819604,2803.801,1
1780819606,2803.433,3
1780819608,2803.424,4
1780819610,2803.224,4
1780819612,2803.443,3
1780819614,2803.503,3
1780819616,2803.286,6
1780819618,2803.195,5
1780819620,2803.083,3
1780819622,2802.929,9
1780819624,2802.826,6
1780819626,2802.840,0
1780819628,2802.564,4
1780819630,2802.269,9
1780819632,2802.281,1
1780819634,2802.169,9
1780819636,2802.195,5
1780819638,2802.176,6
1780819640,2802.252,2
1780819642,2802.478,8
1780819644,2802.197,7
1780819646,2802.437,7
1780819648,2802.793,3
1780819650,2802.908,8
1780819652,2802.910,0
1780819654,2802.594,4
1780819656,2802.635,5
1780819658,2802.429,9
1780819660,2802.176,6
1780819662,2802.058,8
1780819664,2801.938,8
1780819666,2801.767,7
1780819668,2801.678,8
1780819670,2801.746,6
1780819672,2802.040,0
1780819674,2801.944,4
1780819676,2801.682,2
1780819678,2801.865,5
1780819680,2802.147,7
1780819682,2801.887,7
1780819684,2801.870,0
1780819686,2802.063,3
1780819688,2801.915,5
1780819690,2801.559,9
1780819692,2801.752,2
1780819694,2801.799,9
1780819696,2801.944,4
1780819698,2801.974,4
1780819700,2802.129,9
1780819702,2801.752,2
1780819704,2801.621,1
1780819706,2801.653,3
1780819708,2801.403,3
1780819710,2801.375,5
1780819712,2801.402,2
1780819714,2801.397,7
1780819716,2801.512,2
1780819718,2801.667,7
1780819720,2801.615,5
1780819722,2801.665,5
1780819724,2801.696,6
1780819726,2801.641,1
1780819728,2801.457,7
1780819730,2801.430,0
1780819732,2801.636,6
1780819734,2801.729,9
1780819736,2801.749,9
1780819738,2801.414,4
1780819740,2801.397,7
1780819742,2801.253,3
1780819744,2801.173,3
1780819746,2801.205,5
1780819748,2801.247,7
1780819750,2801.171,1
1780819752,2801.434,4
1780819754,2801.478,8
1780819756,2801.719,9
1780819758,2801.927,7
1780819760,2801.739,9
1780819762,2801.506,6
1780819764,2801.682,2
1780819766,2801.592,2
1780819768,2801.680,0
1780819770,2801.797,7
1780819772,2801.492,2
1780819774,2801.577,7
1780819776,2801.555,5
1780819778,2801.743,3
1780819780,2801.445,5
1780819782,2801.629,9
1780819784,2801.466,6
1780819786,2801.420,0
1780819788,2801.411,1
1780819790,2801.340,0
1780819792,2801.369,9
1780819794,2801.405,5
1780819796,2801.258,8
1780819798,2801.021,1
1780819800,2800.960,0
1780819802,2801.069,9
1780819804,2801.328,8
1780819806,2801.353,3
1780819808,2801.251,1
1780819810,2801.215,5
1780819812,2801.117,7
1780819814,2801.321,1
1780819816,2801.497,7
1780819818,2801.399,9
1780819820,2801.123,3
1780819822,2801.255,5
1780819824,2801.497,7
1780819826,2801.555,5
1780819828,2801.471,1
1780819830,2801.608,8
1780819832,2801.293,3
1780819834,2801.441,1
1780819836,2801.389,9
1780819838,2801.571,1
1780819840,2801.518,8
1780819842,2801.561,1
1780819844,2801.883,3
1780819846,2801.792,2
1780819848,2802.019,9
1780819850,2801.878,8
1780819852,2801.873,3
1780819854,2802.064,4
1780819856,2802.207,7
1780819858,2801.997,7
1780819860,2802.115,5
1780819862,2801.997,7
1780819864,2802.007,7
1780819866,2802.262,2
1780819868,2802.111,1
1780819870,2801.662,2
1780819872,2801.808,8
1780819874,2801.966,6
1780819876,2802.004,4
1780819878,2802.057,7
1780819880,2802.283,3
1780819882,2802.419,9
1780819884,2802.484,4
1780819886,2802.694,4
1780819888,2802.869,9
1780819890,2802.852,2
1780819892,2802.762,2
1780819894,2802.572,2
1780819896,2802.436,6
1780819898,2802.338,8
1780819900,2802.407,7
1780819902,2802.623,3
1780819904,2803.023,3
1780819906,2803.032,2
1780819908,2802.913,3
1780819910,2802.495,5
1780819912,2802.593,3
1780819914,2802.593,3
1780819916,2802.805,5
1780819918,2802.805,5
1780819920,2802.552,2
1780819922,2802.444,4
1780819924,2802.383,3
1780819926,2802.278,8
1780819928,2802.501,1
1780819930,2802.641,1
1780819932,2802.887,7
1780819934,2802.919,9
1780819936,2803.041,1
1780819938,2803.081,1
1780819940,2803.326,6
1780819942,2803.284,4
1780819944,2802.986,6
1780819946,2802.883,3
1780819948,2803.047,7
1780819950,2803.100,0
1780819952,2803.157,7
1780819954,2803.356,6
1780819956,2803.251,1
1780819958,2803.260,0
1780819960,2803.247,7
1780819962,2802.791,1
1780819964,2802.564,4
1780819966,2802.455,5
1780819968,2802.672,2
1780819970,2802.775,5
1780819972,2802.590,0
1780819974,2802.427,7
1780819976,2802.220,0
1780819978,2802.271,1
1780819980,2802.228,8
1780819982,2802.105,5
1780819984,2802.024,4
1780819986,2801.887,7
1780819988,2801.660,0
1780819990,2801.817,7
1780819992,2801.831,1
1780819994,2801.769,9
1780819996,2801.835,5
1780819998,2801.711,1
1780820000,2801.843,3
1780820002,2801.908,8
1780820004,2801.697,7
1780820006,2801.618,8
1780820008,2801.528,8
1780820010,2801.310,0
1780820012,2801.512,2
1780820014,2801.450,0
1780820016,2801.598,8
1780820018,2801.565,5
1780820020,2801.597,7
1780820022,2801.707,7
1780820024,2801.783,3
1780820026,2801.796,6
1780820028,2801.960,0
1780820030,2801.988,8
1780820032,2801.887,7
1780820034,2801.926,6
1780820036,2802.113,3
1780820038,2802.320,0
1780820040,2802.247,7
1780820042,2802.211,1
1780820044,2801.785,5
1780820046,2801.824,4
1780820048,2802.238,8
1780820050,2801.915,5
1780820052,2801.999,9
1780820054,2802.231,1
1780820056,2802.301,1
1780820058,2802.401,1
1780820060,2802.368,8
1780820062,2802.272,2
1780820064,2802.321,1
1780820066,2802.483,3
1780820068,2802.655,5
1780820070,2802.948,8
1780820072,2802.851,1
1780820074,2802.881,1
1780820076,2802.972,2
1780820078,2803.130,0
1780820080,2803.266,6
1780820082,2803.051,1
1780820084,2803.096,6
1780820086,2803.270,0
1780820088,2803.625,5
1780820090,2803.518,8
1780820092,2803.434,4
1780820094,2803.576,6
1780820096,2803.395,5
1780820098,2803.497,7
1780820100,2803.466,6
1780820102,2803.655,5
1780820104,2803.839,9
1780820106,2803.681,1
1780820108,2803.805,5
1780820110,2803.560,0
1780820112,2803.623,3
1780820114,2803.763,3
1780820116,2803.586,6
1780820118,2804.046,6
1780820120,2804.036,6
1780820122,2803.716,6
1780820124,2803.844,4
1780820126,2803.892,2
1780820128,2803.732,2
1780820130,2803.748,8
1780820132,2803.951,1
1780820134,2803.961,1
1780820136,2803.997,7
1780820138,2804.155,5
1780820140,2804.339,9
1780820142,2804.240,0
1780820144,2804.187,7
1780820146,2804.339,9
1780820148,2804.300,0
1780820150,2804.205,5
1780820152,2804.103,3
1780820154,2804.050,0
1780820156,2803.926,6
1780820158,2804.166,6
1780820160,2804.209,9
1780820162,2804.163,3
1780820164,2804.236,6
1780820166,2804.666,6
1780820168,2804.542,2
1780820170,2804.683,3
1780820172,2804.722,2
1780820174,2804.796,6
1780820176,2804.710,0
1780820178,2804.772,2
1780820180,2804.767,7
1780820182,2804.901,1
1780820184,2804.970,0
1780820186,2805.031,1
1780820188,2805.099,9
1780820190,2804.903,3
1780820192,2805.119,9
1780820194,2805.155,5
1780820196,2805.163,3
1780820198,2805.103,3
1780820200,2805.180,0
1780820202,2804.804,4
1780820204,2804.825,5
1780820206,2804.983,3
1780820208,2804.868,8
1780820210,2804.895,5
1780820212,2805.117,7
1780820214,2804.807,7
1780820216,2804.641,1
1780820218,2804.532,2
1780820220,2804.454,4
1780820222,2804.354,4
1780820224,2804.372,2
1780820226,2804.127,7
1780820228,2803.953,3
1780820230,2803.920,0
1780820232,2804.259,9
1780820234,2804.155,5
1780820236,2804.261,1
1780820238,2804.259,9
1780820240,2804.132,2
1780820242,2803.899,9
1780820244,2804.294,4
1780820246,2804.277,7
1780820248,2804.515,5
1780820250,2804.583,3
1780820252,2804.746,6
1780820254,2804.776,6
1780820256,2804.864,4
1780820258,2804.750,0
1780820260,2804.796,6
1780820262,2804.940,0
1780820264,2804.809,9
1780820266,2804.410,0
1780820268,2804.314,4
1780820270,2804.124,4
1780820272,2803.670,0
1780820274,2803.640,0
1780820276,2803.626,6
1780820278,2803.769,9
1780820280,2804.104,4
1780820282,2803.921,1
1780820284,2803.984,4
1780820286,2804.065,5
1780820288,2803.916,6
1780820290,2803.866,6
1780820292,2803.861,1
1780820294,2803.979,9
1780820296,2803.812,2
1780820298,2803.630,0
1780820300,2803.463,3
1780820302,2803.562,2
1780820304,2803.820,0
1780820306,2803.792,2
1780820308,2803.897,7
1780820310,2804.058,8
1780820312,2804.173,3
1780820314,2804.251,1
1780820316,2804.236,6
1780820318,2804.306,6
1780820320,2804.334,4
1780820322,2804.424,4
1780820324,2804.116,6
1780820326,2804.307,7
1780820328,2804.599,9
1780820330,2804.684,4
1780820332,2804.464,4
1780820334,2804.332,2
1780820336,2804.367,7
1780820338,2804.234,4
1780820340,2804.108,8
1780820342,2804.269,9
1780820344,2804.365,5
1780820346,2804.064,4
1780820348,2803.928,8
1780820350,2804.052,2
1780820352,2804.084,4
1780820354,2804.204,4
1780820356,2804.459,9
1780820358,2804.360,0
1780820360,2804.244,4
1780820362,2804.211,1
1780820364,2804.018,8
1780820366,2804.033,3
1780820368,2804.044,4
1780820370,2804.163,3
1780820372,2804.236,6
1780820374,2804.452,2
1780820376,2804.349,9
1780820378,2804.572,2
1780820380,2804.415,5
1780820382,2804.548,8
1780820384,2804.519,9
1780820386,2804.622,2
1780820388,2804.366,6
1780820390,2804.341,1
1780820392,2804.336,6
1780820394,2804.536,6
1780820396,2804.382,2
1780820398,2804.567,7
1780820400,2804.632,2
1780820402,2804.540,0
1780820404,2804.456,6
1780820406,2804.655,5
1780820408,2804.589,9
1780820410,2804.583,3
1780820412,2804.909,9
1780820414,2804.919,9
1780820416,2805.081,1
1780820418,2805.035,5
1780820420,2805.151,1
1780820422,2804.984,4
1780820424,2805.129,9
1780820426,2804.801,1
1780820428,2804.766,6
1780820430,2804.885,5
1780820432,2804.797,7
1780820434,2804.420,0
1780820436,2804.439,9
1780820438,2804.391,1
1780820440,2804.676,6
1780820442,2804.810,0
1780820444,2804.867,7
1780820446,2804.944,4
1780820448,2804.674,4
1780820450,2804.626,6
1780820452,2804.622,2
1780820454,2804.692,2
1780820456,2804.752,2
1780820458,2804.675,5
1780820460,2804.610,0
1780820462,2804.540,0
1780820464,2804.354,4
1780820466,2804.235,5
1780820468,2804.349,9
1780820470,2804.813,3
1780820472,2804.898,8
1780820474,2804.806,6
1780820476,2804.684,4
1780820478,2804.655,5
1780820480,2804.594,4
1780820482,2804.392,2
1780820484,2804.344,4
1780820486,2804.261,1
1780820488,2804.513,3
1780820490,2804.329,9
1780820492,2804.333,3
1780820494,2804.341,1
1780820496,2804.410,0
1780820498,2804.416,6
1780820500,2804.328,8
1780820502,2804.438,8
1780820504,2804.319,9
1780820506,2804.168,8
1780820508,2804.015,5
1780820510,2804.178,8
1780820512,2804.086,6
1780820514,2804.265,5
1780820516,2804.266,6
1780820518,2804.330,0
1780820520,2804.435,5
1780820522,2804.203,3
1780820524,2804.266,6
1780820526,2804.161,1
1780820528,2804.180,0
1780820530,2804.341,1
1780820532,2804.070,0
1780820534,2804.089,9
1780820536,2804.029,9
1780820538,2803.937,7
1780820540,2804.506,6
1780820542,2804.348,8
1780820544,2804.358,8
1780820546,2804.154,4
1780820548,2804.023,3
1780820550,2803.912,2
1780820552,2803.990,0
1780820554,2803.751,1
1780820556,2803.999,9
1780820558,2804.015,5
1780820560,2804.073,3
1780820562,2803.962,2
1780820564,2803.705,5
1780820566,2803.288,8
1780820568,2803.393,3
1780820570,2803.160,0
1780820572,2803.239,9
1780820574,2803.298,8
1780820576,2803.456,6
1780820578,2803.426,6
1780820580,2803.317,7
1780820582,2803.411,1
1780820584,2803.530,0
1780820586,2803.523,3
1780820588,2803.850,0
1780820590,2803.899,9
1780820592,2803.883,3
1780820594,2803.714,4
1780820596,2803.555,5
1780820598,2803.686,6
1780820600,2803.807,7
1780820602,2803.755,5
1780820604,2803.849,9
1780820606,2803.862,2
1780820608,2803.916,6
1780820610,2803.850,0
1780820612,2804.030,0
1780820614,2804.087,7
1780820616,2804.297,7
1780820618,2803.957,7
1780820620,2804.094,4
1780820622,2803.714,4
1780820624,2803.504,4
1780820626,2803.464,4
1780820628,2803.317,7
1780820630,2803.224,4
1780820632,2803.211,1
1780820634,2803.215,5
1780820636,2803.025,5
1780820638,2802.937,7
1780820640,2802.829,9
1780820642,2802.944,4
1780820644,2802.784,4
1780820646,2802.751,1
1780820648,2802.526,6
1780820650,2802.596,6
1780820652,2802.796,6
1780820654,2802.767,7
1780820656,2802.838,8
1780820658,2802.733,3
1780820660,2802.592,2
1780820662,2802.683,3
1780820664,2802.952,2
1780820666,2803.086,6
1780820668,2803.072,2
1780820670,2803.275,5
1780820672,2803.173,3
1780820674,2802.953,3
1780820676,2803.349,9
1780820678,2803.268,8
1780820680,2803.185,5
1780820682,2803.025,5
1780820684,2803.089,9
1780820686,2803.025,5
1780820688,2803.018,8
1780820690,2802.874,4
1780820692,2803.299,9
1780820694,2802.858,8
1780820696,2802.767,7
1780820698,2802.745,5
1780820700,2802.719,9
1780820702,2802.752,2
1780820704,2803.038,8
1780820706,2803.066,6
1780820708,2803.356,6
1780820710,2803.607,7
1780820712,2803.625,5
1780820714,2803.446,6
1780820716,2803.372,2
1780820718,2803.691,1
1780820720,2803.651,1
1780820722,2803.628,8
1780820724,2803.512,2
1780820726,2803.702,2
1780820728,2803.590,0
1780820730,2803.723,3
1780820732,2803.814,4
1780820734,2803.772,2
1780820736,2803.607,7
1780820738,2803.367,7
1780820740,2803.183,3
1780820742,2803.093,3
1780820744,2803.211,1
1780820746,2803.155,5
1780820748,2803.114,4
1780820750,2803.158,8
1780820752,2803.124,4
1780820754,2803.295,5
1780820756,2803.394,4
1780820758,2803.507,7
1780820760,2803.294,4
1780820762,2803.213,3
1780820764,2803.301,1
1780820766,2803.095,5
1780820768,2803.365,5
1780820770,2803.518,8
1780820772,2803.647,7
1780820774,2803.492,2
1780820776,2803.473,3
1780820778,2803.413,3
1780820780,2803.333,3
1780820782,2803.068,8
1780820784,2803.128,8
1780820786,2803.194,4
1780820788,2803.305,5
1780820790,2803.306,6
1780820792,2802.991,1
1780820794,2803.227,7
1780820796,2803.528,8
1780820798,2803.791,1
1780820800,2803.896,6
1780820802,2803.942,2
1780820804,2803.820,0
1780820806,2803.854,4
1780820808,2803.760,0
1780820810,2803.984,4
1780820812,2803.907,7
1780820814,2803.407,7
1780820816,2803.687,7
1780820818,2803.755,5
1780820820,2803.721,1
1780820822,2804.021,1
1780820824,2803.779,9
1780820826,2803.672,2
1780820828,2803.943,3
1780820830,2804.115,5
1780820832,2804.178,8
1780820834,2804.288,8
1780820836,2804.565,5
1780820838,2804.663,3
1780820840,2804.753,3
1780820842,2804.723,3
1780820844,2805.020,0
1780820846,2804.896,6
1780820848,2804.893,3
1780820850,2804.830,0
1780820852,2804.588,8
1780820854,2804.562,2
1780820856,2804.493,3
1780820858,2804.286,6
1780820860,2804.467,7
1780820862,2804.320,0
1780820864,2804.322,2
1780820866,2804.234,4
1780820868,2804.288,8
1780820870,2804.475,5
1780820872,2804.628,8
1780820874,2804.505,5
1780820876,2804.579,9
1780820878,2804.671,1
1780820880,2804.662,2
1780820882,2804.675,5
1780820884,2804.708,8
1780820886,2804.895,5
1780820888,2804.903,3
1780820890,2805.013,3
1780820892,2805.017,7
1780820894,2805.079,9
1780820896,2805.094,4
1780820898,2805.196,6
1780820900,2805.503,3
1780820902,2805.538,8
1780820904,2805.507,7
1780820906,2805.734,4
1780820908,2805.577,7
1780820910,2805.479,9
1780820912,2805.507,7
1780820914,2805.419,9
1780820916,2805.233,3
1780820918,2805.423,3
1780820920,2805.131,1
1780820922,2805.202,2
1780820924,2805.283,3
1780820926,2805.291,1
1780820928,2805.294,4
1780820930,2805.593,3
1780820932,2805.464,4
