epoch,price,last_digit
1780815939,722.97,7
1780815940,723.17,7
1780815941,723.13,3
1780815942,723.22,2
1780815943,723.26,6
1780815944,723.18,8
1780815945,723.16,6
1780815946,723.21,1
1780815947,723.26,6
1780815948,723.29,9
1780815949,723.27,7
1780815950,723.29,9
1780815951,723.45,5
1780815952,723.41,1
1780815953,723.42,2
1780815954,723.46,6
1780815955,723.55,5
1780815956,723.59,9
1780815957,723.16,6
1780815958,722.99,9
1780815959,722.94,4
1780815960,722.90,0
1780815961,723.00,0
1780815962,723.32,2
1780815963,723.27,7
1780815964,723.40,0
1780815965,723.55,5
1780815966,723.46,6
1780815967,723.53,3
1780815968,723.45,5
1780815969,723.37,7
1780815970,723.44,4
1780815971,723.52,2
1780815972,723.43,3
1780815973,723.31,1
1780815974,723.30,0
1780815975,723.27,7
1780815976,723.34,4
1780815977,723.34,4
1780815978,723.54,4
1780815979,723.27,7
1780815980,723.36,6
1780815981,723.48,8
1780815982,723.54,4
1780815983,723.66,6
1780815984,723.74,4
1780815985,723.55,5
1780815986,723.57,7
1780815987,723.43,3
1780815988,723.36,6
1780815989,723.36,6
1780815990,723.07,7
1780815991,723.14,4
1780815992,723.18,8
1780815993,723.13,3
1780815994,723.31,1
1780815995,723.43,3
1780815996,723.41,1
1780815997,723.35,5
1780815998,723.25,5
1780815999,723.22,2
1780816000,723.22,2
1780816001,723.12,2
1780816002,723.36,6
1780816003,723.63,3
1780816004,723.58,8
1780816005,723.57,7
1780816006,723.57,7
1780816007,723.49,9
1780816008,723.56,6
1780816009,723.38,8
1780816010,723.21,1
1780816011,723.07,7
1780816012,722.89,9
1780816013,722.96,6
1780816014,722.91,1
1780816015,722.86,6
1780816016,722.82,2
1780816017,722.95,5
1780816018,722.90,0
1780816019,722.84,4
1780816020,722.86,6
1780816021,722.94,4
1780816022,722.70,0
1780816023,722.52,2
1780816024,722.48,8
1780816025,722.40,0
1780816026,722.40,0
1780816027,722.67,7
1780816028,722.82,2
1780816029,722.81,1
1780816030,722.83,3
1780816031,722.82,2
1780816032,722.71,1
1780816033,722.75,5
1780816034,722.89,9
1780816035,722.71,1
1780816036,722.59,9
1780816037,722.44,4
1780816038,722.54,4
1780816039,722.34,4
1780816040,722.52,2
1780816041,722.65,5
1780816042,722.62,2
1780816043,722.82,2
1780816044,722.78,8
1780816045,722.89,9
1780816046,722.98,8
1780816047,722.81,1
1780816048,722.64,4
1780816049,722.60,0
1780816050,722.56,6
1780816051,722.46,6
1780816052,722.66,6
1780816053,722.61,1
1780816054,722.66,6
1780816055,722.63,3
1780816056,722.63,3
1780816057,722.67,7
1780816058,722.54,4
1780816059,722.46,6
1780816060,722.58,8
1780816061,722.56,6
1780816062,722.38,8
1780816063,722.63,3
1780816064,722.69,9
1780816065,722.49,9
1780816066,722.51,1
1780816067,722.41,1
1780816068,722.40,0
1780816069,722.38,8
1780816070,722.26,6
1780816071,722.23,3
1780816072,722.45,5
1780816073,722.48,8
1780816074,722.69,9
1780816075,722.73,3
1780816076,722.78,8
1780816077,722.99,9
1780816078,723.00,0
1780816079,722.96,6
1780816080,722.97,7
1780816081,722.88,8
1780816082,722.99,9
1780816083,722.90,0
1780816084,722.92,2
1780816085,723.04,4
1780816086,722.97,7
1780816087,723.01,1
1780816088,723.03,3
1780816089,723.05,5
1780816090,722.73,3
1780816091,722.77,7
1780816092,722.83,3
1780816093,723.00,0
1780816094,722.84,4
1780816095,722.94,4
1780816096,722.76,6
1780816097,722.57,7
1780816098,722.33,3
1780816099,722.33,3
1780816100,722.33,3
1780816101,722.59,9
1780816102,722.54,4
1780816103,722.59,9
1780816104,722.53,3
1780816105,722.52,2
1780816106,722.58,8
1780816107,722.58,8
1780816108,722.55,5
1780816109,722.62,2
1780816110,722.43,3
1780816111,722.22,2
1780816112,722.21,1
1780816113,722.25,5
1780816114,722.34,4
1780816115,722.15,5
1780816116,722.08,8
1780816117,722.04,4
1780816118,721.90,0
1780816119,721.72,2
1780816120,721.57,7
1780816121,721.35,5
1780816122,721.37,7
1780816123,721.14,4
1780816124,721.25,5
1780816125,721.22,2
1780816126,720.99,9
1780816127,720.84,4
1780816128,721.07,7
1780816129,721.25,5
1780816130,721.33,3
1780816131,721.35,5
1780816132,721.41,1
1780816133,721.36,6
1780816134,721.32,2
1780816135,721.46,6
1780816136,721.39,9
1780816137,721.51,1
1780816138,721.68,8
1780816139,721.76,6
1780816140,721.93,3
1780816141,721.96,6
1780816142,722.06,6
1780816143,721.87,7
1780816144,721.87,7
1780816145,721.73,3
1780816146,721.69,9
1780816147,721.82,2
1780816148,721.95,5
1780816149,722.01,1
1780816150,722.17,7
1780816151,722.19,9
1780816152,721.92,2
1780816153,721.98,8
1780816154,721.84,4
1780816155,721.86,6
1780816156,721.99,9
1780816157,721.79,9
1780816158,721.97,7
1780816159,721.90,0
1780816160,721.93,3
1780816161,722.04,4
1780816162,722.01,1
1780816163,722.06,6
1780816164,721.95,5
1780816165,721.85,5
1780816166,721.86,6
1780816167,721.93,3
1780816168,721.82,2
1780816169,721.84,4
1780816170,721.78,8
1780816171,721.73,3
1780816172,721.80,0
1780816173,722.02,2
1780816174,722.23,3
1780816175,722.13,3
1780816176,722.17,7
1780816177,722.06,6
1780816178,722.12,2
1780816179,721.81,1
1780816180,722.03,3
1780816181,722.23,3
1780816182,722.31,1
1780816183,722.19,9
1780816184,722.40,0
1780816185,722.19,9
1780816186,721.98,8
1780816187,721.97,7
1780816188,721.99,9
1780816189,721.95,5
1780816190,722.01,1
1780816191,722.00,0
1780816192,721.86,6
1780816193,721.95,5
1780816194,722.11,1
1780816195,722.27,7
1780816196,722.26,6
1780816197,722.33,3
1780816198,722.16,6
1780816199,722.14,4
1780816200,722.08,8
1780816201,722.01,1
1780816202,721.91,1
1780816203,721.98,8
1780816204,721.99,9
1780816205,722.15,5
1780816206,722.05,5
1780816207,721.90,0
1780816208,721.83,3
1780816209,721.62,2
1780816210,721.38,8
1780816211,721.43,3
1780816212,721.69,9
1780816213,721.92,2
1780816214,721.99,9
1780816215,722.15,5
1780816216,721.88,8
1780816217,721.80,0
1780816218,721.57,7
1780816219,721.56,6
1780816220,721.85,5
1780816221,721.93,3
1780816222,721.93,3
1780816223,722.12,2
1780816224,722.00,0
1780816225,722.15,5
1780816226,722.00,0
1780816227,721.76,6
1780816228,721.75,5
1780816229,721.80,0
1780816230,721.73,3
1780816231,721.84,4
1780816232,721.85,5
1780816233,721.78,8
1780816234,721.88,8
1780816235,721.79,9
1780816236,721.78,8
1780816237,721.95,5
1780816238,721.84,4
1780816239,721.82,2
1780816240,721.69,9
1780816241,721.83,3
1780816242,721.73,3
1780816243,721.65,5
1780816244,721.62,2
1780816245,721.85,5
1780816246,721.84,4
1780816247,721.71,1
1780816248,721.98,8
1780816249,721.88,8
1780816250,721.87,7
1780816251,721.87,7
1780816252,721.90,0
1780816253,721.90,0
1780816254,722.08,8
1780816255,722.04,4
1780816256,722.15,5
1780816257,722.09,9
1780816258,721.99,9
1780816259,721.82,2
1780816260,721.81,1
1780816261,721.71,1
1780816262,721.93,3
1780816263,721.83,3
1780816264,721.78,8
1780816265,721.82,2
1780816266,721.90,0
1780816267,721.68,8
1780816268,721.77,7
1780816269,721.72,2
1780816270,721.70,0
1780816271,721.62,2
1780816272,721.70,0
1780816273,721.40,0
1780816274,721.21,1
1780816275,721.36,6
1780816276,721.38,8
1780816277,721.07,7
1780816278,721.01,1
1780816279,720.97,7
1780816280,720.91,1
1780816281,720.80,0
1780816282,720.76,6
1780816283,720.80,0
1780816284,720.91,1
1780816285,720.62,2
1780816286,720.42,2
1780816287,720.24,4
1780816288,720.29,9
1780816289,720.18,8
1780816290,720.12,2
1780816291,720.15,5
1780816292,720.27,7
1780816293,720.41,1
1780816294,720.23,3
1780816295,720.30,0
1780816296,720.33,3
1780816297,720.33,3
1780816298,720.18,8
1780816299,720.46,6
1780816300,720.54,4
1780816301,720.44,4
1780816302,720.32,2
1780816303,720.08,8
1780816304,720.06,6
1780816305,720.19,9
1780816306,719.82,2
1780816307,719.92,2
1780816308,719.81,1
1780816309,719.58,8
1780816310,719.70,0
1780816311,719.67,7
1780816312,719.52,2
1780816313,719.46,6
1780816314,719.66,6
1780816315,719.45,5
1780816316,719.57,7
1780816317,719.32,2
1780816318,719.15,5
1780816319,719.22,2
1780816320,719.24,4
1780816321,719.17,7
1780816322,719.23,3
1780816323,719.30,0
1780816324,719.65,5
1780816325,719.78,8
1780816326,720.01,1
1780816327,720.04,4
1780816328,720.06,6
1780816329,720.00,0
1780816330,720.21,1
1780816331,720.33,3
1780816332,720.40,0
1780816333,720.36,6
1780816334,720.68,8
1780816335,720.47,7
1780816336,720.58,8
1780816337,720.57,7
1780816338,720.49,9
1780816339,720.61,1
1780816340,720.68,8
1780816341,720.73,3
1780816342,720.79,9
1780816343,720.92,2
1780816344,720.91,1
1780816345,720.81,1
1780816346,720.75,5
1780816347,720.95,5
1780816348,720.85,5
1780816349,720.96,6
1780816350,720.99,9
1780816351,721.01,1
1780816352,720.83,3
1780816353,720.79,9
1780816354,721.00,0
1780816355,720.86,6
1780816356,720.84,4
1780816357,720.96,6
1780816358,720.94,4
1780816359,720.82,2
1780816360,720.81,1
1780816361,720.72,2
1780816362,720.78,8
1780816363,720.75,5
1780816364,720.76,6
1780816365,720.80,0
1780816366,720.75,5
1780816367,720.63,3
1780816368,720.81,1
1780816369,720.95,5
1780816370,720.87,7
1780816371,720.73,3
1780816372,720.74,4
1780816373,720.96,6
1780816374,720.86,6
1780816375,720.81,1
1780816376,720.69,9
1780816377,720.73,3
1780816378,720.76,6
1780816379,720.90,0
1780816380,720.80,0
1780816381,720.96,6
1780816382,720.76,6
1780816383,720.83,3
1780816384,720.97,7
1780816385,721.06,6
1780816386,721.04,4
1780816387,721.03,3
1780816388,720.99,9
1780816389,720.89,9
1780816390,720.90,0
1780816391,720.95,5
1780816392,720.90,0
1780816393,720.90,0
1780816394,721.00,0
1780816395,721.34,4
1780816396,721.27,7
1780816397,721.34,4
1780816398,721.10,0
1780816399,721.19,9
1780816400,721.25,5
1780816401,721.29,9
1780816402,721.32,2
1780816403,721.42,2
1780816404,721.53,3
1780816405,721.69,9
1780816406,721.69,9
1780816407,721.75,5
1780816408,721.66,6
1780816409,721.33,3
1780816410,721.46,6
1780816411,721.53,3
1780816412,721.64,4
1780816413,721.87,7
1780816414,721.93,3
1780816415,722.04,4
1780816416,722.05,5
1780816417,722.04,4
1780816418,721.98,8
1780816419,721.84,4
1780816420,721.99,9
1780816421,721.99,9
1780816422,722.02,2
1780816423,721.97,7
1780816424,722.02,2
1780816425,722.16,6
1780816426,722.37,7
1780816427,722.08,8
1780816428,722.15,5
1780816429,722.14,4
1780816430,722.17,7
1780816431,722.25,5
1780816432,722.25,5
1780816433,722.16,6
1780816434,722.16,6
1780816435,722.29,9
1780816436,722.26,6
1780816437,722.22,2
1780816438,722.33,3
1780816439,722.25,5
1780816440,722.24,4
1780816441,722.26,6
1780816442,722.35,5
1780816443,722.48,8
1780816444,722.49,9
1780816445,722.36,6
1780816446,722.29,9
1780816447,722.19,9
1780816448,722.23,3
1780816449,722.41,1
1780816450,722.24,4
1780816451,722.24,4
1780816452,722.13,3
1780816453,722.00,0
1780816454,722.15,5
1780816455,721.99,9
1780816456,721.98,8
1780816457,722.10,0
1780816458,721.98,8
1780816459,721.85,5
1780816460,721.73,3
1780816461,721.89,9
1780816462,721.90,0
1780816463,721.74,4
1780816464,721.75,5
1780816465,721.76,6
1780816466,721.74,4
1780816467,721.88,8
1780816468,722.09,9
1780816469,722.16,6
1780816470,722.21,1
1780816471,722.32,2
1780816472,722.35,5
1780816473,722.25,5
1780816474,722.20,0
1780816475,722.43,3
1780816476,722.34,4
1780816477,722.37,7
1780816478,722.55,5
1780816479,722.40,0
1780816480,722.38,8
1780816481,722.54,4
1780816482,722.62,2
1780816483,722.50,0
1780816484,722.32,2
1780816485,722.57,7
1780816486,722.62,2
1780816487,722.59,9
1780816488,722.65,5
1780816489,722.71,1
1780816490,722.82,2
1780816491,723.00,0
1780816492,722.88,8
1780816493,722.96,6
1780816494,723.01,1
1780816495,723.35,5
1780816496,723.39,9
1780816497,723.50,0
1780816498,723.61,1
1780816499,723.71,1
1780816500,723.76,6
1780816501,723.78,8
1780816502,723.75,5
1780816503,723.70,0
1780816504,723.80,0
1780816505,723.89,9
1780816506,723.88,8
1780816507,723.78,8
1780816508,723.78,8
1780816509,724.00,0
1780816510,723.78,8
1780816511,723.73,3
1780816512,723.76,6
1780816513,724.02,2
1780816514,723.93,3
1780816515,723.80,0
1780816516,723.61,1
1780816517,723.63,3
1780816518,723.62,2
1780816519,723.74,4
1780816520,723.71,1
1780816521,723.70,0
1780816522,723.80,0
1780816523,723.77,7
1780816524,723.85,5
1780816525,723.43,3
1780816526,723.39,9
1780816527,723.37,7
1780816528,723.21,1
1780816529,723.21,1
1780816530,723.22,2
1780816531,723.22,2
1780816532,723.17,7
1780816533,723.04,4
1780816534,723.04,4
1780816535,722.88,8
1780816536,722.64,4
1780816537,722.63,3
1780816538,722.56,6
1780816539,722.59,9
1780816540,722.58,8
1780816541,722.59,9
1780816542,722.62,2
1780816543,722.95,5
1780816544,723.12,2
1780816545,722.88,8
1780816546,722.87,7
1780816547,722.90,0
1780816548,723.10,0
1780816549,723.22,2
1780816550,723.20,0
1780816551,723.09,9
1780816552,722.93,3
1780816553,722.65,5
1780816554,722.64,4
1780816555,722.69,9
1780816556,722.50,0
1780816557,722.55,5
1780816558,722.44,4
1780816559,722.44,4
1780816560,722.36,6
1780816561,722.26,6
1780816562,722.08,8
1780816563,722.10,0
1780816564,721.90,0
1780816565,721.82,2
1780816566,721.91,1
1780816567,721.83,3
1780816568,721.81,1
1780816569,721.67,7
1780816570,721.58,8
1780816571,721.48,8
1780816572,721.38,8
1780816573,721.36,6
1780816574,721.41,1
1780816575,721.38,8
1780816576,721.36,6
1780816577,721.41,1
1780816578,721.33,3
1780816579,721.37,7
1780816580,721.69,9
1780816581,721.76,6
1780816582,721.70,0
1780816583,721.71,1
1780816584,721.74,4
1780816585,721.85,5
1780816586,721.84,4
1780816587,721.89,9
1780816588,721.75,5
1780816589,721.59,9
1780816590,721.67,7
1780816591,721.64,4
1780816592,721.52,2
1780816593,721.56,6
1780816594,721.52,2
1780816595,721.35,5
1780816596,721.31,1
1780816597,721.17,7
1780816598,721.25,5
1780816599,721.22,2
1780816600,721.02,2
1780816601,720.90,0
1780816602,720.84,4
1780816603,721.01,1
1780816604,720.99,9
1780816605,720.86,6
1780816606,720.97,7
1780816607,720.94,4
1780816608,720.90,0
1780816609,721.14,4
1780816610,720.91,1
1780816611,720.88,8
1780816612,720.56,6
1780816613,720.53,3
1780816614,720.38,8
1780816615,720.50,0
1780816616,720.29,9
1780816617,719.91,1
1780816618,719.78,8
1780816619,719.80,0
1780816620,719.66,6
1780816621,719.76,6
1780816622,719.90,0
1780816623,719.83,3
1780816624,719.69,9
1780816625,719.44,4
1780816626,719.18,8
1780816627,719.17,7
1780816628,719.13,3
1780816629,719.23,3
1780816630,719.26,6
1780816631,719.43,3
1780816632,719.42,2
1780816633,719.29,9
1780816634,719.34,4
1780816635,719.04,4
1780816636,719.29,9
1780816637,719.40,0
1780816638,719.42,2
1780816639,719.46,6
1780816640,719.23,3
1780816641,719.16,6
1780816642,719.29,9
1780816643,719.31,1
1780816644,719.28,8
1780816645,719.33,3
1780816646,719.22,2
1780816647,719.33,3
1780816648,719.37,7
1780816649,719.33,3
1780816650,719.37,7
1780816651,719.31,1
1780816652,719.30,0
1780816653,719.56,6
1780816654,719.74,4
1780816655,719.96,6
1780816656,719.92,2
1780816657,719.71,1
1780816658,719.59,9
1780816659,719.49,9
1780816660,719.56,6
1780816661,719.42,2
1780816662,719.47,7
1780816663,719.51,1
1780816664,719.41,1
1780816665,719.35,5
1780816666,719.20,0
1780816667,719.24,4
1780816668,719.15,5
1780816669,719.16,6
1780816670,719.12,2
1780816671,719.15,5
1780816672,719.16,6
1780816673,719.08,8
1780816674,719.11,1
1780816675,718.95,5
1780816676,719.10,0
1780816677,719.00,0
1780816678,719.04,4
1780816679,718.86,6
1780816680,718.73,3
1780816681,718.76,6
1780816682,718.86,6
1780816683,719.12,2
1780816684,719.19,9
1780816685,719.03,3
1780816686,718.99,9
1780816687,718.96,6
1780816688,719.03,3
1780816689,719.04,4
1780816690,718.95,5
1780816691,719.17,7
1780816692,719.14,4
1780816693,719.07,7
1780816694,719.01,1
1780816695,718.69,9
1780816696,718.75,5
1780816697,718.93,3
1780816698,719.01,1
1780816699,719.01,1
1780816700,718.77,7
1780816701,718.68,8
1780816702,718.81,1
1780816703,718.88,8
1780816704,718.90,0
1780816705,718.83,3
1780816706,718.89,9
1780816707,719.00,0
1780816708,718.94,4
1780816709,718.88,8
1780816710,718.97,7
1780816711,718.91,1
1780816712,719.06,6
1780816713,719.07,7
1780816714,719.41,1
1780816715,719.21,1
1780816716,719.20,0
1780816717,718.95,5
1780816718,718.81,1
1780816719,718.75,5
1780816720,718.66,6
1780816721,718.73,3
1780816722,718.78,8
1780816723,718.82,2
1780816724,718.67,7
1780816725,718.67,7
1780816726,718.71,1
1780816727,718.57,7
1780816728,718.33,3
1780816729,718.08,8
1780816730,717.89,9
1780816731,717.64,4
1780816732,717.47,7
1780816733,717.59,9
1780816734,717.86,6
1780816735,717.64,4
1780816736,717.61,1
1780816737,717.23,3
1780816738,717.48,8
1780816739,717.45,5
1780816740,717.46,6
1780816741,717.48,8
1780816742,717.52,2
1780816743,717.56,6
1780816744,717.34,4
1780816745,717.18,8
1780816746,717.04,4
1780816747,717.03,3
1780816748,716.94,4
1780816749,716.78,8
1780816750,716.91,1
1780816751,717.04,4
1780816752,716.90,0
1780816753,717.01,1
1780816754,717.05,5
1780816755,717.09,9
1780816756,717.00,0
1780816757,716.97,7
1780816758,716.93,3
1780816759,716.86,6
1780816760,716.81,1
1780816761,717.09,9
1780816762,717.20,0
1780816763,717.16,6
1780816764,717.20,0
1780816765,717.04,4
1780816766,717.14,4
1780816767,717.19,9
1780816768,717.03,3
1780816769,716.94,4
1780816770,717.00,0
1780816771,716.91,1
1780816772,716.86,6
1780816773,716.93,3
1780816774,716.84,4
1780816775,716.65,5
1780816776,716.62,2
1780816777,716.36,6
1780816778,716.42,2
1780816779,716.26,6
1780816780,716.26,6
1780816781,716.19,9
1780816782,716.30,0
1780816783,716.35,5
1780816784,716.48,8
1780816785,716.63,3
1780816786,716.82,2
1780816787,716.76,6
1780816788,716.86,6
1780816789,716.65,5
1780816790,716.54,4
1780816791,716.69,9
1780816792,716.59,9
1780816793,716.67,7
1780816794,717.01,1
1780816795,717.16,6
1780816796,717.10,0
1780816797,717.06,6
1780816798,716.94,4
1780816799,716.85,5
1780816800,717.07,7
1780816801,717.17,7
1780816802,717.21,1
1780816803,717.03,3
1780816804,717.23,3
1780816805,717.15,5
1780816806,717.12,2
1780816807,717.13,3
1780816808,717.20,0
1780816809,717.10,0
1780816810,717.24,4
1780816811,717.33,3
1780816812,717.27,7
1780816813,717.23,3
1780816814,716.96,6
1780816815,716.76,6
1780816816,716.74,4
1780816817,716.86,6
1780816818,716.84,4
1780816819,716.71,1
1780816820,716.47,7
1780816821,716.35,5
1780816822,716.25,5
1780816823,716.32,2
1780816824,716.36,6
1780816825,716.22,2
1780816826,716.00,0
1780816827,716.06,6
1780816828,716.07,7
1780816829,716.16,6
1780816830,716.06,6
1780816831,716.12,2
1780816832,716.14,4
1780816833,715.87,7
1780816834,715.91,1
1780816835,715.82,2
1780816836,715.96,6
1780816837,716.12,2
1780816838,716.33,3
1780816839,716.34,4
1780816840,716.48,8
1780816841,716.44,4
1780816842,716.37,7
1780816843,716.42,2
1780816844,716.33,3
1780816845,716.31,1
1780816846,716.38,8
1780816847,716.41,1
1780816848,716.47,7
1780816849,716.32,2
1780816850,716.56,6
1780816851,716.50,0
1780816852,716.35,5
1780816853,716.26,6
1780816854,716.22,2
1780816855,716.14,4
1780816856,715.93,3
1780816857,715.64,4
1780816858,715.65,5
1780816859,715.56,6
1780816860,715.49,9
1780816861,715.51,1
1780816862,715.49,9
1780816863,715.46,6
1780816864,715.54,4
1780816865,715.53,3
1780816866,715.43,3
1780816867,715.48,8
1780816868,715.48,8
1780816869,715.75,5
1780816870,715.77,7
1780816871,715.94,4
1780816872,715.96,6
1780816873,716.07,7
1780816874,716.16,6
1780816875,716.19,9
1780816876,716.15,5
1780816877,716.28,8
1780816878,716.25,5
1780816879,716.44,4
1780816880,716.45,5
1780816881,716.50,0
1780816882,716.55,5
1780816883,716.60,0
1780816884,716.49,9
1780816885,716.50,0
1780816886,716.45,5
1780816887,716.24,4
1780816888,716.08,8
1780816889,716.09,9
1780816890,716.15,5
1780816891,715.95,5
1780816892,715.97,7
1780816893,716.06,6
1780816894,716.06,6
1780816895,716.41,1
1780816896,716.26,6
1780816897,716.20,0
1780816898,716.13,3
1780816899,715.95,5
1780816900,715.96,6
1780816901,716.00,0
1780816902,716.06,6
1780816903,716.11,1
1780816904,716.06,6
1780816905,716.05,5
1780816906,716.00,0
1780816907,715.82,2
1780816908,715.85,5
1780816909,715.84,4
1780816910,715.89,9
1780816911,716.01,1
1780816912,715.87,7
1780816913,715.89,9
1780816914,716.00,0
1780816915,715.67,7
1780816916,715.53,3
1780816917,715.36,6
1780816918,715.31,1
1780816919,715.10,0
1780816920,715.06,6
1780816921,715.08,8
1780816922,714.95,5
1780816923,714.94,4
1780816924,715.00,0
1780816925,715.07,7
1780816926,715.10,0
1780816927,714.98,8
1780816928,715.02,2
1780816929,715.19,9
1780816930,715.17,7
1780816931,715.19,9
1780816932,715.13,3
1780816933,715.18,8
1780816934,715.20,0
1780816935,715.23,3
1780816936,715.38,8
1780816937,715.50,0
1780816938,715.36,6
1780816939,715.42,2
1780816940,715.26,6
1780816941,715.18,8
1780816942,715.15,5
1780816943,715.08,8
1780816944,715.15,5
1780816945,715.01,1
1780816946,715.02,2
1780816947,714.86,6
1780816948,714.69,9
1780816949,714.64,4
1780816950,714.59,9
1780816951,714.51,1
1780816952,714.42,2
1780816953,714.34,4
1780816954,714.43,3
1780816955,714.54,4
1780816956,714.56,6
1780816957,714.56,6
1780816958,714.48,8
1780816959,714.47,7
1780816960,714.53,3
1780816961,714.55,5
1780816962,714.42,2
1780816963,714.36,6
1780816964,714.36,6
1780816965,714.30,0
1780816966,714.27,7
1780816967,714.20,0
1780816968,714.02,2
1780816969,713.93,3
1780816970,713.72,2
1780816971,713.74,4
1780816972,713.52,2
1780816973,713.50,0
1780816974,713.68,8
1780816975,713.49,9
1780816976,713.39,9
1780816977,713.58,8
1780816978,713.57,7
1780816979,713.38,8
1780816980,713.67,7
1780816981,713.62,2
1780816982,713.75,5
1780816983,713.83,3
1780816984,713.78,8
1780816985,713.76,6
1780816986,713.66,6
1780816987,713.71,1
1780816988,713.68,8
1780816989,713.89,9
1780816990,713.97,7
1780816991,714.01,1
1780816992,714.12,2
1780816993,714.04,4
1780816994,713.95,5
1780816995,713.85,5
1780816996,713.70,0
1780816997,713.82,2
1780816998,713.84,4
1780816999,713.88,8
1780817000,714.02,2
1780817001,714.03,3
1780817002,714.01,1
1780817003,713.93,3
1780817004,713.88,8
1780817005,713.75,5
1780817006,713.82,2
1780817007,713.86,6
1780817008,713.65,5
1780817009,713.63,3
1780817010,713.60,0
1780817011,713.72,2
1780817012,713.72,2
1780817013,713.80,0
1780817014,713.78,8
1780817015,713.86,6
1780817016,713.82,2
1780817017,713.72,2
1780817018,713.86,6
1780817019,713.93,3
1780817020,714.01,1
1780817021,713.86,6
1780817022,713.85,5
1780817023,713.87,7
1780817024,714.07,7
1780817025,714.45,5
1780817026,714.44,4
1780817027,714.37,7
1780817028,714.45,5
1780817029,714.36,6
1780817030,714.50,0
1780817031,714.55,5
1780817032,714.54,4
1780817033,714.50,0
1780817034,714.25,5
1780817035,714.18,8
1780817036,714.40,0
1780817037,714.20,0
1780817038,714.30,0
1780817039,714.22,2
1780817040,714.18,8
1780817041,714.11,1
1780817042,714.02,2
1780817043,713.94,4
1780817044,713.68,8
1780817045,713.82,2
1780817046,713.95,5
1780817047,713.96,6
1780817048,713.96,6
1780817049,714.09,9
1780817050,714.23,3
1780817051,714.20,0
1780817052,714.40,0
1780817053,714.15,5
1780817054,714.00,0
1780817055,713.89,9
1780817056,713.89,9
1780817057,713.77,7
1780817058,713.98,8
1780817059,713.90,0
1780817060,713.95,5
1780817061,714.07,7
1780817062,714.08,8
1780817063,714.11,1
1780817064,714.09,9
1780817065,714.07,7
1780817066,713.96,6
1780817067,713.88,8
1780817068,713.92,2
1780817069,713.91,1
1780817070,713.99,9
1780817071,714.02,2
1780817072,713.83,3
1780817073,713.76,6
1780817074,713.86,6
1780817075,713.75,5
1780817076,713.75,5
1780817077,713.70,0
1780817078,713.73,3
1780817079,713.66,6
1780817080,713.79,9
1780817081,713.52,2
1780817082,713.49,9
1780817083,713.47,7
1780817084,713.44,4
1780817085,713.45,5
1780817086,713.22,2
1780817087,713.42,2
1780817088,713.35,5
1780817089,713.33,3
1780817090,713.25,5
1780817091,713.30,0
1780817092,713.01,1
1780817093,712.79,9
1780817094,713.02,2
1780817095,713.22,2
1780817096,713.02,2
1780817097,712.99,9
1780817098,713.15,5
1780817099,713.23,3
1780817100,713.13,3
1780817101,713.49,9
1780817102,713.44,4
1780817103,713.59,9
1780817104,713.61,1
1780817105,713.51,1
1780817106,713.44,4
1780817107,713.37,7
1780817108,713.50,0
1780817109,713.53,3
1780817110,713.40,0
1780817111,713.35,5
1780817112,713.45,5
1780817113,713.40,0
1780817114,713.43,3
1780817115,713.44,4
1780817116,713.49,9
1780817117,713.33,3
1780817118,713.38,8
1780817119,713.39,9
1780817120,713.49,9
1780817121,713.45,5
1780817122,713.46,6
1780817123,713.67,7
1780817124,713.51,1
1780817125,713.64,4
1780817126,713.48,8
1780817127,713.43,3
1780817128,713.41,1
1780817129,713.31,1
1780817130,713.62,2
1780817131,713.57,7
1780817132,713.54,4
1780817133,713.61,1
1780817134,713.82,2
1780817135,713.90,0
1780817136,713.89,9
1780817137,713.73,3
1780817138,713.88,8
1780817139,713.89,9
1780817140,714.00,0
1780817141,714.25,5
1780817142,714.49,9
1780817143,714.35,5
1780817144,714.49,9
1780817145,714.66,6
1780817146,714.53,3
1780817147,714.58,8
1780817148,714.57,7
1780817149,714.60,0
1780817150,714.71,1
1780817151,714.76,6
1780817152,715.00,0
1780817153,714.96,6
1780817154,714.80,0
1780817155,714.77,7
1780817156,714.71,1
1780817157,714.77,7
1780817158,714.69,9
1780817159,714.73,3
1780817160,714.87,7
1780817161,715.06,6
1780817162,715.06,6
1780817163,715.14,4
1780817164,714.96,6
1780817165,714.90,0
1780817166,714.98,8
1780817167,715.10,0
1780817168,715.14,4
1780817169,715.23,3
1780817170,715.09,9
1780817171,714.88,8
1780817172,715.16,6
1780817173,715.07,7
1780817174,714.99,9
1780817175,714.85,5
1780817176,714.86,6
1780817177,714.90,0
1780817178,715.00,0
1780817179,715.28,8
1780817180,715.25,5
1780817181,715.05,5
1780817182,715.09,9
1780817183,715.10,0
1780817184,715.04,4
1780817185,714.77,7
1780817186,714.81,1
1780817187,714.68,8
1780817188,714.71,1
1780817189,714.89,9
1780817190,714.62,2
1780817191,714.69,9
1780817192,714.80,0
1780817193,714.41,1
1780817194,714.53,3
1780817195,714.61,1
1780817196,714.51,1
1780817197,714.44,4
1780817198,714.43,3
1780817199,714.60,0
1780817200,714.59,9
1780817201,714.61,1
1780817202,714.70,0
1780817203,714.78,8
1780817204,714.80,0
1780817205,714.61,1
1780817206,714.70,0
1780817207,714.72,2
1780817208,714.83,3
1780817209,714.89,9
1780817210,714.90,0
1780817211,715.08,8
1780817212,714.85,5
1780817213,714.80,0
1780817214,714.58,8
1780817215,714.53,3
1780817216,714.59,9
1780817217,714.54,4
1780817218,714.45,5
1780817219,714.46,6
1780817220,714.64,4
1780817221,714.59,9
1780817222,714.37,7
1780817223,714.31,1
1780817224,714.40,0
1780817225,714.23,3
1780817226,714.24,4
1780817227,714.29,9
1780817228,714.15,5
1780817229,714.17,7
1780817230,714.15,5
1780817231,714.38,8
1780817232,714.40,0
1780817233,714.31,1
1780817234,714.17,7
1780817235,714.05,5
1780817236,714.12,2
1780817237,713.98,8
1780817238,713.96,6
1780817239,714.15,5
1780817240,714.09,9
1780817241,714.21,1
1780817242,714.18,8
1780817243,714.28,8
1780817244,714.57,7
1780817245,714.65,5
1780817246,714.70,0
1780817247,714.97,7
1780817248,715.13,3
1780817249,714.91,1
1780817250,715.02,2
1780817251,715.32,2
1780817252,715.18,8
1780817253,715.00,0
1780817254,715.04,4
1780817255,715.01,1
1780817256,714.98,8
1780817257,715.25,5
1780817258,715.30,0
1780817259,715.37,7
1780817260,715.23,3
1780817261,715.18,8
1780817262,715.16,6
1780817263,715.14,4
1780817264,715.13,3
1780817265,715.12,2
1780817266,715.24,4
1780817267,715.21,1
1780817268,715.08,8
1780817269,714.84,4
1780817270,714.70,0
1780817271,714.57,7
1780817272,714.52,2
1780817273,714.57,7
1780817274,714.67,7
1780817275,714.64,4
1780817276,714.46,6
1780817277,714.52,2
1780817278,714.38,8
1780817279,714.40,0
1780817280,714.39,9
1780817281,714.39,9
1780817282,714.53,3
1780817283,714.65,5
1780817284,714.61,1
1780817285,714.74,4
1780817286,714.77,7
1780817287,714.59,9
1780817288,714.53,3
1780817289,714.19,9
1780817290,714.30,0
1780817291,714.32,2
1780817292,714.47,7
1780817293,714.31,1
1780817294,714.28,8
1780817295,714.19,9
1780817296,714.28,8
1780817297,714.22,2
1780817298,714.06,6
1780817299,713.99,9
1780817300,713.95,5
1780817301,714.08,8
1780817302,713.97,7
1780817303,714.08,8
1780817304,714.15,5
1780817305,714.11,1
1780817306,714.13,3
1780817307,714.01,1
1780817308,713.92,2
1780817309,714.12,2
1780817310,714.12,2
1780817311,714.07,7
1780817312,714.17,7
1780817313,714.14,4
1780817314,714.14,4
1780817315,714.30,0
1780817316,714.27,7
1780817317,714.27,7
1780817318,714.35,5
1780817319,714.21,1
1780817320,714.17,7
1780817321,714.24,4
1780817322,714.08,8
1780817323,714.10,0
1780817324,714.10,0
1780817325,714.04,4
1780817326,714.17,7
1780817327,714.28,8
1780817328,714.14,4
1780817329,714.10,0
1780817330,713.96,6
1780817331,714.19,9
1780817332,714.42,2
1780817333,714.31,1
1780817334,714.15,5
1780817335,714.11,1
1780817336,714.23,3
1780817337,714.06,6
1780817338,713.94,4
1780817339,714.07,7
1780817340,714.14,4
1780817341,714.09,9
1780817342,714.18,8
1780817343,714.11,1
1780817344,714.14,4
1780817345,714.00,0
1780817346,714.02,2
1780817347,714.02,2
1780817348,714.13,3
1780817349,714.21,1
1780817350,714.28,8
1780817351,714.36,6
1780817352,714.21,1
1780817353,714.25,5
1780817354,714.04,4
1780817355,713.98,8
1780817356,714.09,9
1780817357,714.08,8
1780817358,714.03,3
1780817359,714.02,2
1780817360,714.04,4
1780817361,713.91,1
1780817362,713.92,2
1780817363,713.96,6
1780817364,713.97,7
1780817365,713.91,1
1780817366,714.10,0
1780817367,714.14,4
1780817368,713.78,8
1780817369,713.63,3
1780817370,713.69,9
1780817371,713.44,4
1780817372,713.36,6
1780817373,713.37,7
1780817374,713.36,6
1780817375,713.10,0
1780817376,713.13,3
1780817377,713.15,5
1780817378,713.27,7
1780817379,713.36,6
1780817380,713.34,4
1780817381,713.44,4
1780817382,713.37,7
1780817383,713.25,5
1780817384,713.16,6
1780817385,713.31,1
1780817386,713.38,8
1780817387,713.21,1
1780817388,713.06,6
1780817389,713.07,7
1780817390,712.99,9
1780817391,712.88,8
1780817392,712.94,4
1780817393,713.00,0
1780817394,713.13,3
1780817395,713.09,9
1780817396,713.35,5
1780817397,713.49,9
1780817398,713.62,2
1780817399,713.96,6
1780817400,713.88,8
1780817401,713.86,6
1780817402,713.73,3
1780817403,713.79,9
1780817404,713.81,1
1780817405,713.84,4
1780817406,713.79,9
1780817407,713.86,6
1780817408,713.92,2
1780817409,713.65,5
1780817410,713.44,4
1780817411,713.51,1
1780817412,713.45,5
1780817413,713.58,8
1780817414,713.40,0
1780817415,713.38,8
1780817416,713.24,4
1780817417,713.39,9
1780817418,713.37,7
1780817419,713.49,9
1780817420,713.71,1
1780817421,713.70,0
1780817422,713.70,0
1780817423,713.66,6
1780817424,713.59,9
1780817425,713.53,3
1780817426,713.46,6
1780817427,713.74,4
1780817428,713.85,5
1780817429,713.90,0
1780817430,713.89,9
1780817431,713.83,3
1780817432,713.60,0
1780817433,713.69,9
1780817434,713.50,0
1780817435,713.48,8
1780817436,713.52,2
1780817437,713.21,1
1780817438,713.29,9
1780817439,713.07,7
1780817440,713.10,0
1780817441,712.91,1
1780817442,713.04,4
1780817443,713.12,2
1780817444,713.00,0
1780817445,713.08,8
1780817446,713.04,4
1780817447,713.17,7
1780817448,713.11,1
1780817449,713.04,4
1780817450,713.00,0
1780817451,713.15,5
1780817452,713.21,1
1780817453,713.42,2
1780817454,713.31,1
1780817455,713.47,7
1780817456,713.57,7
1780817457,713.62,2
1780817458,713.70,0
1780817459,713.74,4
1780817460,713.91,1
1780817461,713.84,4
1780817462,713.77,7
1780817463,713.73,3
1780817464,713.66,6
1780817465,713.57,7
1780817466,713.51,1
1780817467,713.44,4
1780817468,713.41,1
1780817469,713.70,0
1780817470,713.63,3
1780817471,713.60,0
1780817472,713.73,3
1780817473,713.77,7
1780817474,713.87,7
1780817475,713.94,4
1780817476,713.90,0
1780817477,713.94,4
1780817478,713.87,7
1780817479,713.92,2
1780817480,713.90,0
1780817481,713.89,9
1780817482,713.81,1
1780817483,713.97,7
1780817484,713.85,5
1780817485,713.78,8
1780817486,713.91,1
1780817487,714.07,7
1780817488,713.99,9
1780817489,714.00,0
1780817490,714.08,8
1780817491,714.10,0
1780817492,714.23,3
1780817493,714.27,7
1780817494,714.47,7
1780817495,714.41,1
1780817496,714.65,5
1780817497,714.49,9
1780817498,714.44,4
1780817499,714.45,5
1780817500,714.47,7
1780817501,714.39,9
1780817502,714.44,4
1780817503,714.36,6
1780817504,714.38,8
1780817505,714.40,0
1780817506,714.42,2
1780817507,714.53,3
1780817508,714.54,4
1780817509,714.60,0
1780817510,714.76,6
1780817511,714.59,9
1780817512,714.65,5
1780817513,714.83,3
1780817514,714.67,7
1780817515,714.75,5
1780817516,714.68,8
1780817517,714.79,9
1780817518,714.88,8
1780817519,715.00,0
1780817520,715.14,4
1780817521,715.00,0
1780817522,715.15,5
1780817523,715.24,4
1780817524,715.07,7
1780817525,715.08,8
1780817526,714.92,2
1780817527,714.95,5
1780817528,714.96,6
1780817529,714.90,0
1780817530,715.04,4
1780817531,715.04,4
1780817532,714.80,0
1780817533,714.97,7
1780817534,714.91,1
1780817535,714.83,3
1780817536,714.77,7
1780817537,714.55,5
1780817538,714.35,5
1780817539,714.23,3
1780817540,714.25,5
1780817541,714.07,7
1780817542,714.10,0
1780817543,714.02,2
1780817544,714.12,2
1780817545,714.21,1
1780817546,714.19,9
1780817547,714.25,5
1780817548,713.97,7
1780817549,713.72,2
1780817550,713.85,5
1780817551,713.75,5
1780817552,713.75,5
1780817553,713.65,5
1780817554,713.77,7
1780817555,713.62,2
1780817556,713.73,3
1780817557,713.76,6
1780817558,713.74,4
1780817559,713.79,9
1780817560,713.81,1
1780817561,713.91,1
1780817562,713.91,1
1780817563,713.66,6
1780817564,713.56,6
1780817565,713.60,0
1780817566,713.56,6
1780817567,713.59,9
1780817568,713.51,1
1780817569,713.52,2
1780817570,713.51,1
1780817571,713.68,8
1780817572,713.86,6
1780817573,713.67,7
1780817574,713.23,3
1780817575,713.39,9
1780817576,713.34,4
1780817577,713.32,2
1780817578,713.25,5
1780817579,713.04,4
1780817580,713.12,2
1780817581,713.43,3
1780817582,713.59,9
1780817583,713.62,2
1780817584,713.56,6
1780817585,713.56,6
1780817586,713.54,4
1780817587,713.57,7
1780817588,713.83,3
1780817589,713.75,5
1780817590,714.04,4
1780817591,714.31,1
1780817592,714.34,4
1780817593,714.36,6
1780817594,714.39,9
1780817595,714.36,6
1780817596,714.22,2
1780817597,714.07,7
1780817598,713.85,5
1780817599,713.91,1
1780817600,713.73,3
1780817601,713.97,7
1780817602,714.06,6
1780817603,714.07,7
1780817604,714.15,5
1780817605,714.10,0
1780817606,714.14,4
1780817607,714.10,0
1780817608,714.10,0
1780817609,714.03,3
1780817610,714.22,2
1780817611,714.29,9
1780817612,714.27,7
1780817613,714.27,7
1780817614,714.18,8
1780817615,714.08,8
1780817616,713.95,5
1780817617,713.94,4
1780817618,714.04,4
1780817619,714.09,9
1780817620,714.09,9
1780817621,714.27,7
1780817622,714.06,6
1780817623,714.13,3
1780817624,713.91,1
1780817625,713.85,5
1780817626,713.61,1
1780817627,713.78,8
1780817628,713.86,6
1780817629,713.98,8
1780817630,713.93,3
1780817631,714.02,2
1780817632,713.91,1
1780817633,713.80,0
1780817634,713.74,4
1780817635,713.84,4
1780817636,713.90,0
1780817637,713.94,4
1780817638,714.00,0
1780817639,713.82,2
1780817640,713.73,3
1780817641,714.02,2
1780817642,714.14,4
1780817643,714.10,0
1780817644,714.07,7
1780817645,714.06,6
1780817646,713.87,7
1780817647,713.90,0
1780817648,713.90,0
1780817649,713.84,4
1780817650,714.12,2
1780817651,714.24,4
1780817652,714.13,3
1780817653,714.01,1
1780817654,714.00,0
1780817655,713.85,5
1780817656,713.82,2
1780817657,713.99,9
1780817658,713.91,1
1780817659,713.86,6
1780817660,713.87,7
1780817661,713.91,1
1780817662,713.98,8
1780817663,714.01,1
1780817664,713.93,3
1780817665,713.94,4
1780817666,714.03,3
1780817667,713.89,9
1780817668,714.02,2
1780817669,713.98,8
1780817670,713.93,3
1780817671,713.87,7
1780817672,713.82,2
1780817673,713.87,7
1780817674,713.89,9
1780817675,714.07,7
1780817676,714.04,4
1780817677,714.14,4
1780817678,714.11,1
1780817679,714.10,0
1780817680,714.07,7
1780817681,714.25,5
1780817682,714.47,7
1780817683,714.44,4
1780817684,714.42,2
1780817685,714.39,9
1780817686,714.34,4
1780817687,714.37,7
1780817688,714.41,1
1780817689,714.11,1
1780817690,714.25,5
1780817691,714.30,0
1780817692,714.34,4
1780817693,714.29,9
1780817694,714.30,0
1780817695,714.35,5
1780817696,714.54,4
1780817697,714.75,5
1780817698,714.86,6
1780817699,714.73,3
1780817700,714.74,4
1780817701,715.02,2
1780817702,715.13,3
1780817703,715.22,2
1780817704,715.09,9
1780817705,714.90,0
1780817706,714.83,3
1780817707,714.91,1
1780817708,715.08,8
1780817709,715.15,5
1780817710,715.05,5
1780817711,715.10,0
1780817712,715.30,0
1780817713,715.30,0
1780817714,715.01,1
1780817715,714.95,5
1780817716,714.81,1
1780817717,714.83,3
1780817718,714.75,5
1780817719,714.72,2
1780817720,714.69,9
1780817721,714.64,4
1780817722,714.69,9
1780817723,714.90,0
1780817724,714.80,0
1780817725,714.85,5
1780817726,714.84,4
1780817727,714.89,9
1780817728,714.86,6
1780817729,715.02,2
1780817730,715.18,8
1780817731,715.14,4
1780817732,715.16,6
1780817733,715.19,9
1780817734,715.41,1
1780817735,715.67,7
1780817736,715.65,5
1780817737,715.36,6
1780817738,715.30,0
1780817739,715.15,5
1780817740,715.17,7
1780817741,715.32,2
1780817742,715.16,6
1780817743,715.17,7
1780817744,715.18,8
1780817745,715.26,6
1780817746,715.41,1
1780817747,715.57,7
1780817748,715.55,5
1780817749,715.47,7
1780817750,715.43,3
1780817751,715.60,0
1780817752,715.68,8
1780817753,715.75,5
1780817754,715.61,1
1780817755,715.68,8
1780817756,715.80,0
1780817757,715.74,4
1780817758,715.71,1
1780817759,715.84,4
1780817760,715.93,3
1780817761,715.92,2
1780817762,715.73,3
1780817763,715.64,4
1780817764,715.51,1
1780817765,715.59,9
1780817766,715.57,7
1780817767,715.32,2
1780817768,715.24,4
1780817769,715.36,6
1780817770,715.38,8
1780817771,715.33,3
1780817772,715.15,5
1780817773,714.95,5
1780817774,715.11,1
1780817775,714.99,9
1780817776,714.82,2
1780817777,714.94,4
1780817778,714.84,4
1780817779,715.11,1
1780817780,714.92,2
1780817781,714.93,3
1780817782,715.05,5
1780817783,715.04,4
1780817784,715.06,6
1780817785,715.33,3
1780817786,715.27,7
1780817787,715.03,3
1780817788,714.98,8
1780817789,714.99,9
1780817790,714.95,5
1780817791,715.15,5
1780817792,715.27,7
1780817793,715.35,5
1780817794,715.39,9
1780817795,715.30,0
1780817796,715.11,1
1780817797,714.95,5
1780817798,714.89,9
1780817799,714.91,1
1780817800,714.89,9
1780817801,714.81,1
1780817802,714.87,7
1780817803,714.79,9
1780817804,714.48,8
1780817805,714.59,9
1780817806,714.65,5
1780817807,714.40,0
1780817808,714.43,3
1780817809,714.40,0
1780817810,714.54,4
1780817811,714.30,0
1780817812,714.22,2
1780817813,714.09,9
1780817814,713.93,3
1780817815,714.04,4
1780817816,714.08,8
1780817817,713.96,6
1780817818,713.55,5
1780817819,713.74,4
1780817820,713.91,1
1780817821,714.08,8
1780817822,714.11,1
1780817823,713.95,5
1780817824,714.02,2
1780817825,713.99,9
1780817826,713.97,7
1780817827,713.78,8
1780817828,713.67,7
1780817829,713.64,4
1780817830,713.77,7
1780817831,713.70,0
1780817832,713.68,8
1780817833,713.73,3
1780817834,713.64,4
1780817835,713.63,3
1780817836,713.56,6
1780817837,713.43,3
1780817838,713.41,1
1780817839,713.41,1
1780817840,713.44,4
1780817841,713.31,1
1780817842,713.38,8
1780817843,713.17,7
1780817844,713.25,5
1780817845,713.35,5
1780817846,713.46,6
1780817847,713.48,8
1780817848,713.45,5
1780817849,713.40,0
1780817850,713.29,9
1780817851,713.47,7
1780817852,713.58,8
1780817853,713.84,4
1780817854,713.77,7
1780817855,713.92,2
1780817856,713.98,8
1780817857,713.86,6
1780817858,713.92,2
1780817859,713.88,8
1780817860,713.85,5
1780817861,713.69,9
1780817862,713.72,2
1780817863,713.58,8
1780817864,713.59,9
1780817865,713.79,9
1780817866,713.62,2
1780817867,713.88,8
1780817868,713.96,6
1780817869,713.97,7
1780817870,713.96,6
1780817871,713.86,6
1780817872,713.83,3
1780817873,713.67,7
1780817874,713.68,8
1780817875,713.77,7
1780817876,713.71,1
1780817877,713.93,3
1780817878,713.99,9
1780817879,713.87,7
1780817880,713.69,9
1780817881,713.70,0
1780817882,713.62,2
1780817883,713.53,3
1780817884,713.59,9
1780817885,713.76,6
1780817886,713.63,3
1780817887,713.79,9
1780817888,713.80,0
1780817889,713.75,5
1780817890,713.68,8
1780817891,713.85,5
1780817892,714.10,0
1780817893,714.12,2
1780817894,713.89,9
1780817895,713.90,0
1780817896,713.95,5
1780817897,713.82,2
1780817898,713.55,5
1780817899,713.48,8
1780817900,713.64,4
1780817901,713.91,1
1780817902,713.84,4
1780817903,714.13,3
1780817904,714.18,8
1780817905,714.31,1
1780817906,714.43,3
1780817907,714.19,9
1780817908,714.17,7
1780817909,714.11,1
1780817910,714.20,0
1780817911,714.29,9
1780817912,714.26,6
1780817913,714.31,1
1780817914,714.09,9
1780817915,714.09,9
1780817916,714.18,8
1780817917,713.96,6
1780817918,713.94,4
1780817919,713.86,6
1780817920,713.91,1
1780817921,713.96,6
1780817922,713.97,7
1780817923,713.94,4
1780817924,713.87,7
1780817925,713.82,2
1780817926,713.86,6
1780817927,713.77,7
1780817928,713.75,5
1780817929,713.76,6
1780817930,713.84,4
1780817931,713.74,4
1780817932,713.80,0
1780817933,713.73,3
1780817934,713.92,2
1780817935,713.98,8
1780817936,714.12,2
1780817937,714.20,0
1780817938,714.13,3
1780817939,714.20,0
1780817940,714.07,7
1780817941,714.07,7
1780817942,713.88,8
1780817943,713.91,1
1780817944,713.98,8
1780817945,714.00,0
1780817946,714.14,4
1780817947,714.00,0
1780817948,713.75,5
1780817949,713.59,9
1780817950,713.38,8
1780817951,713.59,9
1780817952,713.85,5
1780817953,714.01,1
1780817954,713.85,5
1780817955,713.82,2
1780817956,713.71,1
1780817957,713.69,9
1780817958,713.64,4
1780817959,713.66,6
1780817960,713.54,4
1780817961,713.59,9
1780817962,713.56,6
1780817963,713.54,4
1780817964,713.80,0
1780817965,713.71,1
1780817966,713.55,5
1780817967,713.58,8
1780817968,713.41,1
1780817969,713.76,6
1780817970,713.70,0
1780817971,713.80,0
1780817972,713.68,8
1780817973,713.75,5
1780817974,713.79,9
1780817975,713.82,2
1780817976,713.91,1
1780817977,714.06,6
1780817978,714.02,2
1780817979,714.08,8
1780817980,713.88,8
1780817981,713.80,0
1780817982,714.06,6
1780817983,714.22,2
1780817984,714.35,5
1780817985,714.05,5
1780817986,714.02,2
1780817987,714.02,2
1780817988,714.09,9
1780817989,714.11,1
1780817990,714.03,3
1780817991,714.07,7
1780817992,714.28,8
1780817993,714.29,9
1780817994,714.48,8
1780817995,714.53,3
1780817996,714.47,7
1780817997,714.46,6
1780817998,714.61,1
1780817999,714.58,8
1780818000,714.53,3
1780818001,714.53,3
1780818002,714.61,1
1780818003,714.36,6
1780818004,714.18,8
1780818005,714.33,3
1780818006,714.20,0
1780818007,714.26,6
1780818008,714.24,4
1780818009,714.34,4
1780818010,714.42,2
1780818011,714.48,8
1780818012,714.51,1
1780818013,714.55,5
1780818014,714.51,1
1780818015,714.51,1
1780818016,714.38,8
1780818017,714.29,9
1780818018,714.38,8
1780818019,714.55,5
1780818020,714.71,1
1780818021,714.71,1
1780818022,714.66,6
1780818023,714.88,8
1780818024,714.99,9
1780818025,715.03,3
1780818026,714.96,6
1780818027,714.96,6
1780818028,714.81,1
1780818029,714.95,5
1780818030,714.76,6
1780818031,714.83,3
1780818032,715.02,2
1780818033,715.12,2
1780818034,715.32,2
1780818035,715.27,7
1780818036,715.20,0
1780818037,715.13,3
1780818038,715.06,6
1780818039,715.17,7
1780818040,715.30,0
1780818041,715.38,8
1780818042,715.34,4
1780818043,715.26,6
1780818044,715.42,2
1780818045,715.41,1
1780818046,715.38,8
1780818047,715.53,3
1780818048,715.46,6
1780818049,715.44,4
1780818050,715.24,4
1780818051,715.32,2
1780818052,715.32,2
1780818053,715.33,3
1780818054,715.56,6
1780818055,715.67,7
1780818056,715.69,9
1780818057,715.86,6
1780818058,715.88,8
1780818059,715.97,7
1780818060,715.88,8
1780818061,716.04,4
1780818062,716.04,4
1780818063,716.02,2
1780818064,716.03,3
1780818065,715.90,0
1780818066,715.77,7
1780818067,715.77,7
1780818068,716.04,4
1780818069,716.06,6
1780818070,716.09,9
1780818071,716.04,4
1780818072,716.12,2
1780818073,716.14,4
1780818074,716.13,3
1780818075,716.19,9
1780818076,716.34,4
1780818077,716.30,0
1780818078,716.52,2
1780818079,716.59,9
1780818080,716.43,3
1780818081,716.46,6
1780818082,716.39,9
1780818083,716.45,5
1780818084,716.29,9
1780818085,716.29,9
1780818086,716.36,6
1780818087,716.22,2
1780818088,716.20,0
1780818089,716.49,9
1780818090,716.29,9
1780818091,716.06,6
1780818092,715.87,7
1780818093,715.98,8
1780818094,715.83,3
1780818095,715.85,5
1780818096,716.05,5
1780818097,716.13,3
1780818098,716.30,0
1780818099,716.30,0
1780818100,716.54,4
1780818101,716.55,5
1780818102,716.44,4
1780818103,716.38,8
1780818104,716.50,0
1780818105,716.39,9
1780818106,716.52,2
1780818107,716.42,2
1780818108,716.39,9
1780818109,716.63,3
1780818110,716.67,7
1780818111,716.61,1
1780818112,716.74,4
1780818113,716.83,3
1780818114,716.90,0
1780818115,717.17,7
1780818116,717.14,4
1780818117,716.92,2
1780818118,716.99,9
1780818119,716.99,9
1780818120,717.06,6
1780818121,717.08,8
1780818122,717.13,3
1780818123,717.06,6
1780818124,717.26,6
1780818125,717.22,2
1780818126,716.98,8
1780818127,717.21,1
1780818128,717.16,6
1780818129,716.97,7
1780818130,716.82,2
1780818131,716.99,9
1780818132,716.94,4
1780818133,716.91,1
1780818134,716.95,5
1780818135,716.73,3
1780818136,716.81,1
1780818137,716.79,9
1780818138,716.91,1
1780818139,716.89,9
1780818140,717.01,1
1780818141,717.19,9
1780818142,716.98,8
1780818143,716.97,7
1780818144,716.85,5
1780818145,716.82,2
1780818146,716.99,9
1780818147,717.12,2
1780818148,717.12,2
1780818149,716.92,2
1780818150,716.97,7
1780818151,716.93,3
1780818152,716.89,9
1780818153,717.01,1
1780818154,716.94,4
1780818155,716.78,8
1780818156,716.75,5
1780818157,716.90,0
1780818158,716.90,0
1780818159,717.05,5
1780818160,717.03,3
1780818161,716.84,4
1780818162,716.90,0
1780818163,717.16,6
1780818164,717.14,4
1780818165,717.00,0
1780818166,717.03,3
1780818167,717.03,3
1780818168,717.08,8
1780818169,717.00,0
1780818170,717.33,3
1780818171,717.38,8
1780818172,717.43,3
1780818173,717.16,6
1780818174,717.42,2
1780818175,717.69,9
1780818176,717.68,8
1780818177,717.84,4
1780818178,717.87,7
1780818179,717.91,1
1780818180,717.92,2
1780818181,717.68,8
1780818182,717.69,9
1780818183,717.41,1
1780818184,717.52,2
1780818185,717.54,4
1780818186,717.65,5
1780818187,717.64,4
1780818188,717.82,2
1780818189,717.81,1
1780818190,717.79,9
1780818191,717.94,4
1780818192,717.91,1
1780818193,718.01,1
1780818194,717.89,9
1780818195,717.93,3
1780818196,717.81,1
1780818197,717.80,0
1780818198,717.80,0
1780818199,717.90,0
1780818200,717.84,4
1780818201,717.75,5
1780818202,717.78,8
1780818203,717.85,5
1780818204,717.82,2
1780818205,717.82,2
1780818206,717.75,5
1780818207,717.66,6
1780818208,717.51,1
1780818209,717.48,8
1780818210,717.48,8
1780818211,717.32,2
1780818212,717.38,8
1780818213,717.49,9
1780818214,717.64,4
1780818215,717.89,9
1780818216,717.49,9
1780818217,717.31,1
1780818218,717.37,7
1780818219,717.34,4
1780818220,717.42,2
1780818221,717.40,0
1780818222,717.61,1
1780818223,717.66,6
1780818224,717.51,1
1780818225,717.34,4
1780818226,717.52,2
1780818227,717.49,9
1780818228,717.52,2
1780818229,717.44,4
1780818230,717.38,8
1780818231,717.43,3
1780818232,717.38,8
1780818233,717.37,7
1780818234,717.36,6
1780818235,717.30,0
1780818236,717.27,7
1780818237,717.35,5
1780818238,717.34,4
1780818239,717.40,0
1780818240,717.39,9
1780818241,717.31,1
1780818242,717.59,9
1780818243,717.87,7
1780818244,717.97,7
1780818245,717.74,4
1780818246,717.77,7
1780818247,717.80,0
1780818248,717.77,7
1780818249,717.68,8
1780818250,717.70,0
1780818251,717.78,8
1780818252,717.80,0
1780818253,717.74,4
1780818254,717.86,6
1780818255,717.91,1
1780818256,717.78,8
1780818257,717.81,1
1780818258,717.92,2
1780818259,717.59,9
1780818260,717.55,5
1780818261,717.60,0
1780818262,717.56,6
1780818263,717.51,1
1780818264,717.19,9
1780818265,717.08,8
1780818266,717.13,3
1780818267,717.08,8
1780818268,717.14,4
1780818269,717.09,9
1780818270,717.28,8
1780818271,717.18,8
1780818272,717.11,1
1780818273,716.91,1
1780818274,716.82,2
1780818275,716.78,8
1780818276,716.60,0
1780818277,716.79,9
1780818278,716.81,1
1780818279,717.00,0
1780818280,717.14,4
1780818281,716.98,8
1780818282,716.86,6
1780818283,717.01,1
1780818284,717.20,0
1780818285,717.02,2
1780818286,716.98,8
1780818287,717.09,9
1780818288,717.19,9
1780818289,716.96,6
1780818290,716.90,0
1780818291,716.88,8
1780818292,716.96,6
1780818293,716.94,4
1780818294,716.92,2
1780818295,716.99,9
1780818296,717.22,2
1780818297,717.29,9
1780818298,717.36,6
1780818299,717.27,7
1780818300,717.13,3
1780818301,717.28,8
1780818302,717.56,6
1780818303,717.78,8
1780818304,717.44,4
1780818305,717.69,9
1780818306,717.72,2
1780818307,717.70,0
1780818308,717.69,9
1780818309,717.65,5
1780818310,717.68,8
1780818311,717.72,2
1780818312,717.61,1
1780818313,717.76,6
1780818314,717.95,5
1780818315,718.13,3
1780818316,718.19,9
1780818317,718.41,1
1780818318,718.45,5
1780818319,718.34,4
1780818320,718.57,7
1780818321,718.66,6
1780818322,718.78,8
1780818323,718.67,7
1780818324,718.66,6
1780818325,718.61,1
1780818326,718.90,0
1780818327,718.65,5
1780818328,718.83,3
1780818329,719.23,3
1780818330,719.09,9
1780818331,719.13,3
1780818332,719.07,7
1780818333,719.23,3
1780818334,719.28,8
1780818335,719.32,2
1780818336,719.37,7
1780818337,719.47,7
1780818338,719.41,1
1780818339,719.50,0
1780818340,719.43,3
1780818341,719.51,1
1780818342,719.43,3
1780818343,719.42,2
1780818344,719.55,5
1780818345,719.49,9
1780818346,719.37,7
1780818347,719.43,3
1780818348,719.37,7
1780818349,719.58,8
1780818350,719.52,2
1780818351,719.47,7
1780818352,719.34,4
1780818353,719.27,7
1780818354,719.37,7
1780818355,719.39,9
1780818356,719.53,3
1780818357,719.72,2
1780818358,719.58,8
1780818359,719.37,7
1780818360,719.47,7
1780818361,719.48,8
1780818362,719.57,7
1780818363,719.44,4
1780818364,719.57,7
1780818365,719.70,0
1780818366,719.58,8
1780818367,719.67,7
1780818368,719.66,6
1780818369,719.74,4
1780818370,719.91,1
1780818371,719.93,3
1780818372,720.05,5
1780818373,720.14,4
1780818374,720.12,2
1780818375,720.27,7
1780818376,720.14,4
1780818377,720.21,1
1780818378,720.33,3
1780818379,720.09,9
1780818380,720.17,7
1780818381,719.99,9
1780818382,719.76,6
1780818383,719.59,9
1780818384,719.64,4
1780818385,719.36,6
1780818386,719.44,4
1780818387,719.48,8
1780818388,719.41,1
1780818389,719.45,5
1780818390,719.51,1
1780818391,719.50,0
1780818392,719.57,7
1780818393,719.74,4
1780818394,719.73,3
1780818395,719.77,7
1780818396,719.89,9
1780818397,719.89,9
1780818398,719.81,1
1780818399,719.90,0
1780818400,719.81,1
1780818401,719.81,1
1780818402,719.82,2
1780818403,719.99,9
1780818404,720.10,0
1780818405,720.07,7
1780818406,719.94,4
1780818407,720.07,7
1780818408,720.11,1
1780818409,720.02,2
1780818410,720.03,3
1780818411,720.05,5
1780818412,720.05,5
1780818413,720.21,1
1780818414,720.29,9
1780818415,720.15,5
1780818416,720.19,9
1780818417,720.22,2
1780818418,720.07,7
1780818419,719.98,8
1780818420,719.81,1
1780818421,719.97,7
1780818422,719.86,6
1780818423,719.79,9
1780818424,719.96,6
1780818425,720.06,6
1780818426,719.94,4
1780818427,720.00,0
1780818428,719.98,8
1780818429,720.08,8
1780818430,720.11,1
1780818431,719.94,4
1780818432,720.02,2
1780818433,720.12,2
1780818434,720.15,5
1780818435,720.26,6
1780818436,720.35,5
1780818437,720.52,2
1780818438,720.31,1
1780818439,720.34,4
1780818440,720.36,6
1780818441,720.44,4
1780818442,720.49,9
1780818443,720.51,1
1780818444,720.38,8
1780818445,720.48,8
1780818446,720.57,7
1780818447,720.29,9
1780818448,720.31,1
1780818449,720.16,6
1780818450,720.27,7
1780818451,720.45,5
1780818452,720.56,6
1780818453,720.68,8
1780818454,720.72,2
1780818455,720.73,3
1780818456,720.64,4
1780818457,720.71,1
1780818458,720.94,4
1780818459,720.82,2
1780818460,720.97,7
1780818461,720.90,0
1780818462,720.81,1
1780818463,720.89,9
1780818464,720.92,2
1780818465,720.88,8
1780818466,720.86,6
1780818467,720.99,9
1780818468,721.02,2
1780818469,721.03,3
1780818470,721.06,6
1780818471,721.08,8
1780818472,721.03,3
1780818473,721.33,3
1780818474,721.17,7
1780818475,721.09,9
1780818476,720.85,5
1780818477,720.91,1
1780818478,720.96,6
1780818479,720.94,4
1780818480,720.61,1
1780818481,720.18,8
1780818482,719.96,6
1780818483,719.86,6
1780818484,720.06,6
1780818485,719.73,3
1780818486,719.98,8
1780818487,719.81,1
1780818488,719.72,2
1780818489,719.72,2
1780818490,719.97,7
1780818491,719.98,8
1780818492,719.92,2
1780818493,719.80,0
1780818494,719.87,7
1780818495,719.65,5
1780818496,719.68,8
1780818497,719.60,0
1780818498,719.49,9
1780818499,719.61,1
1780818500,719.43,3
1780818501,719.42,2
1780818502,719.52,2
1780818503,719.69,9
1780818504,719.83,3
1780818505,719.90,0
1780818506,719.77,7
1780818507,719.55,5
1780818508,719.43,3
1780818509,719.48,8
1780818510,719.55,5
1780818511,719.54,4
1780818512,719.34,4
1780818513,719.43,3
1780818514,719.39,9
1780818515,719.45,5
1780818516,719.53,3
1780818517,719.82,2
1780818518,719.79,9
1780818519,719.73,3
1780818520,719.76,6
1780818521,719.69,9
1780818522,719.83,3
1780818523,719.60,0
1780818524,719.52,2
1780818525,719.59,9
1780818526,719.54,4
1780818527,719.85,5
1780818528,719.74,4
1780818529,719.78,8
1780818530,719.86,6
1780818531,719.93,3
1780818532,719.76,6
1780818533,719.89,9
1780818534,719.98,8
1780818535,719.98,8
1780818536,719.93,3
1780818537,720.14,4
1780818538,720.13,3
1780818539,720.21,1
1780818540,720.20,0
1780818541,720.31,1
1780818542,720.37,7
1780818543,720.20,0
1780818544,720.51,1
1780818545,720.65,5
1780818546,720.50,0
1780818547,720.54,4
1780818548,720.37,7
1780818549,720.60,0
1780818550,720.90,0
1780818551,720.86,6
1780818552,720.73,3
1780818553,720.71,1
1780818554,720.71,1
1780818555,720.81,1
1780818556,720.77,7
1780818557,720.59,9
1780818558,720.61,1
1780818559,720.68,8
1780818560,720.78,8
1780818561,720.73,3
1780818562,720.82,2
1780818563,721.02,2
1780818564,721.16,6
1780818565,721.30,0
1780818566,721.24,4
1780818567,721.08,8
1780818568,721.11,1
1780818569,720.93,3
1780818570,720.90,0
1780818571,720.81,1
1780818572,720.89,9
1780818573,720.78,8
1780818574,720.75,5
1780818575,721.03,3
1780818576,721.30,0
1780818577,721.29,9
1780818578,721.21,1
1780818579,721.27,7
1780818580,721.41,1
1780818581,721.31,1
1780818582,721.48,8
1780818583,721.45,5
1780818584,721.53,3
1780818585,721.35,5
1780818586,721.37,7
1780818587,721.36,6
1780818588,721.25,5
1780818589,721.11,1
1780818590,721.11,1
1780818591,721.15,5
1780818592,721.00,0
1780818593,720.91,1
1780818594,721.16,6
1780818595,721.08,8
1780818596,721.06,6
1780818597,721.10,0
1780818598,721.14,4
1780818599,720.93,3
1780818600,720.72,2
1780818601,720.46,6
1780818602,720.46,6
1780818603,720.47,7
1780818604,720.52,2
1780818605,720.33,3
1780818606,720.28,8
1780818607,720.25,5
1780818608,720.45,5
1780818609,720.42,2
1780818610,720.25,5
1780818611,720.36,6
1780818612,720.34,4
1780818613,720.26,6
1780818614,720.35,5
1780818615,720.44,4
1780818616,720.61,1
1780818617,720.66,6
1780818618,720.55,5
1780818619,720.59,9
1780818620,720.75,5
1780818621,720.65,5
1780818622,720.64,4
1780818623,720.69,9
1780818624,720.68,8
1780818625,720.68,8
1780818626,720.84,4
1780818627,720.89,9
1780818628,720.92,2
1780818629,720.89,9
1780818630,720.82,2
1780818631,720.76,6
1780818632,720.68,8
1780818633,720.47,7
1780818634,720.64,4
1780818635,720.46,6
1780818636,720.58,8
1780818637,720.61,1
1780818638,720.53,3
1780818639,720.39,9
1780818640,720.30,0
1780818641,720.33,3
1780818642,720.24,4
1780818643,720.18,8
1780818644,720.30,0
1780818645,720.19,9
1780818646,720.18,8
1780818647,720.27,7
1780818648,720.28,8
1780818649,720.61,1
1780818650,720.68,8
1780818651,720.54,4
1780818652,720.48,8
1780818653,720.63,3
1780818654,720.50,0
1780818655,720.55,5
1780818656,720.52,2
1780818657,720.42,2
1780818658,720.48,8
1780818659,720.55,5
1780818660,720.39,9
1780818661,720.44,4
1780818662,720.58,8
1780818663,720.45,5
1780818664,720.39,9
1780818665,720.23,3
1780818666,720.29,9
1780818667,720.30,0
1780818668,720.17,7
1780818669,720.11,1
1780818670,720.11,1
1780818671,720.05,5
1780818672,719.93,3
1780818673,720.12,2
1780818674,720.31,1
1780818675,720.35,5
1780818676,720.27,7
1780818677,720.18,8
1780818678,720.25,5
1780818679,720.31,1
1780818680,720.32,2
1780818681,720.43,3
1780818682,720.22,2
1780818683,720.32,2
1780818684,720.40,0
1780818685,720.60,0
1780818686,720.52,2
1780818687,720.48,8
1780818688,720.46,6
1780818689,720.37,7
1780818690,720.44,4
1780818691,720.51,1
1780818692,720.68,8
1780818693,720.53,3
1780818694,720.57,7
1780818695,720.41,1
1780818696,720.33,3
1780818697,720.27,7
1780818698,720.53,3
1780818699,720.41,1
1780818700,720.47,7
1780818701,720.60,0
1780818702,720.51,1
1780818703,720.27,7
1780818704,720.33,3
1780818705,720.35,5
1780818706,720.18,8
1780818707,720.45,5
1780818708,720.46,6
1780818709,720.35,5
1780818710,719.92,2
1780818711,719.80,0
1780818712,719.77,7
1780818713,719.74,4
1780818714,719.89,9
1780818715,719.77,7
1780818716,719.88,8
1780818717,719.96,6
1780818718,719.94,4
1780818719,719.87,7
1780818720,719.71,1
1780818721,719.57,7
1780818722,719.84,4
1780818723,719.68,8
1780818724,719.69,9
1780818725,719.64,4
1780818726,719.65,5
1780818727,719.63,3
1780818728,719.64,4
1780818729,719.54,4
1780818730,720.01,1
1780818731,720.01,1
1780818732,720.05,5
1780818733,720.19,9
1780818734,720.20,0
1780818735,720.35,5
1780818736,720.29,9
1780818737,720.26,6
1780818738,720.22,2
1780818739,720.07,7
1780818740,720.12,2
1780818741,720.05,5
1780818742,720.20,0
1780818743,720.20,0
1780818744,720.11,1
1780818745,720.06,6
1780818746,720.00,0
1780818747,720.25,5
1780818748,720.03,3
1780818749,720.09,9
1780818750,719.91,1
1780818751,719.89,9
1780818752,720.02,2
1780818753,719.86,6
1780818754,719.85,5
1780818755,719.72,2
1780818756,719.76,6
1780818757,719.73,3
1780818758,719.70,0
1780818759,719.68,8
1780818760,719.65,5
1780818761,719.62,2
1780818762,719.57,7
1780818763,719.79,9
1780818764,719.71,1
1780818765,719.74,4
1780818766,720.02,2
1780818767,720.09,9
1780818768,720.12,2
1780818769,720.19,9
1780818770,720.30,0
1780818771,720.36,6
1780818772,720.23,3
1780818773,720.35,5
1780818774,720.48,8
1780818775,720.55,5
1780818776,720.59,9
1780818777,720.54,4
1780818778,720.36,6
1780818779,720.23,3
1780818780,720.32,2
1780818781,720.18,8
1780818782,720.26,6
1780818783,720.39,9
1780818784,720.43,3
1780818785,720.47,7
1780818786,720.47,7
1780818787,720.61,1
1780818788,720.52,2
1780818789,720.48,8
1780818790,720.49,9
1780818791,720.44,4
1780818792,720.44,4
1780818793,720.50,0
1780818794,720.49,9
1780818795,720.30,0
1780818796,720.19,9
1780818797,720.21,1
1780818798,720.15,5
1780818799,720.29,9
1780818800,720.41,1
1780818801,720.39,9
1780818802,720.44,4
1780818803,720.29,9
1780818804,720.37,7
1780818805,720.53,3
1780818806,720.62,2
1780818807,720.75,5
1780818808,720.69,9
1780818809,720.92,2
1780818810,720.67,7
1780818811,720.62,2
1780818812,720.81,1
1780818813,720.93,3
1780818814,720.89,9
1780818815,721.16,6
1780818816,720.93,3
1780818817,721.02,2
1780818818,721.08,8
1780818819,721.16,6
1780818820,721.32,2
1780818821,721.22,2
1780818822,721.03,3
1780818823,721.07,7
1780818824,721.02,2
1780818825,720.80,0
1780818826,720.91,1
1780818827,720.89,9
1780818828,720.87,7
1780818829,720.89,9
1780818830,720.94,4
1780818831,720.76,6
1780818832,720.87,7
1780818833,720.93,3
1780818834,720.82,2
1780818835,721.14,4
1780818836,720.89,9
1780818837,720.94,4
1780818838,721.03,3
1780818839,721.12,2
1780818840,721.28,8
1780818841,721.22,2
1780818842,721.22,2
1780818843,721.37,7
1780818844,721.38,8
1780818845,721.63,3
1780818846,721.78,8
1780818847,721.61,1
1780818848,721.74,4
1780818849,721.66,6
1780818850,721.54,4
1780818851,721.63,3
1780818852,721.66,6
1780818853,721.57,7
1780818854,721.72,2
1780818855,721.70,0
1780818856,721.82,2
1780818857,722.09,9
1780818858,722.17,7
1780818859,722.13,3
1780818860,722.08,8
1780818861,722.28,8
1780818862,722.38,8
1780818863,722.16,6
1780818864,722.07,7
1780818865,722.36,6
1780818866,722.51,1
1780818867,722.53,3
1780818868,722.61,1
1780818869,722.28,8
1780818870,722.38,8
1780818871,722.63,3
1780818872,722.57,7
1780818873,722.62,2
1780818874,722.72,2
1780818875,722.68,8
1780818876,722.65,5
1780818877,722.58,8
1780818878,722.65,5
1780818879,722.67,7
1780818880,722.75,5
1780818881,722.74,4
1780818882,722.73,3
1780818883,722.84,4
1780818884,722.76,6
1780818885,722.74,4
1780818886,722.76,6
1780818887,722.53,3
1780818888,722.48,8
1780818889,722.36,6
1780818890,722.52,2
1780818891,722.51,1
1780818892,722.54,4
1780818893,722.60,0
1780818894,722.60,0
1780818895,722.63,3
1780818896,722.90,0
1780818897,722.82,2
1780818898,722.78,8
1780818899,722.69,9
1780818900,722.77,7
1780818901,722.93,3
1780818902,722.98,8
1780818903,722.93,3
1780818904,722.91,1
1780818905,722.94,4
1780818906,722.90,0
1780818907,723.12,2
1780818908,722.98,8
1780818909,723.07,7
1780818910,723.08,8
1780818911,722.97,7
1780818912,722.94,4
1780818913,722.79,9
1780818914,722.80,0
1780818915,722.93,3
1780818916,722.84,4
1780818917,722.60,0
1780818918,722.62,2
1780818919,722.54,4
1780818920,722.60,0
1780818921,722.77,7
1780818922,722.81,1
1780818923,722.82,2
1780818924,722.76,6
1780818925,722.73,3
1780818926,722.84,4
1780818927,722.73,3
1780818928,722.68,8
1780818929,722.83,3
1780818930,722.93,3
1780818931,723.01,1
1780818932,723.03,3
1780818933,723.15,5
1780818934,722.99,9
1780818935,722.85,5
1780818936,722.85,5
1780818937,722.72,2
1780818938,722.78,8
1780818939,722.60,0
1780818940,722.68,8
1780818941,722.52,2
1780818942,722.63,3
1780818943,722.78,8
1780818944,722.54,4
1780818945,722.53,3
1780818946,722.51,1
1780818947,722.60,0
1780818948,722.48,8
1780818949,722.50,0
1780818950,722.45,5
1780818951,722.51,1
1780818952,722.42,2
1780818953,722.17,7
1780818954,722.28,8
1780818955,722.42,2
1780818956,722.45,5
1780818957,722.49,9
1780818958,722.28,8
1780818959,722.17,7
1780818960,722.17,7
1780818961,722.20,0
1780818962,722.20,0
1780818963,722.04,4
1780818964,722.05,5
1780818965,722.15,5
1780818966,722.21,1
1780818967,722.54,4
1780818968,722.59,9
1780818969,722.49,9
1780818970,722.67,7
1780818971,722.96,6
1780818972,722.92,2
1780818973,722.76,6
1780818974,722.64,4
1780818975,722.58,8
1780818976,722.67,7
1780818977,722.59,9
1780818978,722.73,3
1780818979,722.77,7
1780818980,722.51,1
1780818981,722.39,9
1780818982,722.57,7
1780818983,722.39,9
1780818984,722.37,7
1780818985,722.32,2
1780818986,722.37,7
1780818987,722.52,2
1780818988,722.24,4
1780818989,722.32,2
1780818990,722.11,1
1780818991,722.01,1
1780818992,721.83,3
1780818993,721.90,0
1780818994,722.02,2
1780818995,721.88,8
1780818996,722.10,0
1780818997,721.99,9
1780818998,722.06,6
1780818999,721.92,2
1780819000,721.96,6
1780819001,721.88,8
1780819002,721.67,7
1780819003,721.41,1
1780819004,721.27,7
1780819005,721.44,4
1780819006,721.54,4
1780819007,721.58,8
1780819008,721.47,7
1780819009,721.58,8
1780819010,721.55,5
1780819011,721.60,0
1780819012,721.58,8
1780819013,721.35,5
1780819014,721.46,6
1780819015,721.49,9
1780819016,721.53,3
1780819017,721.48,8
1780819018,721.46,6
1780819019,721.38,8
1780819020,721.21,1
1780819021,721.02,2
1780819022,721.00,0
1780819023,721.07,7
1780819024,720.93,3
1780819025,720.82,2
1780819026,720.86,6
1780819027,720.82,2
1780819028,720.72,2
1780819029,720.82,2
1780819030,721.07,7
1780819031,721.15,5
1780819032,721.36,6
1780819033,721.13,3
1780819034,720.87,7
1780819035,720.78,8
1780819036,720.93,3
1780819037,720.86,6
1780819038,720.69,9
1780819039,720.56,6
1780819040,720.58,8
1780819041,720.61,1
1780819042,720.67,7
1780819043,720.67,7
1780819044,720.68,8
1780819045,720.48,8
1780819046,720.45,5
1780819047,720.46,6
1780819048,720.70,0
1780819049,720.58,8
1780819050,720.77,7
1780819051,720.90,0
1780819052,720.95,5
1780819053,720.99,9
1780819054,721.07,7
1780819055,721.03,3
1780819056,721.16,6
1780819057,720.99,9
1780819058,720.80,0
1780819059,720.68,8
1780819060,720.71,1
1780819061,720.88,8
1780819062,720.84,4
1780819063,720.88,8
1780819064,720.91,1
1780819065,720.87,7
1780819066,720.93,3
1780819067,720.78,8
1780819068,720.92,2
1780819069,720.85,5
1780819070,720.77,7
1780819071,720.73,3
1780819072,720.56,6
1780819073,720.52,2
1780819074,720.63,3
1780819075,720.86,6
1780819076,721.16,6
1780819077,721.10,0
1780819078,720.99,9
1780819079,720.80,0
1780819080,720.98,8
1780819081,720.87,7
1780819082,720.78,8
1780819083,720.58,8
1780819084,720.57,7
1780819085,720.59,9
1780819086,720.50,0
1780819087,720.70,0
1780819088,720.68,8
1780819089,720.77,7
1780819090,720.74,4
1780819091,720.83,3
1780819092,720.93,3
1780819093,720.88,8
1780819094,720.85,5
1780819095,720.87,7
1780819096,720.97,7
1780819097,720.74,4
1780819098,720.78,8
1780819099,720.81,1
1780819100,720.68,8
1780819101,720.44,4
1780819102,720.37,7
1780819103,720.29,9
1780819104,720.24,4
1780819105,719.96,6
1780819106,719.95,5
1780819107,720.17,7
1780819108,720.31,1
1780819109,720.51,1
1780819110,720.51,1
1780819111,720.56,6
1780819112,720.66,6
1780819113,720.64,4
1780819114,720.57,7
1780819115,720.58,8
1780819116,720.87,7
1780819117,720.96,6
1780819118,720.97,7
1780819119,721.10,0
1780819120,721.01,1
1780819121,721.11,1
1780819122,721.08,8
1780819123,721.13,3
1780819124,721.31,1
1780819125,721.53,3
1780819126,721.47,7
1780819127,721.40,0
1780819128,721.21,1
1780819129,721.23,3
1780819130,721.03,3
1780819131,721.01,1
1780819132,721.00,0
1780819133,721.06,6
1780819134,721.20,0
1780819135,720.96,6
1780819136,720.84,4
1780819137,720.49,9
1780819138,720.69,9
1780819139,720.70,0
1780819140,720.64,4
1780819141,720.55,5
1780819142,720.61,1
1780819143,720.57,7
1780819144,720.68,8
1780819145,720.61,1
1780819146,720.49,9
1780819147,720.60,0
1780819148,720.63,3
1780819149,720.66,6
1780819150,720.64,4
1780819151,720.78,8
1780819152,720.89,9
1780819153,721.04,4
1780819154,720.99,9
1780819155,721.06,6
1780819156,720.96,6
1780819157,720.94,4
1780819158,720.66,6
1780819159,720.64,4
1780819160,720.83,3
1780819161,720.68,8
1780819162,720.35,5
1780819163,720.31,1
1780819164,720.43,3
1780819165,720.40,0
1780819166,720.39,9
1780819167,720.39,9
1780819168,720.22,2
1780819169,720.29,9
1780819170,720.43,3
1780819171,720.38,8
1780819172,720.25,5
1780819173,720.14,4
1780819174,720.21,1
1780819175,720.27,7
1780819176,720.28,8
1780819177,720.46,6
1780819178,720.51,1
1780819179,720.52,2
1780819180,720.48,8
1780819181,720.30,0
1780819182,720.16,6
1780819183,720.24,4
1780819184,720.34,4
1780819185,720.28,8
1780819186,720.33,3
1780819187,720.45,5
1780819188,720.33,3
1780819189,720.45,5
1780819190,720.56,6
1780819191,720.55,5
1780819192,720.55,5
1780819193,720.50,0
1780819194,720.44,4
1780819195,720.43,3
1780819196,720.41,1
1780819197,720.46,6
1780819198,720.35,5
1780819199,720.39,9
1780819200,720.39,9
1780819201,720.35,5
1780819202,720.16,6
1780819203,720.13,3
1780819204,720.25,5
1780819205,720.13,3
1780819206,720.01,1
1780819207,720.05,5
1780819208,720.01,1
1780819209,720.05,5
1780819210,720.01,1
1780819211,719.96,6
1780819212,719.85,5
1780819213,719.93,3
1780819214,719.90,0
1780819215,719.99,9
1780819216,720.08,8
1780819217,720.01,1
1780819218,720.11,1
1780819219,720.01,1
1780819220,720.05,5
1780819221,720.25,5
1780819222,720.08,8
1780819223,720.09,9
1780819224,720.14,4
1780819225,719.97,7
1780819226,719.98,8
1780819227,719.80,0
1780819228,719.86,6
1780819229,719.95,5
1780819230,719.96,6
1780819231,719.83,3
1780819232,719.81,1
1780819233,719.87,7
1780819234,719.82,2
1780819235,719.91,1
1780819236,719.85,5
1780819237,719.60,0
1780819238,719.74,4
1780819239,719.68,8
1780819240,719.80,0
1780819241,719.75,5
1780819242,719.63,3
1780819243,719.75,5
1780819244,720.06,6
1780819245,720.00,0
1780819246,720.20,0
1780819247,720.28,8
1780819248,720.36,6
1780819249,720.30,0
1780819250,720.23,3
1780819251,720.47,7
1780819252,720.43,3
1780819253,720.45,5
1780819254,720.40,0
1780819255,720.41,1
1780819256,720.27,7
1780819257,720.01,1
1780819258,719.90,0
1780819259,719.91,1
1780819260,719.82,2
1780819261,719.78,8
1780819262,719.85,5
1780819263,720.07,7
1780819264,719.94,4
1780819265,720.24,4
1780819266,720.49,9
1780819267,720.43,3
1780819268,720.60,0
1780819269,720.67,7
1780819270,720.63,3
1780819271,720.76,6
1780819272,720.66,6
1780819273,720.84,4
1780819274,720.83,3
1780819275,720.92,2
1780819276,720.84,4
1780819277,720.75,5
1780819278,720.70,0
1780819279,720.65,5
1780819280,720.77,7
1780819281,720.87,7
1780819282,720.90,0
1780819283,720.92,2
1780819284,720.96,6
1780819285,720.82,2
1780819286,720.78,8
1780819287,720.68,8
1780819288,720.51,1
1780819289,720.35,5
1780819290,720.31,1
1780819291,720.41,1
1780819292,720.37,7
1780819293,720.34,4
1780819294,720.36,6
1780819295,720.41,1
1780819296,720.34,4
1780819297,720.30,0
1780819298,720.30,0
1780819299,720.23,3
1780819300,719.98,8
1780819301,719.95,5
1780819302,719.92,2
1780819303,719.98,8
1780819304,719.98,8
1780819305,719.90,0
1780819306,719.86,6
1780819307,719.66,6
1780819308,719.55,5
1780819309,719.29,9
1780819310,719.34,4
1780819311,719.29,9
1780819312,719.26,6
1780819313,719.60,0
1780819314,719.60,0
1780819315,719.52,2
1780819316,719.47,7
1780819317,719.40,0
1780819318,719.39,9
1780819319,719.61,1
1780819320,719.60,0
1780819321,719.75,5
1780819322,719.78,8
1780819323,719.84,4
1780819324,719.78,8
1780819325,719.68,8
1780819326,719.77,7
1780819327,719.83,3
1780819328,719.89,9
1780819329,719.78,8
1780819330,719.81,1
1780819331,719.63,3
1780819332,719.53,3
1780819333,719.43,3
1780819334,719.44,4
1780819335,719.46,6
1780819336,719.60,0
1780819337,719.85,5
1780819338,719.72,2
1780819339,719.76,6
1780819340,719.85,5
1780819341,719.91,1
1780819342,720.01,1
1780819343,719.93,3
1780819344,720.06,6
1780819345,720.17,7
1780819346,720.38,8
1780819347,720.40,0
1780819348,720.54,4
1780819349,720.28,8
1780819350,720.32,2
1780819351,720.45,5
1780819352,720.48,8
1780819353,720.35,5
1780819354,720.38,8
1780819355,720.23,3
1780819356,720.20,0
1780819357,720.06,6
1780819358,720.18,8
1780819359,720.05,5
1780819360,720.08,8
1780819361,720.07,7
1780819362,719.68,8
1780819363,719.56,6
1780819364,719.40,0
1780819365,719.41,1
1780819366,719.56,6
1780819367,719.44,4
1780819368,719.51,1
1780819369,719.38,8
1780819370,719.61,1
1780819371,719.35,5
1780819372,719.28,8
1780819373,719.11,1
1780819374,719.21,1
1780819375,719.19,9
1780819376,719.24,4
1780819377,719.32,2
1780819378,719.24,4
1780819379,718.94,4
1780819380,718.92,2
1780819381,718.89,9
1780819382,719.05,5
1780819383,718.82,2
1780819384,718.99,9
1780819385,718.90,0
1780819386,718.90,0
1780819387,718.95,5
1780819388,718.85,5
1780819389,718.97,7
1780819390,719.19,9
1780819391,719.28,8
1780819392,719.21,1
1780819393,719.17,7
1780819394,719.23,3
1780819395,719.48,8
1780819396,719.51,1
1780819397,719.41,1
1780819398,719.54,4
1780819399,719.61,1
1780819400,719.38,8
1780819401,719.29,9
1780819402,719.22,2
1780819403,719.36,6
1780819404,719.47,7
1780819405,719.40,0
1780819406,719.37,7
1780819407,719.43,3
1780819408,719.42,2
1780819409,719.44,4
1780819410,719.79,9
1780819411,719.92,2
1780819412,720.27,7
1780819413,720.20,0
1780819414,720.35,5
1780819415,720.55,5
1780819416,720.53,3
1780819417,720.41,1
1780819418,720.37,7
1780819419,720.39,9
1780819420,720.63,3
1780819421,720.58,8
1780819422,720.17,7
1780819423,720.30,0
1780819424,720.36,6
1780819425,720.32,2
1780819426,720.18,8
1780819427,719.85,5
1780819428,719.89,9
1780819429,720.11,1
1780819430,720.26,6
1780819431,720.13,3
1780819432,720.21,1
1780819433,720.12,2
1780819434,719.91,1
1780819435,719.83,3
1780819436,719.86,6
1780819437,719.93,3
1780819438,720.09,9
1780819439,720.21,1
1780819440,720.20,0
1780819441,720.13,3
1780819442,720.06,6
1780819443,719.95,5
1780819444,719.97,7
1780819445,719.99,9
1780819446,719.88,8
1780819447,719.73,3
1780819448,719.69,9
1780819449,719.64,4
1780819450,719.43,3
1780819451,719.40,0
1780819452,719.44,4
1780819453,719.41,1
1780819454,719.54,4
1780819455,719.59,9
1780819456,719.66,6
1780819457,719.76,6
1780819458,719.72,2
1780819459,719.59,9
1780819460,719.54,4
1780819461,719.54,4
1780819462,719.65,5
1780819463,719.67,7
1780819464,719.69,9
1780819465,719.64,4
1780819466,719.72,2
1780819467,719.56,6
1780819468,719.50,0
1780819469,719.62,2
1780819470,719.58,8
1780819471,719.47,7
1780819472,719.59,9
1780819473,719.48,8
1780819474,719.39,9
1780819475,719.65,5
1780819476,719.42,2
1780819477,719.49,9
1780819478,719.24,4
1780819479,719.50,0
1780819480,719.51,1
1780819481,719.55,5
1780819482,719.52,2
1780819483,719.61,1
1780819484,719.77,7
1780819485,719.75,5
1780819486,719.92,2
1780819487,720.04,4
1780819488,720.04,4
1780819489,720.12,2
1780819490,720.04,4
1780819491,720.07,7
1780819492,720.11,1
1780819493,720.12,2
1780819494,720.06,6
1780819495,720.16,6
1780819496,720.11,1
1780819497,720.14,4
1780819498,719.93,3
1780819499,719.90,0
1780819500,719.70,0
1780819501,719.72,2
1780819502,719.83,3
1780819503,720.04,4
1780819504,720.20,0
1780819505,720.30,0
1780819506,720.25,5
1780819507,720.22,2
1780819508,720.42,2
1780819509,720.48,8
1780819510,720.54,4
1780819511,720.52,2
1780819512,720.57,7
1780819513,720.58,8
1780819514,720.36,6
1780819515,720.61,1
1780819516,720.47,7
1780819517,720.41,1
1780819518,720.23,3
1780819519,720.11,1
1780819520,720.16,6
1780819521,720.32,2
1780819522,720.32,2
1780819523,720.29,9
1780819524,720.31,1
1780819525,720.38,8
1780819526,720.31,1
1780819527,720.47,7
1780819528,720.54,4
1780819529,720.58,8
1780819530,720.67,7
1780819531,720.63,3
1780819532,720.58,8
1780819533,720.50,0
1780819534,720.64,4
1780819535,720.63,3
1780819536,720.66,6
1780819537,720.48,8
1780819538,720.57,7
1780819539,720.63,3
1780819540,720.47,7
1780819541,720.43,3
1780819542,720.69,9
1780819543,720.77,7
1780819544,720.77,7
1780819545,720.81,1
1780819546,720.80,0
1780819547,720.44,4
1780819548,720.42,2
1780819549,720.20,0
1780819550,720.10,0
1780819551,720.05,5
1780819552,720.26,6
1780819553,720.25,5
1780819554,720.21,1
1780819555,720.08,8
1780819556,720.50,0
1780819557,720.31,1
1780819558,720.32,2
1780819559,720.28,8
1780819560,720.12,2
1780819561,719.85,5
1780819562,719.60,0
1780819563,719.76,6
1780819564,719.45,5
1780819565,719.40,0
1780819566,719.30,0
1780819567,719.26,6
1780819568,719.44,4
1780819569,719.51,1
1780819570,719.29,9
1780819571,719.09,9
1780819572,718.93,3
1780819573,718.86,6
1780819574,718.79,9
1780819575,718.82,2
1780819576,718.92,2
1780819577,718.77,7
1780819578,718.89,9
1780819579,718.99,9
1780819580,719.09,9
1780819581,719.35,5
1780819582,719.13,3
1780819583,719.19,9
1780819584,719.09,9
1780819585,719.00,0
1780819586,718.74,4
1780819587,718.67,7
1780819588,718.48,8
1780819589,718.33,3
1780819590,718.41,1
1780819591,718.27,7
1780819592,718.32,2
1780819593,718.46,6
1780819594,718.26,6
1780819595,718.33,3
1780819596,718.25,5
1780819597,718.05,5
1780819598,718.03,3
1780819599,717.98,8
1780819600,717.85,5
1780819601,717.78,8
1780819602,717.83,3
1780819603,717.78,8
1780819604,717.60,0
1780819605,717.76,6
1780819606,717.68,8
1780819607,717.73,3
1780819608,717.76,6
1780819609,717.91,1
1780819610,717.75,5
1780819611,718.00,0
1780819612,718.06,6
1780819613,718.01,1
1780819614,717.98,8
1780819615,718.00,0
1780819616,718.14,4
1780819617,718.12,2
1780819618,718.14,4
1780819619,718.18,8
1780819620,718.35,5
1780819621,718.29,9
1780819622,718.08,8
1780819623,717.96,6
1780819624,717.92,2
1780819625,717.76,6
1780819626,717.48,8
1780819627,717.43,3
1780819628,717.61,1
1780819629,717.51,1
1780819630,717.46,6
1780819631,717.42,2
1780819632,717.24,4
1780819633,717.20,0
1780819634,717.39,9
1780819635,717.46,6
1780819636,717.45,5
1780819637,717.24,4
1780819638,717.24,4
1780819639,717.31,1
1780819640,717.40,0
1780819641,717.12,2
1780819642,716.98,8
1780819643,717.27,7
1780819644,717.30,0
1780819645,717.17,7
1780819646,717.16,6
1780819647,717.07,7
1780819648,716.88,8
1780819649,716.83,3
1780819650,716.82,2
1780819651,717.06,6
1780819652,717.18,8
1780819653,717.38,8
1780819654,717.44,4
1780819655,717.29,9
1780819656,717.16,6
1780819657,717.02,2
1780819658,717.11,1
1780819659,717.02,2
1780819660,717.02,2
1780819661,716.94,4
1780819662,716.99,9
1780819663,716.83,3
1780819664,716.84,4
1780819665,716.95,5
1780819666,716.91,1
1780819667,716.99,9
1780819668,717.08,8
1780819669,717.17,7
1780819670,717.25,5
1780819671,717.35,5
1780819672,717.32,2
1780819673,717.43,3
1780819674,717.25,5
1780819675,717.27,7
1780819676,717.29,9
1780819677,717.31,1
1780819678,717.50,0
1780819679,717.55,5
1780819680,717.61,1
1780819681,717.55,5
1780819682,717.37,7
1780819683,717.35,5
1780819684,717.41,1
1780819685,717.37,7
1780819686,717.39,9
1780819687,717.42,2
1780819688,717.25,5
1780819689,717.19,9
1780819690,717.21,1
1780819691,717.09,9
1780819692,717.15,5
1780819693,716.96,6
1780819694,716.81,1
1780819695,716.92,2
1780819696,716.89,9
1780819697,716.97,7
1780819698,716.99,9
1780819699,716.87,7
1780819700,716.96,6
1780819701,717.06,6
1780819702,717.12,2
1780819703,717.13,3
1780819704,717.16,6
1780819705,717.06,6
1780819706,717.17,7
1780819707,717.01,1
1780819708,717.17,7
1780819709,717.11,1
1780819710,717.16,6
1780819711,717.27,7
1780819712,717.25,5
1780819713,717.38,8
1780819714,717.57,7
1780819715,717.65,5
1780819716,717.70,0
1780819717,717.72,2
1780819718,717.52,2
1780819719,717.65,5
1780819720,717.77,7
1780819721,717.96,6
1780819722,717.85,5
1780819723,717.96,6
1780819724,717.97,7
1780819725,717.99,9
1780819726,717.75,5
1780819727,717.48,8
1780819728,717.43,3
1780819729,717.42,2
1780819730,717.27,7
1780819731,717.12,2
1780819732,717.32,2
1780819733,717.32,2
1780819734,717.20,0
1780819735,717.14,4
1780819736,716.93,3
1780819737,716.97,7
1780819738,716.88,8
1780819739,717.03,3
1780819740,717.03,3
1780819741,717.09,9
1780819742,717.19,9
1780819743,717.21,1
1780819744,717.17,7
1780819745,717.21,1
1780819746,717.23,3
1780819747,717.36,6
1780819748,717.24,4
1780819749,717.34,4
1780819750,717.45,5
1780819751,717.46,6
1780819752,717.39,9
1780819753,717.34,4
1780819754,717.40,0
1780819755,717.50,0
1780819756,717.46,6
1780819757,717.49,9
1780819758,717.37,7
1780819759,717.30,0
1780819760,717.07,7
1780819761,717.07,7
1780819762,717.24,4
1780819763,717.38,8
1780819764,717.24,4
1780819765,717.29,9
1780819766,717.19,9
1780819767,717.42,2
1780819768,717.53,3
1780819769,717.63,3
1780819770,717.66,6
1780819771,717.71,1
1780819772,717.76,6
1780819773,717.75,5
1780819774,717.94,4
1780819775,717.99,9
1780819776,717.80,0
1780819777,717.72,2
1780819778,717.71,1
1780819779,717.84,4
1780819780,717.72,2
1780819781,717.62,2
1780819782,717.76,6
1780819783,717.92,2
1780819784,717.84,4
1780819785,718.00,0
1780819786,718.19,9
1780819787,718.15,5
1780819788,718.08,8
1780819789,718.07,7
1780819790,718.02,2
1780819791,718.00,0
1780819792,718.12,2
1780819793,718.04,4
1780819794,718.19,9
1780819795,718.08,8
1780819796,718.14,4
1780819797,718.02,2
1780819798,718.18,8
1780819799,718.23,3
1780819800,718.27,7
1780819801,718.19,9
1780819802,718.48,8
1780819803,718.37,7
1780819804,718.32,2
1780819805,718.28,8
1780819806,718.19,9
1780819807,717.99,9
1780819808,717.90,0
1780819809,718.00,0
1780819810,717.96,6
1780819811,717.76,6
1780819812,717.79,9
1780819813,717.96,6
1780819814,717.80,0
1780819815,717.63,3
1780819816,717.22,2
1780819817,717.06,6
1780819818,717.19,9
1780819819,716.97,7
1780819820,716.99,9
1780819821,716.89,9
1780819822,716.85,5
1780819823,716.82,2
1780819824,716.93,3
1780819825,716.90,0
1780819826,716.59,9
1780819827,716.49,9
1780819828,716.40,0
1780819829,716.53,3
1780819830,716.36,6
1780819831,716.14,4
1780819832,716.04,4
1780819833,716.00,0
1780819834,716.04,4
1780819835,716.06,6
1780819836,716.01,1
1780819837,716.06,6
1780819838,716.07,7
1780819839,716.22,2
1780819840,716.11,1
1780819841,716.15,5
1780819842,716.08,8
1780819843,715.91,1
1780819844,715.85,5
1780819845,715.65,5
1780819846,715.88,8
1780819847,715.90,0
1780819848,715.77,7
1780819849,715.69,9
1780819850,715.50,0
1780819851,715.77,7
1780819852,715.71,1
1780819853,715.76,6
1780819854,715.68,8
1780819855,715.71,1
1780819856,715.69,9
1780819857,715.54,4
1780819858,715.58,8
1780819859,715.48,8
1780819860,715.35,5
1780819861,715.33,3
1780819862,715.27,7
1780819863,715.41,1
1780819864,715.43,3
1780819865,715.43,3
1780819866,715.35,5
1780819867,715.13,3
1780819868,715.15,5
1780819869,715.32,2
1780819870,715.21,1
1780819871,715.06,6
1780819872,715.17,7
1780819873,715.31,1
1780819874,715.50,0
1780819875,715.62,2
1780819876,715.66,6
1780819877,715.67,7
1780819878,715.75,5
1780819879,715.90,0
1780819880,715.88,8
1780819881,715.84,4
1780819882,715.95,5
1780819883,715.97,7
1780819884,715.83,3
1780819885,716.01,1
1780819886,716.00,0
1780819887,715.94,4
1780819888,715.78,8
1780819889,715.91,1
1780819890,715.94,4
1780819891,716.05,5
1780819892,715.99,9
1780819893,716.13,3
1780819894,715.93,3
1780819895,715.69,9
1780819896,715.67,7
1780819897,715.81,1
1780819898,715.83,3
1780819899,715.79,9
1780819900,715.81,1
1780819901,715.79,9
1780819902,715.83,3
1780819903,715.84,4
1780819904,715.86,6
1780819905,716.18,8
1780819906,716.06,6
1780819907,716.19,9
1780819908,716.18,8
1780819909,716.27,7
1780819910,716.09,9
1780819911,715.94,4
1780819912,715.86,6
1780819913,715.82,2
1780819914,715.75,5
1780819915,715.57,7
1780819916,715.64,4
1780819917,715.75,5
1780819918,715.68,8
1780819919,715.55,5
1780819920,715.50,0
1780819921,715.46,6
1780819922,715.33,3
1780819923,715.60,0
1780819924,715.38,8
1780819925,715.44,4
1780819926,715.50,0
1780819927,715.43,3
1780819928,715.47,7
1780819929,715.52,2
1780819930,715.45,5
1780819931,715.55,5
1780819932,715.55,5
1780819933,715.67,7
1780819934,715.55,5
1780819935,715.54,4
1780819936,715.42,2
1780819937,715.37,7
1780819938,715.45,5
1780819939,715.35,5
1780819940,715.28,8
1780819941,715.31,1
1780819942,715.10,0
1780819943,715.08,8
1780819944,714.92,2
1780819945,714.92,2
1780819946,715.07,7
1780819947,715.34,4
1780819948,715.26,6
1780819949,715.17,7
1780819950,715.33,3
1780819951,715.38,8
1780819952,715.38,8
1780819953,715.42,2
1780819954,715.47,7
1780819955,715.43,3
1780819956,715.48,8
1780819957,715.37,7
1780819958,715.18,8
1780819959,715.19,9
1780819960,715.18,8
1780819961,715.30,0
1780819962,715.11,1
1780819963,715.03,3
1780819964,715.02,2
1780819965,715.23,3
1780819966,715.27,7
1780819967,715.34,4
1780819968,715.29,9
1780819969,715.43,3
1780819970,715.69,9
1780819971,715.61,1
1780819972,715.32,2
1780819973,715.34,4
1780819974,715.33,3
1780819975,715.34,4
1780819976,715.26,6
1780819977,715.11,1
1780819978,715.17,7
1780819979,715.31,1
1780819980,714.98,8
1780819981,714.91,1
1780819982,714.94,4
1780819983,714.74,4
1780819984,714.57,7
1780819985,714.33,3
1780819986,714.19,9
1780819987,714.20,0
1780819988,714.16,6
1780819989,714.41,1
1780819990,714.44,4
1780819991,714.43,3
1780819992,714.36,6
1780819993,714.19,9
1780819994,714.15,5
1780819995,714.03,3
1780819996,713.91,1
1780819997,714.05,5
1780819998,714.01,1
1780819999,714.01,1
1780820000,713.73,3
1780820001,713.86,6
1780820002,713.63,3
1780820003,713.57,7
1780820004,713.46,6
1780820005,713.46,6
1780820006,713.50,0
1780820007,713.48,8
1780820008,713.51,1
1780820009,713.40,0
1780820010,713.38,8
1780820011,713.28,8
1780820012,713.10,0
1780820013,713.08,8
1780820014,713.11,1
1780820015,713.06,6
1780820016,713.03,3
1780820017,713.09,9
1780820018,713.05,5
1780820019,713.12,2
1780820020,713.01,1
1780820021,712.91,1
1780820022,712.69,9
1780820023,712.59,9
1780820024,712.66,6
1780820025,712.53,3
1780820026,712.60,0
1780820027,712.69,9
1780820028,712.83,3
1780820029,712.80,0
1780820030,712.65,5
1780820031,712.89,9
1780820032,712.84,4
1780820033,712.70,0
1780820034,712.63,3
1780820035,712.42,2
1780820036,712.46,6
1780820037,712.47,7
1780820038,712.49,9
1780820039,712.27,7
1780820040,712.28,8
1780820041,712.31,1
1780820042,712.39,9
1780820043,712.52,2
1780820044,712.70,0
1780820045,712.78,8
1780820046,712.80,0
1780820047,712.93,3
1780820048,712.77,7
1780820049,712.66,6
1780820050,712.70,0
1780820051,712.72,2
1780820052,712.79,9
1780820053,712.54,4
1780820054,712.42,2
1780820055,712.56,6
1780820056,712.39,9
1780820057,712.42,2
1780820058,712.47,7
1780820059,712.65,5
1780820060,712.74,4
1780820061,712.80,0
1780820062,713.01,1
1780820063,712.89,9
1780820064,712.86,6
1780820065,712.88,8
1780820066,712.85,5
1780820067,713.01,1
1780820068,713.12,2
1780820069,713.21,1
1780820070,713.14,4
1780820071,713.06,6
1780820072,712.86,6
1780820073,712.71,1
1780820074,712.91,1
1780820075,712.79,9
1780820076,712.71,1
1780820077,712.60,0
1780820078,712.47,7
1780820079,712.62,2
1780820080,712.57,7
1780820081,712.82,2
1780820082,712.90,0
1780820083,712.85,5
1780820084,712.68,8
1780820085,712.30,0
1780820086,712.27,7
1780820087,712.20,0
1780820088,712.38,8
1780820089,712.31,1
1780820090,712.43,3
1780820091,712.53,3
1780820092,712.56,6
1780820093,712.37,7
1780820094,712.34,4
1780820095,712.33,3
1780820096,712.16,6
1780820097,712.38,8
1780820098,712.37,7
1780820099,712.32,2
1780820100,712.51,1
1780820101,712.38,8
1780820102,712.45,5
1780820103,712.49,9
1780820104,712.40,0
1780820105,712.44,4
1780820106,712.50,0
1780820107,712.60,0
1780820108,712.53,3
1780820109,712.44,4
1780820110,712.58,8
1780820111,712.48,8
1780820112,712.65,5
1780820113,712.81,1
1780820114,712.66,6
1780820115,712.76,6
1780820116,712.88,8
1780820117,712.80,0
1780820118,712.73,3
1780820119,712.62,2
1780820120,712.52,2
1780820121,712.61,1
1780820122,712.46,6
1780820123,712.53,3
1780820124,712.52,2
1780820125,712.58,8
1780820126,712.77,7
1780820127,712.71,1
1780820128,712.68,8
1780820129,712.38,8
1780820130,712.31,1
1780820131,712.37,7
1780820132,712.12,2
1780820133,712.24,4
1780820134,712.20,0
1780820135,712.45,5
1780820136,712.48,8
1780820137,712.56,6
1780820138,712.73,3
1780820139,712.75,5
1780820140,712.91,1
1780820141,713.03,3
1780820142,713.07,7
1780820143,713.00,0
1780820144,713.07,7
1780820145,713.22,2
1780820146,713.14,4
1780820147,713.10,0
1780820148,712.93,3
1780820149,712.59,9
1780820150,712.55,5
1780820151,712.64,4
1780820152,712.64,4
1780820153,712.68,8
1780820154,712.60,0
1780820155,712.72,2
1780820156,712.55,5
1780820157,712.41,1
1780820158,712.50,0
1780820159,712.64,4
1780820160,712.81,1
1780820161,712.84,4
1780820162,712.64,4
1780820163,712.82,2
1780820164,712.87,7
1780820165,712.66,6
1780820166,712.58,8
1780820167,712.49,9
1780820168,712.38,8
1780820169,712.15,5
1780820170,712.00,0
1780820171,712.18,8
1780820172,712.25,5
1780820173,712.33,3
1780820174,712.09,9
1780820175,712.15,5
1780820176,712.19,9
1780820177,712.26,6
1780820178,712.34,4
1780820179,712.48,8
1780820180,712.61,1
1780820181,712.52,2
1780820182,712.42,2
1780820183,712.53,3
1780820184,712.43,3
1780820185,712.40,0
1780820186,712.50,0
1780820187,712.52,2
1780820188,712.49,9
1780820189,712.27,7
1780820190,712.42,2
1780820191,712.46,6
1780820192,712.42,2
1780820193,712.51,1
1780820194,712.29,9
1780820195,712.27,7
1780820196,712.21,1
1780820197,712.30,0
1780820198,712.30,0
1780820199,712.29,9
1780820200,712.12,2
1780820201,712.01,1
1780820202,712.15,5
1780820203,712.17,7
1780820204,712.27,7
1780820205,712.04,4
1780820206,712.35,5
1780820207,712.55,5
1780820208,712.58,8
1780820209,712.73,3
1780820210,712.74,4
1780820211,712.72,2
1780820212,712.77,7
1780820213,712.82,2
1780820214,712.95,5
1780820215,712.79,9
1780820216,712.74,4
1780820217,712.68,8
1780820218,712.72,2
1780820219,712.64,4
1780820220,712.51,1
1780820221,712.56,6
1780820222,712.68,8
1780820223,712.63,3
1780820224,712.47,7
1780820225,712.30,0
1780820226,712.33,3
1780820227,712.27,7
1780820228,712.23,3
1780820229,712.42,2
1780820230,712.46,6
1780820231,712.57,7
1780820232,712.49,9
1780820233,712.54,4
1780820234,712.53,3
1780820235,712.51,1
1780820236,712.52,2
1780820237,712.41,1
1780820238,712.60,0
1780820239,712.52,2
1780820240,712.53,3
1780820241,712.33,3
1780820242,712.12,2
1780820243,712.07,7
1780820244,712.30,0
1780820245,712.51,1
1780820246,712.39,9
1780820247,712.34,4
1780820248,712.37,7
1780820249,712.38,8
1780820250,712.26,6
1780820251,712.22,2
1780820252,712.18,8
1780820253,712.32,2
1780820254,712.34,4
1780820255,712.37,7
1780820256,712.63,3
1780820257,712.83,3
1780820258,712.78,8
1780820259,712.93,3
1780820260,712.86,6
1780820261,713.18,8
1780820262,713.20,0
1780820263,713.19,9
1780820264,712.97,7
1780820265,713.05,5
1780820266,713.23,3
1780820267,713.21,1
1780820268,713.08,8
1780820269,712.99,9
1780820270,713.01,1
1780820271,713.11,1
1780820272,713.11,1
1780820273,713.11,1
1780820274,713.30,0
1780820275,713.17,7
1780820276,712.89,9
1780820277,712.90,0
1780820278,712.73,3
1780820279,712.91,1
1780820280,713.03,3
1780820281,713.01,1
1780820282,713.13,3
1780820283,713.05,5
1780820284,712.99,9
1780820285,713.17,7
1780820286,713.02,2
1780820287,713.07,7
1780820288,713.05,5
1780820289,713.06,6
1780820290,712.99,9
1780820291,712.77,7
1780820292,712.81,1
1780820293,712.81,1
1780820294,713.18,8
1780820295,713.32,2
1780820296,713.10,0
1780820297,713.04,4
1780820298,712.81,1
1780820299,712.98,8
1780820300,712.82,2
1780820301,713.09,9
1780820302,713.03,3
1780820303,712.86,6
1780820304,712.70,0
1780820305,712.79,9
1780820306,713.18,8
1780820307,713.18,8
1780820308,713.13,3
1780820309,713.27,7
1780820310,713.30,0
1780820311,713.17,7
1780820312,713.11,1
1780820313,712.90,0
1780820314,712.88,8
1780820315,712.93,3
1780820316,713.11,1
1780820317,713.24,4
1780820318,713.32,2
1780820319,713.16,6
1780820320,712.98,8
1780820321,712.98,8
1780820322,713.20,0
1780820323,713.02,2
1780820324,712.94,4
1780820325,712.84,4
1780820326,712.83,3
1780820327,713.08,8
1780820328,713.06,6
1780820329,713.06,6
1780820330,713.09,9
1780820331,713.00,0
1780820332,713.17,7
1780820333,713.19,9
1780820334,713.07,7
1780820335,713.05,5
1780820336,713.18,8
1780820337,713.19,9
1780820338,713.05,5
1780820339,712.99,9
1780820340,713.01,1
1780820341,713.02,2
1780820342,713.08,8
1780820343,713.07,7
1780820344,713.31,1
1780820345,713.32,2
1780820346,713.05,5
1780820347,713.04,4
1780820348,713.04,4
1780820349,713.11,1
1780820350,713.09,9
1780820351,713.22,2
1780820352,713.17,7
1780820353,712.98,8
1780820354,712.78,8
1780820355,712.73,3
1780820356,712.78,8
1780820357,712.76,6
1780820358,712.64,4
1780820359,712.39,9
1780820360,712.33,3
1780820361,712.09,9
1780820362,712.10,0
1780820363,712.23,3
1780820364,712.27,7
1780820365,712.39,9
1780820366,712.53,3
1780820367,712.57,7
1780820368,712.67,7
1780820369,712.63,3
1780820370,712.74,4
1780820371,712.62,2
1780820372,712.54,4
1780820373,712.42,2
1780820374,712.61,1
1780820375,712.63,3
1780820376,712.54,4
1780820377,712.63,3
1780820378,712.89,9
1780820379,713.15,5
1780820380,713.29,9
1780820381,713.15,5
1780820382,713.26,6
1780820383,713.11,1
1780820384,713.30,0
1780820385,713.32,2
1780820386,713.32,2
1780820387,713.26,6
1780820388,713.31,1
1780820389,713.49,9
1780820390,713.50,0
1780820391,713.40,0
1780820392,713.41,1
1780820393,713.19,9
1780820394,713.31,1
1780820395,713.24,4
1780820396,713.30,0
1780820397,713.31,1
1780820398,713.18,8
1780820399,713.21,1
1780820400,713.26,6
1780820401,713.39,9
1780820402,713.46,6
1780820403,713.43,3
1780820404,713.42,2
1780820405,713.09,9
1780820406,713.23,3
1780820407,713.35,5
1780820408,713.21,1
1780820409,713.17,7
1780820410,713.21,1
1780820411,713.07,7
1780820412,712.94,4
1780820413,712.87,7
1780820414,712.89,9
1780820415,712.77,7
1780820416,712.68,8
1780820417,712.59,9
1780820418,712.49,9
1780820419,712.33,3
1780820420,712.44,4
1780820421,712.37,7
1780820422,712.60,0
1780820423,712.85,5
1780820424,712.95,5
1780820425,712.92,2
1780820426,713.02,2
1780820427,713.23,3
1780820428,713.11,1
1780820429,712.75,5
1780820430,712.80,0
1780820431,712.82,2
1780820432,712.93,3
1780820433,712.90,0
1780820434,712.78,8
1780820435,712.58,8
1780820436,712.48,8
1780820437,712.74,4
1780820438,712.67,7
1780820439,712.54,4
1780820440,712.71,1
1780820441,712.73,3
1780820442,712.74,4
1780820443,712.73,3
1780820444,712.54,4
1780820445,712.48,8
1780820446,712.50,0
1780820447,712.49,9
1780820448,712.36,6
1780820449,712.32,2
1780820450,712.20,0
1780820451,712.08,8
1780820452,712.09,9
1780820453,712.43,3
1780820454,712.43,3
1780820455,712.30,0
1780820456,712.54,4
1780820457,712.41,1
1780820458,712.50,0
1780820459,712.56,6
1780820460,712.54,4
1780820461,712.29,9
1780820462,712.11,1
1780820463,712.13,3
1780820464,712.00,0
1780820465,712.06,6
1780820466,712.19,9
1780820467,712.06,6
1780820468,712.28,8
1780820469,712.49,9
1780820470,712.32,2
1780820471,712.25,5
1780820472,712.22,2
1780820473,712.19,9
1780820474,712.12,2
1780820475,712.11,1
1780820476,712.10,0
1780820477,712.03,3
1780820478,712.03,3
1780820479,711.89,9
1780820480,712.06,6
1780820481,712.04,4
1780820482,711.92,2
1780820483,711.72,2
1780820484,711.57,7
1780820485,711.50,0
1780820486,711.52,2
1780820487,711.61,1
1780820488,711.65,5
1780820489,711.53,3
1780820490,711.50,0
1780820491,711.61,1
1780820492,711.65,5
1780820493,711.77,7
1780820494,711.59,9
1780820495,711.55,5
1780820496,711.55,5
1780820497,711.37,7
1780820498,711.11,1
1780820499,711.09,9
1780820500,711.18,8
1780820501,711.13,3
1780820502,711.19,9
1780820503,710.96,6
1780820504,710.85,5
1780820505,711.04,4
1780820506,711.10,0
1780820507,711.06,6
1780820508,711.25,5
1780820509,711.25,5
1780820510,711.38,8
1780820511,711.40,0
1780820512,711.32,2
1780820513,711.23,3
1780820514,711.36,6
1780820515,711.58,8
1780820516,711.34,4
1780820517,711.32,2
1780820518,711.39,9
1780820519,711.37,7
1780820520,711.28,8
1780820521,711.27,7
1780820522,711.21,1
1780820523,711.27,7
1780820524,711.38,8
1780820525,711.34,4
1780820526,711.52,2
1780820527,711.40,0
1780820528,711.27,7
1780820529,711.31,1
1780820530,711.22,2
1780820531,711.08,8
1780820532,711.02,2
1780820533,711.01,1
1780820534,710.98,8
1780820535,711.06,6
1780820536,711.03,3
1780820537,711.15,5
1780820538,711.10,0
1780820539,711.07,7
1780820540,711.01,1
1780820541,711.00,0
1780820542,711.10,0
1780820543,711.05,5
1780820544,711.16,6
1780820545,711.09,9
1780820546,711.00,0
1780820547,710.88,8
1780820548,710.78,8
1780820549,710.69,9
1780820550,710.59,9
1780820551,710.55,5
1780820552,710.51,1
1780820553,710.44,4
1780820554,710.47,7
1780820555,710.51,1
1780820556,710.36,6
1780820557,710.57,7
1780820558,710.69,9
1780820559,710.75,5
1780820560,710.68,8
1780820561,710.70,0
1780820562,710.50,0
1780820563,710.47,7
1780820564,710.52,2
1780820565,710.57,7
1780820566,710.47,7
1780820567,710.20,0
1780820568,710.19,9
1780820569,710.31,1
1780820570,710.23,3
1780820571,710.31,1
1780820572,710.48,8
1780820573,710.58,8
1780820574,710.54,4
1780820575,710.65,5
1780820576,710.78,8
1780820577,710.73,3
1780820578,710.81,1
1780820579,710.83,3
1780820580,710.66,6
1780820581,710.65,5
1780820582,710.51,1
1780820583,710.35,5
1780820584,710.40,0
1780820585,710.41,1
1780820586,710.46,6
1780820587,710.37,7
1780820588,710.21,1
1780820589,710.35,5
1780820590,710.35,5
1780820591,710.27,7
1780820592,710.20,0
1780820593,710.11,1
1780820594,710.14,4
1780820595,709.98,8
1780820596,709.75,5
1780820597,709.83,3
1780820598,709.73,3
1780820599,709.78,8
1780820600,710.02,2
1780820601,710.00,0
1780820602,709.95,5
1780820603,709.91,1
1780820604,709.97,7
1780820605,710.11,1
1780820606,710.06,6
1780820607,710.18,8
1780820608,710.12,2
1780820609,709.96,6
1780820610,710.11,1
1780820611,710.18,8
1780820612,710.27,7
1780820613,710.19,9
1780820614,710.23,3
1780820615,710.32,2
1780820616,710.23,3
1780820617,710.24,4
1780820618,710.29,9
1780820619,710.28,8
1780820620,710.19,9
1780820621,710.20,0
1780820622,710.22,2
1780820623,710.18,8
1780820624,709.95,5
1780820625,709.97,7
1780820626,709.91,1
1780820627,709.93,3
1780820628,709.97,7
1780820629,710.11,1
1780820630,710.15,5
1780820631,709.95,5
1780820632,710.14,4
1780820633,710.11,1
1780820634,710.15,5
1780820635,710.15,5
1780820636,710.20,0
1780820637,710.18,8
1780820638,710.16,6
1780820639,710.32,2
1780820640,710.23,3
1780820641,710.34,4
1780820642,710.41,1
1780820643,710.52,2
1780820644,710.31,1
1780820645,710.42,2
1780820646,710.39,9
1780820647,710.24,4
1780820648,710.25,5
1780820649,710.39,9
1780820650,710.43,3
1780820651,710.31,1
1780820652,710.30,0
1780820653,710.27,7
1780820654,710.15,5
1780820655,710.21,1
1780820656,710.33,3
1780820657,710.12,2
1780820658,710.44,4
1780820659,710.40,0
1780820660,710.51,1
1780820661,710.51,1
1780820662,710.48,8
1780820663,710.25,5
1780820664,710.24,4
1780820665,710.36,6
1780820666,710.42,2
1780820667,710.53,3
1780820668,710.32,2
1780820669,710.36,6
1780820670,710.35,5
1780820671,710.25,5
1780820672,710.33,3
1780820673,710.21,1
1780820674,710.44,4
1780820675,710.61,1
1780820676,710.52,2
1780820677,710.72,2
1780820678,710.49,9
1780820679,710.35,5
1780820680,710.43,3
1780820681,710.56,6
1780820682,710.48,8
1780820683,710.54,4
1780820684,710.58,8
1780820685,710.67,7
1780820686,710.76,6
1780820687,710.75,5
1780820688,710.76,6
1780820689,710.61,1
1780820690,710.63,3
1780820691,710.65,5
1780820692,710.57,7
1780820693,710.74,4
1780820694,710.80,0
1780820695,710.85,5
1780820696,711.06,6
1780820697,711.14,4
1780820698,711.19,9
1780820699,711.33,3
1780820700,711.06,6
1780820701,711.20,0
1780820702,711.27,7
1780820703,711.16,6
1780820704,711.05,5
1780820705,711.24,4
1780820706,711.30,0
1780820707,711.12,2
1780820708,711.31,1
1780820709,711.21,1
1780820710,711.17,7
1780820711,711.27,7
1780820712,711.25,5
1780820713,711.28,8
1780820714,711.42,2
1780820715,711.49,9
1780820716,711.47,7
1780820717,711.56,6
1780820718,711.57,7
1780820719,711.79,9
1780820720,711.80,0
1780820721,711.74,4
1780820722,711.84,4
1780820723,711.92,2
1780820724,711.78,8
1780820725,711.80,0
1780820726,711.88,8
1780820727,712.02,2
1780820728,712.13,3
1780820729,712.18,8
1780820730,711.98,8
1780820731,711.89,9
1780820732,711.66,6
1780820733,711.54,4
1780820734,711.59,9
1780820735,711.73,3
1780820736,711.77,7
1780820737,711.80,0
1780820738,711.96,6
1780820739,711.66,6
1780820740,711.58,8
1780820741,711.75,5
1780820742,711.59,9
1780820743,711.56,6
1780820744,711.39,9
1780820745,711.25,5
1780820746,711.12,2
1780820747,711.12,2
1780820748,711.05,5
1780820749,710.91,1
1780820750,710.88,8
1780820751,710.98,8
1780820752,710.75,5
1780820753,710.71,1
1780820754,710.53,3
1780820755,710.40,0
1780820756,710.44,4
1780820757,710.64,4
1780820758,710.62,2
1780820759,710.55,5
1780820760,710.48,8
1780820761,710.41,1
1780820762,710.43,3
1780820763,710.54,4
1780820764,710.59,9
1780820765,710.57,7
1780820766,710.57,7
1780820767,710.58,8
1780820768,710.55,5
1780820769,710.46,6
1780820770,710.57,7
1780820771,710.56,6
1780820772,710.62,2
1780820773,710.60,0
1780820774,710.29,9
1780820775,710.24,4
1780820776,710.46,6
1780820777,710.20,0
1780820778,710.36,6
1780820779,710.51,1
1780820780,710.71,1
1780820781,710.76,6
1780820782,710.68,8
1780820783,710.76,6
1780820784,710.89,9
1780820785,710.82,2
1780820786,710.70,0
1780820787,710.75,5
1780820788,710.76,6
1780820789,710.83,3
1780820790,710.92,2
1780820791,710.83,3
1780820792,710.74,4
1780820793,710.62,2
1780820794,710.65,5
1780820795,710.57,7
1780820796,710.63,3
1780820797,710.77,7
1780820798,710.87,7
1780820799,710.83,3
1780820800,710.69,9
1780820801,710.65,5
1780820802,710.70,0
1780820803,710.84,4
1780820804,710.73,3
1780820805,710.79,9
1780820806,710.80,0
1780820807,710.49,9
1780820808,710.44,4
1780820809,710.42,2
1780820810,710.35,5
1780820811,710.21,1
1780820812,710.17,7
1780820813,710.17,7
1780820814,710.42,2
1780820815,710.45,5
1780820816,710.46,6
1780820817,710.52,2
1780820818,710.64,4
1780820819,710.37,7
1780820820,710.21,1
1780820821,710.27,7
1780820822,710.39,9
1780820823,710.35,5
1780820824,710.15,5
1780820825,709.92,2
1780820826,710.02,2
1780820827,710.13,3
1780820828,710.10,0
1780820829,709.98,8
1780820830,709.72,2
1780820831,709.68,8
1780820832,709.63,3
1780820833,709.80,0
1780820834,709.94,4
1780820835,709.98,8
1780820836,709.92,2
1780820837,709.79,9
1780820838,709.92,2
1780820839,710.00,0
1780820840,709.90,0
1780820841,709.81,1
1780820842,709.76,6
1780820843,709.65,5
1780820844,709.76,6
1780820845,709.77,7
1780820846,709.77,7
1780820847,709.81,1
1780820848,709.56,6
1780820849,709.56,6
1780820850,709.51,1
1780820851,709.62,2
1780820852,709.54,4
1780820853,709.57,7
1780820854,709.73,3
1780820855,709.79,9
1780820856,709.76,6
1780820857,709.60,0
1780820858,709.59,9
1780820859,709.71,1
1780820860,709.91,1
1780820861,709.69,9
1780820862,709.60,0
1780820863,709.73,3
1780820864,709.84,4
1780820865,709.95,5
1780820866,709.94,4
1780820867,710.05,5
1780820868,709.87,7
1780820869,709.62,2
1780820870,709.60,0
1780820871,709.64,4
1780820872,709.59,9
1780820873,709.69,9
1780820874,709.74,4
1780820875,709.59,9
1780820876,709.39,9
1780820877,709.36,6
1780820878,709.31,1
1780820879,709.36,6
1780820880,709.26,6
1780820881,709.43,3
1780820882,709.47,7
1780820883,709.58,8
1780820884,709.81,1
1780820885,709.62,2
1780820886,709.94,4
1780820887,709.85,5
1780820888,710.19,9
1780820889,710.02,2
1780820890,710.08,8
1780820891,710.13,3
1780820892,709.77,7
1780820893,709.59,9
1780820894,709.65,5
1780820895,709.37,7
1780820896,709.55,5
1780820897,709.40,0
1780820898,709.60,0
1780820899,709.44,4
1780820900,709.48,8
1780820901,709.44,4
1780820902,709.50,0
1780820903,709.58,8
1780820904,709.58,8
1780820905,709.52,2
1780820906,709.62,2
1780820907,709.67,7
1780820908,709.82,2
1780820909,709.78,8
1780820910,709.93,3
1780820911,709.97,7
1780820912,709.70,0
1780820913,709.65,5
1780820914,709.53,3
1780820915,709.62,2
1780820916,709.62,2
1780820917,709.61,1
1780820918,709.64,4
1780820919,709.63,3
1780820920,709.50,0
1780820921,709.39,9
1780820922,709.60,0
1780820923,709.77,7
1780820924,709.84,4
1780820925,709.85,5
1780820926,709.92,2
1780820927,709.96,6
1780820928,709.94,4
1780820929,709.85,5
1780820930,709.74,4
1780820931,709.82,2
1780820932,709.79,9
1780820933,709.64,4
1780820934,709.47,7
1780820935,709.45,5
1780820936,709.39,9
1780820937,709.47,7
1780820938,709.42,2
