date,comm_net,noncomm_net,open_interest,comm_positions_long_all,comm_positions_short_all,noncomm_positions_long_all,noncomm_positions_short_all
1986-01-15,7463,-7975,15693,9782,2319,407,8382
1986-01-31,9764,-8988,18922,12821,3057,413,9401
1986-02-14,-1038,-803,13901,6071,7109,1710,2513
1986-02-28,3231,-2209,15075,8775,5544,1547,3756
1986-03-14,-194,-372,14134,6981,7175,1524,1896
1986-03-31,-2241,764,9748,2735,4976,1768,1004
1986-04-15,-3152,775,10983,2642,5794,2185,1410
1986-04-30,-7236,1848,13670,1523,8759,3401,1553
1986-05-15,-5946,1067,14246,1804,7750,3575,2508
1986-05-30,-6874,2108,14977,4384,11258,2233,125
1986-06-13,-3702,152,13025,5342,9044,1174,1022
1986-06-30,-2126,485,9400,917,3043,1417,932
1986-07-15,-5102,693,11320,975,6077,1951,1258
1986-07-31,-343,-926,13759,6636,6979,1040,1966
1986-08-15,2011,-1377,15436,8997,6986,1557,2934
1986-08-29,4225,-2822,17501,12479,8254,205,3027
1986-09-15,-1801,-743,16111,7614,9415,328,1071
1986-09-30,-2676,-746,9358,1733,4409,249,995
1986-10-15,-1426,-1711,11095,3183,4609,462,2173
1986-10-31,-508,-2268,12377,4355,4863,702,2970
1986-11-14,-7379,2437,15667,1957,9336,4160,1723
1986-11-28,-4218,-130,14648,3931,8149,1620,1750
1986-12-15,-7355,1980,18363,5407,12762,3056,1076
1986-12-31,-6441,1807,14937,3637,10078,2905,1098
1987-01-15,-7770,2014,15379,2253,10023,3591,1577
1987-01-30,-14992,5165,23106,1521,16513,6196,1031
1987-02-13,-12658,3157,24222,3870,16528,4639,1482
1987-02-27,-14462,5770,24837,2839,17301,6827,1057
1987-03-13,-22083,10992,34455,6548,28631,11212,220
1987-03-31,-19019,7386,27963,2467,21486,7855,469
1987-04-15,-10639,2843,25825,7102,17741,3643,800
1987-04-30,-5521,-132,24537,10780,16301,1721,1853
1987-05-15,-4826,410,24663,10648,15474,1667,1257
1987-05-29,-4544,356,25406,11135,15679,1521,1165
1987-06-15,-4195,927,25820,11588,15783,1507,580
1987-06-30,-11293,2941,19674,6380,17673,3215,274
1987-07-15,-14982,4652,23082,2723,17705,4652,0
1987-07-31,-8341,2247,19033,5047,13388,2531,284
1987-08-14,-9235,2530,18322,3477,12712,2530,0
1987-08-31,-15966,5064,23449,1803,17769,5651,587
1987-09-15,-13729,6290,19660,2044,15773,6821,531
1987-09-30,-16660,8694,21422,601,17261,8694,0
1987-10-15,-18018,10116,23337,613,18631,10116,0
1987-10-30,-6544,1913,19138,7702,14246,2393,480
1987-11-13,-2854,1716,18209,8992,11846,2196,480
1987-11-30,-5366,2047,19321,6851,12217,2527,480
1987-12-15,-11412,2806,12185,2124,13536,3452,646
1987-12-31,-10054,4238,14908,0,10054,4907,669
1988-01-15,-16977,7731,21722,613,17590,7950,219
1988-01-29,-19005,8870,25446,839,19844,9296,426
1988-02-12,-17699,8375,25254,619,18318,9635,1260
1988-02-29,-16596,8798,23411,469,17065,9283,485
1988-03-15,-14570,5965,18998,2740,17310,5965,0
1988-03-31,-16830,8295,24339,793,17623,8840,545
1988-04-15,-14569,5439,23747,2792,17361,6314,875
1988-04-29,-13851,4035,25940,2397,16248,6206,2171
1988-05-13,-15014,7102,28220,2520,17534,8885,1783
1988-05-31,-11448,4028,29846,4764,16212,5917,1889
1988-06-15,-29364,18117,36198,1292,30656,19403,1286
1988-06-30,-27053,18013,33848,2002,29055,18320,307
1988-07-15,-24833,17166,33023,1459,26292,17929,763
1988-07-29,-15983,9078,30069,7289,23272,9590,512
1988-08-15,-4996,3643,28090,11536,16532,5469,1826
1988-08-31,1041,-429,28513,15703,14662,2707,3136
1988-09-15,-999,-931,25186,13112,14111,2412,3343
1988-09-30,-8108,1255,17849,1758,9866,3819,2564
1988-10-14,-14710,4488,21686,1452,16162,5223,735
1988-10-31,-12194,4811,23452,1881,14075,5651,840
1988-11-15,-1148,578,17370,5855,7003,2366,1788
1988-11-30,-14533,6852,28227,2541,17074,9566,2714
1988-12-15,-8616,2633,27374,9301,17917,5181,2548
1988-12-30,-15093,6570,21974,1515,16608,8136,1566
1989-01-13,-11532,4864,21597,2636,14168,6105,1241
1989-01-31,-17592,9077,29437,1923,19515,12506,3429
1989-02-15,-12915,6497,28642,3684,16599,9739,3242
1989-02-28,4741,-2384,30683,15896,11155,1373,3757
1989-03-15,345,1760,15491,3052,2707,3429,1669
1989-03-31,-7284,5084,19631,1235,8519,7049,1965
1989-04-14,-9184,6040,20893,1192,10376,7688,1648
1989-04-28,-7215,6212,22867,3329,10544,7729,1517
1989-05-15,-12216,9150,25373,2848,15064,10307,1157
1989-05-31,9979,-3246,29282,17499,7520,2725,5971
1989-06-15,10023,-5141,29253,19180,9157,1234,6375
1989-06-30,1624,-1214,17987,8109,6485,2872,4086
1989-07-14,-541,323,17853,6789,7330,2802,2479
1989-07-31,-7741,5784,27257,7963,15704,8894,3110
1989-08-15,-8748,7876,29531,9101,17849,10541,2665
1989-08-31,-8943,9388,34598,9994,18937,13394,4006
1989-09-15,1350,1860,30187,15269,13919,7480,5620
1989-09-29,-3022,5229,20315,5064,8086,8311,3082
1989-10-13,-9651,11781,27248,4741,14392,14567,2786
1989-10-31,-7079,9332,26267,6706,13785,11688,2356
1989-11-15,-10170,11706,29514,5869,16039,13856,2150
1989-11-30,-11088,11396,30846,6203,17291,13672,2276
1989-12-15,-11571,11246,33546,10809,22380,13327,2081
1989-12-29,-12455,10422,23526,1420,13875,12551,2129
1990-01-15,-5499,7134,24717,5430,10929,10615,3481
1990-01-31,16398,-9246,28934,22272,5874,393,9639
1990-02-15,15994,-9171,29370,20815,4821,787,9958
1990-02-28,16363,-10019,29024,22145,5782,251,10270
1990-03-15,5445,-2714,27766,16925,11480,2591,5305
1990-03-30,1529,222,17957,6894,5365,3130,2908
1990-04-12,-5292,5748,25282,6618,11910,8166,2418
1990-04-30,-3387,5821,29053,8210,11597,9476,3655
1990-05-15,16424,-2987,33642,22636,6212,4243,7230
1990-05-31,14735,-4210,34873,22530,7795,2543,6753
1990-06-15,9087,-2316,30514,19536,10449,3303,5619
1990-06-29,-905,4507,31003,12623,13528,8570,4063
1990-07-13,-6917,8918,38769,13026,19943,12952,4034
1990-07-31,-8541,11585,42224,15618,24159,14849,3264
1990-08-15,-10445,10975,41556,15745,26190,13532,2557
1990-08-31,2910,2666,41206,25084,22174,6010,3344
1990-09-14,11900,-2539,38281,29574,17674,1472,4011
1990-09-28,6963,-721,27661,19193,12230,1604,2325
1990-10-15,1619,2678,27955,14876,13257,4679,2001
1990-10-31,10711,-4638,32325,22346,11635,1656,6294
1990-11-15,9837,-5147,31534,20941,11104,693,5840
1990-11-30,8737,-2316,28907,17727,8990,2237,4553
1990-12-14,1334,300,23961,12590,11256,1957,1657
1990-12-31,-1001,2215,22712,9388,10389,4064,1849
1991-01-15,-15199,12899,32725,5608,20807,14157,1258
1991-01-31,4392,-90,25737,12051,7659,4342,4432
1991-02-15,3613,-925,27245,11912,8299,5585,6510
1991-02-28,-2937,2964,31879,9355,12292,9837,6873
1991-03-15,-3072,2829,26779,8835,11907,6577,3748
1991-03-28,1941,1211,19241,6289,4348,5056,3845
1991-04-15,-9997,9252,28691,3551,13548,13581,4329
1991-04-30,1531,1614,25340,9827,8296,6242,4628
1991-05-15,-5567,5829,28608,7521,13088,9430,3601
1991-05-31,-9335,8376,32355,7092,16427,12330,3954
1991-06-14,-13453,10390,37191,11039,24492,13278,2888
1991-06-28,-13390,11478,29427,4151,17541,14153,2675
1991-07-15,537,785,24326,7699,7162,6344,5559
1991-07-31,4849,-2377,22297,12094,7245,2643,5020
1991-08-15,-6704,6383,26022,6574,13278,9093,2710
1991-08-30,-11044,8662,29129,7005,18049,11113,2451
1991-09-16,-7208,5961,38130,17144,24352,11639,5678
1991-09-30,-3690,2131,27203,7590,11280,10063,7932
1991-10-15,-8462,6104,28454,6430,14892,10856,4752
1991-10-31,-10242,8079,29873,6561,16803,11911,3832
1991-11-15,3298,-1852,26661,12893,9595,4659,6511
1991-11-29,3821,-2423,25535,12621,8800,3814,6237
1991-12-13,6612,-3808,22133,15417,8805,1234,5042
1991-12-31,13595,-7538,20540,16078,2483,259,7797
1992-01-15,9817,-4985,18256,12891,3074,205,5190
1992-01-31,15544,-7931,23068,19021,3477,283,8214
1992-02-14,14944,-7297,23894,19177,4233,234,7531
1992-02-28,9315,-4310,22904,14655,5340,872,5182
1992-03-13,10286,-4473,29383,20893,10607,2353,6826
1992-03-31,7688,-3691,21405,12300,4612,2236,5927
1992-04-15,194,127,22012,9465,9271,3718,3591
1992-04-30,5548,-2939,20585,12496,6948,1213,4152
1992-05-15,16400,-10539,26914,20528,4128,587,11126
1992-05-29,12818,-7699,25630,17314,4496,2177,9876
1992-06-15,3448,-3547,24250,13228,9780,3646,7193
1992-06-30,4266,-2651,20036,9318,5052,4148,6799
1992-07-15,526,-785,24509,10126,9600,7012,7797
1992-07-31,-8949,3637,30397,7555,16504,11663,8026
1992-08-14,-1210,700,26979,10004,11214,7947,7247
1992-08-31,3109,-2913,26375,12610,9501,5370,8283
1992-09-15,20132,-11529,31229,25079,4947,716,12245
1992-09-30,15117,-9616,28128,19150,4033,1474,11090
1992-10-06,16633,-10009,29787,21578,4945,630,10639
1992-10-13,14210,-8501,28345,20049,5839,370,8871
1992-10-20,10271,-5923,27811,17362,7091,1532,7455
1992-10-27,7668,-5928,25623,15235,7567,1158,7086
1992-11-03,5471,-4403,23862,12572,7101,1527,5930
1992-11-10,9422,-4885,25486,16085,6663,758,5643
1992-11-17,13013,-5377,29834,20285,7272,1106,6483
1992-11-24,13618,-5620,31439,21511,7893,2041,7661
1992-12-01,14846,-7307,31410,22290,7444,658,7965
1992-12-08,11768,-4905,28270,19877,8109,370,5275
1992-12-15,9766,-4233,30053,22155,12389,420,4653
1992-12-22,1721,-263,18042,9852,8131,1155,1418
1992-12-29,-1403,1406,19632,8839,10242,2700,1294
1993-01-05,1143,758,20289,10572,9429,2113,1355
1993-01-12,2424,-6,20715,11633,9209,1371,1377
1993-01-19,2841,-359,20672,11635,8794,1618,1977
1993-01-26,3442,-1147,19475,11617,8175,684,1831
1993-02-02,-5908,3878,21708,6328,12236,5232,1354
1993-02-09,-5365,4504,23366,6869,12234,6608,2104
1993-02-16,-8026,4939,25911,7078,15104,7155,2216
1993-02-23,-10294,6167,25332,5608,15902,7748,1581
1993-03-02,-13199,7565,27166,4874,18073,8566,1001
1993-03-09,-11604,6708,31769,9009,20613,8642,1934
1993-03-16,-14840,7529,30163,4772,19612,8872,1343
1993-03-23,-10144,5126,20880,1360,11504,7328,2202
1993-03-30,-4617,1794,21004,4500,9117,5368,3574
1993-04-06,1208,306,20678,6874,5666,4322,4016
1993-04-13,2778,-526,22199,8495,5717,3710,4236
1993-04-20,2886,-2348,22691,9259,6373,3327,5675
1993-04-27,11321,-5515,28933,17601,6280,2953,8468
1993-05-04,13019,-6440,29784,19159,6140,1771,8211
1993-05-11,14610,-7287,29706,20381,5771,1221,8508
1993-05-18,11172,-5530,27440,17597,6425,1007,6537
1993-05-25,-1040,-113,22414,9259,10299,1968,2081
1993-06-01,3240,-1087,24302,12080,8840,1236,2323
1993-06-08,14797,-6437,37449,26933,12136,627,7064
1993-06-15,16103,-7068,37502,29406,13303,336,7404
1993-06-22,7498,-2428,26335,15736,8238,2138,4566
1993-06-29,8547,-2898,27008,16746,8199,1561,4459
1993-07-06,13409,-5661,31644,21429,8020,1722,7383
1993-07-13,5128,-2209,29175,16362,11234,2142,4351
1993-07-20,1015,414,28579,14391,13376,3237,2823
1993-07-27,3791,-1996,28857,16754,12963,2133,4129
1993-08-03,19082,-10779,40502,32061,12979,346,11125
1993-08-10,20743,-12884,43458,34006,13263,311,13195
1993-08-17,27479,-18602,48848,38945,11466,353,18955
1993-08-24,26757,-18328,46154,36352,9595,398,18726
1993-08-31,23990,-15844,45243,33507,9517,1965,17809
1993-09-07,24075,-15482,46780,34322,10247,2157,17639
1993-09-14,20916,-10328,44869,34223,13307,2403,12731
1993-09-21,10045,-6499,34773,21597,11552,3088,9587
1993-09-28,14404,-8246,36772,24579,10175,3758,12004
1993-10-05,27181,-16540,50423,38663,11482,4036,20576
1993-10-12,24070,-14494,49915,37359,13289,4434,18928
1993-10-19,18187,-10891,45072,32502,14315,4261,15152
1993-10-26,-5910,4078,33188,13684,19594,7644,3566
1993-11-02,-8648,4970,33472,10768,19416,8606,3636
1993-11-09,-11507,5445,34602,9703,21210,9698,4253
1993-11-16,23,-1487,29633,14019,13996,2585,4072
1993-11-23,222,1089,31538,16874,16652,3309,2220
1993-11-30,3902,-838,34373,20543,16641,3420,4258
1993-12-07,913,782,31913,16981,16068,3380,2598
1993-12-14,3672,-1136,31438,19017,15345,2839,3975
1993-12-21,7412,-2089,29211,16879,9467,3169,5258
1993-12-28,-723,702,24332,10831,11554,3031,2329
1994-01-04,-10341,7372,28295,6178,16519,8240,868
1994-01-11,-10434,5829,27694,5849,16283,6906,1077
1994-01-18,-10667,4678,27523,6078,16745,6190,1512
1994-01-25,-13462,6951,28554,4641,18103,8127,1176
1994-02-01,-5838,3854,29112,11136,16974,4939,1085
1994-02-08,2545,-1477,35365,19840,17295,3647,5124
1994-02-15,7430,-5197,41220,23789,16359,3653,8850
1994-02-22,5426,-4246,41548,22640,17214,5012,9258
1994-03-01,8899,-6991,46975,26901,18002,4021,11012
1994-03-08,11558,-9400,52577,32558,21000,3702,13102
1994-03-15,11003,-9547,56396,28670,17667,4374,13921
1994-03-22,8757,-8132,43654,26173,17416,4529,12661
1994-03-29,9012,-10015,44543,24766,15754,4746,14761
1994-04-05,11010,-11630,43576,25525,14515,2764,14394
1994-04-12,10751,-8967,43423,24951,14200,4976,13943
1994-04-19,8159,-6361,42749,23454,15295,5654,12015
1994-04-26,2514,-4437,41747,21414,18900,5297,9734
1994-05-03,4292,-6427,43915,22883,18591,5084,11511
1994-05-10,673,-2405,43990,21708,21035,6231,8636
1994-05-17,1644,-4139,42898,21257,19613,4918,9057
1994-05-24,5488,-7335,45144,25186,19698,2965,10300
1994-05-31,4769,-5900,45427,26264,21495,3317,9217
1994-06-07,-8625,2168,49293,20580,29205,6811,4643
1994-06-14,388,386,43074,20423,20035,6221,5835
1994-06-21,5635,-4817,40447,17185,11550,10098,14915
1994-06-28,5409,-3945,40351,16845,11436,10094,14039
1994-07-05,-3597,2447,36536,10809,14406,11239,8792
1994-07-12,-1921,452,36327,11898,13819,10157,9705
1994-07-19,-9225,5649,34927,8035,17260,11618,5969
1994-07-26,-10997,6988,35599,7941,18938,12736,5748
1994-08-02,2324,-2124,34259,15268,12944,6208,8332
1994-08-09,-14572,8935,40216,8347,22919,13641,4706
1994-08-16,-14916,8472,39964,9042,23958,14059,5587
1994-08-23,-12647,6255,39309,10023,22670,13359,7104
1994-08-30,-17184,8277,44063,9259,26443,16604,8327
1994-09-06,-15491,6541,51099,10491,25982,15148,8607
1994-09-13,-24461,16032,51441,9957,34418,23139,7107
1994-09-20,-31236,21018,54681,4760,35996,25203,4185
1994-09-27,-30514,20149,45915,4216,34730,23812,3663
1994-10-04,-30883,19723,46240,4124,35007,24047,4324
1994-10-11,-29122,18385,44573,3997,33119,22691,4306
1994-10-18,-6217,1015,37850,13876,20093,9963,8948
1994-10-25,-10442,3593,38021,12099,22541,10227,6634
1994-11-01,-4147,380,38858,15807,19954,8307,7927
1994-11-08,-1811,-3834,37841,16370,18181,6597,10431
1994-11-15,3470,-7652,39735,21196,17726,2581,10233
1994-11-22,17016,-17033,46293,32095,15079,1605,18638
1994-11-29,22278,-20226,54462,37099,14821,1287,21513
1994-12-06,20205,-17574,55343,37229,17024,1949,19523
1994-12-13,26503,-22865,67004,52336,25833,1927,24792
1994-12-20,22651,-24444,67155,47728,25077,1431,25875
1994-12-27,30591,-24857,51589,39908,9317,1297,26154
1995-01-03,32836,-27195,54732,42696,9860,1078,28273
1995-01-10,32326,-26749,56636,42229,9903,1683,28432
1995-01-17,27007,-24149,55051,37663,10656,2428,26577
1995-01-24,24896,-22638,56213,38129,13233,2877,25515
1995-01-31,17331,-17701,52723,32547,15216,3790,21491
1995-02-07,1172,-5438,46674,24759,23587,3220,8658
1995-02-14,-3520,-232,43238,21743,25263,4379,4611
1995-02-21,-5592,890,43565,21357,26949,4837,3947
1995-02-28,-5622,688,42646,21473,27095,3401,2713
1995-03-07,746,-620,44087,23671,22925,4388,5008
1995-03-14,2415,-2049,38084,19636,17221,2755,4804
1995-03-21,-3973,1318,27462,10639,14612,4295,2977
1995-03-28,-4887,1987,27263,10693,15580,4203,2216
1995-04-04,-13168,6371,33239,10237,23405,7804,1433
1995-04-11,-25872,14413,46365,10107,35979,16453,2040
1995-04-18,-29938,16433,48540,10490,40428,17049,616
1995-04-25,-29765,16548,50031,11458,41223,17160,612
1995-05-02,-31469,17147,50828,11294,42763,17798,651
1995-05-09,-29627,16780,50968,11178,40805,18047,1267
1995-05-16,-26909,15673,48219,10824,37733,16528,855
1995-05-23,-20820,13255,45027,12063,32883,14333,1078
1995-05-30,-14800,8040,40885,11942,26742,9787,1747
1995-06-06,-7467,4727,39995,15671,23138,6761,2034
1995-06-13,-6791,1955,40815,15799,22590,5414,3459
1995-06-20,-7884,4353,36466,13428,21312,6720,2367
1995-06-27,-14930,6117,33533,8558,23488,8189,2072
1995-07-03,-15747,6628,34118,8817,24564,8620,1992
1995-07-11,-31819,17139,50369,7927,39746,20092,2953
1995-07-18,-30785,16720,49312,8372,39157,19117,2397
1995-07-25,-29080,16394,46023,8161,37241,17163,769
1995-08-01,-18760,11119,39597,10744,29504,11390,271
1995-08-08,-20564,11699,38822,9812,30376,12387,688
1995-08-15,-18195,10476,38040,10383,28578,11661,1185
1995-08-22,-19148,11930,38582,10034,29182,12601,671
1995-08-29,-38520,24193,57983,8943,47463,25489,1296
1995-09-05,-39058,25699,59686,9480,48538,26814,1115
1995-09-12,-36539,23619,74047,22216,58755,24088,469
1995-09-19,-2581,1674,50826,32558,35139,3743,2069
1995-09-26,-7535,2674,33153,17339,24874,3485,811
1995-10-03,-19449,9148,43581,15311,34760,9968,820
1995-10-10,-22892,10566,45203,13506,36398,11456,890
1995-10-17,-21382,10324,43870,13567,34949,11283,959
1995-10-24,-3853,1125,42368,21405,25258,5274,4149
1995-10-31,-5709,3819,42519,22460,28169,4025,206
1995-11-07,-9235,4669,39221,20613,29848,4669,0
1995-11-14,-7688,3872,39472,21656,29344,4174,302
1995-11-21,-10277,3943,40386,21752,32029,4213,270
1995-11-28,-8400,4281,41357,23323,31723,4281,0
1995-12-05,-6544,654,42909,26020,32564,3121,2467
1995-12-12,7237,-8677,51147,33184,25947,1993,10670
1995-12-19,7603,-8324,50078,34130,26527,2139,10463
1995-12-26,-4240,1291,27808,11680,15920,2885,1594
1996-01-02,-6580,1548,29038,11570,18150,2938,1390
1996-01-09,-8553,2333,27971,10016,18569,3179,846
1996-01-16,-5928,2074,28290,11005,16933,2897,823
1996-01-23,-5969,385,29221,11304,17273,2330,1945
1996-01-30,9285,-11492,42912,25979,16694,1931,13423
1996-02-06,5695,-9728,42313,22660,16965,3122,12850
1996-02-13,-7684,-222,35631,15141,22825,3032,3254
1996-02-20,2518,-5355,39066,20789,18271,1961,7316
1996-02-27,-295,-3733,36277,17786,18081,1835,5568
1996-03-05,-4562,43,35854,15966,20528,3461,3418
1996-03-12,-12966,3373,37673,14816,27782,5019,1646
1996-03-19,-26243,14241,47150,11562,37805,15039,798
1996-03-26,-24700,13452,38235,6116,30816,14125,673
1996-04-02,-33071,18679,45017,5039,38110,19173,494
1996-04-09,-28455,15126,41188,5184,33639,15828,702
1996-04-16,-26153,13763,41267,6393,32546,14176,413
1996-04-23,-17626,9827,39169,11460,29086,10240,413
1996-04-30,-12827,6656,38673,14764,27591,8456,1800
1996-05-07,-11775,5741,42265,18156,29931,8129,2388
1996-05-14,-3641,689,46048,24628,28269,6807,6118
1996-05-21,8330,-10879,49808,31506,23176,2006,12885
1996-05-28,13461,-14179,53866,37236,23775,2152,16331
1996-06-04,-3171,-2432,43947,22738,25909,2497,4929
1996-06-11,-10983,2216,39445,16859,27842,4068,1852
1996-06-18,-5317,1528,37261,17331,22648,3380,1852
1996-06-25,-19357,8276,34868,7191,26548,9863,1587
1996-07-02,-18939,7489,37716,8428,27367,10682,3193
1996-07-09,-8354,306,36736,13866,22220,4553,4247
1996-07-16,-7329,-132,37383,16077,23406,5070,5202
1996-07-23,-5556,-779,36777,16961,22517,4141,4920
1996-07-30,931,-4596,39255,21903,20972,3038,7634
1996-08-06,698,-4457,41519,22867,22169,3391,7848
1996-08-13,-832,-4255,39870,21462,22294,2891,7146
1996-08-20,-1887,-2504,40733,21136,23023,3356,5860
1996-08-27,-13858,4653,43173,18680,32538,7408,2755
1996-09-03,-18744,8448,50100,18571,37315,12759,4311
1996-09-10,-5717,-2226,48902,29441,35158,3251,5477
1996-09-17,-7524,-981,42447,21576,29100,3806,4787
1996-09-24,-16691,6144,38003,12314,29005,8271,2127
1996-10-01,-28382,11509,51335,13559,41941,15106,3597
1996-10-08,-47473,27983,64746,9230,56703,29508,1525
1996-10-15,-47597,28668,68361,10595,58192,30858,2190
1996-10-22,-52292,31017,70122,9883,62175,32647,1630
1996-10-29,-58604,37902,77686,9828,68432,39177,1275
1996-11-05,-65393,41530,85426,11136,76529,42743,1213
1996-11-12,-69983,45809,89808,11601,81584,46780,971
1996-11-19,-49482,30578,76972,17670,67152,31536,958
1996-11-26,-47515,27776,77569,19847,67362,29518,1742
1996-12-03,-29004,14976,73121,29926,58930,17979,3003
1996-12-10,-15312,1905,78507,41169,56481,12858,10953
1996-12-17,-14308,4299,81456,42143,56451,17330,13031
1996-12-24,-12636,2914,63184,25749,38385,16423,13509
1996-12-31,-12093,717,68803,27832,39925,17955,17238
1997-01-07,-7999,-4230,60630,31006,39005,6130,10360
1997-01-14,-15038,1801,54037,24596,39634,6733,4932
1997-01-21,-21065,3742,52257,21201,42266,6605,2863
1997-01-28,-19851,3383,54495,23786,43637,6226,2843
1997-02-04,-19906,1965,55453,24105,44011,5832,3867
1997-02-11,-17054,-73,54206,25065,42119,3359,3432
1997-02-18,-21393,1165,56628,23491,44884,4642,3477
1997-02-25,-13647,-3054,56461,27467,41114,2478,5532
1997-03-04,-5973,-10706,62862,32422,38395,2856,13562
1997-03-11,-8095,-9735,74320,41071,49166,5015,14750
1997-03-18,-1571,-11987,75819,44171,45742,5007,16994
1997-03-25,2355,-14532,74773,44394,42039,5060,19592
1997-04-01,4470,-14733,78679,48161,43691,4927,19660
1997-04-08,7778,-17249,81384,52763,44985,3081,20330
1997-04-15,9249,-16240,84124,55815,46566,4608,20848
1997-04-22,9050,-16178,84497,56892,47842,4427,20605
1997-04-29,5637,-14470,82815,53815,48178,4694,19164
1997-05-06,-7714,-8540,76382,42664,50378,5339,13879
1997-05-13,-4172,-10082,76830,44642,48814,4832,14914
1997-05-20,-15462,-3263,68670,31309,46771,7107,10370
1997-05-27,-18802,461,69553,34204,53006,6263,5802
1997-06-03,-21520,-33,70087,32400,53920,5319,5352
1997-06-10,-15375,-3014,67393,36506,51881,3025,6039
1997-06-17,-18892,-1745,67533,33156,52048,3099,4844
1997-06-24,-10337,-3653,42957,16437,26774,2117,5770
1997-07-01,-12422,-3605,43224,15322,27744,2628,6233
1997-07-08,-15710,-1096,43168,12713,28423,4297,5393
1997-07-15,-14809,-2548,43544,12502,27311,3999,6547
1997-07-22,-14242,-1074,43465,13489,27731,4367,5441
1997-07-29,-9449,-4934,45305,16333,25782,4298,9232
1997-08-05,-10313,-4163,45845,16833,27146,4012,8175
1997-08-12,-2061,-8948,57100,26264,28325,4478,13426
1997-08-19,2558,-14432,64364,31181,28623,5080,19512
1997-08-26,1802,-15188,70373,35969,34167,5114,20302
1997-09-02,-9725,-5755,62757,28059,37784,4950,10705
1997-09-09,-12915,-2913,61756,26942,39857,6341,9254
1997-09-16,-2383,-9130,62926,33742,36125,6005,15135
1997-09-23,-33,-10071,49901,23459,23492,5505,15576
1997-09-30,-12664,-1729,49379,17061,29725,8514,10243
1997-10-07,-30142,10291,58958,12184,42326,17913,7622
1997-10-14,-21177,2040,54173,14953,36130,11151,9111
1997-10-21,-7774,-8155,55131,23453,31227,6145,14300
1997-10-28,16738,-26066,72943,44210,27472,3837,29903
1997-11-04,17340,-25503,74076,45831,28491,4285,29788
1997-11-11,12346,-22096,71927,42693,30347,3844,25940
1997-11-18,10682,-21731,74605,42652,31970,3974,25705
1997-11-25,10585,-20917,77709,41410,30825,4301,25218
1997-12-02,8671,-19508,75838,40215,31544,3922,23430
1997-12-09,8026,-18778,86967,54836,46810,3895,22673
1997-12-16,10151,-16209,84023,52992,42841,3919,20128
1997-12-19,8506,-16359,60824,31414,22908,4258,20617
1997-12-23,12631,-20384,65173,36398,23767,4860,25244
1997-12-30,13496,-21397,66115,36559,23063,3815,25212
1998-01-06,10049,-19269,62751,31395,21346,3846,23115
1998-01-13,3003,-14732,62101,29925,26922,3180,17912
1998-01-20,2748,-13732,63599,30696,27948,3716,17448
1998-01-27,6886,-16912,64419,32179,25293,3295,20207
1998-02-03,4477,-15670,67444,33432,28955,2682,18352
1998-02-10,-4026,-7988,64827,32266,36292,2984,10972
1998-02-17,-3887,-9049,68889,36997,40884,2275,11324
1998-02-24,-13064,-3731,70658,35695,48759,3754,7485
1998-03-03,-13808,-4000,68465,32333,46141,3734,7734
1998-03-10,-22563,3194,68037,29700,52263,4962,1768
1998-03-17,-25964,4887,67562,29418,55382,6795,1908
1998-03-24,-25099,4074,53446,16396,41495,6764,2690
1998-03-31,-23917,4118,58818,19527,43444,6961,2843
1998-04-07,-22874,2768,57121,19427,42301,5779,3011
1998-04-14,-9627,-3614,59612,25662,35289,5556,9170
1998-04-21,-5832,-7390,58919,28302,34134,3037,10427
1998-04-28,-3595,-8879,59705,29505,33100,2808,11687
1998-05-05,-4595,-9320,60297,29481,34076,3218,12538
1998-05-12,-3475,-9503,61808,30798,34273,3792,13295
1998-05-19,8566,-19175,67254,36382,27816,3511,22686
1998-05-26,9721,-18768,70687,39431,29710,4728,23496
1998-06-02,11517,-19285,70537,39430,27913,4880,24165
1998-06-09,11018,-19367,80094,45446,34428,4336,23703
1998-06-16,22897,-24781,86700,58838,35941,4880,29661
1998-06-23,15735,-21656,67433,39667,23932,5304,26960
1998-06-30,15671,-22497,68815,41239,25568,4104,26601
1998-07-07,12857,-21148,69815,40528,27671,4286,25434
1998-07-14,12777,-18804,70340,41985,29208,4594,23398
1998-07-21,16360,-20194,72088,44853,28493,5034,25228
1998-07-28,17685,-22338,71906,44844,27159,4624,26962
1998-08-04,20235,-23332,73331,45999,25764,4278,27610
1998-08-11,18577,-21831,72943,45835,27258,4841,26672
1998-08-18,20761,-22653,77200,51077,30316,4273,26926
1998-08-25,22568,-22301,75626,49526,26958,4953,27254
1998-09-01,6931,-11021,73780,43359,36428,5264,16285
1998-09-08,2359,-7682,71659,44769,42410,5375,13057
1998-09-15,557,-6228,65301,42642,42085,2907,9135
1998-09-22,1685,-5433,51581,32713,31028,1979,7412
1998-09-29,-4655,-3423,52049,30162,34817,2007,5430
1998-10-06,690,-4299,51219,30097,29407,2499,6798
1998-10-13,-2270,-3602,50240,29308,31578,2229,5831
1998-10-20,-5325,-2843,51585,28730,34055,2309,5152
1998-10-27,-4752,-2984,52934,29825,34577,2110,5094
1998-11-03,-7490,-1649,56026,31238,38728,2263,3912
1998-11-10,-5523,-1777,60716,35292,40815,3137,4914
1998-11-17,-1119,-5248,63048,37576,38695,2571,7819
1998-11-24,-1045,-6077,63624,36660,37705,2166,8243
1998-12-01,-3676,-2762,65472,37460,41136,3915,6677
1998-12-08,-1224,-5354,59112,39154,40378,2329,7683
1998-12-15,-1296,-5538,57842,39367,40663,2213,7751
1998-12-22,6182,-8206,39710,23510,17328,1804,10010
1998-12-29,6942,-8275,39871,23914,16972,1851,10126
1999-01-05,-9306,695,44072,21272,30578,4638,3943
1999-01-12,-21694,8313,51921,17220,38914,11357,3044
1999-01-19,-15450,3161,50810,22196,37646,6488,3327
1999-01-26,-14276,3347,51323,22845,37121,6093,2746
1999-02-02,-13019,3346,57132,26508,39527,7380,4034
1999-02-09,-30364,14693,70696,24226,54590,17092,2399
1999-02-16,-33542,16047,76337,25531,59073,18988,2941
1999-02-23,-33571,15846,79306,25926,59497,18485,2639
1999-03-02,-23179,10266,70181,26490,49669,13844,3578
1999-03-09,-19128,7752,72008,32652,51780,10980,3228
1999-03-16,-23426,6038,72693,27100,50526,9432,3394
1999-03-23,-23380,10203,55557,19550,42930,12534,2331
1999-03-30,-19412,6463,54803,22125,41537,9735,3272
1999-04-06,-25351,9693,59329,20798,46149,12648,2955
1999-04-13,-34819,19131,70341,20411,55230,23269,4138
1999-04-20,-47217,28655,79692,19553,66770,32135,3480
1999-04-27,-52463,32190,83465,17565,70028,35749,3559
1999-05-04,-51680,31764,84922,18843,70523,35794,4030
1999-05-11,-50600,31165,84985,20060,70660,35282,4117
1999-05-18,-50249,30898,87144,22413,72662,35044,4146
1999-05-25,-47424,28613,84475,23925,71349,31589,2976
1999-06-01,-34447,21820,77848,26120,60567,25017,3197
1999-06-08,-33652,19517,85077,36354,70006,23606,4089
1999-06-15,-34668,20264,83577,36492,71160,23824,3560
1999-06-22,-33502,19208,62240,18585,52087,21823,2615
1999-06-29,-32432,19682,62374,18650,51082,22580,2898
1999-07-06,-29230,15129,61270,20839,50069,18634,3505
1999-07-13,-15618,8218,62623,27928,43546,13424,5206
1999-07-20,-4845,2444,61710,33588,38433,12776,10332
1999-07-27,22634,-24931,75262,54458,31824,5195,30126
1999-08-03,30085,-29215,84345,62707,32622,6374,35589
1999-08-10,16458,-17570,76379,53537,37079,6656,24226
1999-08-17,-1370,-4821,66156,43000,44370,6560,11381
1999-08-24,1614,-6644,66844,45146,43532,5557,12201
1999-08-31,3076,-5808,68733,47567,44491,6043,11851
1999-09-07,1061,-4142,71695,49086,48025,5723,9865
1999-09-14,-10671,2058,73156,47974,58645,6692,4634
1999-09-21,-18400,7402,52901,20529,38929,12658,5256
1999-09-28,-28183,12569,60305,20161,48344,16861,4292
1999-10-05,-30669,15928,64521,20635,51304,21182,5254
1999-10-12,-28989,15523,63872,20703,49692,20811,5288
1999-10-19,-4151,-1275,53655,29463,33614,5485,6760
1999-10-26,-13210,3215,52319,27103,40313,7022,3807
1999-11-02,-17286,6256,56413,26812,44098,10192,3936
1999-11-09,-24378,10363,59358,21734,46112,14828,4465
1999-11-16,-25415,11516,61403,22381,47796,15943,4427
1999-11-23,-26447,12540,62385,21184,47631,18279,5739
1999-11-30,-15622,5193,58571,24782,40404,12289,7096
1999-12-07,-2437,-2655,61260,33237,35674,7768,10423
1999-12-14,-221,-3618,54029,29686,29907,6449,10067
1999-12-21,1373,-6648,45109,23545,22172,6437,13085
1999-12-28,-19396,6757,51101,14393,33789,17602,10845
2000-01-04,-29029,13425,61690,14961,43990,24810,11385
2000-01-11,-26740,10081,61961,15553,42293,22760,12679
2000-01-18,-37870,19712,63372,14610,52480,24509,4797
2000-01-25,-47170,27084,73798,14705,61875,32165,5081
2000-02-01,-36505,19494,66504,16679,53184,24091,4597
2000-02-08,-37428,20468,66877,17263,54691,23406,2938
2000-02-15,-23729,12644,63502,24096,47825,17494,4850
2000-02-22,-14679,4590,62692,30690,45369,10843,6253
2000-02-29,-15267,3629,61992,31816,47083,8764,5135
2000-03-07,-11436,-885,61387,32658,44094,6093,6978
2000-03-14,-4479,-1925,63071,35441,39920,5460,7385
2000-03-21,6091,-9242,56963,34030,27939,5733,14975
2000-03-28,-4064,-2461,55329,26619,30683,8011,10472
2000-04-04,-8878,-393,53474,24572,33450,8323,8716
2000-04-11,-2279,-4185,50945,28376,30655,4862,9047
2000-04-18,10732,-11578,67355,41874,31142,7441,19019
2000-04-25,10769,-11360,66751,42147,31378,7897,19257
2000-05-02,11657,-12079,71246,46456,34799,8693,20772
2000-05-09,13201,-13032,71504,46408,33207,8689,21721
2000-05-16,17887,-19834,72524,42052,24165,6500,26334
2000-05-23,28183,-25769,82820,53026,24843,6178,31947
2000-05-30,33690,-31489,86836,56420,22730,5453,36942
2000-06-06,16741,-18072,68252,43857,27116,3161,21233
2000-06-13,8694,-14917,78822,47426,38732,4085,19002
2000-06-20,7100,-14343,74847,47235,40135,4038,18381
2000-06-27,11768,-16298,58960,36987,25219,2599,18897
2000-07-05,16686,-19794,65357,43403,26717,3419,23213
2000-07-11,17234,-19674,66531,45392,28158,3653,23327
2000-07-18,12542,-18534,67426,41998,29456,4960,23494
2000-07-25,-6486,-5242,69355,33622,40108,10573,15815
2000-08-01,2811,-13002,65130,35951,33140,3794,16796
2000-08-08,10539,-12663,65692,42049,31510,4783,17446
2000-08-15,11166,-14278,68102,45279,34113,3197,17475
2000-08-22,7830,-12427,63613,41340,33510,1998,14425
2000-08-29,12174,-13740,67795,45702,33528,3473,17213
2000-09-05,2625,-8772,63791,38971,36346,4785,13557
2000-09-12,9791,-11975,68219,46184,36393,2972,14947
2000-09-19,17778,-16783,72763,52705,34927,2760,19543
2000-09-26,26863,-22895,59723,43650,16787,1590,24485
2000-10-03,40667,-35165,78505,58083,17416,3598,38763
2000-10-10,39901,-34960,78505,58044,18143,3623,38583
2000-10-17,40317,-37305,84011,60928,20611,4022,41327
2000-10-24,37105,-38022,82404,58498,21393,3268,41290
2000-10-31,37528,-37105,81105,56410,18882,3916,41021
2000-11-07,32606,-31595,79094,55523,22917,3480,35075
2000-11-14,30522,-29729,79013,54161,23639,3896,33625
2000-11-21,28163,-27650,76490,51174,23011,3887,31537
2000-11-28,20031,-19181,73411,47482,27451,4021,23202
2000-12-05,20291,-18437,71774,47021,26730,3490,21927
2000-12-12,12562,-14861,75994,45214,32652,3399,18260
2000-12-19,8164,-13646,69859,43058,34894,3637,17283
2000-12-26,2963,-11530,55410,29371,26408,3950,15480
2001-01-02,-8552,-3823,52655,23434,31986,5119,8942
2001-01-09,-14970,2021,57409,23062,38032,9894,7873
2001-01-16,-14725,3974,57391,23691,38416,11507,7533
2001-01-23,-16632,9917,52651,20356,36988,12107,2190
2001-01-30,-15479,7224,50284,20180,35659,10381,3157
2001-02-06,-17573,8652,51675,19150,36723,10988,2336
2001-02-13,-3005,25,57201,27843,30848,9971,9946
2001-02-20,2480,-4298,61308,34033,31553,8476,12774
2001-02-27,11494,-12949,69634,41559,30065,7853,20802
2001-03-06,13729,-13480,70550,40714,26985,8966,22446
2001-03-13,11465,-13419,80110,46287,34822,10414,23833
2001-03-20,16070,-14674,78051,49631,33561,9314,23988
2001-03-27,23020,-21032,65818,43010,19990,3470,24502
2001-04-03,21002,-19364,66276,43111,22109,3959,23323
2001-04-10,15681,-15022,64143,39717,24036,4069,19091
2001-04-17,16350,-15602,63369,40347,23997,3101,18703
2001-04-24,12412,-13517,64298,41293,28881,3543,17060
2001-05-01,8312,-12156,63144,37975,29663,4485,16641
2001-05-08,5069,-13134,65893,37072,32003,3986,17120
2001-05-15,7748,-14854,65681,39611,31863,2979,17833
2001-05-22,3171,-11502,64565,35337,32166,4986,16488
2001-05-29,8799,-14042,65466,38560,29761,4303,18345
2001-06-05,2615,-11529,64530,31609,28994,7287,18816
2001-06-12,-5233,-5509,70123,34217,39450,7532,13041
2001-06-19,-9555,-4810,69704,33022,42577,6765,11575
2001-06-26,-13950,-3407,53314,17216,31166,7771,11178
2001-07-03,-16434,2124,53420,18920,35354,7625,5501
2001-07-10,-16652,1472,53021,18523,35175,7197,5725
2001-07-17,-7653,-4163,54950,24551,32204,5565,9728
2001-07-24,1648,-12191,57116,29434,27786,3957,16148
2001-07-31,-7429,-1375,51491,24251,31680,4673,6048
2001-08-07,-8445,-1560,52698,24705,33150,4322,5882
2001-08-14,-7824,-1651,51988,31870,39694,4362,6013
2001-08-21,-425,-7134,57084,40267,40692,3187,10321
2001-08-28,257,-6875,58016,31358,31101,3946,10821
2001-09-04,14742,-15527,65580,38129,23387,3533,19060
2001-09-10,24453,-25267,79523,48103,23650,3124,28391
2001-09-18,28353,-26578,83693,57437,29084,2896,29474
2001-09-25,28252,-27937,67827,43040,14788,3279,31216
2001-10-02,28608,-30339,73001,46287,17679,3386,33725
2001-10-09,19949,-20289,72186,44940,24991,4092,24381
2001-10-16,9968,-12618,68069,38938,28970,5300,17918
2001-10-23,18375,-19804,70752,43143,24768,3210,23014
2001-10-30,19848,-20573,72414,44879,25031,2629,23202
2001-11-06,28386,-26432,78392,50904,22518,3330,29762
2001-11-13,31806,-28089,83277,55415,23609,3353,31442
2001-11-20,26123,-25375,83231,55412,29289,3288,28663
2001-11-27,28366,-26672,87310,59840,31474,3288,29960
2001-12-04,4739,-7970,74823,43125,38386,5272,13242
2001-12-11,5696,-7794,77469,44464,38768,4954,12748
2001-12-18,-3323,-4900,75039,41276,44599,6470,11370
2001-12-21,2303,-6091,51055,23218,20915,5691,11782
2001-12-28,10923,-14601,59460,30066,19143,4463,19064
2002-01-08,14730,-15333,61485,31607,16877,4934,20267
2002-01-15,12753,-15445,67456,33848,21095,5816,21261
2002-01-22,22864,-22045,76458,43740,20876,6459,28504
2002-01-29,17936,-17164,72933,41773,23837,5473,22637
2002-02-05,12088,-15426,68040,38310,26222,6294,21720
2002-02-12,8466,-13596,70779,38240,29774,6825,20421
2002-02-19,4630,-9338,71389,37235,32605,9420,18758
2002-02-26,16240,-19960,80851,44433,28193,7508,27468
2002-03-05,5678,-10094,71722,35304,29626,8231,18325
2002-03-12,-6637,-2100,76124,35214,41851,11215,13315
2002-03-19,-7760,-2291,76366,36472,44232,11431,13722
2002-03-26,-5104,-4556,62741,27805,32909,8954,13510
2002-04-02,-99,-12486,65664,31650,31749,6936,19422
2002-04-09,13047,-20762,71824,40907,27860,6269,27031
2002-04-16,-2628,-8822,64020,31032,33660,5992,14814
2002-04-23,-14354,-469,69168,29214,43568,10765,11234
2002-04-30,-19101,2307,71236,26606,45707,13840,11533
2002-05-07,-26508,6182,77436,25890,52398,19596,13414
2002-05-14,-31289,10523,80626,25845,57134,22304,11781
2002-05-21,-36938,15201,83236,24057,60995,23552,8351
2002-05-28,-42000,18205,87172,23600,65600,27114,8909
2002-06-04,-47265,23278,88429,24137,71402,27776,4498
2002-06-11,-47128,24689,95310,32189,79317,24689,0
2002-06-18,-46077,18945,94694,33058,79135,22162,3217
2002-06-25,-44787,18175,76098,18607,63394,20756,2581
2002-07-02,-49993,23412,78330,17102,67095,25139,1727
2002-07-09,-50835,22316,81078,17773,68608,25180,2864
2002-07-16,-44290,16222,77868,19631,63921,19536,3314
2002-07-23,-30796,9106,70325,22862,53658,14095,4989
2002-07-30,-21849,4205,63134,24756,46605,8821,4616
2002-08-06,-16855,1234,65956,31628,48483,5739,4505
2002-08-13,-14112,1061,62556,31499,45611,5236,4175
2002-08-20,-13237,557,63401,32087,45324,5373,4816
2002-08-27,-15495,2767,61302,29687,45182,5905,3138
2002-09-03,-25685,10520,69959,29139,54824,13983,3463
2002-09-10,-29271,10603,75560,29107,58378,14014,3411
2002-09-17,-20134,2174,73191,32387,52521,8942,6768
2002-09-24,-14222,612,51972,16994,31216,6520,5908
2002-10-01,-13967,-414,52448,17815,31782,6000,6414
2002-10-08,-12762,53,55966,19501,32263,7560,7507
2002-10-15,-12563,-410,57220,20142,32705,7633,8043
2002-10-22,-23058,7566,56278,16873,39931,9755,2189
2002-10-29,-30354,12585,57794,12775,43129,14787,2202
2002-11-05,-35754,15616,61231,12749,48503,17085,1469
2002-11-12,-31045,11725,59832,15622,46667,13449,1724
2002-11-19,-20323,4490,61051,20579,40902,10173,5683
2002-11-26,-19293,4302,59002,21316,40609,8708,4406
2002-12-03,-33892,16642,64722,16671,50563,17276,634
2002-12-10,-36492,18682,77910,26492,62984,18682,0
2002-12-17,-45272,23613,89152,30248,75520,24101,488
2002-12-23,-48515,23062,68035,10785,59300,23062,0
2002-12-31,-35041,11519,62742,13357,48398,14855,3336
2003-01-07,-35835,13131,61623,14304,50139,13131,0
2003-01-14,-54293,24982,81532,15656,69949,25482,500
2003-01-21,-62599,31985,91593,16179,78778,32585,600
2003-01-28,-68753,38248,97544,17911,86664,39185,937
2003-02-04,-73906,43147,102651,16972,90878,43347,200
2003-02-11,-72976,42822,101272,17215,90191,42852,30
2003-02-18,-73926,43406,105250,18298,92224,43606,200
2003-02-25,-75083,41609,109750,22655,97738,41929,320
2003-03-04,-79810,42464,112974,22082,101892,42784,320
2003-03-11,-76282,41764,121735,31933,108215,41764,0
2003-03-18,-76126,42676,121951,34433,110559,42676,0
2003-03-25,-60083,34208,93264,21319,81402,34508,300
2003-04-01,-60117,33189,94115,20612,80729,33961,772
2003-04-08,-59724,32803,94969,22399,82123,33003,200
2003-04-15,-62696,33309,97003,22578,85274,33509,200
2003-04-22,-60758,31088,97984,24667,85425,31288,200
2003-04-29,-64110,35436,102455,25275,89385,36374,938
2003-05-06,-60386,32757,97802,24192,84578,33702,945
2003-05-13,-57402,30890,98743,26743,84145,31618,728
2003-05-20,-52567,25560,95663,28284,80851,26085,525
2003-05-27,-45064,19947,93169,32151,77215,22461,2514
2003-06-03,-43509,18362,94481,33826,77335,21775,3413
2003-06-10,-39347,17680,95778,36283,75630,20614,2934
2003-06-17,-45175,18454,92878,33231,78406,19963,1509
2003-06-24,-33075,15779,72542,25013,58088,16599,820
2003-07-01,-35010,16781,75746,25862,60872,18022,1241
2003-07-08,-29608,17923,74235,25817,55425,17984,61
2003-07-15,-25045,9336,69818,27697,52742,12118,2782
2003-07-22,-17419,8266,66155,29486,46905,9352,1086
2003-07-29,-21507,9434,62645,27302,48809,10028,594
2003-08-05,-21936,8295,62515,26813,48749,9585,1290
2003-08-12,-28454,13046,66366,23835,52289,13743,697
2003-08-19,-24455,9971,61784,25024,49479,10444,473
2003-08-26,-21016,9549,62024,26626,47642,9662,113
2003-09-02,-26512,12265,64314,24231,50743,12384,119
2003-09-09,-37098,19420,78757,27906,65004,19420,0
2003-09-16,-45095,20132,81631,22913,68008,20282,150
2003-09-23,-44562,22307,66514,10188,54750,23454,1147
2003-09-30,-46271,23087,69358,11118,57389,24828,1741
2003-10-07,-51988,30600,76303,9950,61938,31011,411
2003-10-14,-53759,29854,80019,12710,66469,30697,843
2003-10-21,-55518,29405,80185,11987,67505,29847,442
2003-10-28,-57774,32871,84034,12882,70656,34353,1482
2003-11-04,-51172,28720,78303,14375,65547,29207,487
2003-11-11,-54514,29705,80154,14012,68526,30192,487
2003-11-18,-59254,33476,86715,13996,73250,34048,572
2003-11-25,-50149,25877,79162,14430,64579,26518,641
2003-12-02,-54465,30668,82914,14709,69174,31155,487
2003-12-09,-49849,27087,87364,20703,70552,27407,320
2003-12-16,-36377,16598,81898,29274,65651,17627,1029
2003-12-22,-27557,8663,62750,17501,45058,13535,4872
2003-12-30,-37640,18959,66536,13092,50732,22336,3377
2004-01-06,-47201,27212,73435,11732,58933,29498,2286
2004-01-13,-63616,37569,89905,12964,76580,39658,2089
2004-01-20,-47516,23944,76063,15120,62636,25232,1288
2004-01-27,-33409,13709,65919,18303,51712,16478,2769
2004-02-03,-10956,-3852,63329,26927,37883,7835,11687
2004-02-10,-10026,-4434,66688,29483,39509,7968,12402
2004-02-17,-16603,-373,61898,22919,39522,8385,8758
2004-02-24,-6135,-6776,62648,26795,32930,6769,13545
2004-03-02,-1989,-9415,65508,31777,33766,5834,15249
2004-03-09,-17657,2824,72882,29441,47098,11605,8781
2004-03-16,-15699,3742,71603,33705,49404,9820,6078
2004-03-23,-19562,7100,48702,11945,31507,10562,3462
2004-03-30,-50172,33015,76113,11716,61888,35066,2051
2004-04-06,-59999,41865,86421,11327,71326,44219,2354
2004-04-12,-33675,17150,66422,13846,47521,20785,3635
2004-04-20,-11159,-552,65409,25086,36245,14206,14758
2004-04-27,1254,-9625,70976,32715,31461,12310,21935
2004-05-04,15475,-19391,81767,44669,29194,13178,32569
2004-05-11,20086,-25648,86362,46258,26172,13705,39353
2004-05-18,22537,-28734,91114,52164,29627,13380,42114
2004-05-25,12571,-19177,82269,43484,30913,13154,32331
2004-06-01,8864,-14276,82138,44522,35658,13430,27706
2004-06-08,-1678,-4892,77098,39363,41041,13149,18041
2004-06-15,5592,-10990,84500,45349,39757,14039,25029
2004-06-22,7226,-15205,58449,22618,15392,12265,27470
2004-06-29,-11340,265,59016,17734,29074,16877,16612
2004-07-06,-22675,11321,62007,15425,38100,18933,7612
2004-07-13,-38162,23876,72639,15040,53202,30113,6237
2004-07-20,-45362,30978,82944,15734,61096,36916,5938
2004-07-27,-40547,25715,75905,16201,56748,31026,5311
2004-08-03,-38801,23601,76946,18060,56861,29499,5898
2004-08-10,-42155,26639,80273,17745,59900,33093,6454
2004-08-17,-48650,31094,86804,16636,65286,37979,6885
2004-08-24,-52740,33743,92045,19234,71974,40507,6764
2004-08-31,-46761,29138,86184,20692,67453,35306,6168
2004-09-07,-56374,41303,107167,26655,83029,46379,5076
2004-09-14,-62343,44652,111785,28488,90831,50371,5719
2004-09-21,-59170,39399,89047,11865,71035,44615,5216
2004-09-28,-64889,46756,98326,12567,77456,52716,5960
2004-10-05,-63338,45168,111202,24327,87665,53036,7868
2004-10-12,-66523,49386,117114,24642,91165,56875,7489
2004-10-19,-61956,40020,116035,27815,89771,49034,9014
2004-10-26,-58044,36223,109721,29841,87885,42987,6764
2004-11-02,-61894,39692,115675,32701,94595,45896,6204
2004-11-09,-55838,34972,109798,31107,86945,41418,6446
2004-11-16,-55070,33335,108544,30663,85733,40552,7217
2004-11-23,-51563,29471,105371,30669,82232,37207,7736
2004-11-30,-44186,23631,105893,34870,79056,35634,12003
2004-12-07,-33986,18370,108956,43844,77830,30867,12497
2004-12-14,-15285,9077,101313,50827,66112,21889,12812
2004-12-21,-22733,6276,65452,15273,38006,20422,14146
2004-12-28,-23626,6134,66171,17599,41225,19215,13081
2005-01-04,-26337,9662,71055,20814,47151,20448,10786
2005-01-11,-24900,9893,69850,22579,47479,19317,9424
2005-01-18,-20021,5500,77385,29262,49283,19773,14273
2005-01-25,-14139,2653,78850,33085,47224,17352,14699
2005-02-01,-13406,1269,77006,37013,50419,12127,10858
2005-02-08,-193,-7365,82670,46446,46639,10606,17971
2005-02-15,-4475,-5307,83368,46093,50568,10760,16067
2005-02-22,-8846,-3141,88275,50404,59250,11275,14416
2005-03-01,-3494,-6829,95644,56547,60041,11793,18622
2005-03-08,-16082,3329,105920,60248,76330,17563,14234
2005-03-15,-25233,26150,125191,52191,77424,36259,10109
2005-03-22,-48072,31547,89844,14685,62757,43143,11596
2005-03-29,-41865,26690,81193,14226,56091,35455,8765
2005-04-05,-42354,25675,80302,13043,55397,35799,10124
2005-04-12,-6043,-7434,69292,24234,30277,15951,23385
2005-04-19,6837,-16358,76771,36714,29877,13905,30263
2005-04-26,17748,-24719,85837,46257,28509,13776,38495
2005-05-03,32791,-33321,93278,56509,23718,12434,45755
2005-05-10,25418,-27795,86866,50106,24688,11651,39446
2005-05-17,34713,-33492,99089,62833,28120,11662,45154
2005-05-24,32455,-32884,96833,63398,30943,9806,42690
2005-05-31,29696,-31240,94700,60610,30914,10524,41764
2005-06-07,20732,-26561,94186,56932,36200,9675,36236
2005-06-14,11124,-17589,63187,26421,15297,10932,28521
2005-06-21,-14331,284,67143,20368,34699,16872,16588
2005-06-28,-17274,2284,71522,20187,37461,20959,18675
2005-07-05,-15834,4088,70074,22184,38018,19364,15276
2005-07-12,-37604,23203,91423,25043,62647,35282,12079
2005-07-19,-41954,25825,91255,23890,65844,35684,9859
2005-07-26,-35239,17519,90753,27243,62482,31840,14321
2005-08-02,-23977,12164,87906,29385,53362,28966,16802
2005-08-09,-30683,14214,92585,27978,58661,33587,19373
2005-08-16,-45470,26047,109505,30837,76307,44042,17995
2005-08-23,-42340,24543,107851,33159,75499,41543,17000
2005-08-30,-42660,28914,111153,38880,81540,44904,15990
2005-09-06,-45665,29993,117451,42369,88034,46423,16430
2005-09-13,-45954,29592,141219,59669,105623,45957,16365
2005-09-20,-41413,26503,148171,62809,104222,45536,19033
2005-09-27,-60907,43096,110057,24420,85327,50520,7424
2005-10-04,-57366,38031,108178,25285,82651,47026,8995
2005-10-11,-57610,43591,109147,25071,82681,50532,6941
2005-10-18,-60600,42812,112354,26795,87395,51259,8447
2005-10-25,-52213,36945,104625,27732,79945,43849,6904
2005-11-01,-52635,37160,108226,30161,82796,44435,7275
2005-11-08,-28226,26340,104351,36159,64385,37234,10894
2005-11-15,-33946,20169,102550,37885,71831,32487,12318
2005-11-22,-30478,15725,106006,39485,69963,33585,17860
2005-11-29,-46949,29010,115153,37340,84289,42311,13301
2005-12-06,-59298,37317,118337,29155,88453,49064,11747
2005-12-13,-77655,56183,142450,33897,111552,66468,10285
2005-12-20,-57188,48111,137619,46157,103345,55542,7431
2005-12-27,-58838,42292,103040,21536,80374,49468,7176
2006-01-03,-56243,36687,105401,24990,81233,45749,9062
2006-01-10,-48088,23317,98344,27623,75711,32628,9311
2006-01-17,-49851,26933,101952,27012,76863,39506,12573
2006-01-24,-48195,27133,102095,28685,76880,35048,7915
2006-01-31,-58524,37484,117314,27053,85577,50705,13221
2006-02-07,-68190,44845,121889,24823,93013,56298,11453
2006-02-14,-61664,40464,118357,27397,89061,52220,11756
2006-02-21,-57896,35197,115876,29696,87592,46710,11513
2006-02-28,-62090,40634,124984,27081,89171,54931,14297
2006-03-07,-64928,41323,137195,40234,105162,55226,13903
2006-03-14,-39214,14021,125712,50076,89290,33979,19958
2006-03-21,-14572,-3742,85219,32225,46797,18295,22037
2006-03-28,-11100,-7811,87356,37502,48602,13274,21085
2006-04-04,-13405,-4146,84301,37058,50463,12081,16227
2006-04-11,-29111,13942,87690,29815,58926,24639,10697
2006-04-18,-23059,6918,93170,36184,59243,23225,16307
2006-04-25,-35505,15623,100591,31603,67108,31949,16326
2006-05-02,-49820,32152,110279,29719,79539,48997,16845
2006-05-09,-48176,28873,121046,29342,77518,52111,23238
2006-05-16,-39355,19528,117839,32921,72276,46060,26532
2006-05-23,-35053,15702,111976,36757,71810,36980,21278
2006-05-30,-48786,31707,109252,25988,74774,45937,14230
2006-06-06,-41201,22862,118798,34859,76060,44443,21581
2006-06-13,-51100,33351,129707,44715,95815,46579,13228
2006-06-20,-41417,23978,123446,51442,92859,37024,13046
2006-06-27,-50008,30309,89791,15974,65982,38165,7856
2006-07-03,-56599,36447,93841,14847,71446,42762,6315
2006-07-11,-30959,11621,92978,24501,55460,29942,18321
2006-07-18,-23983,9284,83415,24893,48876,23302,14018
2006-07-25,-10530,-5419,91963,31421,41951,23613,29032
2006-08-01,-9197,-7416,86048,31501,40698,18809,26225
2006-08-08,-30136,9830,82510,21619,51755,23185,13355
2006-08-15,-22584,8597,86815,24981,47565,27206,18609
2006-08-22,-30956,15493,86667,22640,53596,27805,12312
2006-08-29,-45695,30605,106142,23495,69190,45977,15372
2006-09-05,-43428,27466,111705,25144,68572,49440,21974
2006-09-12,-30255,14782,138181,62313,92568,37739,22957
2006-09-19,-6953,855,138838,68379,75332,41043,40188
2006-09-26,-14943,6510,94128,25052,39995,38542,32032
2006-10-03,-18675,9279,100141,24368,43043,45535,36256
2006-10-10,-10466,1859,91193,26819,37285,34272,32413
2006-10-17,20495,-24498,110173,53383,32888,26833,51331
2006-10-24,7831,-14233,100203,45246,37415,24985,39218
2006-10-31,16276,-23678,104350,50020,33744,23818,47496
2006-11-07,12422,-20342,103426,48484,36062,24999,45341
2006-11-14,37902,-47375,129537,70328,32426,25902,73277
2006-11-21,52028,-58893,138113,81123,29095,23236,82129
2006-11-28,38274,-40282,124553,69001,30727,26934,67216
2006-12-05,46498,-46479,131624,77624,31126,24557,71036
2006-12-12,52717,-52008,165716,105049,52332,26173,78181
2006-12-19,54078,-57392,183332,118141,64063,27186,84578
2006-12-26,70674,-66294,136963,89638,18964,21479,87773
2007-01-03,77526,-74268,148644,96263,18737,23583,97851
2007-01-09,87049,-84906,155922,105129,18080,20637,105543
2007-01-16,79972,-78967,152438,99999,20027,22030,100997
2007-01-23,77126,-77857,152395,98006,20880,22471,100328
2007-01-30,71516,-70876,146376,93856,22340,21650,92526
2007-02-06,77084,-80646,154591,100689,23605,18927,99573
2007-02-13,56467,-56695,140722,88942,32475,19930,76625
2007-02-20,63583,-65426,141561,91971,28388,17005,82431
2007-02-27,54384,-56424,137776,87030,32646,17563,73987
2007-03-06,72670,-74925,156871,103674,31004,21585,96510
2007-03-13,75658,-74139,159619,110907,35249,15758,89897
2007-03-20,64646,-51153,161700,107201,42555,21021,72174
2007-03-27,32087,-31982,114484,60928,28841,24613,56595
2007-04-03,30101,-35165,113096,59240,29139,22068,57233
2007-04-10,12204,-15564,110266,56080,43876,23062,38626
2007-04-17,10103,-15991,114610,56053,45950,25549,41540
2007-04-24,-6324,-1631,121786,48384,54708,39017,40648
2007-05-01,-18472,8851,138029,49392,67864,52582,43731
2007-05-08,-25466,17819,146311,46655,72121,65117,47298
2007-05-15,-52647,43097,168888,50330,102977,82619,39522
2007-05-22,-48559,38967,172032,51326,99885,83891,44924
2007-05-29,-64488,52020,186775,53283,117771,92150,40130
2007-06-05,-52815,43858,184722,60498,113313,85481,41623
2007-06-12,-69247,62005,232090,95888,165135,98404,36399
2007-06-19,-48066,58796,243351,115191,163257,92321,33525
2007-06-26,-78058,68863,139879,25696,103754,82053,13190
2007-07-03,-77095,65253,143135,26909,104004,79653,14400
2007-07-10,-83749,67378,143434,22255,106004,82889,15511
2007-07-17,-83311,67272,150522,27001,110312,85281,18009
2007-07-24,-92983,76964,158948,25054,118037,94483,17519
2007-07-31,-66631,49698,133951,28278,94909,68138,18440
2007-08-07,-65477,51938,135946,30031,95508,71689,19751
2007-08-14,-56353,47810,134044,32100,88453,66527,18717
2007-08-21,-46728,40033,128591,38332,85060,60044,20011
2007-08-28,-51692,45094,133856,36520,88212,68013,22919
2007-09-04,-61147,51345,135940,30583,91730,73234,21889
2007-09-11,-72747,58754,145388,30595,103342,78149,19395
2007-09-18,-92697,79828,167680,33172,125869,88758,8930
2007-09-25,-69974,59162,126605,18564,88538,73042,13880
2007-10-02,-85279,69179,144193,19290,104569,87538,18359
2007-10-09,-99612,83001,157628,20303,119915,99617,16616
2007-10-16,-91325,76949,147428,18037,109362,90940,13991
2007-10-23,-82986,71323,140205,20742,103728,82625,11302
2007-10-30,-79384,68831,137711,23079,102463,79052,10221
2007-11-06,-69540,63588,138502,28379,97919,75532,11944
2007-11-13,-58101,46723,121478,31485,89586,55876,9153
2007-11-20,-40745,32292,109533,36064,76809,41574,9282
2007-11-27,-37485,28999,112354,42233,79718,39532,10533
2007-12-04,-28724,15324,114020,46196,74920,34194,18870
2007-12-11,-33330,18664,118951,52568,85898,30935,12271
2007-12-18,-34477,23287,121294,54390,88867,34895,11608
2007-12-24,-26527,14723,77357,18913,45440,29959,15236
2007-12-31,-33884,22998,83024,18604,52488,35655,12657
2008-01-08,-29683,16424,82454,19093,48776,31648,15224
2008-01-15,-19469,7765,81827,27093,46562,22866,15101
2008-01-22,-15857,7677,86378,30984,46841,24463,16786
2008-01-29,-14176,4295,90907,34077,48253,25948,21653
2008-02-05,-22733,10240,93574,32036,54769,30603,20363
2008-02-12,-38385,20435,101187,22399,60784,43391,22956
2008-02-19,-24746,11947,95614,28562,53308,33387,21440
2008-02-26,-41688,26184,110073,26233,67921,50323,24139
2008-03-04,-52931,36406,117986,22427,75358,60105,23699
2008-03-11,-44863,28931,117606,31350,76213,50353,21422
2008-03-18,-31247,20899,127275,47073,78320,43416,22517
2008-03-25,-12778,2178,98867,41813,54591,28183,26005
2008-04-01,-11059,723,100329,42498,53557,28382,27659
2008-04-08,-14545,6564,106562,40782,55327,37519,30955
2008-04-15,-12915,5503,104970,43773,56688,33518,28015
2008-04-22,-29012,17370,105665,31165,60177,43836,26466
2008-04-29,-16443,7428,98159,38261,54704,31816,24388
2008-05-06,-43142,31712,114709,33442,76584,48104,16392
2008-05-13,-41439,29409,108527,29641,71080,46246,16837
2008-05-20,-47043,31418,115665,26201,73244,53118,21700
2008-05-27,-65777,50125,127620,21937,87714,69636,19511
2008-06-03,-52595,45738,122819,23136,75731,63825,18087
2008-06-10,-30259,17579,123950,32551,62810,43276,25697
2008-06-17,-828,-951,130634,50605,51433,36386,37337
2008-06-24,2015,-4489,84325,23960,21945,27397,31886
2008-07-01,2808,-9790,87207,29255,26447,24732,34522
2008-07-08,894,-5952,91389,30157,29263,30183,36135
2008-07-15,-22665,12859,97365,25494,48159,39972,27113
2008-07-22,-30293,21889,99845,22765,53058,43572,21683
2008-07-29,-4850,-2246,97065,35531,40381,29682,31928
2008-08-05,17798,-18772,116660,50256,32458,35442,54214
2008-08-12,26159,-25329,121154,55920,29761,33650,58979
2008-08-19,31326,-28085,126865,58423,27097,38641,66726
2008-08-26,15386,-15764,116253,50528,35142,33329,49093
2008-09-02,20341,-17574,122277,54447,34106,37205,54779
2008-09-09,11426,-9984,142344,74147,62721,36134,46118
2008-09-16,10480,-10222,145036,80684,70204,33090,43312
2008-09-23,16917,-18653,92330,47346,30429,17090,35743
2008-09-30,17391,-18021,93626,47684,30293,19691,37712
2008-10-07,17540,-17152,94501,51447,33907,18431,35583
2008-10-14,14023,-17884,98295,56665,42642,16220,34104
2008-10-21,10171,-12395,111438,64022,53851,20698,33093
2008-10-28,3477,-9847,107866,59656,56179,18065,27912
2008-11-04,1833,-7494,107787,57222,55389,17145,24639
2008-11-11,-2004,-3245,98146,54695,56699,16067,19312
2008-11-18,1229,-7177,92554,48759,47530,15426,22603
2008-11-25,331,-6269,83766,44510,44179,12521,18790
2008-12-02,5637,-9707,88581,51053,45416,13076,22783
2008-12-09,4935,-8829,86795,48345,43410,12579,21408
2008-12-16,1222,-6748,85413,47649,46427,10729,17477
2008-12-22,5308,-10030,43701,13793,8485,9345,19375
2008-12-30,4866,-10355,47479,16147,11281,8473,18828
2009-01-06,4261,-13872,53297,20005,15744,8930,22802
2009-01-13,7921,-12204,55217,23378,15457,9277,21481
2009-01-20,10306,-14585,65416,31738,21432,8949,23534
2009-01-27,10251,-14966,64951,31988,21737,7898,22864
2009-02-03,5274,-12575,67011,31073,25799,9597,22172
2009-02-10,6413,-11471,67863,33315,26902,7789,19260
2009-02-17,8523,-12909,72185,34527,26004,9631,22540
2009-02-24,6804,-12965,74438,36406,29602,9042,22007
2009-03-03,13539,-19013,83768,41105,27566,11859,30872
2009-03-10,16760,-20290,87787,50628,33868,7991,28281
2009-03-17,20555,-23950,93979,53140,32585,8715,32665
2009-03-24,8374,-20672,56641,22166,13792,5203,25875
2009-03-31,11554,-23346,58595,22752,11198,6453,29799
2009-04-07,13046,-23311,58219,22297,9251,7397,30708
2009-04-14,7303,-17729,60486,20894,13591,10415,28144
2009-04-21,475,-12707,63049,20505,20030,12897,25604
2009-04-28,-6231,-7707,67729,21940,28171,16395,24102
2009-05-05,-16920,2014,74576,21320,38240,22007,19993
2009-05-12,-23276,5449,81402,21653,44929,25180,19731
2009-05-19,-25312,5425,86527,23198,48510,28816,23391
2009-05-26,-31621,11532,89446,21859,53480,32429,20897
2009-06-02,-28853,6594,90613,22304,51157,31879,25285
2009-06-09,-37993,12966,97915,27364,65357,33405,20439
2009-06-16,-35764,15460,118604,50377,86141,31433,15973
2009-06-23,-29065,11347,74353,12206,41271,30043,18696
2009-06-30,-25044,9272,80536,16464,41508,32435,23163
2009-07-07,-25203,6552,80191,16790,41993,29971,23419
2009-07-14,-24593,5893,85347,19267,43860,31850,25957
2009-07-21,-35701,16506,89893,12079,47780,42647,26141
2009-07-28,-45749,29068,92023,9804,55553,48548,19480
2009-08-04,-57337,36592,105272,9972,67309,58426,21834
2009-08-11,-52699,33889,95923,11798,64497,47947,14058
2009-08-18,-56237,37458,93429,10401,66638,48058,10600
2009-08-25,-59873,39989,99083,11570,71443,50841,10852
2009-09-01,-49584,32889,88664,15038,64622,37838,4949
2009-09-08,-57152,36818,105084,22704,79856,42844,6026
2009-09-15,-58826,38032,124489,36893,95719,44894,6862
2009-09-22,-56035,34552,89054,8490,64525,44156,9604
2009-09-29,-36155,18209,71015,13692,49847,23843,5634
2009-10-06,-55674,35775,88135,10339,66013,41391,5616
2009-10-13,-65253,44196,102958,13632,78885,50739,6543
2009-10-20,-67971,43537,111244,17831,85802,52689,9152
2009-10-27,-57571,35455,99635,20380,77951,41261,5806
2009-11-03,-40867,23369,82896,19644,60511,27862,4493
2009-11-09,-40341,21984,85919,18935,59276,30168,8184
2009-11-17,-41941,23606,94241,21377,63318,35653,12047
2009-11-24,-42880,24653,89131,21417,64297,30492,5839
2009-12-01,-53573,30809,97431,20713,74286,35964,5155
2009-12-08,-47067,29459,103218,34784,81851,33195,3736
2009-12-15,-43289,25625,109895,36993,80282,29365,3740
2009-12-22,-42554,22701,79423,13443,55997,31381,8680
2009-12-29,-63010,39989,101157,13066,76076,50457,10468
2010-01-05,-66666,40196,107554,13715,80381,51736,11540
2010-01-12,-74014,48695,117310,15139,89153,60219,11524
2010-01-19,-73698,46803,120271,17807,91505,58048,11245
2010-01-26,-48154,25809,91375,17315,65469,35659,9850
2010-02-02,-33141,15355,82692,20658,53799,25639,10284
2010-02-09,-27327,8863,84317,23962,51289,24285,15422
2010-02-16,-46728,23455,93330,19153,65881,35026,11571
2010-02-23,-53439,28421,100629,19273,72712,40224,11803
2010-03-02,-62476,38289,109517,21003,83479,47170,8881
2010-03-09,-87902,61399,138991,25132,113034,71350,9951
2010-03-16,-94918,69640,180184,50877,145795,80982,11342
2010-03-23,-105107,73027,152885,14953,120060,90278,17251
2010-03-30,-100787,70296,152133,18473,119260,88595,18299
2010-04-06,-98474,69312,151537,17564,116038,88881,19569
2010-04-13,-100410,70475,153401,19767,120177,87918,17443
2010-04-20,-101494,69656,149360,17808,119302,82664,13008
2010-04-27,-90102,59198,144191,24191,114293,72366,13168
2010-05-04,-80463,52012,137181,25697,106160,65431,13419
2010-05-11,-71373,50454,122092,26666,98039,58010,7556
2010-05-18,-67412,44885,124952,33225,100637,53254,8369
2010-05-25,-46688,23872,122642,41847,88535,40113,16241
2010-06-01,-41924,22154,117450,40741,82665,37262,15108
2010-06-08,-43534,22510,121438,44943,88477,36775,14265
2010-06-15,-47669,27354,127919,47624,95293,37460,10106
2010-06-22,-47616,26353,86397,13163,60779,38499,12146
2010-06-29,-38464,15894,88461,20026,58490,31575,15681
2010-07-06,-26402,8094,92565,29407,55809,28549,20455
2010-07-13,-42766,22038,87394,23275,66041,27952,5914
2010-07-20,-39057,16424,83317,21328,60385,23739,7315
2010-07-27,-44836,23868,85121,20687,65523,27045,3177
2010-08-03,-59474,34182,99262,18145,77619,40335,6153
2010-08-10,-69216,41179,105543,16265,85481,46616,5437
2010-08-17,-50497,29514,94908,22906,73403,34446,4932
2010-08-24,-33405,16147,94976,33640,67045,24889,8742
2010-08-31,-13109,-4764,108003,42949,56058,26957,31721
2010-09-07,-18147,452,107378,43989,62136,27734,27282
2010-09-14,-35851,17695,110946,44462,80313,29057,11362
2010-09-21,-52736,29815,101524,17441,70177,46985,17170
2010-09-28,-55020,27870,101260,17957,72977,43078,15208
2010-10-05,-68649,42678,120045,16843,85492,62909,20231
2010-10-12,-69452,43786,123851,19986,89438,63283,19497
2010-10-19,-57126,30740,112791,22985,80111,47852,17112
2010-10-26,-45723,19875,102269,23710,69433,37802,17927
2010-11-02,-48293,23365,104809,21972,70265,41890,18525
2010-11-09,-62936,37338,128710,23211,86147,62533,25195
2010-11-16,-62160,38441,124587,25324,87484,58390,19949
2010-11-23,-42686,22499,105442,30250,72936,36797,14298
2010-11-30,-41661,19155,100245,29282,70943,30999,11844
2010-12-07,-57378,33722,114999,28147,85525,47003,13281
2010-12-14,-61683,33396,142291,45814,107497,44840,11444
2010-12-21,-50851,24948,91294,12976,63827,39665,14717
2010-12-28,-61599,34787,113223,13470,75069,58142,23355
2011-01-04,-65251,38348,120758,12903,78154,65421,27073
2011-01-11,-76876,47757,129480,12570,89446,70872,23115
2011-01-18,-75356,44055,128185,13829,89185,67614,23559
2011-01-25,-64699,31719,117899,16727,81426,54075,22356
2011-02-01,-66237,33814,119488,15872,82109,55186,21372
2011-02-08,-76360,39790,141604,17467,93827,72899,33109
2011-02-15,-101826,72090,140822,17558,119384,77018,4928
2011-02-22,-101129,68348,140610,17913,119042,72774,4426
2011-03-01,-106282,72827,148414,16779,123061,78365,5538
2011-03-08,-115190,77544,174715,37451,152641,81253,3709
2011-03-15,-90828,56991,189157,74231,165059,60789,3798
2011-03-22,-77927,45977,118442,21588,99515,49722,3745
2011-03-29,-82542,51245,119128,20231,102773,52886,1641
2011-04-05,-100504,65030,138257,17432,117936,68876,3846
2011-04-12,-100255,63741,142022,22824,123079,66354,2613
2011-04-19,-99565,65035,141961,23480,123045,67489,2454
2011-04-26,-97647,59063,138939,24838,122485,61493,2430
2011-05-03,-87598,54041,139919,30740,118338,59863,5822
2011-05-10,-69423,37203,121478,30104,99527,42698,5495
2011-05-17,-57413,26291,123386,40314,97727,36008,9717
2011-05-24,-53275,21277,120245,41488,94763,31219,9942
2011-05-31,-59332,26402,125654,41643,100975,35657,9255
2011-06-07,-36708,13522,129110,51857,88565,32631,19109
2011-06-14,-48737,18855,142172,54875,103612,33746,14891
2011-06-21,-27651,2204,87905,24090,51741,19983,17779
2011-06-28,-18130,-1863,92360,28565,46695,21896,23759
2011-07-05,-38116,6821,105967,25473,63589,31346,24525
2011-07-12,-46621,15334,111624,24080,70701,39535,24201
2011-07-19,-56684,27764,124719,25093,81777,52623,24859
2011-07-26,-65886,36141,128807,27531,93417,52884,16743
2011-08-02,-70299,41037,133150,27593,97892,57482,16445
2011-08-09,-44133,23704,118973,35943,80076,38872,15168
2011-08-16,-21404,4121,103509,39061,60465,23153,19032
2011-08-23,-25868,8804,104672,38944,64812,23368,14564
2011-08-30,-30799,13939,107237,40827,71626,24823,10884
2011-09-06,-18973,2081,109190,48193,67166,18441,16360
2011-09-13,-8624,-6303,117403,55828,64452,17337,23640
2011-09-20,-12984,-5458,123057,54981,67965,20422,25880
2011-09-27,11193,-20550,86146,32338,21145,21320,41870
2011-10-04,11024,-15682,103733,47148,36124,22713,38395
2011-10-11,25942,-24913,122945,74038,48096,23922,48835
2011-10-18,25587,-24795,123074,74197,48610,23343,48138
2011-10-25,17974,-17923,120187,69325,51351,25368,43291
2011-11-01,8137,-14820,119841,64477,56340,27420,42240
2011-11-08,6764,-15568,122069,64301,57537,28003,43571
2011-11-15,9300,-17215,123967,66149,56849,28819,46034
2011-11-22,19090,-22144,129151,73856,54766,29041,51185
2011-11-29,24739,-26869,143231,86803,62064,30069,56938
2011-12-06,16678,-20171,150326,91372,74694,31022,51193
2011-12-13,9411,-13385,173429,105069,95658,35787,49172
2011-12-20,-3232,-26868,174254,90485,93717,21428,48296
2011-12-27,19201,-21812,118735,64290,45089,28132,49944
2012-01-03,18500,-23371,119763,64236,45736,27665,51036
2012-01-10,19007,-28649,120997,67906,48899,23039,51688
2012-01-17,23119,-28730,123101,70249,47130,25118,53848
2012-01-24,6880,-18909,117164,54912,48032,29772,48681
2012-01-31,6645,-19409,119270,54905,48260,30140,49549
2012-02-07,-18274,2184,122955,46984,65258,37065,34881
2012-02-14,-24625,9566,122896,45270,69895,38465,28899
2012-02-21,-32518,14112,129249,40420,72938,47784,33672
2012-02-28,-41527,22480,136553,45369,86896,50763,28283
2012-03-06,-45184,26032,146771,47002,92186,55906,29874
2012-03-13,-50526,26721,172856,61100,111626,59548,32827
2012-03-20,-62500,42315,189870,64621,127121,62768,20453
2012-03-27,-45007,23737,122621,30438,75445,53432,29695
2012-04-03,-51387,29487,126333,29195,80582,57291,27804
2012-04-10,-41210,27967,113833,29950,71160,47992,20025
2012-04-17,-58451,38028,128841,31141,89592,58319,20291
2012-04-24,-68083,44224,134899,30013,98096,63028,18804
2012-05-01,-102549,70223,163036,28754,131303,84458,14235
2012-05-08,-80329,60095,148415,35823,116152,69914,9819
2012-05-15,-66516,51005,140173,37358,103874,66286,15281
2012-05-22,-48192,38555,130992,38781,86973,57577,19022
2012-05-29,-39499,34085,126626,45130,84629,48793,14708
2012-06-05,-17330,14906,137391,63694,81024,39559,24653
2012-06-12,-10923,9620,135037,66261,77184,31308,21688
2012-06-19,-11116,8201,131671,67917,79033,27808,19607
2012-06-26,-7225,9277,95821,39527,46752,27778,18501
2012-07-03,-9150,8698,93160,40158,49308,22923,14225
2012-07-10,-4837,4338,100606,46123,50960,24673,20335
2012-07-17,172,-1208,103963,50361,50189,23628,24836
2012-07-24,2522,-2432,111062,52846,50324,29695,32127
2012-07-31,-22714,12449,101082,36868,59582,30652,18203
2012-08-07,-32553,19122,109258,32069,64622,43190,24068
2012-08-14,-45648,28593,123658,29523,75171,53894,25301
2012-08-21,-74463,50867,150410,28897,103360,76008,25141
2012-08-28,-83968,60936,163842,32156,116124,86639,25703
2012-09-04,-87184,66555,171278,36806,123990,89309,22754
2012-09-11,-129123,101860,254598,70866,199989,116546,14686
2012-09-18,-138738,111881,296999,111793,250531,126688,14807
2012-09-25,-136287,105346,210066,36716,173003,123643,18297
2012-10-02,-129165,101176,196895,38350,167515,112706,11530
2012-10-09,-121809,95628,192593,40463,162272,106300,10672
2012-10-16,-119484,93750,189466,38298,157782,106369,12619
2012-10-23,-107857,89088,178102,41195,149052,98566,9478
2012-10-30,-99970,78771,167010,39783,139753,86306,7535
2012-11-06,-91165,74762,166422,46619,137784,82882,8120
2012-11-13,-82016,66119,168339,55425,137441,75935,9816
2012-11-20,-74649,61446,169517,61171,135820,72893,11447
2012-11-27,-78562,62379,170497,59723,138285,72663,10284
2012-12-04,-79323,57071,167343,58434,137757,66356,9285
2012-12-11,-86907,62533,178087,57844,144751,74220,11687
2012-12-18,-101824,74278,219922,81681,183505,81493,7215
2012-12-24,-88313,63352,140965,26014,114327,72777,9425
2012-12-31,-88132,65926,137247,25407,113539,73678,7752
2013-01-08,-90979,64005,137314,24292,115271,70435,6430
2013-01-15,-99637,68668,144716,25542,125179,73099,4431
2013-01-22,-86837,57952,141710,29132,115969,66225,8273
2013-01-29,-40834,35057,144927,57342,98176,53915,18858
2013-02-05,-32864,27761,141807,65520,98384,44538,16777
2013-02-12,-31462,26565,140109,67842,99304,39324,12759
2013-02-19,-20004,19379,156182,76550,96554,46033,26654
2013-02-26,29539,-21433,195893,123275,93736,42171,63604
2013-03-05,59171,-46663,221062,151458,92287,39564,86227
2013-03-12,67665,-53397,249150,181721,114056,37020,90417
2013-03-19,76642,-65331,308970,235665,159023,39417,104748
2013-03-26,71516,-62645,160847,105065,33549,26286,88931
2013-04-02,71125,-64544,163150,105344,34219,26212,90756
2013-04-09,78832,-71133,161861,110957,32125,24056,95189
2013-04-16,85843,-75913,171111,119246,33403,26003,101916
2013-04-23,83168,-71679,171804,117167,33999,27940,99619
2013-04-30,73887,-67848,161473,110577,36690,23246,91094
2013-05-07,51691,-51916,149014,92646,40955,25741,77657
2013-05-14,39114,-44417,142482,80107,40993,28352,72769
2013-05-21,44128,-33852,141531,84231,40103,30686,64538
2013-05-28,49066,-33359,144725,88719,39653,28298,61657
2013-06-04,58007,-39776,141838,97317,39310,22351,62127
2013-06-11,48689,-35907,145729,98780,50091,17343,53250
2013-06-18,35220,-26087,145484,100129,64909,15470,41557
2013-06-25,24355,-10638,109819,60951,36596,27186,37824
2013-07-02,34170,-16250,126754,70456,36286,35398,51648
2013-07-09,41388,-23829,140106,80806,39418,37260,61089
2013-07-16,36810,-20043,133870,80511,43701,32187,52230
2013-07-23,28405,-16758,119597,74122,45717,22262,39020
2013-07-30,22382,-11434,111005,66544,44162,20729,32163
2013-08-06,20864,-10436,106787,62191,41327,22629,33065
2013-08-13,18628,-9081,105303,60271,41643,21751,30832
2013-08-20,20939,-9544,108282,60065,39126,26559,36103
2013-08-27,41187,-24959,133392,75703,34516,35375,60334
2013-09-03,49279,-34639,143241,87628,38349,31879,66518
2013-09-10,42413,-30942,137986,89696,47283,24621,55563
2013-09-17,22859,-18764,142925,90759,67900,25286,44050
2013-09-24,4208,-5675,119624,51746,47538,40278,45953
2013-10-01,-1743,-955,122732,50999,52742,43734,44689
2013-10-08,10273,-8663,118332,58507,48234,33857,42520
2013-10-15,16299,-10814,112544,59892,43593,28436,39250
2013-10-22,5526,-5364,109316,53694,48168,28906,34270
2013-10-29,21521,-15237,116157,63565,42044,27233,42470
2013-11-05,25167,-18002,117253,65070,39903,26803,44805
2013-11-12,23532,-16092,118952,61948,38416,29306,45398
2013-11-19,23221,-16335,121813,62818,39597,31656,47991
2013-11-26,41002,-28780,129471,74321,33319,28143,56923
2013-12-03,56430,-41583,145767,85823,29393,32589,74172
2013-12-10,75430,-57514,160759,102583,27153,31049,88563
2013-12-17,81520,-65500,187136,128256,46736,25133,90633
2013-12-24,74109,-58432,149359,97141,23032,28191,86623
2013-12-31,73939,-57956,149037,96555,22616,28206,86162
2014-01-07,77670,-60542,156950,100257,22587,30535,91077
2014-01-14,84311,-67345,171370,108454,24143,34212,101557
2014-01-21,89804,-70327,169456,112401,22597,29423,99750
2014-01-28,76169,-62789,157214,100271,24102,25976,88765
2014-02-04,79252,-60300,160625,103483,24231,29439,89739
2014-02-11,73633,-58928,157495,100937,27304,27745,86673
2014-02-18,76670,-65000,154862,98317,21647,27756,92756
2014-02-25,67859,-58591,141519,87922,20063,24865,83456
2014-03-04,69874,-61096,147033,92528,22654,23306,84402
2014-03-11,62995,-52191,153639,91067,28072,25180,77371
2014-03-18,76337,-69805,186782,108340,32003,27751,97556
2014-03-25,49979,-33215,133246,66564,16585,40441,73656
2014-04-01,47728,-36994,117966,64673,16945,27549,64543
2014-04-08,42727,-34307,120336,63008,20281,28704,63011
2014-04-15,37842,-35426,119525,61985,24143,28288,63714
2014-04-22,36085,-35455,118707,61316,25231,27529,62984
2014-04-29,30005,-30295,123589,60536,30531,30093,60388
2014-05-06,31716,-31600,122287,61606,29890,28044,59644
2014-05-13,28786,-26037,121632,62277,33491,26986,53023
2014-05-20,30325,-26534,121268,63083,32758,26500,53034
2014-05-27,22069,-21810,129989,63738,41669,32581,54391
2014-06-03,25590,-22731,130275,66011,40421,32519,55250
2014-06-10,28027,-24108,125832,62263,34236,30303,54411
2014-06-17,9311,-21533,132209,47778,38467,34582,56115
2014-06-24,4540,-5320,103193,29794,25254,40595,45915
2014-07-01,-9323,2695,111438,30835,40158,44755,42060
2014-07-08,-20698,10295,128555,32588,53286,58245,47950
2014-07-15,-24024,15621,129787,33209,57233,60353,44732
2014-07-22,-26406,20581,129188,33108,59514,62078,41497
2014-07-29,-26875,22691,122619,33594,60469,56459,33768
2014-08-05,-19784,21455,115261,36570,56354,48944,27489
2014-08-12,-13660,17998,108979,35969,49629,44053,26055
2014-08-19,-3342,7281,113301,40948,44290,41844,34563
2014-08-26,-3454,5663,108441,40150,43604,38522,32859
2014-09-02,-9374,9191,105984,39648,49022,35333,26142
2014-09-09,-6359,11630,102951,40549,46908,33400,21770
2014-09-16,3203,7544,110275,47031,43828,37347,29803
2014-09-23,6568,3064,76530,24196,17628,27673,24609
2014-09-30,14158,-4566,89376,29652,15494,33014,37580
2014-10-07,20631,-7452,100900,35995,15364,39174,46626
2014-10-14,29793,-16167,104060,42330,12537,35688,51855
2014-10-21,36770,-21534,102170,47671,10901,28837,50371
2014-10-28,34245,-21405,99309,45385,11140,26093,47498
2014-11-04,35667,-19415,104720,49104,13437,29627,49042
2014-11-11,36011,-21846,108445,49367,13356,32668,54514
2014-11-18,34953,-19517,106914,49125,14172,32082,51599
2014-11-25,29317,-16341,102393,45070,15753,32106,48447
2014-12-02,33272,-18389,101752,47891,14619,28533,46922
2014-12-09,30554,-14362,109650,49178,18624,33406,47768
2014-12-16,34186,-15694,129475,55795,21609,32397,48091
2014-12-23,29191,-12187,98477,41241,12050,33904,46091
2014-12-30,29959,-14033,97308,41904,11945,32726,46759
2015-01-06,34090,-17087,103775,48606,14516,31275,48362
2015-01-13,37655,-21179,105003,52263,14608,27599,48778
2015-01-20,45704,-29080,111631,59282,13578,24238,53318
2015-01-27,41155,-23963,112718,56159,15004,28914,52877
2015-02-03,44672,-27321,113662,60231,15559,24553,51874
2015-02-10,50503,-33333,115744,66616,16113,21176,54509
2015-02-17,48990,-32842,111614,64638,15648,19998,52840
2015-02-24,51460,-36245,118014,69197,17737,22423,58668
2015-03-03,51965,-38863,121344,69531,17566,24332,63195
2015-03-10,60796,-39030,146639,86736,25940,22011,61041
2015-03-17,55039,-32822,158576,112562,57523,21001,53823
2015-03-24,49483,-32656,106731,64097,14614,19193,51849
2015-03-31,44332,-29618,110447,66324,21992,18771,48389
2015-04-07,43578,-30019,114881,67159,23581,22081,52100
2015-04-14,42709,-30578,118686,66797,24088,23020,53598
2015-04-21,33596,-27051,126801,64497,30901,33343,60394
2015-04-28,24895,-20909,128938,64232,39337,33858,54767
2015-05-05,13563,-10080,122108,63415,49852,30028,40108
2015-05-12,693,-3982,123908,62731,62038,29133,33115
2015-05-19,-1396,4348,117811,64147,65543,25184,20836
2015-05-26,-365,7333,121908,63657,64022,30695,23362
2015-06-02,12334,-1025,123127,66197,53863,30095,31120
2015-06-09,22678,-13745,118799,68560,45882,21004,34749
2015-06-16,22962,-12281,118620,71354,48392,22484,34765
2015-06-23,24406,-17579,81380,38597,14191,18270,35849
2015-06-30,30753,-23450,91797,44418,13665,23105,46555
2015-07-07,47453,-32268,120095,63010,15557,35928,68196
2015-07-14,60728,-40726,138431,76754,16026,38177,78903
2015-07-21,67331,-43568,153762,87887,20556,41443,85011
2015-07-28,81035,-56067,162118,104368,23333,35195,91262
2015-08-04,87720,-64180,170087,112225,24505,33993,98173
2015-08-11,89780,-67405,172252,118620,28840,28546,95951
2015-08-18,86078,-66794,161743,114630,28552,21407,88201
2015-08-25,80808,-59712,168819,114631,33823,29555,89267
2015-09-01,76574,-55119,161893,108541,31967,28964,84083
2015-09-08,68580,-48640,159492,98424,29844,29506,78146
2015-09-15,69332,-47083,188043,118341,49009,28509,75592
2015-09-22,57613,-38394,136213,72839,15226,40901,79295
2015-09-29,62891,-42235,139431,79347,16456,36211,78446
2015-10-06,51546,-35010,121676,69479,17933,29276,64286
2015-10-13,44722,-33949,116800,62925,18203,28207,62156
2015-10-20,34550,-27112,121148,63314,28764,31368,58480
2015-10-27,31969,-18895,122885,65506,33537,34134,53029
2015-11-03,32644,-19491,119629,65076,32432,32017,51508
2015-11-10,35602,-17907,134360,67270,31668,45787,63694
2015-11-17,49967,-28352,141785,75090,25123,45589,73941
2015-11-24,57148,-38617,143742,80182,23034,41304,79921
2015-12-01,58853,-38980,145547,83205,24352,38349,77329
2015-12-08,61977,-40138,162857,86698,24721,48776,88914
2015-12-15,71972,-51009,189775,118379,46407,44262,95271
2015-12-22,76749,-56027,163581,97189,20440,43455,99482
2015-12-29,80673,-60787,172137,101821,21148,47598,108385
2016-01-05,79735,-60130,166610,101060,21325,40898,101028
2016-01-12,78709,-59214,166273,102793,24084,38837,98051
2016-01-19,82481,-66386,165344,105244,22763,33064,99450
2016-01-26,81197,-66819,165240,105878,24681,32767,99586
2016-02-02,70420,-52420,157362,103015,32595,30069,82489
2016-02-09,59638,-51935,157150,104221,44583,27279,79214
2016-02-16,52387,-45085,158608,103804,51417,29077,74162
2016-02-23,43501,-36940,157921,100612,57111,31487,68427
2016-03-01,37575,-30478,159107,102244,64669,31018,61496
2016-03-08,27220,-25781,174347,105413,78193,30550,56331
2016-03-15,17153,-16826,169228,108483,91330,31584,48410
2016-03-22,9659,-15009,98997,46885,37226,21807,36816
2016-03-29,3659,-6180,101099,45660,42001,28146,34326
2016-04-05,-6488,97,105335,44400,50888,29565,29468
2016-04-12,-10102,2385,107755,45199,55301,28968,26583
2016-04-19,-18065,7308,114198,46801,64866,32473,25165
2016-04-26,-25684,11999,121080,47268,72952,37104,25105
2016-05-03,-30745,18943,123864,47204,77949,39840,20897
2016-05-10,-33890,25874,124765,48293,82183,42040,16166
2016-05-17,-33527,22706,124370,50005,83532,37009,14303
2016-05-24,-25595,20047,123789,55464,81059,32834,12787
2016-05-31,-30322,26259,126518,51879,82201,38753,12494
2016-06-07,-29402,21537,135330,52674,82076,37421,15884
2016-06-14,-40910,18440,177711,74637,115547,42394,23954
2016-06-21,-14134,2595,118157,44071,58205,40664,38069
2016-06-28,-15439,7949,114425,44473,59912,38675,30726
2016-07-05,-18148,11517,116494,43551,61699,41031,29514
2016-07-12,-22521,17175,114230,42740,65261,39963,22788
2016-07-19,-27679,22068,117603,42753,70432,43086,21018
2016-07-26,-22944,23180,118079,43091,66035,44023,20843
2016-08-02,-21877,17758,115825,42005,63882,41711,23953
2016-08-09,-15537,15366,115796,42636,58173,43647,28281
2016-08-16,-22766,12473,124610,43388,66154,46118,33645
2016-08-23,-31617,16734,131618,43820,75437,50097,33363
2016-08-30,-34035,22400,125716,42757,76792,46808,24408
2016-09-06,-30005,20905,122747,43384,73389,44136,23231
2016-09-13,-18511,17058,124676,48174,66685,45790,28732
2016-09-20,-13779,16303,137204,53400,67179,57216,40913
2016-09-27,18861,-11615,105130,44542,25681,34579,46194
2016-10-04,20364,-14077,104219,45693,25329,32585,46662
2016-10-11,19525,-11704,104002,46146,26621,30809,42513
2016-10-18,15506,-14298,95793,43075,27569,23679,37977
2016-10-25,21648,-13324,113501,50812,29164,33274,46598
2016-11-01,24770,-15960,121156,56569,31799,35723,51683
2016-11-08,30078,-21312,120993,60639,30561,32850,54162
2016-11-15,32534,-18599,125532,64713,32179,34293,52892
2016-11-22,29571,-17462,118667,64108,34537,28260,45722
2016-11-29,27182,-18576,114416,61735,34553,25010,43586
2016-12-06,22893,-18158,107289,56070,33177,21538,39696
2016-12-13,20121,-21869,114265,54943,34822,24035,45904
2016-12-20,13942,-11754,106080,52784,38842,22246,34000
2016-12-27,8669,-1598,93212,30039,21370,36597,38195
2017-01-03,14171,-3871,98751,33109,18938,39546,43417
2017-01-10,11325,-7935,90632,33421,22096,28405,36340
2017-01-17,4856,-5456,100307,37227,32371,32064,37520
2017-01-24,-3042,2519,99574,34655,37697,36175,33656
2017-01-31,-9949,3472,114274,36065,46014,44939,41467
2017-02-07,-18938,8550,118424,37515,56453,46127,37577
2017-02-14,-28193,19340,125056,37935,66128,53152,33812
2017-02-21,-32520,24584,131522,38291,70811,58780,34196
2017-02-28,-37625,30090,135442,37216,74841,63125,33035
2017-03-07,-28459,29220,147601,44006,72465,65616,36396
2017-03-14,-12786,21458,176379,73482,86268,74620,53162
2017-03-21,32464,-24403,119123,60428,27964,30293,54696
2017-03-28,36441,-28217,121699,63563,27122,30419,58636
2017-04-04,38710,-30225,133688,66642,27932,38535,68760
2017-04-11,38595,-32334,126412,65672,27077,31432,63766
2017-04-18,42167,-33252,136614,71513,29346,37306,70558
2017-04-25,52745,-42642,165504,81341,28596,52545,95187
2017-05-02,61470,-47704,192692,93666,32196,66565,114269
2017-05-09,99276,-86215,214946,132142,32866,47412,133627
2017-05-16,108684,-98000,219483,145253,36569,39130,137130
2017-05-23,112104,-99109,208304,147449,35345,29681,128790
2017-05-30,109374,-98187,200273,144726,35352,23711,121898
2017-06-06,105838,-94501,210933,145121,39283,26492,120993
2017-06-13,98093,-88595,204115,134249,36156,26781,115376
2017-06-20,85766,-82881,219496,156474,70708,28507,111388
2017-06-27,47978,-49495,143798,78927,30949,28698,78193
2017-07-03,32293,-39372,145079,71029,38736,34300,73672
2017-07-11,-6631,-8604,161065,70170,76801,46080,54684
2017-07-18,-22327,8043,169522,65157,87484,60000,51957
2017-07-25,-41516,26613,177330,61163,102679,70385,43772
2017-08-01,-61484,40638,190622,58579,120063,82885,42247
2017-08-08,-84985,62821,205963,58066,143051,98237,35416
2017-08-15,-69109,51349,192026,59593,128702,86455,35106
2017-08-22,-66306,51099,186960,61276,127582,80965,29866
2017-08-29,-68676,53167,191798,59983,128659,86806,33639
2017-09-05,-71350,53644,203353,62321,133671,94732,41088
2017-09-12,-74071,50499,227931,78318,152389,91645,41146
2017-09-19,-79971,58846,299169,149713,229684,100675,41829
2017-09-26,-96830,74605,181913,33487,130317,102688,28083
2017-10-03,-97056,75128,177263,35298,132354,97204,22076
2017-10-10,-97535,76392,175817,33076,130611,97068,20676
2017-10-17,-95735,75086,174347,35726,131461,94507,19421
2017-10-24,-89688,72332,172673,33619,123307,96561,24229
2017-10-31,-71778,57839,157542,32021,103799,84309,26470
2017-11-07,-61941,50889,147706,32552,94493,75460,24571
2017-11-14,-57965,47335,143841,35157,93122,70473,23138
2017-11-21,-62186,45125,143596,34230,96416,67324,22199
2017-11-28,-61824,45658,145257,35966,97790,67882,22224
2017-12-05,-56105,42466,147099,39258,95363,66467,24001
2017-12-12,-53487,41960,149275,45454,98941,62198,20238
2017-12-19,-55571,45901,155022,49332,104903,68451,22550
2017-12-26,-30479,17346,116559,35963,66442,42372,25026
2018-01-02,-30882,14739,126829,37528,68410,49297,34558
2018-01-09,-41751,17461,147839,44166,85917,58581,41120
2018-01-16,-40070,17556,160810,54231,94301,61473,43917
2018-01-23,-46594,22557,168849,53866,100460,69446,46889
2018-01-30,-57426,33465,176871,56192,113618,75296,41831
2018-02-06,-60562,40164,167890,55913,116475,69492,29328
2018-02-13,-50244,32529,155262,52333,102577,62535,30006
2018-02-20,-42969,23127,144832,52401,95370,49373,26246
2018-02-27,-38133,22220,145351,48621,86754,54279,32059
2018-03-06,-22630,19565,139318,46346,68976,54233,34668
2018-03-13,-23152,19420,154478,50424,73576,59919,40499
2018-03-20,-21744,24560,180240,64019,85763,78744,54184
2018-03-27,32868,-27050,127568,63273,30405,33518,60568
2018-04-03,33118,-31872,127509,64223,31105,29558,61430
2018-04-10,31443,-31672,124621,63718,32275,28027,59699
2018-04-17,22890,-30324,128174,62509,39619,28575,58899
2018-04-24,21850,-25144,120406,61316,39466,23559,48703
2018-05-01,29245,-27535,121676,62784,33539,25940,53475
2018-05-08,27477,-23861,128877,63390,35913,33156,57017
2018-05-15,27423,-23656,128708,64838,37415,30419,54075
2018-05-22,23386,-26212,136118,71081,47695,23555,49767
2018-05-29,18977,-15690,147495,81293,62316,32696,48386
2018-06-05,20361,-16039,158317,90417,70056,35266,51305
2018-06-12,20041,-14988,156985,89911,69870,30168,45156
2018-06-19,-6284,-14014,190384,85775,92059,45738,59752
2018-06-26,40909,-32799,159233,86272,45363,40866,73665
2018-07-03,58151,-49448,158341,100077,41926,26934,76382
2018-07-10,59195,-52887,159504,101315,42120,26586,79473
2018-07-17,58541,-47484,157927,101031,42490,25594,73078
2018-07-24,49149,-44511,151441,97689,48540,20084,64595
2018-07-31,35104,-31569,140253,84857,49753,23679,55248
2018-08-07,29728,-24898,144934,79517,49789,33269,58167
2018-08-14,31283,-26198,144705,80789,49506,30627,56825
2018-08-21,26792,-27021,145677,79257,52465,32271,59292
2018-08-28,25410,-24789,147679,78787,53377,34111,58900
2018-09-04,30574,-26307,151238,83790,53216,34748,61055
2018-09-11,34707,-26942,158974,97457,62750,30506,57448
2018-09-18,57484,-30111,150538,92956,35472,25979,56090
2018-09-25,16531,-19532,115727,51398,34867,31812,51344
2018-10-02,10287,-18484,127333,48865,38578,41940,60424
2018-10-09,8203,-12145,121489,49286,41083,38867,51012
2018-10-16,6874,-11019,115386,49320,42446,32202,43221
2018-10-23,8158,-7228,118053,53794,45636,32031,39259
2018-10-30,8472,-9655,118508,56057,47585,29436,39091
2018-11-06,921,-2632,116284,49033,48112,33753,36385
2018-11-13,5898,-2791,121999,53110,47212,36773,39564
2018-11-20,11274,-6289,140651,68576,57302,39059,45348
2018-11-27,15596,-8630,145122,71616,56020,41427,50057
2018-12-04,19305,-12936,156750,83381,64076,38736,51672
2018-12-11,22315,-11669,161530,84808,62493,41672,53341
2018-12-18,38481,-7457,191476,108148,69667,51566,59023
2018-12-24,53097,-44692,159195,99624,46527,27887,72579
2018-12-31,59590,-50649,170168,104762,45172,34330,84979
2019-01-08,77214,-66002,167005,116348,39134,19287,85289
2019-01-15,65063,-59524,155691,105916,40853,17006,76530
2019-01-22,62744,-56096,151010,102840,40096,16727,72823
2019-01-29,64095,-56390,151146,104343,40248,16523,72913
2019-02-05,47576,-42037,141538,91960,44384,19808,61845
2019-02-12,43404,-37537,141172,92005,48601,21433,58970
2019-02-19,41782,-36437,142620,90735,48953,22989,59426
2019-02-26,44461,-39177,147621,98049,53588,21553,60730
2019-03-05,48572,-40444,146552,98021,49449,18210,58654
2019-03-12,52533,-41053,159939,100572,48039,20276,61329
2019-03-19,61991,-47774,167282,112933,50942,16267,64041
2019-03-26,49259,-39571,144311,93842,44583,21194,60765
2019-04-02,51113,-44323,151140,96434,45321,24619,68942
2019-04-09,47087,-43202,149544,93053,45966,24681,67883
2019-04-16,55321,-49162,145041,97019,41698,18256,67418
2019-04-23,55803,-47493,152998,99165,43362,23222,70715
2019-04-30,56061,-46745,154565,103426,47365,19445,66190
2019-05-07,52898,-46115,151258,98696,45798,20117,66232
2019-05-14,53406,-47588,148058,98370,44964,18457,66045
2019-05-21,45115,-42236,140682,88138,43023,16282,58518
2019-05-28,44310,-39423,140449,89942,45632,15878,55301
2019-06-04,43359,-41759,151970,99023,55664,15330,57089
2019-06-11,26671,-32840,159212,96453,69782,25597,58437
2019-06-18,2800,-38071,160795,70537,67737,19796,57867
2019-06-25,2567,-14790,137543,71645,69078,24750,39540
2019-07-02,-19773,6293,157998,70570,90343,45057,38764
2019-07-09,-25573,9226,164842,74021,99594,48734,39508
2019-07-16,-42224,20964,182946,74284,116508,63098,42134
2019-07-23,-46639,30750,187397,74876,121515,69694,38944
2019-07-30,-38323,21722,182478,75564,113887,66305,44583
2019-08-06,-31695,24166,172657,72567,104262,63598,39432
2019-08-13,-25173,14200,160861,73207,98380,50065,35865
2019-08-20,-20313,13037,155837,71980,92293,47368,34331
2019-08-27,-19414,10905,158921,72672,92086,48292,37387
2019-09-03,-10571,5349,167396,80697,91268,48206,42857
2019-09-10,-25867,11523,183058,82997,108864,54971,43448
2019-09-17,-27744,19823,187795,83296,111040,62004,42181
2019-09-24,-10444,4592,123017,48674,59118,40323,35731
2019-10-01,-13456,6327,130937,49998,63454,46303,39976
2019-10-08,-5882,5313,136105,53697,59579,49071,43758
2019-10-15,-22725,12961,149079,54260,76985,58007,45046
2019-10-22,-48620,33393,170305,57738,106358,71410,38017
2019-10-29,-63451,43589,189971,63589,127040,81982,38393
2019-11-05,-73077,54002,192882,64506,137583,87774,33772
2019-11-12,-56829,42373,182793,70603,127432,73671,31298
2019-11-19,-41642,28865,172759,68701,110343,65040,36175
2019-11-26,-32216,20344,167350,67607,99823,60930,40586
2019-12-03,-30228,21471,184060,79966,110194,64040,42569
2019-12-10,-31852,20741,169219,69682,101534,55285,34544
2019-12-17,-35517,11191,189458,85984,121501,47523,36332
2019-12-24,-30579,8497,158666,65276,95855,51478,42981
2019-12-31,-40049,11913,175666,61553,101602,63961,52048
2020-01-07,-49523,26367,189996,70831,120354,68756,42389
2020-01-14,-60100,32852,190229,69928,130028,70428,37576
2020-01-21,-60750,38294,188596,68338,129088,74399,36105
2020-01-28,-50732,34590,185499,68537,119269,76299,41709
2020-02-04,-37586,18563,174000,63080,100666,67193,48630
2020-02-11,-19295,9705,166914,57774,77069,68225,58520
2020-02-18,-14504,7817,164698,64458,78962,61559,53742
2020-02-25,-21947,14624,168819,66151,88098,63658,49034
2020-03-03,-17256,10579,160511,65372,82628,55191,44612
2020-03-10,290,-1990,175226,89173,88883,48055,50045
2020-03-17,24588,-9623,183137,105434,80846,43114,52737
2020-03-24,31320,-29245,124226,74060,42740,21323,50568
2020-03-31,26610,-21929,122891,75075,48465,21517,43446
2020-04-07,29487,-24433,117523,72887,43400,17052,41485
2020-04-14,31363,-23760,119798,75178,43815,18038,41798
2020-04-21,33923,-23891,121213,75330,41407,19804,43695
2020-04-28,35829,-29044,117660,75079,39250,16032,45076
2020-05-05,35568,-32052,119300,75117,39549,17007,49059
2020-05-12,37530,-32246,120453,76154,38624,16995,49241
2020-05-19,36924,-35056,130099,77910,40986,23142,58198
2020-05-26,36074,-33954,129849,77827,41753,21844,55798
2020-06-02,32240,-33138,128476,78954,46714,19774,52912
2020-06-09,25110,-24829,120459,69735,44625,22298,47127
2020-06-16,24363,-25486,125654,77777,53414,19695,45181
2020-06-23,18097,-20834,105412,55180,37083,22852,43686
2020-06-30,19029,-20519,118197,63828,44799,28174,48693
2020-07-07,17880,-16818,121226,64037,46157,31660,48478
2020-07-14,19360,-19775,148003,94450,75090,27642,47417
2020-07-21,9591,-16698,143606,78161,68570,34284,50982
2020-07-28,4433,-12496,139397,74931,70498,32105,44601
2020-08-04,13473,-23195,137101,83036,69563,19907,43102
2020-08-11,17687,-29547,136885,85901,68214,17256,46803
2020-08-18,21305,-33587,141600,88099,66794,19497,53084
2020-08-25,17669,-29318,129557,75116,57447,21590,50908
2020-09-01,9761,-27006,140520,76403,66642,26590,53596
2020-09-08,3721,-17355,137618,73353,69632,29626,46981
2020-09-15,-13520,-16943,147273,69085,82605,28909,45852
2020-09-22,4975,-18882,117564,61980,57005,23588,42470
2020-09-29,7209,-18948,113862,59778,52569,21619,40567
2020-10-06,10700,-18047,113818,62803,52103,20808,38855
2020-10-13,2521,-13564,121956,63693,61172,24638,38202
2020-10-20,6457,-19075,123266,64516,58059,24725,43800
2020-10-27,4477,-18069,122403,64900,60423,24739,42808
2020-11-03,7119,-20686,124892,70230,63111,21549,42235
2020-11-10,-93,-21349,136456,71253,71346,25962,47311
2020-11-17,-493,-20359,136614,72094,72587,26205,46564
2020-11-24,-4466,-16846,140823,70279,74745,31529,48375
2020-12-01,-4938,-21243,147803,74790,79728,28702,49945
2020-12-08,-7739,-20738,163589,77949,85688,34713,55451
2020-12-15,-15090,-15716,196230,107352,122442,39856,55572
2020-12-21,-37339,10085,156597,69708,107047,43198,33113
2020-12-29,-41316,15368,154464,69745,111061,42178,26810
2021-01-05,-38259,14524,156124,71354,109613,41560,27036
2021-01-12,-34068,12073,156675,70977,105045,43386,31313
2021-01-19,-31770,10326,154231,69173,100943,43633,33307
2021-01-26,-40347,13770,168896,70471,110818,53680,39910
2021-02-02,-39258,16096,158155,69432,108690,46645,30549
2021-02-09,-35655,9528,158454,68785,104440,44274,34746
2021-02-16,-33588,8164,159266,68547,102135,45021,36857
2021-02-23,-40921,9132,166868,68966,109887,46899,37767
2021-03-02,-47100,15327,168689,67338,114438,51391,36064
2021-03-09,-42617,10981,173078,70529,113146,50022,39041
2021-03-16,-29275,10263,186932,82575,111850,50907,40644
2021-03-23,-31619,5103,162170,67367,98986,46786,41683
2021-03-30,-34051,6518,164199,68228,102279,48462,41944
2021-04-06,-29421,2690,166118,71329,100750,47506,44816
2021-04-13,-28345,2406,166186,71821,100166,48056,45650
2021-04-20,-41150,13246,173145,71858,113008,53824,40578
2021-04-27,-46705,15722,180771,72924,119629,56675,40953
2021-05-04,-60705,25947,196817,69279,129984,74280,48333
2021-05-11,-66249,38629,201955,72089,138338,79329,40700
2021-05-18,-74978,46112,207963,73359,148337,82026,35914
2021-05-25,-75535,44811,213176,76439,151974,84183,39372
2021-06-01,-82481,48772,228957,83447,165928,89467,40695
2021-06-08,-77183,45281,220053,81541,158724,80989,35708
2021-06-15,-72921,44254,252936,129185,202106,73071,28817
2021-06-22,-66690,43225,202787,88461,155151,69074,25849
2021-06-29,-70782,45801,196928,83461,154243,68301,22500
2021-07-06,-66667,41178,202136,86106,152773,69923,28745
2021-07-13,-50450,26376,198714,91664,142114,63107,36731
2021-07-20,-25876,12915,189308,89082,114958,59883,46968
2021-07-27,-21242,5374,174701,88808,110050,47048,41674
2021-08-03,-23089,7460,170609,85956,109045,46064,38604
2021-08-10,-22171,6465,171602,85808,107979,45445,38980
2021-08-17,-14642,2660,177460,93234,107876,46499,43839
2021-08-24,-14735,5877,171487,89815,104550,44124,38247
2021-08-31,-4102,-2848,170439,92528,96630,40686,43534
2021-09-07,-6081,-6010,170506,94316,100397,36704,42714
2021-09-14,1424,-9283,175708,102846,101422,36677,45960
2021-09-21,18854,-27877,118528,64253,45399,18954,46831
2021-09-28,14833,-20235,118066,62549,47716,21873,42108
2021-10-05,15455,-26866,120168,65338,49883,18580,45446
2021-10-12,11728,-27860,127827,66803,55075,22382,50242
2021-10-19,-7837,-10924,153912,72675,80512,40380,51304
2021-10-26,-26629,3320,159475,69913,96542,45977,42657
2021-11-02,-27441,4162,156194,68542,95983,42037,37875
2021-11-09,-26608,5104,154720,67021,93629,43961,38857
2021-11-16,-26717,8709,148955,62689,89406,44147,35438
2021-11-23,-11397,-3135,150275,66164,77561,44320,47455
2021-11-30,9851,-14075,148375,72020,62169,41242,55317
2021-12-07,6137,-9358,155078,72984,66847,41095,50453
2021-12-14,-2059,-13128,186638,74451,76510,38230,51358
2021-12-21,7440,-9877,145562,66483,59043,45925,55802
2021-12-28,7167,-10334,138692,62717,55550,42528,52862
2022-01-04,8542,-11025,135633,61198,52656,41905,52930
2022-01-11,1996,-7376,138571,59569,57573,44284,51660
2022-01-18,-13723,7492,143371,58921,72644,49792,42300
2022-01-25,-19581,12317,146448,57492,77073,53129,40812
2022-02-01,-25622,18264,145082,57524,83146,52386,34122
2022-02-08,-16958,14886,145208,58404,75362,54762,39876
2022-02-15,-15116,12170,144815,58524,73640,54424,42254
2022-02-22,-14143,9253,140305,58345,72488,47661,38408
2022-03-01,-21586,14140,143507,57576,79162,50881,36741
2022-03-08,-15494,7646,149425,62360,77854,48492,40846
2022-03-15,-13145,17740,143863,59344,72489,47406,29666
2022-03-22,-7565,-4940,124090,59269,66834,29314,34254
2022-03-29,-15518,-1535,147421,76738,92256,32429,33964
2022-04-05,-30414,6923,157562,77906,108320,37325,30402
2022-04-12,-33450,12158,155390,76922,110372,37724,25566
2022-04-19,-39338,21226,153302,68989,108327,44063,22837
2022-04-26,-30481,20881,155362,69995,100476,48787,27906
2022-05-03,-12959,9029,152779,72629,85588,44670,35641
2022-05-10,2939,-5407,151009,75215,72276,38679,44086
2022-05-17,12591,-14496,151585,79825,67234,36069,50565
2022-05-24,6933,-12687,138508,74953,68020,28999,41686
2022-05-31,-327,-7007,135929,70006,70333,30520,37527
2022-06-07,-13401,-1062,167373,74044,87445,39288,40350
2022-06-14,-30284,23202,175219,79064,109348,56550,33348
2022-06-21,-6578,4105,140047,67084,73662,42260,38155
2022-06-28,-12247,9097,142584,65407,77654,45893,36796
2022-07-05,-4533,4293,145372,67829,72362,45365,41072
2022-07-12,-4653,3505,139297,64673,69326,41613,38108
2022-07-19,-8746,6667,142216,67038,75784,42040,35373
2022-07-26,-22197,15769,144182,61869,84066,46414,30645
2022-08-02,-30407,20277,145914,59355,89762,48342,28065
2022-08-09,-29743,21223,143646,59798,89541,46898,25675
2022-08-16,-32129,26867,147596,58476,90605,51843,24976
2022-08-23,-29683,23227,152685,61209,90892,53617,30390
2022-08-30,-29039,24179,158165,61821,90860,58704,34525
2022-09-06,-18916,17910,160567,66485,85401,57185,39275
2022-09-13,-13476,12425,149556,66866,80342,48102,35677
2022-09-20,892,2056,160314,73298,72406,47913,45857
2022-09-27,21707,-17666,140889,75267,53560,33677,51343
2022-10-04,17947,-21407,141799,70624,52677,36246,57653
2022-10-11,27366,-25672,144000,77929,50563,32476,58148
2022-10-18,25103,-20573,146425,78895,53792,35384,55957
2022-10-25,18053,-18155,143417,74064,56011,35607,53762
2022-11-01,19275,-17649,147170,74352,55077,38522,56171
2022-11-08,17930,-18464,147555,75750,57820,39586,58050
2022-11-15,14229,-12920,139753,70173,55944,37456,50376
2022-11-22,12664,-11672,134901,65508,52844,36733,48405
2022-11-29,13951,-16116,136654,66304,52353,35123,51239
2022-12-06,22905,-22090,148891,79379,56474,30717,52807
2022-12-13,24924,-27248,169433,87471,62547,31720,58968
2022-12-20,22986,-26961,180857,94996,72010,39705,66666
2022-12-27,28426,-30033,140544,78624,50198,28879,58912
2023-01-03,24541,-26766,138995,77624,53083,25497,52263
2023-01-10,27265,-30955,133888,75060,47795,22166,53121
2023-01-17,27488,-27259,132346,75387,47899,20897,48156
2023-01-24,29159,-30712,137476,77571,48412,25978,56690
2023-01-31,27637,-30184,140167,77299,49662,26404,56588
2023-02-07,31946,-33091,149621,80689,48743,33292,66383
2023-02-14,36358,-35494,149059,88778,52420,24466,59960
2023-02-21,39753,-37503,151896,90489,50736,21889,59392
2023-02-28,38460,-36074,165097,97390,58930,31599,67673
2023-03-07,39469,-29202,203816,104046,64577,62108,91310
2023-03-14,36369,-31715,244421,146380,110011,60738,92453
2023-03-21,64449,-56821,178185,127798,63349,18812,75633
2023-03-28,63417,-56825,176559,124285,60868,19672,76497
2023-04-04,58148,-58509,169138,118790,60642,16607,75116
2023-04-11,58205,-56579,164875,116537,58332,16914,73493
2023-04-18,42194,-46233,148638,96421,54227,17806,64039
2023-04-25,45878,-43791,151786,93784,47906,24295,68086
2023-05-02,56587,-50096,171054,110317,53730,27899,77995
2023-05-09,41957,-42263,159364,94662,52705,29609,71872
2023-05-16,44533,-42990,161195,98089,53556,28514,71504
2023-05-23,49140,-48526,159199,103597,54457,20388,68914
2023-05-30,39037,-29914,179871,107243,68206,37619,67533
2023-06-06,38456,-38329,168025,106003,67547,21709,60038
2023-06-13,29376,-36668,167232,98335,68959,15536,52204
2023-06-20,18758,-33543,184106,114925,96167,28187,61730
2023-06-27,-16734,-2847,167798,73407,90141,50307,53154
2023-07-03,-18815,4527,156284,73437,92252,44178,39651
2023-07-11,-14026,4444,140395,68935,82961,35072,30628
2023-07-18,-12991,521,146171,73833,86824,33877,33356
2023-07-25,-22096,5530,156395,73539,95635,42759,37229
2023-08-01,-23269,6365,152606,72951,96220,36278,29913
2023-08-08,-4617,-623,140960,73301,77918,29481,30104
2023-08-15,13769,-11411,157827,85774,72005,37112,48523
2023-08-22,16133,-12070,166147,92691,76558,35993,48063
2023-08-29,17939,-15761,177048,94881,76942,42527,58288
2023-09-05,29461,-24963,189660,103959,74498,45761,70724
2023-09-12,49275,-41883,217080,131976,82701,40298,82181
2023-09-19,48804,-48027,246847,184750,135946,19027,67054
2023-09-26,29819,-32696,175848,120758,90939,17006,49702
2023-10-03,38581,-40151,189443,127502,88921,21674,61825
2023-10-10,48420,-46489,179357,124157,75737,20342,66831
2023-10-17,50106,-48539,183938,125109,75003,21640,70179
2023-10-24,53600,-48639,184747,127101,73501,22326,70965
2023-10-31,56052,-49332,198528,133433,77381,25418,74750
2023-11-07,72568,-67721,200364,145272,72704,17171,84892
2023-11-14,77698,-70403,206046,152043,74345,18678,89081
2023-11-21,70083,-65440,203248,145080,74997,19407,84847
2023-11-28,67537,-63242,200864,143464,75927,18991,82233
2023-12-05,63290,-57848,197791,141259,77969,19753,77601
2023-12-12,61193,-55245,213873,153678,92485,19457,74702
2023-12-19,50577,-54333,214241,148747,98170,28862,83195
2023-12-26,23948,-34721,176452,98388,74440,41685,76406
2024-01-02,8320,-21131,184476,97957,89637,50895,72026
2024-01-09,-1787,-7380,171557,93842,95629,42286,49666
2024-01-16,4928,-13388,165998,91783,86855,38738,52126
2024-01-23,3161,-8451,155138,87877,84716,34310,42761
2024-01-30,-4200,-2388,159376,86763,90963,39101,41489
2024-02-06,4412,-7736,160118,94058,89646,32782,40518
2024-02-13,6958,-5482,161519,92188,85230,35698,41180
2024-02-20,1345,-863,157666,88205,86860,37108,37971
2024-02-27,-573,-1378,166484,90546,91119,41158,42536
2024-03-05,23567,-19837,183697,106182,82615,42590,62427
2024-03-12,30296,-30874,193223,113942,83646,35964,66838
2024-03-19,41437,-37148,230592,153407,111970,45761,82909
2024-03-26,54477,-50290,190995,121200,66723,37915,88205
2024-04-02,52481,-51223,197171,120307,67826,44220,95443
2024-04-09,58340,-53385,192964,127944,69604,34741,88126
2024-04-16,91572,-82815,237526,166834,75262,37067,119882
2024-04-23,84462,-76450,226747,157017,72555,35873,112323
2024-04-30,70490,-63201,211555,144359,73869,33793,96994
2024-05-07,71845,-69221,216708,148390,76545,32945,102166
2024-05-14,78220,-80303,220840,147626,69406,34286,114589
2024-05-21,91857,-90824,234491,164291,72434,35399,126223
2024-05-28,90353,-86585,264401,189745,99392,37299,123884
2024-06-04,99904,-91639,265761,193449,93545,37360,128999
2024-06-11,138061,-129493,307387,231560,93499,37310,166803
2024-06-18,158379,-147931,351458,292398,134019,22778,170709
2024-06-25,126330,-122412,278437,214107,87777,27790,150202
2024-07-02,124503,-120352,263465,205557,81054,21850,142202
2024-07-09,113308,-111212,257288,198168,84860,20263,131475
2024-07-16,137579,-132473,280941,219027,81448,24734,157207
2024-07-23,168664,-161603,315684,253851,85187,24087,185690
2024-07-30,203786,-196263,351856,289776,85990,23726,219989
2024-08-06,185438,-181632,335120,274249,88811,21993,203625
2024-08-13,180958,-179611,323167,265254,84296,20668,200279
2024-08-20,167006,-164410,314073,258246,91240,19528,183938
2024-08-27,106144,-110002,296041,228771,122627,19325,129327
2024-09-03,62013,-68544,255897,178469,116456,31460,100004
2024-09-10,66918,-68953,251209,176814,109896,23773,92726
2024-09-17,68061,-73150,256538,197838,129777,21464,94614
2024-09-24,59746,-65589,213164,153065,93319,25305,90894
2024-10-01,60168,-70003,216044,156149,95981,25151,95154
2024-10-08,86230,-89151,224645,168983,82753,21643,110794
2024-10-15,123906,-122393,296537,226425,102519,36718,159111
2024-10-22,148695,-140631,308279,245856,97161,28439,169070
2024-10-29,174266,-167499,329945,266311,92045,27399,194898
2024-11-05,180918,-175229,336467,272938,92020,26816,202045
2024-11-12,191332,-182389,342557,283278,91946,22011,204400
2024-11-19,190676,-183566,348354,285755,95079,23904,207470
2024-11-26,158570,-154002,322420,259420,100850,21281,175283
2024-12-03,165505,-159346,324325,261571,96066,21696,181042
2024-12-10,195936,-181554,408181,333506,137570,29034,210588
2024-12-17,195457,-182055,485592,430972,235515,19170,201225
2024-12-24,188397,-176720,345942,299476,111079,13502,190222
2024-12-31,189120,-175708,353686,299876,110756,20884,196592
2025-01-07,192467,-178589,357210,303241,110774,19114,197703
2025-01-14,181481,-167153,350363,292957,111476,23031,190184
2025-01-21,163078,-150787,331635,278535,115457,19503,170290
2025-01-28,162970,-147601,331109,276259,113289,21219,168820
2025-02-04,170842,-160444,346984,293323,122481,20421,180865
2025-02-11,162597,-150834,326849,275360,112763,17911,168745
2025-02-18,151212,-144643,323195,266233,115021,21276,165919
2025-02-25,142821,-137906,319493,261075,118254,20523,158429
2025-03-04,154980,-143770,340218,270391,115411,22175,165945
2025-03-11,156148,-142410,339922,276951,120803,19197,161607
2025-03-18,147159,-136582,347932,300798,153639,18089,154671
2025-03-25,140196,-129534,281126,234774,94578,17948,147482
2025-04-01,143318,-130016,278330,233760,90442,17606,147622
2025-04-08,129460,-119241,258263,218923,89463,16029,135270
2025-04-15,90143,-83860,249484,206811,116668,18265,102125
2025-04-22,73173,-67167,249643,205325,132152,18357,85524
2025-04-29,75322,-67205,249257,208156,132834,16046,83251
2025-05-06,76469,-70645,255101,209571,133102,16677,87322
2025-05-13,91895,-82156,262803,212802,120907,23250,105406
2025-05-20,112982,-103861,266748,216736,103754,22629,126490
2025-05-27,105002,-103898,263232,212692,107690,20418,124316
2025-06-03,110625,-108446,270041,214704,104079,18667,127113
2025-06-10,91207,-93143,288477,223285,132078,19651,112794
2025-06-17,61855,-66333,294801,225119,163264,28154,94487
2025-06-24,50430,-53167,201194,135776,85346,25267,78434
2025-07-01,60970,-63452,203485,141514,80544,22149,85601
2025-07-08,68694,-71608,201326,140689,71995,20344,91952
2025-07-15,72766,-74094,202720,141093,68327,21924,96018
2025-07-22,71510,-70343,200895,140760,69250,23086,93429
2025-07-29,77288,-76433,201852,143816,66528,20884,97317
2025-08-05,84877,-79420,214849,156289,71412,23589,103009
2025-08-12,93571,-90077,221109,162833,69262,20898,110975
2025-08-19,100818,-93079,220859,165165,64347,19028,112107
2025-08-26,108560,-105015,227180,168866,60306,20397,125412
2025-09-02,115358,-108976,225322,173237,57879,16584,125560
2025-09-09,115041,-108917,249304,192465,77424,18704,127621
2025-09-16,114181,-107177,266847,218993,104812,20975,128152
2025-09-23,124181,-114806,212186,169084,44903,18035,132841
2025-09-30,134279,-119905,240191,184464,50185,29920,149825
2025-10-07,151915,-136718,261636,206796,54881,29514,166232
2025-10-14,152580,-137593,269924,215542,62962,27162,164755
2025-10-21,158354,-145108,272419,217778,59424,28098,173206
2025-10-28,163411,-150044,278750,225397,61986,28366,178410
2025-11-04,173393,-159512,292964,238561,65168,27186,186698
2025-11-10,173878,-157635,289605,239920,66042,23151,180786
2025-11-18,161670,-149099,278400,228830,67160,24252,173351
2025-11-25,163460,-150414,280112,232517,69057,21438,171852
2025-12-02,159150,-150047,274997,228183,69033,19047,169094
2025-12-09,138723,-130600,251868,204735,66012,15794,146394
2025-12-16,92238,-86640,244427,186766,94528,25653,112293
2025-12-23,57190,-55793,197138,127092,69902,41739,97532
2025-12-30,36088,-40511,211171,126948,90860,52787,93298
2026-01-06,36062,-40585,218740,125159,89097,56931,97516
2026-01-13,45815,-42250,219263,122096,76281,62705,104955
2026-01-20,45990,-41785,213597,120142,74152,59456,101241
2026-01-27,13734,-16046,227204,118539,104805,77169,93215
2026-02-03,-7916,2130,216252,104119,112035,77397,75267
2026-02-10,-20188,13276,215037,95371,115559,84554,71278
2026-02-17,-30374,25826,218415,93653,124027,89601,63775
2026-02-24,-30260,27578,222562,94074,124334,92812,65234
2026-03-03,-24056,21050,232433,101029,125085,94008,72958
2026-03-10,-44360,36159,288392,145669,190029,93899,57740
2026-03-17,-6206,886,247753,144314,150520,66507,65621
2026-03-24,-1371,-1602,182798,80788,82159,62382,63984
2026-03-31,33986,-32684,217085,121227,87241,56421,89105
2026-04-07,58038,-55648,240735,139988,81950,60714,116362
2026-04-14,78377,-78272,259258,165386,87009,54249,132521
2026-04-21,59221,-58834,255128,158814,99593,60889,119723
2026-04-28,37143,-38476,252679,152035,114892,66517,104993
2026-05-05,12794,-14659,243793,134383,121589,73650,88309
2026-05-12,13717,-16242,251467,134010,120293,77042,93284
2026-05-19,35724,-31231,292877,175009,139285,72674,103905
2026-05-26,71845,-68882,297944,195307,123462,53676,122558
2026-06-02,99606,-94111,305869,224548,124942,37723,131834
