date,comm_net,noncomm_net,open_interest,comm_positions_long_all,comm_positions_short_all,noncomm_positions_long_all,noncomm_positions_short_all
1988-04-29,17,0,3714,2403,2386,0,0
1988-05-13,-99,231,4051,2187,2286,231,0
1988-05-31,1547,-267,6090,2967,1420,0,267
1988-06-15,4847,-3136,16980,7449,2602,996,4132
1988-06-30,4829,-2660,16530,8505,3676,300,2960
1988-07-15,5141,-1751,17980,8698,3557,941,2692
1988-07-29,2500,-1400,16199,6774,4274,0,1400
1988-08-15,-1690,176,19804,7316,9006,1412,1236
1988-08-31,-2195,2222,19574,6472,8667,3255,1033
1988-09-15,746,-632,19741,10901,10155,199,831
1988-09-30,705,435,12790,3929,3224,1761,1326
1988-10-14,-10477,5558,22023,2240,12717,6874,1316
1988-10-31,-7027,3407,19073,2866,9893,3773,366
1988-11-15,-8490,4097,19333,3675,12165,4097,0
1988-11-30,-15269,8470,28514,4668,19937,8470,0
1988-12-15,-6996,4050,28928,11171,18167,6098,2048
1988-12-30,-1814,344,16277,5998,7812,2251,1907
1989-01-13,9323,-5483,24359,15422,6099,1356,6839
1989-01-31,5425,-2864,24733,13662,8237,3285,6149
1989-02-15,5656,-3760,23653,12997,7341,1357,5117
1989-02-28,6756,-5451,25427,14233,7477,488,5939
1989-03-15,10066,-3633,20601,12214,2148,2579,6212
1989-03-31,13590,-7383,21413,14552,962,800,8183
1989-04-14,7813,-2483,22808,10661,2848,4600,7083
1989-04-28,5563,-1693,18096,8038,2475,2363,4056
1989-05-15,16225,-10869,27737,19562,3337,899,11768
1989-05-31,14168,-9087,27640,18962,4794,918,10005
1989-06-15,10376,-5240,29312,20236,9860,1097,6337
1989-06-30,14182,-7944,23390,14934,752,400,8344
1989-07-14,2911,-3700,23729,12165,9254,2906,6606
1989-07-31,-13102,8278,26345,4776,17878,9989,1711
1989-08-15,8820,-6046,23192,13022,4202,1869,7915
1989-08-31,11580,-3667,21958,14747,3167,1330,4997
1989-09-15,11654,-7474,34445,22220,10566,745,8219
1989-09-29,-5503,3636,24441,9539,15042,5352,1716
1989-10-13,9142,-4310,20998,13826,4684,841,5151
1989-10-31,2156,-658,22915,12561,10405,2819,3477
1989-11-15,-1762,3130,26200,12295,14057,6408,3278
1989-11-30,6305,-3391,23429,15485,9180,550,3941
1989-12-15,-10304,6377,29696,11836,22140,6991,614
1989-12-29,-12193,7137,19835,1771,13964,7388,251
1990-01-15,-13543,7958,23586,2745,16288,8634,676
1990-01-31,-14060,9399,26743,4365,18425,10083,684
1990-02-15,-13603,7857,30949,5620,19223,8859,1002
1990-02-28,-9846,5959,30640,8846,18692,7169,1210
1990-03-15,9022,-5201,30738,21078,12056,1704,6905
1990-03-30,6159,-3906,20876,11422,5263,426,4332
1990-04-12,1025,-2493,24758,9929,8904,917,3410
1990-04-30,6720,-4406,25039,13081,6361,1490,5896
1990-05-15,-7302,3717,31004,9817,17119,5984,2267
1990-05-31,-14974,11227,37655,9172,24146,13336,2109
1990-06-15,-18441,12921,41745,9808,28249,15163,2242
1990-06-29,-22696,15062,35653,2739,25435,16957,1895
1990-07-13,-19028,13477,36784,4015,23043,14648,1171
1990-07-31,-19519,12742,38002,5088,24607,14226,1484
1990-08-15,-19378,13594,42643,10222,29600,15351,1757
1990-08-31,-11695,8647,39839,14595,26290,9801,1154
1990-09-14,-309,-1195,38312,21794,22103,3199,4394
1990-09-28,8662,-5512,28248,18710,10048,2128,7640
1990-10-15,-9681,5282,32439,10185,19866,8375,3093
1990-10-31,-8116,7111,34086,11636,19752,9998,2887
1990-11-15,-11389,10766,40331,14435,25824,12422,1656
1990-11-30,-4029,7753,36595,15871,19900,9283,1530
1990-12-14,7056,1060,36298,21149,14093,7382,6322
1990-12-31,15344,-6623,25426,17805,2461,775,7398
1991-01-15,8669,-4687,20985,12845,4176,1224,5911
1991-01-31,-4488,3660,28788,10431,14919,6552,2892
1991-02-15,-12562,8312,37151,8888,21450,11853,3541
1991-02-28,6632,-2554,31471,17851,11219,4082,6636
1991-03-15,14626,-6981,40947,32341,17715,875,7856
1991-03-28,17903,-11004,30696,23947,6044,0,11004
1991-04-15,10887,-6974,30173,18512,7625,522,7496
1991-04-30,10777,-5542,28408,18524,7747,620,6162
1991-05-15,5990,-887,31279,18009,12019,3617,4504
1991-05-31,13723,-4994,29737,21583,7860,213,5207
1991-06-14,15984,-6072,42887,33628,17644,1047,7119
1991-06-28,16001,-7823,30644,21327,5326,545,8368
1991-07-15,9125,-5033,27547,15387,6262,2388,7421
1991-07-31,-2526,2048,20593,6441,8967,3620,1572
1991-08-15,-1783,2536,20125,5344,7127,3103,567
1991-08-30,1376,246,20845,9924,8548,1329,1083
1991-09-16,-15549,7767,35446,9562,25111,8565,798
1991-09-30,-15022,8548,24941,1357,16379,8548,0
1991-10-15,3813,-620,21621,9807,5994,2494,3114
1991-10-31,-4698,3162,24630,8924,13622,3648,486
1991-11-15,-13438,8077,31052,6486,19924,8931,854
1991-11-29,-8678,6792,30272,8549,17227,7406,614
1991-12-13,-8858,6964,31164,11419,20277,8066,1102
1991-12-31,-11233,6517,20576,1184,12417,7441,924
1992-01-15,2649,825,23359,12899,10250,2152,1327
1992-01-31,6384,-201,24765,16222,9838,1757,1958
1992-02-14,4669,998,24632,14492,9823,2341,1343
1992-02-28,7980,-1281,27278,18175,10195,1780,3061
1992-03-13,14068,-3600,37993,29301,15233,1331,4931
1992-03-31,7918,-1016,24563,14928,7010,1012,2028
1992-04-15,-740,4266,29770,10097,10837,5002,736
1992-04-30,-10231,7423,33175,6753,16984,8847,1424
1992-05-15,-17593,9865,37497,6337,23930,12811,2946
1992-05-29,-11535,6845,35107,9098,20633,10538,3693
1992-06-15,-15583,9648,43869,16001,31584,11735,2087
1992-06-30,-12187,7636,28993,4410,16597,10234,2598
1992-07-15,-10755,6598,26685,4151,14906,8954,2356
1992-07-31,-5780,5084,26918,7502,13282,7623,2539
1992-08-14,-4357,5919,26266,7714,12071,7325,1406
1992-08-31,-9855,6537,32261,7257,17112,10566,4029
1992-09-15,4266,1389,33031,20524,16258,4242,2853
1992-09-30,16105,-6973,29099,22013,5908,1430,8403
1992-10-06,17595,-7651,29628,23808,6213,1129,8780
1992-10-13,15805,-7228,29465,22498,6693,290,7518
1992-10-20,14135,-6089,29460,19798,5663,2020,8109
1992-10-27,15512,-7853,31365,22104,6592,462,8315
1992-11-03,15879,-8347,32817,22627,6748,839,9186
1992-11-10,15129,-7677,33135,23046,7917,864,8541
1992-11-17,15436,-8216,32888,22902,7466,252,8468
1992-11-24,16398,-8827,33205,23498,7100,259,9086
1992-12-01,12243,-6178,31916,21322,9079,959,7137
1992-12-08,4718,-1986,30834,18827,14109,1749,3735
1992-12-15,4156,-1762,30371,21057,16901,1643,3405
1992-12-22,10257,-4274,22660,14658,4401,1159,5433
1992-12-29,22789,-10404,33982,26910,4121,1231,11635
1993-01-05,18771,-8878,32160,23590,4819,1369,10247
1993-01-12,4756,-2051,24625,13543,8787,1703,3754
1993-01-19,3595,-1152,22434,12571,8976,1749,2901
1993-01-26,3029,-1603,24608,13858,10829,1847,3450
1993-02-02,17218,-8951,36652,25099,7881,2268,11219
1993-02-09,23733,-11824,43350,31038,7305,3162,14986
1993-02-16,23497,-13191,43814,31488,7991,2997,16188
1993-02-23,23144,-13425,42549,30886,7742,3269,16694
1993-03-02,20785,-13284,42002,29511,8726,2489,15773
1993-03-09,21891,-11891,46274,35100,13209,1561,13452
1993-03-16,21498,-9627,53864,38691,17193,3263,12890
1993-03-23,-7787,2004,31060,11052,18839,5383,3379
1993-03-30,-7485,1635,30465,11413,18898,4570,2935
1993-04-06,-13554,4165,31878,9863,23417,5567,1402
1993-04-13,-18687,5694,38474,9163,27850,9330,3636
1993-04-20,-19853,6731,39068,9513,29366,9759,3028
1993-04-27,-23809,10617,45310,10679,34488,13277,2660
1993-05-04,-23966,10445,43693,10139,34105,12321,1876
1993-05-11,-12802,8956,40195,13185,25987,10438,1482
1993-05-18,-6484,5980,35802,14539,21023,6812,832
1993-05-25,-10017,5837,35712,14104,24121,6851,1014
1993-06-01,-11631,3025,38130,13941,25572,5138,2113
1993-06-08,6968,-3849,39932,25346,18378,1246,5095
1993-06-15,9479,-4875,38141,28495,19016,603,5478
1993-06-22,18304,-9290,35143,24892,6588,1117,10407
1993-06-29,11518,-4874,27652,16749,5231,2301,7175
1993-07-06,6442,-4241,22666,11764,5322,1218,5459
1993-07-13,9476,-3908,27070,15292,5816,1639,5547
1993-07-20,4606,-3444,24537,10935,6329,1245,4689
1993-07-27,6091,-3079,26754,13365,7274,1365,4444
1993-08-03,4797,-4100,25966,12651,7854,1463,5563
1993-08-10,18725,-9654,37767,24902,6177,1475,11129
1993-08-17,20374,-10024,38830,26628,6254,2188,12212
1993-08-24,-3790,626,28887,9773,13563,4263,3637
1993-08-31,7455,-5909,34075,17088,9633,3222,9131
1993-09-07,-18803,6555,47635,12348,31151,9867,3312
1993-09-14,-18397,7333,41945,9418,27815,10031,2698
1993-09-21,-12201,4459,26968,3844,16045,6898,2439
1993-09-28,-8169,2797,25234,5679,13848,5083,2286
1993-10-05,-4658,1442,24961,8450,13108,3726,2284
1993-10-12,-7509,1081,27291,7545,15054,5081,4000
1993-10-19,9836,-4785,31889,19196,9360,2894,7679
1993-10-26,15846,-7490,35240,23912,8066,1605,9095
1993-11-02,16627,-7598,36284,24564,7937,2001,9599
1993-11-09,20259,-10135,43133,27667,7408,1706,11841
1993-11-16,14225,-9187,36927,24086,9861,929,10116
1993-11-23,10594,-6968,36341,21306,10712,1248,8216
1993-11-30,2775,-3152,37537,17072,14297,2501,5653
1993-12-07,-9125,3076,41274,16135,25260,5221,2145
1993-12-14,-13570,5052,41092,14778,28348,7747,2695
1993-12-21,-2758,-838,22959,7369,10127,2344,3182
1993-12-28,-19700,7980,34070,4295,23995,9815,1835
1994-01-04,1593,-2472,28834,11678,10085,3508,5980
1994-01-11,-1376,-1471,30991,12012,13388,4308,5779
1994-01-18,-16355,8819,43513,8675,25030,17280,8461
1994-01-25,-20706,13027,42142,9167,29873,15848,2821
1994-02-01,-32040,19052,54526,9262,41302,22481,3429
1994-02-08,11419,-6666,40431,27239,15820,1512,8178
1994-02-15,13615,-8238,41666,28745,15130,987,9225
1994-02-22,17237,-9865,43197,31728,14491,1978,11843
1994-03-01,18076,-12226,48502,37429,19353,845,13071
1994-03-08,4132,-1897,41508,27915,23783,1497,3394
1994-03-15,-3522,612,45275,9510,13032,3814,3202
1994-03-22,-1057,-958,25174,11071,12128,2939,3897
1994-03-29,5720,-5129,31281,16477,10757,2973,8102
1994-04-05,25942,-17834,43406,32513,6571,355,18189
1994-04-12,30179,-18420,47239,38740,8561,714,19134
1994-04-19,25888,-14981,46240,37702,11814,535,15516
1994-04-26,-5621,6241,45341,16756,22377,12655,6414
1994-05-03,-21047,12382,49464,12262,33309,16819,4437
1994-05-10,-12028,6704,42890,14178,26206,11488,4784
1994-05-17,-13331,7531,46628,16910,30241,11706,4175
1994-05-24,-12286,6780,46306,17434,29720,11294,4514
1994-05-31,-10954,6394,44476,17155,28109,10868,4474
1994-06-07,-10135,5521,45412,19034,29169,10045,4524
1994-06-14,-22034,11692,50899,1136,23170,15179,3487
1994-06-21,-28373,16953,40151,790,29163,20262,3309
1994-06-28,-26863,16197,39103,1671,28534,19227,3030
1994-07-05,-25325,15147,39036,2705,28030,18644,3497
1994-07-12,-23122,12338,41030,4292,27414,17877,5539
1994-07-19,-16185,9275,41394,9141,25326,16333,7058
1994-07-26,5425,-4269,32221,14774,9349,6516,10785
1994-08-02,5459,-4972,31928,15633,10174,5539,10511
1994-08-09,4201,-4426,32123,15621,11420,5468,9894
1994-08-16,2624,-3044,34992,16550,13926,5909,8953
1994-08-23,-2886,38,40352,17902,20788,8424,8386
1994-08-30,9878,-6618,35612,22330,12452,4067,10685
1994-09-06,453,-4327,39923,20905,20452,5239,9566
1994-09-13,-10232,4164,50574,24491,34723,9559,5395
1994-09-20,-20081,10314,52019,2249,22330,12941,2627
1994-09-27,-20581,11875,33279,2928,23509,14342,2467
1994-10-04,-21758,12819,33580,1877,23635,14547,1728
1994-10-11,-22278,12949,41796,8445,30723,16289,3340
1994-10-18,-23155,13420,44329,10051,33206,16137,2717
1994-10-25,-25162,14715,43616,8454,33616,16587,1872
1994-11-01,-23091,12479,45599,10539,33630,16285,3806
1994-11-08,-15869,7350,50144,17471,33340,15905,8555
1994-11-15,1006,-3720,46959,22693,21687,11240,14960
1994-11-22,16205,-17046,51287,32616,16411,6874,23920
1994-11-29,21564,-18669,57360,40670,19106,5633,24302
1994-12-06,33501,-17712,72635,54640,21139,5777,23489
1994-12-13,24939,-19438,72973,57099,32160,4495,23933
1994-12-20,17431,-11336,73360,36038,18607,4706,16042
1994-12-27,32494,-23164,58849,50000,17506,2197,25361
1995-01-03,18093,-15443,54250,43761,25668,1797,17240
1995-01-10,21663,-15891,56015,46195,24532,1853,17744
1995-01-17,14805,-12897,37986,26236,11431,2811,15708
1995-01-24,-1268,-3868,47147,24168,25436,6690,10558
1995-01-31,735,-4700,42756,22847,22112,6156,10856
1995-02-07,11761,-11909,40512,27050,15289,2337,14246
1995-02-14,11778,-9662,46244,33872,22094,1992,11654
1995-02-21,7701,-8124,48575,34590,26889,2224,10348
1995-02-28,3010,-4596,50942,34492,31482,4114,8710
1995-03-07,-14176,8661,58604,30403,44579,10600,1939
1995-03-14,-4265,4108,53422,7874,12139,6382,2274
1995-03-21,-2308,3477,20876,9045,11353,5261,1784
1995-03-28,-5435,3815,22937,9281,14716,5640,1825
1995-04-04,-6169,3732,23373,9663,15832,5870,2138
1995-04-11,-3798,2786,22800,11029,14827,4251,1465
1995-04-18,-6490,3473,22698,9564,16054,4705,1232
1995-04-25,-4974,2821,23379,10535,15509,4227,1406
1995-05-02,-6553,2427,23479,9982,16535,4137,1710
1995-05-09,-27,1383,24590,12584,12611,4332,2949
1995-05-16,18645,-10645,29270,22340,3695,935,11580
1995-05-23,17546,-10827,28733,21233,3687,984,11811
1995-05-30,7738,-6663,25232,17012,9274,521,7184
1995-06-06,7536,-6315,27572,18654,11118,812,7127
1995-06-13,8703,-6676,36074,28140,19437,435,7111
1995-06-20,950,-2426,19393,9117,8167,2133,4559
1995-06-27,7543,-4841,20555,15101,7558,560,5401
1995-07-03,8144,-5011,20776,15251,7107,371,5382
1995-07-11,8482,-5727,22967,17574,9092,0,5727
1995-07-18,5623,-5096,22817,15977,10354,213,5309
1995-07-25,9358,-6953,24866,19217,9859,0,6953
1995-08-01,192,-1985,26290,13508,13316,3990,5975
1995-08-08,-7829,2824,29924,10769,18598,6455,3631
1995-08-15,18275,-10450,36871,29806,11531,1296,11746
1995-08-22,25028,-14645,39360,33133,8105,984,15629
1995-08-29,22819,-12982,40216,33780,10961,1507,14489
1995-09-05,21338,-11932,37942,32202,10864,1089,13021
1995-09-12,20793,-13621,48364,40746,19953,850,14471
1995-09-19,21609,-13549,32310,26300,4691,855,14404
1995-09-26,-8558,6465,30065,13249,21807,9070,2605
1995-10-03,-8966,6050,31204,13937,22903,9029,2979
1995-10-10,-10357,7967,36393,19239,29596,9312,1345
1995-10-17,-10402,8494,35799,19133,29535,9132,638
1995-10-24,-10222,8801,34207,17346,27568,9419,618
1995-10-31,-9977,8387,35694,19016,28993,9240,853
1995-11-07,-10815,8996,36938,19726,30541,9621,625
1995-11-14,15191,-9594,42391,35381,20190,1629,11223
1995-11-21,27177,-18344,51499,45964,18787,345,18689
1995-11-28,22333,-15378,48657,42013,19680,362,15740
1995-12-05,26440,-16525,53421,47330,20890,0,16525
1995-12-12,27021,-14101,66057,58503,31482,268,14369
1995-12-19,20844,-12295,32723,28310,7466,268,12563
1995-12-26,7777,-1927,34130,22823,15046,4633,6560
1996-01-02,-1545,4562,30668,17414,18959,6607,2045
1996-01-09,-4160,7619,36678,21029,25189,8622,1003
1996-01-16,1436,4971,33713,20445,19009,7023,2052
1996-01-23,28314,-16895,43863,38694,10380,345,17240
1996-01-30,33353,-20841,50988,45011,11658,745,21586
1996-02-06,8417,-1863,44161,31955,23538,4356,6219
1996-02-13,3223,1285,49838,33940,30717,6208,4923
1996-02-20,-4036,5746,53470,33184,37220,9280,3534
1996-02-27,-1666,2172,50711,34917,36583,6027,3855
1996-03-05,4508,-508,53038,40241,35733,4239,4747
1996-03-12,14707,-9455,61581,53694,38987,1310,10765
1996-03-19,10199,-6106,34389,28651,18452,300,6406
1996-03-26,9846,-5152,45880,38517,28671,1485,6637
1996-04-02,14001,-8841,49971,43255,29254,1470,10311
1996-04-09,13874,-9214,46709,39974,26100,557,9771
1996-04-16,26022,-17699,66772,58402,32380,2983,20682
1996-04-23,15233,-10531,56917,47731,32498,2569,13100
1996-04-30,19038,-11113,61153,50200,31162,6610,17723
1996-05-07,19762,-10506,52391,40136,20374,6740,17246
1996-05-14,4033,-438,45694,31464,27431,7575,8013
1996-05-21,2831,-852,47273,31486,28655,8014,8866
1996-05-28,2694,44,51628,35444,32750,8785,8741
1996-06-04,-32363,25205,75505,29630,61993,28832,3627
1996-06-11,-30861,22915,77714,31075,61936,24614,1699
1996-06-18,-25640,15193,40863,8457,34097,16812,1619
1996-06-25,-22838,14530,42155,10938,33776,16627,2097
1996-07-02,-27302,16187,48179,11022,38324,18709,2522
1996-07-09,-31206,20190,58784,20413,51619,20824,634
1996-07-16,-32679,19641,60201,20617,53296,20249,608
1996-07-23,-20825,13522,53762,25625,46450,14708,1186
1996-07-30,-20643,13676,54359,25954,46597,14799,1123
1996-08-06,-7935,5934,49096,30007,37942,8219,2285
1996-08-13,-6836,4663,47991,31538,38374,6138,1475
1996-08-20,-8016,5440,49320,31506,39522,7124,1684
1996-08-27,-13283,8753,53358,30643,43926,10039,1286
1996-09-03,-26407,18934,65298,27688,54095,20235,1301
1996-09-10,-24651,18027,69758,33129,57780,19324,1297
1996-09-17,-25450,17847,40033,6956,32406,19209,1362
1996-09-24,-24746,16694,39349,7552,32298,18406,1712
1996-10-01,-25085,17986,41093,8564,33649,19717,1731
1996-10-08,-22912,16022,44569,10925,33837,20256,4234
1996-10-15,-37006,22679,56764,11644,48650,24862,2183
1996-10-22,-36613,23331,57540,11699,48312,25160,1829
1996-10-29,-37089,23706,58025,11668,48757,25819,2113
1996-11-05,-36379,22910,59894,14452,50831,24265,1355
1996-11-12,-36571,22791,60973,14346,50917,23994,1203
1996-11-19,-36681,21750,64129,17600,54281,22551,801
1996-11-26,-32797,20397,62272,18175,50972,20937,540
1996-12-03,-9112,3519,64173,31400,40512,11420,7901
1996-12-10,-4162,350,58466,38275,42437,4114,3764
1996-12-17,-5392,1278,26328,7681,13073,4706,3428
1996-12-24,-4672,1208,28901,11287,15959,4844,3636
1996-12-31,-25096,16631,42991,9107,34203,17524,893
1997-01-07,-24223,14728,44725,12046,36269,15408,680
1997-01-14,-15900,10728,39750,12539,28439,11886,1158
1997-01-21,-15501,10151,39625,12621,28122,11525,1374
1997-01-28,12300,-7411,36740,27003,14703,1538,8949
1997-02-04,16723,-11716,40392,31470,14747,759,12475
1997-02-11,10971,-8660,37223,27035,16064,1492,10152
1997-02-18,14944,-9489,38880,29697,14753,874,10363
1997-02-25,10623,-8113,38965,27880,17257,1990,10103
1997-03-04,12979,-7687,38791,28813,15834,1755,9442
1997-03-11,18322,-12367,51948,44265,25943,152,12519
1997-03-18,24874,-13989,39630,34036,9162,0,13989
1997-03-25,14895,-10923,33460,24738,9843,885,11808
1997-04-01,-12477,8318,36841,14084,26561,9886,1568
1997-04-08,-13015,8987,36422,13774,26789,10169,1182
1997-04-15,-13597,8513,36712,13903,27500,9915,1402
1997-04-22,-15791,9534,38726,13933,29724,10502,968
1997-04-29,-18888,12230,40777,12764,31652,13165,935
1997-05-06,-14397,8171,40045,14618,29015,9017,846
1997-05-13,-11417,7370,37463,16441,27858,8768,1398
1997-05-20,-21331,11111,44416,14405,35736,11832,721
1997-05-27,-16548,10967,41784,15981,32529,11918,951
1997-06-03,-17361,11174,41825,16327,33688,12109,935
1997-06-10,-14794,10422,51246,27170,41964,11098,676
1997-06-17,-18602,12199,32656,7084,25686,12871,672
1997-06-24,-38349,24302,55541,10107,48456,25119,817
1997-07-01,-33521,21986,54291,11370,44891,22801,815
1997-07-08,-43114,27277,64098,12749,55863,28036,759
1997-07-15,-38532,26956,64333,15303,53835,28067,1111
1997-07-22,-39538,26094,65625,16595,56133,27873,1779
1997-07-29,953,-830,50192,25592,24639,7707,8537
1997-08-05,8042,-5168,49609,33343,25301,4877,10045
1997-08-12,23382,-12770,54002,44077,20695,2034,14804
1997-08-19,21841,-13339,49773,42470,20629,590,13929
1997-08-26,18789,-11955,48989,40817,22028,563,12518
1997-09-02,18976,-11481,49693,40426,21450,1097,12578
1997-09-09,17080,-10321,62379,44872,27792,1310,11631
1997-09-16,17346,-11260,30841,23823,6477,403,11663
1997-09-23,13728,-9706,28758,20998,7270,625,10331
1997-09-30,8068,-7307,28040,17784,9716,999,8306
1997-10-07,4608,-5777,29740,17292,12684,1640,7417
1997-10-14,4715,-6012,29720,17447,12732,1640,7652
1997-10-21,-9443,-111,35436,14280,23723,3710,3821
1997-10-28,-30913,20105,52014,9323,40236,21292,1187
1997-11-04,-31433,19482,50125,9318,40751,20979,1497
1997-11-11,-37788,24809,56149,9590,47378,25941,1132
1997-11-18,-39591,28441,60001,10783,50374,29977,1536
1997-11-25,-28120,24303,58703,14516,42636,26299,1996
1997-12-02,-30011,24343,57669,14860,44871,25660,1317
1997-12-09,-4923,5967,52950,32578,37501,7620,1653
1997-12-16,6993,-1656,33808,19203,12210,4784,6440
1997-12-19,2112,-1534,34186,17261,15149,4086,5620
1997-12-23,3692,-1503,31839,18293,14601,4085,5588
1997-12-30,2243,-381,31750,17981,15738,3811,4192
1998-01-06,7577,-3620,32850,20306,12729,2917,6537
1998-01-13,9718,-4560,34890,23020,13302,2721,7281
1998-01-20,13887,-4240,35925,25488,11601,2985,7225
1998-01-27,-4260,3276,31215,15329,19589,4405,1129
1998-02-03,-1406,2687,30566,17532,18938,3814,1127
1998-02-10,2325,1838,30407,19109,16784,3412,1574
1998-02-17,3463,1615,30225,20275,16812,3449,1834
1998-02-24,-4370,3668,33650,17584,21954,4882,1214
1998-03-03,-9312,5309,33697,14360,23672,6492,1183
1998-03-10,1260,-249,32537,20643,19383,2237,2486
1998-03-17,-21798,10879,35189,5741,27539,11754,875
1998-03-24,-24524,13076,39543,6690,31214,13692,616
1998-03-31,-24622,13590,43166,8217,32839,15274,1684
1998-04-07,-19539,11810,38548,8047,27586,13453,1643
1998-04-14,-26603,13358,44503,8649,35252,14499,1141
1998-04-21,-29341,17797,47517,8254,37595,18732,935
1998-04-28,-16441,10518,37557,8847,25288,12172,1654
1998-05-05,-8661,6131,36791,14132,22793,9073,2942
1998-05-12,21260,-12075,44675,35892,14632,982,13057
1998-05-19,31596,-19157,52887,45827,14231,697,19854
1998-05-26,27377,-16913,52744,42603,15226,2303,19216
1998-06-02,27008,-18164,52167,42922,15914,1230,19394
1998-06-09,24858,-16877,64130,51708,26850,1168,18045
1998-06-16,12482,-11925,44093,27166,14684,5809,17734
1998-06-23,-22494,17132,48874,15901,38395,19032,1900
1998-06-30,-23936,17799,50578,15644,39580,19754,1955
1998-07-07,-5884,4208,39512,20294,26178,6362,2154
1998-07-14,858,-1095,37141,21693,20835,3328,4423
1998-07-21,5492,-2511,36769,25897,20405,1762,4273
1998-07-28,-7630,4731,37872,19335,26965,6697,1966
1998-08-04,6499,-2628,40629,27904,21405,2755,5383
1998-08-11,11496,-4266,41926,31564,20068,2136,6402
1998-08-18,39756,-26591,63395,55305,15549,1126,27717
1998-08-25,19783,-13352,47718,37096,17313,1193,14545
1998-09-01,-25057,21739,71946,30393,55450,25576,3837
1998-09-08,-26484,22054,74452,31481,57965,26028,3974
1998-09-15,-23147,16856,49541,11741,34888,22488,5632
1998-09-22,-22648,18226,51441,12479,35127,23755,5529
1998-09-29,-28340,22791,58454,11993,40333,29192,6401
1998-10-06,-21505,17909,54176,14108,35613,24165,6256
1998-10-13,-23453,18014,52658,13760,37213,23524,5510
1998-10-20,-21688,16561,52335,14321,36009,22048,5487
1998-10-27,-827,2108,50305,29341,30168,9602,7494
1998-11-03,10437,-5703,53506,39393,28956,6312,12015
1998-11-10,11387,-4665,52884,39959,28572,6037,10702
1998-11-17,11768,-7483,52761,39752,27984,5402,12885
1998-11-24,16330,-9562,55379,43270,26940,5042,14604
1998-12-01,19468,-10428,57589,46547,27079,4735,15163
1998-12-08,19099,-10692,64674,48962,29863,4586,15278
1998-12-15,-13273,12972,47847,20666,33939,16511,3539
1998-12-22,-8801,9741,44144,22144,30945,12476,2735
1998-12-29,-13263,12434,46075,20642,33905,15169,2735
1999-01-05,-518,4966,43206,26166,26684,10828,5862
1999-01-12,28526,-16161,57740,48451,19925,4556,20717
1999-01-19,19462,-7265,52148,42062,22600,5700,12965
1999-01-26,16110,-7263,50488,39908,23798,4918,12181
1999-02-02,24833,-14356,56703,46687,21854,4478,18834
1999-02-09,21974,-13656,54792,44551,22577,4386,18042
1999-02-16,24093,-14215,56165,46334,22241,3965,18180
1999-02-23,36445,-23784,67663,58189,21744,3747,27531
1999-03-02,41984,-27766,73910,63954,21970,3747,31513
1999-03-09,38054,-27603,83402,68922,30868,4849,32452
1999-03-16,24892,-19133,55118,46425,21533,1179,20312
1999-03-23,13339,-11196,61850,40920,27581,11122,22318
1999-03-30,23518,-17021,54416,46915,23397,947,17968
1999-04-06,39206,-27260,68549,60391,21185,1882,29142
1999-04-13,37011,-29132,64984,57667,20656,884,30016
1999-04-20,39059,-32116,67131,59885,20826,684,32800
1999-04-27,28386,-23495,61648,52014,23628,1138,24633
1999-05-04,12843,-15908,60750,43153,30310,3855,19763
1999-05-11,-18271,14393,55926,23035,41306,16942,2549
1999-05-18,-20094,14248,57184,23027,43121,17302,3054
1999-05-25,19995,-11749,60096,44600,24605,4277,16026
1999-06-01,26186,-20502,63155,48910,22724,4064,24566
1999-06-08,26384,-18315,66284,50202,23818,6405,24720
1999-06-15,27301,-19010,51176,35487,8186,7516,26526
1999-06-22,31365,-22153,48586,38682,7317,2944,25097
1999-06-29,44702,-34422,62127,51633,6931,3154,37576
1999-07-06,52210,-38905,69689,59141,6931,2711,41616
1999-07-13,51822,-40297,73339,62194,10372,3470,43767
1999-07-20,40874,-31695,67257,55987,15113,3187,34882
1999-07-27,33325,-26738,57262,43752,10427,2924,29662
1999-08-03,-5913,3544,55026,28466,34379,10125,6581
1999-08-10,-12196,8285,55315,25416,37612,14846,6561
1999-08-17,-12043,9438,52821,25323,37366,13792,4354
1999-08-24,-7920,7311,55277,30027,37947,12378,5067
1999-08-31,-13309,10782,54879,24681,37990,14833,4051
1999-09-07,-4961,3943,53262,31444,36405,10018,6075
1999-09-14,-16109,10331,34466,6017,22126,14721,4390
1999-09-21,-16679,9016,34781,6608,23287,13830,4814
1999-09-28,-35933,28282,54299,6288,42221,32579,4297
1999-10-05,-45301,36351,62192,6494,51795,39896,3545
1999-10-12,-43569,35585,63106,7913,51482,39343,3758
1999-10-19,-54307,43779,74359,8404,62711,48014,4235
1999-10-26,-40695,34044,61647,8616,49311,35944,1900
1999-11-02,-38159,31156,59174,11366,49525,32574,1418
1999-11-09,-8363,9653,47996,22830,31193,17143,7490
1999-11-16,-5727,7208,46714,23249,28976,15155,7947
1999-11-23,-7652,8488,47213,23140,30792,15651,7163
1999-11-30,8090,-1117,46548,28852,20762,10829,11946
1999-12-07,6568,-3565,54458,39472,32904,6688,10253
1999-12-14,5288,-3064,18990,11477,6189,914,3978
1999-12-21,6733,-4001,18467,12905,6172,414,4415
1999-12-28,8732,-4602,18786,13581,4849,627,5229
2000-01-04,-7315,4043,27070,9713,17028,5767,1724
2000-01-11,-21973,14108,36938,7134,29107,14961,853
2000-01-18,-19616,14998,36241,8314,27930,15385,387
2000-01-25,-28276,20092,47257,11442,39718,20494,402
2000-02-01,4314,-201,33949,23658,19344,1918,2119
2000-02-08,22414,-15910,48047,38588,16174,1567,17477
2000-02-15,22295,-14138,47791,39512,17217,1352,15490
2000-02-22,14255,-10441,47438,36043,21788,1454,11895
2000-02-29,22803,-14810,51024,42339,19536,1560,16370
2000-03-07,20210,-12357,62049,51628,31418,1997,14354
2000-03-14,27320,-17790,43677,37526,10206,627,18417
2000-03-21,23615,-17132,43392,34899,11284,625,17757
2000-03-28,11776,-5674,37843,28007,16231,3404,9078
2000-04-04,5046,-1120,40719,25887,20841,6122,7242
2000-04-11,10950,-5762,38671,29735,18785,1945,7707
2000-04-18,16944,-8699,42051,34729,17785,1737,10436
2000-04-25,18393,-10669,42813,35823,17430,1266,11935
2000-05-02,30008,-18048,52717,45440,15432,1902,19950
2000-05-09,29373,-17943,51395,44755,15382,1082,19025
2000-05-16,27479,-13124,49851,41035,13556,570,13694
2000-05-23,29400,-16389,53580,43771,14371,570,16959
2000-05-30,25089,-12974,52836,41060,15971,1249,14223
2000-06-06,19340,-8019,50316,40591,21251,770,8789
2000-06-13,17199,-8103,52278,43446,26247,770,8873
2000-06-20,12975,-4660,25945,19066,6091,0,4660
2000-06-27,13471,-4662,26582,19358,5887,0,4662
2000-07-05,10795,-2439,28243,18830,8035,2493,4932
2000-07-11,11552,-3554,27846,20373,8821,1126,4680
2000-07-18,18791,-5797,33703,26872,8081,406,6203
2000-07-25,4675,-958,30688,17589,12914,2662,3620
2000-08-01,12267,-3629,31895,22845,10578,1458,5087
2000-08-08,13691,-5052,31666,23548,9857,1068,6120
2000-08-15,14441,-5224,30511,23310,8869,689,5913
2000-08-22,24896,-14685,41087,33424,8528,401,15086
2000-08-29,26831,-16574,45752,35583,8752,0,16574
2000-09-05,27413,-16174,45161,34941,7528,807,16981
2000-09-12,24539,-14785,54969,38430,13891,470,15255
2000-09-19,23514,-15022,37690,27469,3955,4,15026
2000-09-26,13313,-6907,32381,24311,10998,36,6943
2000-10-03,10367,-5271,30294,21478,11111,46,5317
2000-10-10,8474,-4061,30327,20677,12203,99,4160
2000-10-17,11038,-4731,31982,23233,12195,638,5369
2000-10-24,10284,-4213,30852,22989,12705,71,4284
2000-10-31,8866,-3425,31177,22383,13517,724,4149
2000-11-07,13194,-3768,34188,25748,12554,1166,4934
2000-11-14,12819,-4342,33617,25740,12921,412,4754
2000-11-21,15649,-5824,36018,27864,12215,594,6418
2000-11-28,16042,-6969,37298,27256,11214,610,7579
2000-12-05,11420,-5349,40519,30799,19379,552,5901
2000-12-12,7386,-2189,38716,28539,21153,667,2856
2000-12-19,3228,-1618,23226,13142,9914,920,2538
2000-12-26,-803,-388,23181,11173,11976,1518,1906
2001-01-02,-6098,1837,27079,11354,17452,3722,1885
2001-01-09,-8393,2638,29253,12727,21120,3410,772
2001-01-16,-6811,2000,29854,13924,20735,3463,1463
2001-01-23,-6298,1868,28835,13407,19705,3091,1223
2001-01-30,-4278,1358,27837,13929,18207,2130,772
2001-02-06,-1582,1002,28738,15602,17184,2750,1748
2001-02-13,6368,-1701,30561,19930,13562,2556,4257
2001-02-20,8952,-2950,32335,21148,12196,2116,5066
2001-02-27,9345,-2738,31691,20777,11432,2104,4842
2001-03-06,379,43,37437,22347,21968,3435,3392
2001-03-13,-604,998,41230,24513,25117,5980,4982
2001-03-20,10087,-5106,29527,20006,9919,1004,6110
2001-03-27,14841,-8302,34343,24855,10014,1069,9371
2001-04-03,18290,-8464,37712,28726,10436,1815,10279
2001-04-10,14600,-5579,32735,25000,10400,1633,7212
2001-04-17,16078,-6973,33572,27344,11266,1506,8479
2001-04-24,11042,-5013,33311,24181,13139,1966,6979
2001-05-01,13911,-5592,34963,26570,12659,1822,7414
2001-05-08,18750,-9522,39216,29731,10981,1866,11388
2001-05-15,20340,-10314,41505,32551,12211,1052,11366
2001-05-22,18685,-8024,40620,32606,13921,1740,9764
2001-05-29,21983,-9858,44794,35867,13884,2039,11897
2001-06-05,24109,-12241,47003,38348,14239,2002,14243
2001-06-12,21848,-12401,61357,45011,23163,3767,16168
2001-06-19,26760,-13351,39946,31618,4858,1397,14748
2001-06-26,17800,-8951,34659,24143,6343,1486,10437
2001-07-03,18873,-8565,35912,26219,7346,844,9409
2001-07-10,15232,-6817,34163,23386,8154,1781,8598
2001-07-17,16519,-7682,33246,22495,5976,2164,9846
2001-07-24,897,-1720,31979,15993,15096,3602,5322
2001-07-31,988,-2012,31886,16284,15296,3476,5488
2001-08-07,6254,-3137,33927,20402,14148,2643,5780
2001-08-14,-4410,1208,36855,25961,30371,6161,4953
2001-08-21,-19476,10800,45476,20898,40374,15386,4586
2001-08-28,-24374,14793,50269,11984,36358,18852,4059
2001-09-04,-18883,12046,48467,12737,31620,16192,4146
2001-09-10,-22124,12425,63015,22810,44934,17074,4649
2001-09-18,-19935,10169,39768,9291,29226,13239,3070
2001-09-25,-20709,9306,40103,7926,28635,13092,3786
2001-10-02,-17126,9194,40185,9195,26321,13436,4242
2001-10-09,-17561,8288,40137,8969,26530,13342,5054
2001-10-16,-9577,4786,37905,13434,23011,9690,4904
2001-10-23,480,-1279,39343,21190,20710,4946,6225
2001-10-30,-2330,899,38163,20535,22865,6313,5414
2001-11-06,-7973,2050,37327,17059,25032,6416,4366
2001-11-13,-4971,1755,38885,20289,25260,4989,3234
2001-11-20,11682,-6058,43540,29157,17475,3162,9220
2001-11-27,14382,-8478,43792,31322,16940,1801,10279
2001-12-04,15733,-8948,42861,32555,16822,1888,10836
2001-12-11,6556,-2460,44312,30037,23481,2417,4877
2001-12-18,-5629,1742,23677,6507,12136,4889,3147
2001-12-21,-631,-1628,22919,9564,10195,2670,4298
2001-12-28,-1813,-2485,22515,10324,12137,647,3132
2002-01-08,-593,-3410,24447,10330,10923,966,4376
2002-01-15,2339,-4517,25096,12134,9795,900,5417
2002-01-22,5948,-3089,25242,12999,7051,1725,4814
2002-01-29,17920,-11942,33552,21977,4057,992,12934
2002-02-05,19760,-10864,33289,23182,3422,545,11409
2002-02-12,8919,-5398,31419,17163,8244,3751,9149
2002-02-19,5418,-5595,26728,12892,7474,1597,7192
2002-02-26,10950,-6214,33026,19107,8157,3560,9774
2002-03-05,7657,-3596,27814,14664,7007,3367,6963
2002-03-12,15174,-10123,39898,25956,10782,2112,12235
2002-03-19,8852,-6691,27150,15322,6470,2360,9051
2002-03-26,-1373,-855,29410,10704,12077,6723,7578
2002-04-02,-14426,4602,38169,8601,23027,10649,6047
2002-04-09,-10625,244,34199,10876,21501,5868,5624
2002-04-16,-13116,2437,37817,10757,23873,8350,5913
2002-04-23,-19973,8681,42976,8948,28921,13688,5007
2002-04-30,-22285,10558,45691,9276,31561,17061,6503
2002-05-07,-24554,11670,50156,9491,34045,19501,7831
2002-05-14,-13938,4393,44927,12687,26625,13376,8983
2002-05-21,-17970,5239,45036,12199,30169,12071,6832
2002-05-28,-20018,4646,46069,11965,31983,11317,6671
2002-06-04,-15774,2850,43285,12752,28526,9819,6969
2002-06-11,-25126,9828,55572,13980,39106,16657,6829
2002-06-18,-20263,5843,44886,7764,28027,14829,8986
2002-06-25,-17987,5240,43586,8937,26924,13284,8044
2002-07-02,-11897,2229,40504,10734,22631,9892,7663
2002-07-09,-12323,1916,39998,11682,24005,9072,7156
2002-07-16,-8736,-255,37231,12261,20997,5382,5637
2002-07-23,-9308,167,35862,11894,21202,5186,5019
2002-07-30,-9964,1514,35941,11817,21781,6234,4720
2002-08-06,-10436,2532,33265,10708,21144,5963,3431
2002-08-13,-7587,1031,28961,10835,18422,3798,2767
2002-08-20,-3612,-1177,30012,13326,16938,2805,3982
2002-08-27,-8918,2563,32571,11094,20012,6160,3597
2002-09-03,-11235,2871,33512,10847,22082,5732,2861
2002-09-10,-11615,2023,39093,14276,25891,5795,3772
2002-09-17,-4934,-2423,22269,3751,8685,2739,5162
2002-09-24,-7271,-1680,23398,3660,10931,3382,5062
2002-10-01,-11178,-384,28653,2380,13558,5396,5780
2002-10-08,-8051,-1155,30743,5919,13970,5780,6935
2002-10-15,-9053,2285,28327,4251,13304,6431,4146
2002-10-22,-7346,267,26456,5157,12503,4835,4568
2002-10-29,-17859,7677,32297,2249,20108,11193,3516
2002-11-05,-21039,9963,37029,3148,24187,14957,4994
2002-11-12,-28744,15319,45933,3766,32510,19263,3944
2002-11-19,-26621,13375,43939,3740,30361,17779,4404
2002-11-26,-15025,6746,38687,7809,22834,11414,4668
2002-12-03,-7613,740,33681,11921,19534,5052,4312
2002-12-10,-11742,3542,40447,13696,25438,7079,3537
2002-12-17,-20410,7757,32946,1468,21878,11344,3587
2002-12-23,-20406,6901,34020,1565,21971,10488,3587
2002-12-31,-21867,8370,34823,1089,22956,11957,3587
2003-01-07,-21913,8814,36924,1189,23102,13444,4630
2003-01-14,-23101,10165,37182,1050,24151,13773,3608
2003-01-21,-23317,11291,37884,2153,25470,14909,3618
2003-01-28,-21291,9304,37111,1474,22765,13369,4065
2003-02-04,-20977,8982,37750,1954,22931,13415,4433
2003-02-11,-15293,4992,35251,3410,18703,10006,5014
2003-02-18,-9060,376,33382,7184,16244,6298,5922
2003-02-25,-1923,-910,28528,9994,11917,3807,4717
2003-03-04,273,-188,29889,12491,12218,3496,3684
2003-03-11,-5763,1438,34292,14046,19809,4123,2685
2003-03-18,3919,-4376,21258,8503,4584,592,4968
2003-03-25,1749,-2600,20470,7550,5801,700,3300
2003-04-01,2133,-2538,21711,8348,6215,563,3101
2003-04-08,6664,-3862,25980,13736,7072,973,4835
2003-04-15,4733,-3071,23221,10628,5895,993,4064
2003-04-22,3015,-2628,25201,11426,8411,2053,4681
2003-04-29,-4033,-2541,27870,9472,13505,2135,4676
2003-05-06,-13095,4928,31088,4309,17404,9393,4465
2003-05-13,-12835,4094,32959,6319,19154,7470,3376
2003-05-20,-17083,6886,37761,7571,24654,9042,2156
2003-05-27,-18270,7732,39958,6930,25200,10497,2765
2003-06-03,-29333,16036,48222,5593,34926,17567,1531
2003-06-10,-32421,18044,59050,10302,42723,20014,1970
2003-06-17,-31489,17448,46234,1174,32663,19709,2261
2003-06-24,-30444,17217,45976,2843,33287,18775,1558
2003-07-01,-29582,16438,47221,4912,34494,18710,2272
2003-07-08,-20174,9954,45011,8220,28394,14414,4460
2003-07-15,-10314,2502,39893,14548,24862,5501,2999
2003-07-22,-4761,-655,36574,15911,20672,3487,4142
2003-07-29,-1079,-1686,44811,26412,27491,3595,5281
2003-08-05,-2869,-299,45719,26475,29344,3660,3959
2003-08-12,-5905,581,44939,25545,31450,3107,2526
2003-08-19,-1093,-3603,47837,28279,29372,3143,6746
2003-08-26,-342,-2183,49139,28725,29067,3953,6136
2003-09-02,404,-2325,42438,20031,19627,4717,7042
2003-09-09,-1259,-614,44767,22711,23970,4125,4739
2003-09-16,-6008,1521,26786,8509,14517,4540,3019
2003-09-23,-18399,10046,36402,5716,24115,12753,2707
2003-09-30,-22957,9923,48321,13845,36802,12371,2448
2003-10-07,-24250,11617,51131,13401,37651,15295,3678
2003-10-14,-25767,10700,53815,13478,39245,15428,4728
2003-10-21,-27744,12566,53768,12294,40038,15687,3121
2003-10-28,-34856,19666,65065,14919,49775,23023,3357
2003-11-04,-33973,19252,66893,19565,53538,21766,2514
2003-11-11,-29080,14700,63740,20937,50017,17150,2450
2003-11-18,-35282,18941,68738,19079,54361,21525,2584
2003-11-25,-35414,18781,67155,17347,52761,22356,3575
2003-12-02,-40306,23402,74221,18747,59053,26628,3226
2003-12-09,-39583,24626,93872,36080,75663,27080,2454
2003-12-16,-40011,22555,67067,13454,53465,24923,2368
2003-12-22,-37204,20337,57738,7361,44565,23165,2828
2003-12-30,-38139,19956,57504,7812,45951,22849,2893
2004-01-06,-35045,18050,60146,10994,46039,22009,3959
2004-01-13,-31229,13690,61829,15057,46286,17849,4159
2004-01-20,-32002,16235,61215,16278,48280,18594,2359
2004-01-27,-34107,17671,63400,17691,51798,19967,2296
2004-02-03,-34669,20893,66822,18480,53149,23623,2730
2004-02-10,-36627,19906,67552,17264,53891,23388,3482
2004-02-17,-33868,20159,70663,19037,52905,24010,3851
2004-02-24,-35363,21076,69494,18548,53911,24415,3339
2004-03-02,-25199,13977,63096,20850,46049,17565,3588
2004-03-09,-21529,10630,73570,34791,56320,13288,2658
2004-03-16,-11695,4095,37329,11652,23347,6579,2484
2004-03-23,-16940,5872,43178,12927,29867,8351,2479
2004-03-30,-13837,5235,39413,12915,26752,7141,1906
2004-04-06,-20191,11251,45396,11928,32119,13475,2224
2004-04-12,-19945,10648,45575,11950,31895,12752,2104
2004-04-20,-9665,5144,41048,14613,24278,8083,2939
2004-04-27,-6263,3732,42492,16797,23060,7965,4233
2004-05-04,-7257,4730,46341,19753,27010,8405,3675
2004-05-11,-2721,3219,48387,22215,24936,8702,5483
2004-05-18,-1411,1613,43218,19826,21237,7229,5616
2004-05-25,-8865,5902,45355,17130,25995,9993,4091
2004-06-01,-21056,10033,54636,15373,36429,16046,6013
2004-06-08,-24267,13477,64694,22169,46436,19401,5924
2004-06-15,-27652,16208,47098,7208,34860,18432,2224
2004-06-22,-25436,16182,47510,7529,32965,18393,2211
2004-06-29,-24726,13884,49713,11662,36388,16021,2137
2004-07-06,-33483,21077,53855,7431,40914,23288,2211
2004-07-13,-44373,30022,72101,11688,56061,33831,3809
2004-07-20,-48814,31767,79820,14143,62957,37000,5233
2004-07-27,-36462,24495,67259,14967,51429,27913,3418
2004-08-03,-34277,21606,70933,20324,54601,26238,4632
2004-08-10,-33111,22716,69615,19716,52827,28155,5439
2004-08-17,-29917,19198,74776,28114,58031,24266,5068
2004-08-24,-13526,7259,72156,37186,50712,14581,7322
2004-08-31,-9862,7089,74825,39722,49584,15120,8031
2004-09-07,-1496,1747,81067,51485,52981,10778,9031
2004-09-14,-7681,6009,46188,17444,25125,12072,6063
2004-09-21,-5692,6002,46702,19094,24786,12471,6469
2004-09-28,-11824,7816,55643,21679,33503,16311,8495
2004-10-05,-4161,26,59892,26924,31085,14877,14851
2004-10-12,-807,-4173,64539,33400,34207,12458,16631
2004-10-19,-7288,-1701,66763,30135,37423,14932,16633
2004-10-26,-24354,9525,72410,23329,47683,24758,15233
2004-11-02,-26890,13342,75805,22776,49666,29594,16252
2004-11-09,-39103,23346,88825,22072,61175,40588,17242
2004-11-16,-42414,27649,88817,20487,62901,42409,14760
2004-11-23,-50685,33605,97094,20643,71328,47600,13995
2004-11-30,-48829,32775,88044,14122,62951,44296,11521
2004-12-07,-48364,33585,101414,33945,82309,39467,5882
2004-12-14,-53348,38786,77331,10798,64146,41235,2449
2004-12-21,-48859,34782,81082,17589,66448,37492,2710
2004-12-28,-33990,20151,77644,19585,53575,33131,12980
2005-01-04,-24146,12523,75999,27277,51423,24458,11935
2005-01-11,-29450,21392,66467,22216,51666,22756,1364
2005-01-18,-25939,18715,64508,21563,47502,21007,2292
2005-01-25,-22063,15990,63971,23465,45528,18616,2626
2005-02-01,-25521,16693,65926,24406,49927,19591,2898
2005-02-08,-16862,10109,64686,28999,45861,15190,5081
2005-02-15,-31459,22239,73291,25016,56475,26973,4734
2005-02-22,-36747,25156,79178,26278,63025,29369,4213
2005-03-01,-47054,33519,79910,15806,62860,38182,4663
2005-03-08,-59481,41127,99583,21121,80602,46451,5324
2005-03-15,-56094,37824,79439,9867,65961,42006,4182
2005-03-22,-40721,26655,71769,16237,56958,31332,4677
2005-03-29,-20273,11874,66380,27558,47831,18587,6713
2005-04-05,-22958,15484,68416,28210,51168,21540,6056
2005-04-12,-26902,20371,82524,37784,64686,26824,6453
2005-04-19,-35081,26798,86549,33679,68760,33817,7019
2005-04-26,-36943,23711,85465,33392,70335,29282,5571
2005-05-03,-34644,19878,88941,38817,73461,25845,5967
2005-05-10,-30299,20098,89238,40597,70896,25907,5809
2005-05-17,-4342,434,81490,43338,47680,17615,17181
2005-05-24,6972,-7410,86387,52624,45652,14760,22170
2005-05-31,13135,-11071,95073,61489,48354,14346,25417
2005-06-07,4811,-8575,101520,62055,57244,14668,23243
2005-06-14,17858,-16949,68775,36280,18422,14197,31146
2005-06-21,13050,-12919,65232,33746,20696,13979,26898
2005-06-28,21186,-19805,66998,40945,19759,8962,28767
2005-07-05,18716,-20414,73218,42063,23347,10990,31404
2005-07-12,25725,-22581,74117,48017,22292,9067,31648
2005-07-19,26934,-25624,77596,48718,21784,11268,36892
2005-07-26,22618,-19865,75763,46338,23720,12276,32141
2005-08-02,20507,-16979,73519,43456,22949,12377,29356
2005-08-09,20144,-15509,72461,44467,24323,11090,26599
2005-08-16,-1907,2358,72786,34085,35992,20459,18101
2005-08-23,-7308,5498,74604,34611,41919,21708,16210
2005-08-30,-2350,-2211,77596,45034,47384,18388,20599
2005-09-06,-24309,10996,80522,37604,61913,25940,14944
2005-09-13,-26296,18475,91701,40858,67154,27410,8935
2005-09-20,-18680,10578,67785,22488,41168,24572,13994
2005-09-27,-5449,2563,77440,30404,35853,27581,25018
2005-10-04,18967,-16860,89889,53557,34590,20074,36934
2005-10-11,23888,-23045,89400,56373,32485,13716,36761
2005-10-18,25436,-21050,83729,53424,27988,10591,31641
2005-10-25,15171,-14041,74286,44302,29131,12541,26582
2005-11-01,17135,-14309,69583,44419,27284,9163,23472
2005-11-08,25458,-19370,80390,53470,28012,10489,29859
2005-11-15,30673,-23817,84441,58210,27537,10175,33992
2005-11-22,40408,-33020,89837,63136,22728,9056,42076
2005-11-29,39110,-33087,100047,71758,32648,10936,44023
2005-12-06,32220,-25779,107224,74048,41828,15567,41346
2005-12-13,9897,-7856,111268,79828,69931,13586,21442
2005-12-20,7374,-8192,70230,43997,36623,9425,17617
2005-12-27,12898,-11593,62736,37989,25091,9474,21067
2006-01-03,22449,-15021,69591,42720,20271,13026,28047
2006-01-10,9060,-4773,77079,45988,36928,17074,21847
2006-01-17,3606,-3303,83135,48630,45024,17411,20714
2006-01-24,-5116,2848,89537,47377,52493,22028,19180
2006-01-31,2247,-1910,94091,53808,51561,21296,23206
2006-02-07,19618,-14062,93793,62786,43168,15492,29554
2006-02-14,33675,-24644,99687,71768,38093,12019,36663
2006-02-21,26654,-19881,97217,66600,39946,14722,34603
2006-02-28,10887,-8189,98756,66047,55160,15055,23244
2006-03-07,18872,-12344,105166,71871,52999,14981,27325
2006-03-14,22711,-14632,70017,44935,22224,10989,25621
2006-03-21,9083,-5235,68099,39994,30911,13183,18418
2006-03-28,14233,-6284,67999,41984,27751,12491,18775
2006-04-04,16671,-10684,79371,48888,32217,14015,24699
2006-04-11,4849,-5624,79127,42536,37687,16971,22595
2006-04-18,-7948,5094,83282,33982,41930,27302,22208
2006-04-25,-17823,12290,93662,34973,52796,35005,22715
2006-05-02,-26857,18624,89073,31213,58070,34133,15509
2006-05-09,-38189,25767,104008,32834,71023,41071,15304
2006-05-16,-39094,24272,110006,39736,78830,39358,15086
2006-05-23,-46379,30558,114772,40784,87163,42928,12370
2006-05-30,-53457,39697,112099,30254,83711,51965,12268
2006-06-06,-37009,22286,105314,42204,79213,33771,11485
2006-06-13,-34640,22094,126043,63665,98305,34221,12127
2006-06-20,-34708,23402,78491,26575,61283,29010,5608
2006-06-27,-15241,6571,78592,38284,53525,17709,11138
2006-07-03,-20976,11863,78658,34262,55238,22169,10306
2006-07-11,-26513,13749,85671,35168,61681,25268,11519
2006-07-18,-26637,17077,88080,35604,62241,28460,11383
2006-07-25,-33543,22659,102104,43032,76575,34685,12026
2006-08-01,-60218,45003,114075,27756,87974,56297,11294
2006-08-08,-70971,55626,128112,30603,101574,65228,9602
2006-08-15,-82362,63196,135944,27206,109568,74152,10956
2006-08-22,-72161,56816,127943,30487,102648,66586,9770
2006-08-29,-72505,56125,130539,31850,104355,66676,10551
2006-09-05,-66473,53932,131836,37607,104080,63587,9655
2006-09-12,-44484,37581,127633,43986,88470,50259,12678
2006-09-19,-53608,42953,104255,18723,72331,60218,17265
2006-09-26,-71902,56967,122122,17207,89109,74642,17675
2006-10-03,-53982,44946,104665,17176,71158,62700,17754
2006-10-10,-29106,19835,101848,29949,59055,44433,24598
2006-10-17,-39294,33305,108510,26843,66137,56447,23142
2006-10-24,-44313,37165,101676,21300,65613,56205,19040
2006-10-31,-68494,59864,126678,16971,85465,80509,20645
2006-11-07,-96882,84280,152030,16385,113267,104189,19909
2006-11-14,-78301,62252,136600,21104,99405,82682,20430
2006-11-21,-85549,69089,140587,16559,102108,90136,21047
2006-11-28,-95384,80626,154081,17185,112569,101064,20438
2006-12-05,-92207,75832,151959,17011,109218,96711,20879
2006-12-12,-98133,79169,181580,38842,136975,103761,24592
2006-12-19,-102937,85598,149800,18196,121133,98434,12836
2006-12-26,-93875,73844,140289,20724,114599,86236,12392
2007-01-03,-83206,65157,137217,22259,105465,79060,13903
2007-01-09,-73471,58653,132731,27593,101064,69319,10666
2007-01-16,-100885,84318,150691,16121,117006,96664,12346
2007-01-23,-112469,94728,163961,15408,127877,109941,15213
2007-01-30,-90860,76927,146660,22685,113545,87825,10898
2007-02-06,-107096,92728,162238,20125,127221,106463,13735
2007-02-13,-60119,48598,150695,48283,108402,66582,17984
2007-02-20,-69795,59153,147702,39292,109087,74776,15623
2007-02-27,-83018,68028,160234,32722,115740,88313,20285
2007-03-06,-35677,27393,152524,65622,101299,57219,29826
2007-03-13,-27923,20403,160560,79416,107339,49742,29339
2007-03-20,-53307,46129,111646,18174,71481,66091,19962
2007-03-27,-55629,42578,111802,17817,73446,63269,20691
2007-04-03,-65601,55843,122932,18437,84038,73343,17500
2007-04-10,-55343,48417,120468,22147,77490,70095,21678
2007-04-17,-66257,59667,134953,18904,85161,83429,23762
2007-04-24,-79574,70066,148006,19622,99196,95965,25899
2007-05-01,-75148,63993,144051,22501,97649,88457,24464
2007-05-08,-65693,51997,134140,26075,91768,74982,22985
2007-05-15,-49401,41078,126092,32792,82193,64011,22933
2007-05-22,-46475,35338,122261,35585,82060,56493,21155
2007-05-29,-60190,47410,129528,27631,87821,69948,22538
2007-06-05,-74851,61860,142314,22388,97239,85999,24139
2007-06-12,-44892,39417,133395,39569,84461,63644,24227
2007-06-19,-80358,71693,133035,13029,93387,92943,21250
2007-06-26,-107839,96134,159791,9501,117340,119328,23194
2007-07-03,-104623,98173,164639,8765,113388,122379,24206
2007-07-10,-97683,88531,156362,8054,105737,112950,24419
2007-07-17,-107456,98366,173222,16579,124035,123452,25086
2007-07-24,-93355,83504,158955,16700,110055,107615,24111
2007-07-31,-77318,68713,128722,9372,86690,89522,20809
2007-08-07,-61026,54133,125762,23108,84134,74315,20182
2007-08-14,-50743,41358,120623,32309,83052,58864,17506
2007-08-21,-35189,29139,117568,43213,78402,48830,19691
2007-08-28,-39192,34571,123570,45882,85074,55525,20954
2007-09-04,-38015,32574,125940,48925,86940,53176,20602
2007-09-11,-48326,41591,143188,51229,99555,62069,20478
2007-09-18,-19718,13393,78793,17150,36868,38917,25524
2007-09-25,-29196,24557,85124,17251,46447,47380,22823
2007-10-02,-31919,26554,98589,19246,51165,55395,28841
2007-10-09,-37128,30488,108741,29526,66654,54137,23649
2007-10-16,-43764,35704,108213,25165,68929,56067,20363
2007-10-23,-50296,45421,124112,37192,87488,62712,17291
2007-10-30,-59456,52928,138550,41169,100625,70484,17556
2007-11-06,-66886,60326,147306,40375,107261,79840,19514
2007-11-13,-48451,43625,123575,37168,85619,61661,18036
2007-11-20,-38844,34385,122587,44093,82937,54350,19965
2007-11-27,-37021,35062,121270,42362,79383,56430,21368
2007-12-04,-35183,31528,117681,41968,77151,50879,19351
2007-12-11,-55284,56998,157832,62880,118164,76851,19853
2007-12-18,-9725,11537,66527,17568,27293,32117,20580
2007-12-24,-5993,9126,74898,22055,28048,34590,25464
2007-12-31,8789,-2809,78638,34131,25342,29132,31941
2008-01-08,8246,-3262,86731,37955,29709,30569,33831
2008-01-15,4528,307,84161,30975,26447,32740,32433
2008-01-22,9643,-729,93381,41199,31556,32239,32968
2008-01-29,1190,5358,92484,37472,36282,38888,33530
2008-02-05,15341,-7809,93616,44380,29039,30757,38566
2008-02-12,22439,-13933,96936,51048,28609,26593,40526
2008-02-19,20820,-12157,94673,49055,28235,25606,37763
2008-02-26,2350,3637,95018,44831,42481,30642,27005
2008-03-04,-13313,15714,100067,40675,53988,38013,22299
2008-03-11,-15249,21229,109031,46685,61934,45149,23920
2008-03-18,-27948,29140,83249,16072,44020,49963,20823
2008-03-25,-16114,19728,78111,18361,34475,44244,24516
2008-04-01,8845,-2760,98868,47889,39044,34114,36874
2008-04-08,19169,-12560,99529,52396,33227,30945,43505
2008-04-15,27187,-16136,113459,71190,44003,28219,44355
2008-04-22,1745,4663,115364,64051,62306,35044,30381
2008-04-29,36768,-24848,131121,96782,60014,21296,46144
2008-05-06,40402,-30437,144702,116349,75947,13874,44311
2008-05-13,36840,-24804,165843,123169,86329,25873,50677
2008-05-20,34659,-25340,160094,122488,87829,22233,47573
2008-05-27,34206,-24888,164058,126653,92447,22471,47359
2008-06-03,33204,-29028,162647,123891,90687,18580,47608
2008-06-10,28221,-21051,176947,130137,101916,28040,49091
2008-06-17,39380,-31248,88496,48466,9086,20534,51782
2008-06-24,22740,-12843,76375,37569,14829,24735,37578
2008-07-01,10462,-2631,89850,32366,21904,38184,40815
2008-07-08,13988,-8298,83736,32537,18549,31256,39554
2008-07-15,-3972,6423,108703,37035,41007,50345,43922
2008-07-22,741,3322,107323,37520,36779,48513,45191
2008-07-29,3691,1460,102737,39755,36064,43269,41809
2008-08-05,35441,-25875,93022,55110,19669,21707,47582
2008-08-12,46492,-32946,99819,65051,18559,18886,51832
2008-08-19,59163,-43728,109921,77262,18099,14836,58564
2008-08-26,63155,-45109,115174,83264,20109,16211,61320
2008-09-02,61063,-47285,120499,86685,25622,12504,59789
2008-09-09,59894,-47520,127527,85124,25230,16511,64031
2008-09-16,62285,-49359,105913,74572,12287,18353,67712
2008-09-23,62655,-47771,98762,75772,13117,12008,59779
2008-09-30,46806,-33036,101945,71148,24342,19488,52524
2008-10-07,51193,-35224,101018,73052,21859,20112,55336
2008-10-14,44668,-31473,101182,76380,31712,15804,47277
2008-10-21,50650,-36701,116248,86050,35400,16095,52796
2008-10-28,44669,-33090,130716,87906,43237,18591,51681
2008-11-04,45692,-35265,115676,91386,45694,12548,47813
2008-11-11,52597,-39838,110560,93539,40942,5967,45805
2008-11-18,55770,-42431,112652,95606,39836,5160,47591
2008-11-25,51849,-40244,117162,96240,44391,7289,47533
2008-12-02,50958,-39225,115876,95755,44797,6199,45424
2008-12-09,55154,-37426,122570,103821,48667,5892,43318
2008-12-16,23252,-30400,64421,32860,9608,7200,37600
2008-12-22,25340,-31630,70151,37806,12466,8817,40447
2008-12-30,29981,-35843,76340,42543,12562,9317,45160
2009-01-06,26746,-34684,78257,40572,13826,11365,46049
2009-01-13,25388,-34052,75438,38642,13254,10415,44467
2009-01-20,30646,-39037,87698,49259,18613,7489,46526
2009-01-27,32432,-36994,87433,49233,16801,9697,46691
2009-02-03,28795,-33423,83589,45599,16804,8890,42313
2009-02-10,24859,-31930,80695,41721,16862,8451,40381
2009-02-17,25129,-30570,83306,43932,18803,10591,41161
2009-02-24,25135,-28282,86102,47507,22372,10599,38881
2009-03-03,22446,-25449,94175,51539,29093,14845,40294
2009-03-10,27581,-30680,113352,74833,47252,11420,42100
2009-03-17,33691,-32990,76198,48909,15218,7731,40721
2009-03-24,30221,-30746,76157,45030,14809,9352,40098
2009-03-31,31372,-31136,78516,49995,18623,8487,39623
2009-04-07,33967,-34462,79456,50326,16359,7150,41612
2009-04-14,34039,-26510,83635,57271,23232,12700,39210
2009-04-21,32167,-24160,83379,55991,23824,15614,39774
2009-04-28,32730,-22913,84760,55752,23022,17702,40615
2009-05-05,28006,-22437,91226,55037,27031,20858,43295
2009-05-12,24654,-22506,91329,55436,30782,19205,41711
2009-05-19,30005,-25928,92870,57184,27179,16596,42524
2009-05-26,29272,-24805,93484,56887,27615,17724,42529
2009-06-02,23215,-20160,99293,56691,33476,20137,40297
2009-06-09,13651,-15333,101196,58170,44519,20887,36220
2009-06-16,8046,-8474,81438,37527,29481,23982,32456
2009-06-23,11145,-12158,84320,38689,27544,24039,36197
2009-06-30,1715,-4101,92518,39880,38165,31038,35139
2009-07-07,7597,-9150,87303,41987,34390,26280,35430
2009-07-14,11519,-12654,90346,48319,36800,23263,35917
2009-07-21,2337,-5691,94151,45913,43576,27441,33132
2009-07-28,6742,-8043,92133,48534,41792,23863,31906
2009-08-04,-1717,-2228,107366,46100,47817,36683,38911
2009-08-11,3595,-4256,94413,50172,46577,24568,28824
2009-08-18,7623,-1658,94626,51667,44044,26849,28507
2009-08-25,9430,-7017,98148,53907,44477,26449,33466
2009-09-01,22032,-17518,97615,57246,35214,23032,40550
2009-09-08,7500,-5960,105694,57760,50260,29336,35296
2009-09-15,10915,-12487,67178,23532,12617,24491,36978
2009-09-22,31782,-31595,78452,41763,9981,17821,49416
2009-09-29,55854,-47826,98205,66057,10203,16129,63955
2009-10-06,70872,-62106,111463,81278,10406,12636,74742
2009-10-13,76698,-65346,116449,88874,12176,9898,75244
2009-10-20,52325,-43318,103138,69913,17588,15644,58962
2009-10-27,35522,-31431,95835,55633,20111,21736,53167
2009-11-03,18944,-18905,97336,52740,33796,25102,44007
2009-11-09,14723,-15857,103817,53486,38763,28677,44534
2009-11-17,3076,-6585,96616,43232,40156,29520,36105
2009-11-24,7575,-11355,88875,44355,36780,22820,34175
2009-12-01,8996,-10663,89615,45005,36009,23468,34131
2009-12-08,18188,-16876,103496,59451,41263,17059,33935
2009-12-15,27299,-23444,72177,41416,14117,13810,37254
2009-12-22,28540,-24577,74083,43857,15317,13551,38128
2009-12-29,35059,-29475,84792,48787,13728,18480,47955
2010-01-05,45824,-33564,92891,60287,14463,18031,51595
2010-01-12,44757,-35467,89147,56340,11583,15182,50649
2010-01-19,24518,-20171,83337,41982,17464,21199,41370
2010-01-26,33035,-27153,86475,54925,21890,15075,42228
2010-02-02,43534,-33968,95712,63527,19993,14611,48579
2010-02-09,65567,-52756,116362,84481,18914,14012,66768
2010-02-16,72367,-56079,119085,89737,17370,13922,70001
2010-02-23,80968,-62884,125106,96642,15674,13882,76766
2010-03-02,78544,-67549,129123,94797,16253,13862,81411
2010-03-09,80504,-63473,148562,119211,38707,10417,73890
2010-03-16,80554,-63987,121551,94765,14211,11731,75718
2010-03-23,89048,-71624,130646,105029,15981,11349,82973
2010-03-30,82530,-67073,132818,104446,21916,11965,79038
2010-04-06,77083,-59474,129290,100224,23141,14281,73755
2010-04-13,68485,-57391,121947,92380,23895,13390,70781
2010-04-20,60992,-49298,121340,88773,27781,14258,63556
2010-04-27,67018,-54666,119871,90014,22996,11634,66300
2010-05-04,82343,-65616,133988,102545,20202,13062,78678
2010-05-11,91454,-72188,142670,115351,23897,10269,82457
2010-05-18,95449,-76745,152357,125341,29892,10492,87237
2010-05-25,97178,-75079,151212,126666,29488,10962,86041
2010-06-01,93657,-70454,149216,123405,29748,11809,82263
2010-06-08,97211,-74680,167076,134423,37212,14146,88826
2010-06-15,66514,-48134,119301,91566,25052,13081,61215
2010-06-22,62116,-46346,125471,93645,31529,15921,62267
2010-06-29,51970,-34771,121233,88635,36665,17626,52397
2010-07-06,49738,-38077,123693,89405,39667,18442,56519
2010-07-13,46623,-34671,131680,98635,52012,15501,50172
2010-07-20,33697,-26767,124904,92451,58754,16448,43215
2010-07-27,28091,-17940,122570,88676,60585,17107,35047
2010-08-03,4689,-250,135454,82832,78143,31058,31308
2010-08-10,-4592,5021,142227,82534,87126,35915,30894
2010-08-17,1488,-4431,141441,83970,82482,31467,35898
2010-08-24,3531,-4365,139333,86511,82980,28511,32876
2010-08-31,19595,-15266,144196,96716,77121,23052,38318
2010-09-07,24048,-16068,145712,96791,72743,21363,37431
2010-09-14,8400,-9127,74850,31126,22726,21108,30235
2010-09-21,6690,-8989,71318,30333,23643,17858,26847
2010-09-28,-2219,-2194,77713,25415,27634,26725,28919
2010-10-05,-16224,9403,86536,23758,39982,37064,27661
2010-10-12,-14159,8066,92868,26610,40769,39870,31804
2010-10-19,-8913,5796,90068,31962,40875,34708,28912
2010-10-26,-9631,5089,86611,28511,38142,33001,27912
2010-11-02,-19015,15182,91819,26685,45700,39900,24718
2010-11-09,-31274,21266,96533,24702,55976,41915,20649
2010-11-16,-27231,23771,98997,29403,56634,45677,21906
2010-11-23,-12711,10197,93914,34087,46798,35839,25642
2010-11-30,6929,-4864,85587,41148,34219,24409,29273
2010-12-07,15881,-12920,86269,52143,36262,14242,27162
2010-12-14,9519,-8186,67820,37905,28386,12205,20391
2010-12-21,11124,-7432,69207,36813,25689,14579,22011
2010-12-28,20420,-13121,82141,46533,26113,18294,31415
2011-01-04,21717,-14133,84270,49436,27719,17494,31627
2011-01-11,11541,-5090,86335,46290,34749,21014,26104
2011-01-18,-11057,5794,90630,32530,43587,31415,25621
2011-01-25,-15400,7888,96648,31035,46435,36028,28140
2011-02-01,-32356,22659,108587,29231,61587,46923,24264
2011-02-08,-34723,24475,111363,30413,65136,49204,24729
2011-02-15,-66435,52572,132763,28577,95012,68885,16313
2011-02-22,-47103,36009,123774,37732,84835,53097,17088
2011-03-01,-39233,25809,126350,38690,77923,52122,26313
2011-03-08,-48233,33906,145352,47957,96190,54967,21061
2011-03-15,-8512,-225,98181,41676,50188,28580,28805
2011-03-22,-46623,29724,117974,30235,76858,53348,23624
2011-03-29,-9133,743,104506,45367,54500,30077,29334
2011-04-05,-45318,32414,111219,24080,69398,53796,21382
2011-04-12,-48892,26671,120316,25408,74300,53423,26752
2011-04-19,-46260,30175,108808,23872,70132,50572,20397
2011-04-26,-56162,33583,118486,23115,79277,56867,23284
2011-05-03,-53460,30807,124003,25334,78794,59735,28928
2011-05-10,-35184,18118,108117,30739,65923,41368,23250
2011-05-17,-7455,-928,103753,42237,49692,30327,31255
2011-05-24,12229,-14143,110336,59457,47228,28090,42233
2011-05-31,-3837,-1829,108085,49191,53028,32284,34113
2011-06-07,-7171,-1750,113641,51512,58683,33554,35304
2011-06-14,-18820,11226,90719,25098,43918,36684,25458
2011-06-21,10590,-11360,92824,42757,32167,26763,38123
2011-06-28,21696,-18349,102414,52846,31150,27928,46277
2011-07-05,33816,-31669,118359,66004,32188,28634,60303
2011-07-12,35737,-24801,121134,73993,38256,27687,52488
2011-07-19,11963,-6714,98291,53019,41056,26011,32725
2011-07-26,-5034,1222,97415,38197,43231,33312,32090
2011-08-02,-10464,5139,103172,32711,43175,43266,38127
2011-08-09,-6343,245,105544,37132,43475,41290,41045
2011-08-16,-5550,-3096,100562,36090,41640,36193,39289
2011-08-23,-24034,10961,102177,29695,53729,40888,29927
2011-08-30,-10441,444,96164,35091,45532,31248,30804
2011-09-06,12181,-13220,110372,56225,44044,30543,43763
2011-09-13,33329,-26193,142120,83572,50243,33969,60162
2011-09-20,75542,-59755,143678,115619,40077,14106,73861
2011-09-27,83678,-64010,154682,126815,43137,14288,78298
2011-10-04,88682,-68724,175500,148769,60087,14929,83653
2011-10-11,82204,-61972,184709,156606,74402,15391,77363
2011-10-18,70587,-53226,175827,146414,75827,16946,70172
2011-10-25,59268,-50147,171560,136586,77318,18917,69064
2011-11-01,53870,-47092,169466,127589,73719,24396,71488
2011-11-08,34679,-29122,147978,106849,72170,22607,51729
2011-11-15,42463,-32864,150702,112483,70020,23355,56219
2011-11-22,50812,-36634,160287,126010,75198,20691,57325
2011-11-29,63904,-46660,190728,154277,90373,23503,70163
2011-12-06,61186,-43560,209514,170467,109281,26311,69871
2011-12-13,57607,-39509,218203,179246,121639,23782,63291
2011-12-20,39464,-25939,183972,143472,104008,26533,52472
2011-12-27,41338,-29172,183119,143533,102195,25465,54637
2012-01-03,47751,-31899,193595,152896,105145,27832,59731
2012-01-10,55613,-35853,199855,162591,106978,24044,59897
2012-01-17,65645,-41634,211418,174545,108900,23373,65007
2012-01-24,48063,-31361,190040,158781,110718,16103,47464
2012-01-31,40280,-26214,190849,151492,111212,23698,49912
2012-02-07,41719,-33122,195733,148536,106817,28161,61283
2012-02-14,49164,-40599,192071,144022,94858,29309,69908
2012-02-21,37994,-31350,186668,139035,101041,27617,58967
2012-02-28,30702,-23235,176885,130209,99507,26931,50166
2012-03-06,43326,-37099,184104,142025,98699,22308,59407
2012-03-13,53214,-41848,202880,156862,103648,21924,63772
2012-03-20,20814,-15852,141411,96011,75197,25951,41803
2012-03-27,8988,-11110,135147,83813,74825,26609,37719
2012-04-03,6983,-8807,142660,87792,80809,29262,38069
2012-04-10,20094,-18784,145522,94248,74154,29777,48561
2012-04-17,8401,-13051,157015,98107,89706,33221,46272
2012-04-24,-23512,7536,173368,89980,113492,47435,39899
2012-05-01,-38979,16493,188288,94215,133194,53121,36628
2012-05-08,-48435,25339,199801,98046,146481,59697,34358
2012-05-15,-46722,25021,199270,102490,149212,57471,32450
2012-05-22,-16179,11340,184497,116176,132355,40842,29502
2012-05-29,-3344,1475,181435,120129,123473,36052,34577
2012-06-05,19090,-2867,184583,126489,107399,39042,41909
2012-06-12,38353,-23112,178648,131724,93371,28017,51129
2012-06-19,29210,-17153,121624,71473,42263,32248,49401
2012-06-26,13394,-758,114561,62171,48777,35296,36054
2012-07-03,16329,-5353,108208,58748,42419,32208,37561
2012-07-10,21648,-7622,117616,66039,44391,32804,40426
2012-07-17,21548,-7453,116976,65425,43877,33896,41349
2012-07-24,17392,-2934,116143,70130,52738,29332,32266
2012-07-31,12141,-1810,110770,61352,49211,31304,33114
2012-08-07,20011,-8275,115125,70631,50620,25764,34039
2012-08-14,8763,-288,114042,61071,52308,32054,32342
2012-08-21,-5155,7833,118550,47356,52511,45984,38151
2012-08-28,-6109,1968,117034,46134,52243,42407,40439
2012-09-04,-1525,-6868,133755,57584,59109,41834,48702
2012-09-11,-14803,-4366,181682,87588,102391,49312,53678
2012-09-18,-37352,14412,151305,57416,94768,52597,38185
2012-09-25,-53922,27137,172103,67667,121589,60809,33672
2012-10-02,-56136,30094,177746,69344,125480,64726,34632
2012-10-09,-41892,22572,161457,69627,111519,54190,31618
2012-10-16,-43019,19599,164454,68945,111964,54010,34411
2012-10-23,-26108,18397,155791,68873,94981,54879,36482
2012-10-30,-38026,23403,163917,70155,108181,57897,34494
2012-11-06,-31150,19279,164481,72159,103309,57208,37929
2012-11-13,-19431,8228,149173,69885,89316,45799,37571
2012-11-20,-10354,730,150722,72393,82747,46546,45816
2012-11-27,-27562,10278,157701,71028,98590,51107,40829
2012-12-04,-52339,27270,178749,71351,123690,66050,38780
2012-12-11,-50535,27954,183628,76362,126897,64753,36799
2012-12-18,-53317,28036,188472,66225,119542,79375,51339
2012-12-24,-62763,37321,181219,64162,126925,74466,37145
2012-12-31,-61235,36308,174676,62945,124180,69146,32838
2013-01-08,-43241,25949,165584,68047,111288,60523,34574
2013-01-15,-46945,28338,163295,61608,108553,63796,35458
2013-01-22,-23389,17938,160820,69899,93288,60201,42263
2013-01-29,140,10622,166060,85116,84976,57989,47367
2013-02-05,16548,1174,165369,93207,76659,51959,50785
2013-02-12,33083,-16776,167100,109569,76486,38661,55437
2013-02-19,46042,-23365,187027,128744,82702,40668,64033
2013-02-26,65696,-36130,205183,155078,89382,31126,67256
2013-03-05,81548,-43849,236181,178904,97356,36021,79870
2013-03-12,82484,-49800,297130,230701,148217,28833,78633
2013-03-19,93602,-61480,212517,156292,62690,39048,100528
2013-03-26,95441,-66555,214636,158512,63071,38184,104739
2013-04-02,97863,-65020,208425,158053,60190,31815,96835
2013-04-09,95230,-69969,204827,158433,63203,27104,97073
2013-04-16,86801,-61975,200884,148381,61580,34020,95995
2013-04-23,88913,-60112,199465,148320,59407,33989,94101
2013-04-30,73632,-58607,189084,133909,60277,31078,89685
2013-05-07,85429,-63086,190781,138468,53039,31542,94628
2013-05-14,85169,-65355,198068,139716,54547,36975,102330
2013-05-21,103998,-76976,211098,159386,55388,33380,110356
2013-05-28,101363,-74525,221612,165979,64616,36221,110746
2013-06-04,101828,-77738,210499,165170,63342,26666,104404
2013-06-11,66046,-53687,219176,143781,77735,32755,86442
2013-06-18,22615,-20406,140550,66978,44363,47377,67783
2013-06-25,21781,-19429,123602,63165,41384,34419,53848
2013-07-02,46553,-31324,131817,79613,33060,32562,63886
2013-07-09,55108,-34259,145033,93694,38586,31311,65570
2013-07-16,60256,-37446,151127,108037,47781,24634,62080
2013-07-23,66356,-49653,148065,108960,42604,19135,68788
2013-07-30,62370,-49463,146335,106157,43787,20155,69618
2013-08-06,56196,-46033,145387,101039,44843,22097,68130
2013-08-13,55820,-46521,145126,99984,44164,22209,68730
2013-08-20,40931,-39522,138505,82623,41692,26947,66469
2013-08-27,43762,-38226,149328,90813,47051,30004,68230
2013-09-03,47998,-43046,156870,101846,53848,27943,70989
2013-09-10,36534,-38166,185433,112660,76126,32921,71087
2013-09-17,-2655,-6310,141735,59423,62078,44124,50434
2013-09-24,-12372,1174,163719,71944,84316,50736,49562
2013-10-01,-14773,1496,172422,81205,95978,47329,45833
2013-10-08,-20998,8771,184643,84423,105421,58681,49910
2013-10-15,-22978,12231,183979,83679,106657,60100,47869
2013-10-22,-27976,14262,181489,79775,107751,59437,45175
2013-10-29,-21936,10162,177427,80393,102329,57791,47629
2013-11-05,-8373,-2392,172368,82503,90876,51186,53578
2013-11-12,1432,-9303,171002,91367,89935,43888,53191
2013-11-19,-8095,-1665,183449,93473,101568,53766,55431
2013-11-26,-12044,391,214443,118100,130144,56969,56578
2013-12-03,-35420,18369,239371,121372,156792,73962,55593
2013-12-10,-36501,18429,255604,137216,173717,71015,52586
2013-12-17,-33548,17825,191648,91971,125519,62285,44460
2013-12-24,-34332,14420,198063,94669,129001,62593,48173
2013-12-31,-45581,22781,206886,100344,145925,62084,39303
2014-01-07,-36769,18178,194668,97956,134725,54679,36501
2014-01-14,-28148,11160,201372,106759,134907,54352,43192
2014-01-21,-23819,8720,208112,110212,134031,56573,47853
2014-01-28,-40778,22172,218738,111557,152335,63359,41187
2014-02-04,-20876,10951,202690,114398,135274,52098,41147
2014-02-11,-23104,10672,204982,115521,138625,53199,42527
2014-02-18,-40297,22323,241471,120336,160633,76271,53948
2014-02-25,-49639,28802,257037,128291,177930,74558,45756
2014-03-04,-49582,29605,254013,130043,179625,71021,41416
2014-03-11,-41235,21999,250867,138296,179531,64553,42554
2014-03-18,-39383,25536,208961,109445,148828,64141,38605
2014-03-25,-42415,29724,202115,102280,144695,66751,37027
2014-04-01,-46568,33572,211437,102154,148722,75969,42397
2014-04-08,-62900,46477,226667,96497,159397,91642,45165
2014-04-15,-70626,50598,226688,98398,169024,87472,36874
2014-04-22,-67077,47800,237055,105313,172390,89692,41892
2014-04-29,-65316,44234,236030,106203,171519,85913,41679
2014-05-06,-64295,40646,241264,108175,172470,83794,43148
2014-05-13,-54328,31755,230333,114382,168710,71168,39413
2014-05-20,-49791,33090,237637,117999,167790,80009,46919
2014-05-27,-51251,35304,238440,120854,172105,78438,43134
2014-06-03,-45320,34974,239604,125359,170679,79476,44502
2014-06-10,-51429,35842,271602,126458,177887,85202,49360
2014-06-17,-72946,52596,250231,107659,180605,100434,47838
2014-06-24,-68896,49751,254369,115089,183985,98098,48347
2014-07-01,-75297,56412,255911,112124,187421,99929,43517
2014-07-08,-62309,41639,254788,123491,185800,86614,44975
2014-07-15,-60291,38770,255115,123543,183834,85983,47213
2014-07-22,-44883,27497,241155,126841,171724,71792,44295
2014-07-29,-37541,24910,237411,122856,160397,75370,50460
2014-08-05,-20209,12121,230801,127890,148099,66437,54316
2014-08-12,-23466,18799,223719,126296,149762,65348,46549
2014-08-19,-16001,13287,237291,132029,148030,72230,58943
2014-08-26,-17413,15467,233435,129909,147322,71002,55535
2014-09-02,-7550,9448,238973,140619,148169,67538,58090
2014-09-09,-17678,26727,256591,141636,159314,81330,54603
2014-09-16,15775,-6581,134560,56449,40674,55617,62198
2014-09-23,13234,-1050,134061,57886,44652,53691,54741
2014-09-30,3170,3589,132369,54723,51553,54243,50654
2014-10-07,10876,-1075,129666,61525,50649,46503,47578
2014-10-14,15351,-2837,138471,74112,58761,43116,45953
2014-10-21,16808,-4485,135766,79177,62369,36567,41052
2014-10-28,13879,-6247,138661,75868,61989,40718,46965
2014-11-04,19005,-7462,144215,79539,60534,43289,50751
2014-11-11,23677,-12891,151660,87014,63337,40661,53552
2014-11-18,36573,-22829,166966,99090,62517,42865,65694
2014-11-25,47825,-30666,171730,110033,62208,38541,69207
2014-12-02,49426,-31014,174875,114685,65259,38556,69570
2014-12-09,38450,-23602,192104,124200,85750,37695,61297
2014-12-16,27092,-14552,137581,80630,53538,37861,52413
2014-12-23,31582,-15233,141455,85812,54230,36615,51848
2014-12-30,36809,-19302,143660,90331,53522,35072,54374
2015-01-06,45197,-25570,161876,103437,58240,39156,64726
2015-01-13,57827,-37140,178563,118235,60408,41920,79060
2015-01-20,66280,-45708,182860,128779,62499,35319,81027
2015-01-27,66219,-45340,185350,129144,62925,38649,83989
2015-02-03,61088,-42398,182903,128829,67741,36220,78618
2015-02-10,54486,-38603,175966,121424,66938,36798,75401
2015-02-17,41305,-28798,170627,108431,67126,42999,71797
2015-02-24,33050,-21870,169784,103097,70047,46741,68611
2015-03-03,35400,-26908,165737,100739,65339,44563,71471
2015-03-10,47650,-32591,205166,132078,84428,48053,80644
2015-03-17,59626,-37851,188238,124844,65218,47155,85006
2015-03-24,58858,-38557,178140,125186,66328,35938,74495
2015-03-31,55619,-36630,182514,130848,75229,35143,71773
2015-04-07,51598,-34301,185219,130411,78813,37641,71942
2015-04-14,57723,-36045,189513,136944,79221,33993,70038
2015-04-21,47497,-29281,175066,124700,77203,34830,64111
2015-04-28,44758,-34128,171698,118250,73492,33239,67367
2015-05-05,30343,-24758,173468,117555,87212,34304,59062
2015-05-12,38987,-30769,183586,124508,85521,37511,68280
2015-05-19,23388,-23362,182607,117486,94098,41132,64494
2015-05-26,26865,-25539,176797,117828,90963,34696,60235
2015-06-02,28514,-25658,175291,117608,89094,32769,58427
2015-06-09,30440,-28277,181049,121106,90666,31014,59291
2015-06-16,25547,-25434,146635,87973,62426,33877,59311
2015-06-23,15587,-22194,178641,97485,81898,51530,73724
2015-06-30,7118,-12759,181413,101251,94133,53656,66415
2015-07-07,21171,-22973,168480,103158,81987,39583,62556
2015-07-14,23213,-24199,157073,100879,77666,32162,56361
2015-07-21,19635,-21468,164779,105350,85715,35141,56609
2015-07-28,5166,-9788,173295,102505,97339,43795,53583
2015-08-04,6396,-6557,169224,98230,91834,45748,52305
2015-08-11,8068,-10371,158247,91311,83243,41751,52122
2015-08-18,-2449,-3971,172083,90500,92949,52030,56001
2015-08-25,-10144,3299,176962,89205,99349,58051,54752
2015-09-01,16672,-11239,170032,99011,82339,47801,59040
2015-09-08,30908,-17638,186994,114928,84020,43509,61147
2015-09-15,13699,-3619,145704,82581,68882,43206,46825
2015-09-22,5006,1267,146573,80548,75542,45001,43734
2015-09-29,11414,-2047,155821,82145,70731,49815,51862
2015-10-06,18888,-4533,160373,91391,72503,47700,52233
2015-10-13,22519,-7527,152164,86121,63602,44765,52292
2015-10-20,-345,7537,158043,82773,83118,53477,45940
2015-10-27,7695,4134,153453,84486,76791,47986,43852
2015-11-03,7730,188,151194,83950,76220,45775,45587
2015-11-10,36901,-15770,172346,112133,75232,39369,55139
2015-11-17,45232,-25260,175254,120464,75232,35107,60367
2015-11-24,51379,-32256,172390,119432,68053,32322,64578
2015-12-01,49040,-28258,187628,128714,79674,38403,66661
2015-12-08,44590,-23902,200245,134644,90054,41633,65535
2015-12-15,34007,-16920,165845,110007,76000,39121,56041
2015-12-22,49672,-26661,194313,134216,84544,42075,68736
2015-12-29,52811,-31022,204038,143839,91028,40476,71498
2016-01-05,54401,-30496,221993,158902,104501,44662,75158
2016-01-12,58816,-30521,238868,182189,123373,34294,64815
2016-01-19,64795,-38579,259589,197965,133170,37863,76442
2016-01-26,72297,-47537,272798,213083,140786,34696,82233
2016-02-02,71746,-45018,270680,214581,142835,32737,77755
2016-02-09,54709,-36300,255866,204732,150023,31025,67325
2016-02-16,57559,-36255,260649,204119,146560,36512,72767
2016-02-23,52788,-33068,257214,198292,145504,35479,68547
2016-03-01,62384,-39378,275825,214139,151755,38965,78343
2016-03-08,72682,-49005,299048,234315,161633,29364,78369
2016-03-15,38929,-13619,253177,174396,135467,62876,76495
2016-03-22,59790,-37723,246222,191334,131544,38526,76249
2016-03-29,60506,-40028,250444,193799,133293,38926,78954
2016-04-05,70900,-46506,247586,192127,121227,39574,86080
2016-04-12,74181,-51310,236169,185161,110980,33848,85158
2016-04-19,71019,-55152,238195,182814,111795,32765,87917
2016-04-26,67606,-48669,243829,182392,114786,40431,89100
2016-05-03,56878,-40408,248180,179607,122729,46105,86513
2016-05-10,55022,-34935,238519,181040,126018,37628,72563
2016-05-17,60935,-38422,239158,181722,120787,37533,75955
2016-05-24,54031,-32835,244377,179706,125675,38557,71392
2016-05-31,51984,-32851,243685,180591,128607,36546,69397
2016-06-07,84439,-66299,259238,186403,101964,36337,102636
2016-06-14,58611,-36661,206389,124129,65518,61706,98367
2016-06-21,68218,-51947,199189,134361,66143,41707,93654
2016-06-28,57040,-42711,206551,137605,80565,43274,85985
2016-07-05,66383,-49031,227939,154184,87801,45746,94777
2016-07-12,83138,-60067,236611,170357,87219,39999,100066
2016-07-19,100587,-74386,225589,171835,71248,27959,102345
2016-07-26,106742,-80572,231644,177371,70629,29819,110391
2016-08-02,107648,-82515,233265,177202,69554,33375,115890
2016-08-09,110591,-90082,243430,181773,71182,35523,125605
2016-08-16,117165,-94238,248568,187068,69903,35890,130128
2016-08-23,114580,-94978,247711,183922,69342,35850,130828
2016-08-30,114454,-92485,248410,185793,71339,39648,132133
2016-09-06,103984,-89969,255953,184116,80132,38785,128754
2016-09-13,101050,-82821,252539,175488,74438,40397,123218
2016-09-20,79168,-58686,237759,145856,66688,69233,127919
2016-09-27,103256,-87714,239025,165684,62428,48177,135891
2016-10-04,109799,-97572,262478,173807,64008,56760,154332
2016-10-11,104716,-95470,255590,168023,63307,50393,145863
2016-10-18,101766,-91558,255194,166965,65199,52575,144133
2016-10-25,98795,-83962,267500,169425,70630,63601,147563
2016-11-01,96565,-82961,267564,169308,72743,63739,146700
2016-11-08,101742,-89845,253703,169583,67841,53211,143056
2016-11-15,94327,-80313,248103,164645,70318,54241,134554
2016-11-22,88843,-74318,242916,159627,70784,54209,128527
2016-11-29,91383,-78135,244257,162924,71541,50806,128941
2016-12-06,89639,-77238,243671,165779,76140,43169,120407
2016-12-13,83840,-72343,237797,160244,76404,40515,112858
2016-12-20,76493,-59350,205486,137410,60917,44152,103502
2016-12-27,75482,-57099,212492,138923,63441,50062,107161
2017-01-03,77912,-64742,225396,143594,65682,55482,120224
2017-01-10,78059,-65831,228050,143914,65855,56742,122573
2017-01-17,77179,-66242,228782,144232,67053,55242,121484
2017-01-24,73025,-63172,223681,142585,69560,51521,114693
2017-01-31,69775,-61772,211910,138852,69077,42232,104004
2017-02-07,75079,-64539,211013,143839,68760,38135,102674
2017-02-14,73627,-65528,212044,143574,69947,39039,104567
2017-02-21,74852,-66352,213713,144966,70114,38253,104605
2017-02-28,79822,-70671,226882,151463,71641,43329,114000
2017-03-07,92337,-81437,262512,167434,75097,61847,143284
2017-03-14,122119,-107117,259945,187680,65561,42367,149484
2017-03-21,119871,-107844,252480,187036,67165,32586,140430
2017-03-28,111206,-104075,246985,178810,67604,35055,139130
2017-04-04,106872,-99673,241774,178783,71911,30741,130414
2017-04-11,112430,-105901,244188,183232,70802,31871,137772
2017-04-18,105212,-99490,261350,180855,75643,48348,147838
2017-04-25,92281,-91182,261711,175178,82897,54050,145232
2017-05-02,78532,-81364,267230,174292,95760,54281,135645
2017-05-09,43890,-46798,257225,174152,130262,44910,91708
2017-05-16,32005,-32995,256035,170287,138282,48369,81364
2017-05-23,22479,-23867,256257,169651,147172,49166,73033
2017-05-30,33465,-29651,254039,174892,141427,45574,75225
2017-06-06,38748,-36716,248173,171798,133050,40147,76863
2017-06-13,43892,-39441,269593,171312,127420,40552,79993
2017-06-20,42276,-37604,194700,111234,68958,50625,88229
2017-06-27,43194,-39133,187799,112643,69449,43707,82840
2017-07-03,24751,-27767,201379,108720,83969,54025,81792
2017-07-11,22994,-24138,193648,109540,86546,46614,70752
2017-07-18,13803,-16473,200185,108392,94589,50883,67356
2017-07-25,21158,-26197,200700,108402,87244,52152,78349
2017-08-01,23107,-29452,217430,111887,88780,58857,88309
2017-08-08,20738,-25160,208091,108561,87823,58617,83777
2017-08-15,33275,-31860,213259,112181,78906,63810,95670
2017-08-22,44993,-45900,216494,118557,73564,61484,107384
2017-08-29,54141,-51555,224031,128444,74303,60053,111608
2017-09-05,52245,-52927,219048,124851,72606,54454,107381
2017-09-12,44469,-46085,273720,148804,104335,68938,115023
2017-09-19,5845,-10161,202582,80934,75089,76556,86717
2017-09-26,-14809,5054,195509,66178,80987,80145,75091
2017-10-03,-31361,19949,174867,47590,78951,80325,60376
2017-10-10,-19935,15508,181570,60706,80641,79610,64102
2017-10-17,-8615,5047,186473,73965,82580,72871,67824
2017-10-24,-2982,-1485,188064,80830,83812,66162,67647
2017-10-31,-5776,1245,185123,78103,83879,65482,64237
2017-11-07,5493,-9198,177968,86580,81087,50403,59601
2017-11-14,-1084,-4533,176727,80930,82014,53147,57680
2017-11-21,-7143,-300,175839,75131,82274,58358,58658
2017-11-28,-13271,4573,178230,69411,82682,66549,61976
2017-12-05,-17094,6406,202693,63128,80222,89270,82864
2017-12-12,-17942,11388,208102,79509,97451,82611,71223
2017-12-19,-26832,20388,183783,69022,95854,77109,56721
2017-12-26,-21867,12676,190393,75633,97500,76354,63678
2018-01-02,-30767,16235,211627,74426,105193,93611,77376
2018-01-09,-42055,25492,203484,73179,115234,85039,59547
2018-01-16,-41497,26204,218209,91200,132697,84661,58457
2018-01-23,-48411,33045,236432,93255,141666,99369,66324
2018-01-30,-50643,31741,235080,90898,141541,95667,63926
2018-02-06,-46508,27867,216402,90308,136816,81698,53831
2018-02-13,-30415,14940,193326,85580,115995,64164,49224
2018-02-20,-22142,7803,188118,87531,109673,57953,50150
2018-02-27,-25040,12687,196913,89864,114904,62924,50237
2018-03-06,-19122,5264,197439,93464,112586,61368,56104
2018-03-13,-21533,8027,206151,95955,117488,67190,59163
2018-03-20,-37650,23807,159183,50409,88059,71425,47618
2018-03-27,-48494,34176,176947,45780,94274,90239,56063
2018-04-03,-54485,40338,172017,45117,99602,86643,46305
2018-04-10,-57878,43016,182784,46550,104428,95267,52251
2018-04-17,-63524,47702,205523,47451,110975,113252,65550
2018-04-24,-48883,37365,183826,52018,100901,90186,52821
2018-05-01,-31954,26372,194859,70188,102142,84565,58193
2018-05-08,-10380,8988,188802,84866,95246,62194,53206
2018-05-15,-5044,5621,190648,91070,96114,61361,55740
2018-05-22,-8628,5701,186517,89377,98005,56329,50628
2018-05-29,-4211,9477,205778,97022,101233,71057,61580
2018-06-05,3799,7345,239409,125986,122187,78577,71232
2018-06-12,-180,10969,269609,149396,149576,69254,58285
2018-06-19,33792,-19206,172592,94733,60941,46892,66098
2018-06-26,36547,-21581,169623,97843,61296,41491,63072
2018-07-03,49632,-28781,184402,113538,63906,43775,72556
2018-07-10,56197,-40403,178633,116606,60409,32043,72446
2018-07-17,55687,-38752,187151,116329,60642,40841,79593
2018-07-24,65121,-46743,191590,132537,67416,32178,78921
2018-07-31,61592,-47386,190296,129761,68169,35001,82387
2018-08-07,76239,-58852,219746,148285,72046,43930,102782
2018-08-14,84554,-60741,245490,158369,73815,60028,120769
2018-08-21,97277,-72338,267219,172960,75683,68091,140429
2018-08-28,96958,-76928,260228,173709,76751,58662,135590
2018-09-04,91302,-69613,261700,171837,80535,64040,133653
2018-09-11,83197,-61179,279503,182513,99316,65982,127161
2018-09-18,103687,-79258,229637,175480,71793,32856,112114
2018-09-25,88427,-67078,225082,167336,78909,34768,101846
2018-10-02,78665,-59340,210495,157189,78524,30786,90126
2018-10-09,76085,-60507,210549,154862,78777,30186,90693
2018-10-16,66401,-50353,210108,152950,86549,32153,82506
2018-10-23,66529,-46997,221303,161058,94529,33299,80296
2018-10-30,72170,-52482,233339,166998,94828,35778,88260
2018-11-06,69869,-56799,227514,163402,93533,31670,88469
2018-11-13,57122,-47107,229052,159325,102203,38606,85713
2018-11-20,57500,-43478,227556,160553,103053,37710,81188
2018-11-27,52143,-39150,227895,158469,106326,37930,77080
2018-12-04,59120,-39750,235704,161195,102075,43935,83685
2018-12-11,61589,-42419,255703,176859,115270,47649,90068
2018-12-18,79388,-60723,204948,153733,74345,29162,89885
2018-12-24,75789,-56479,212023,155098,79309,35076,91555
2018-12-31,75924,-56914,212470,155005,79081,35782,92696
2019-01-08,76140,-60092,210800,158512,82372,27670,87762
2019-01-15,76320,-60476,219326,164447,88127,31061,91537
2019-01-22,64613,-52111,210645,152335,87722,30050,82161
2019-01-29,43212,-35196,206696,137331,94119,39271,74467
2019-02-05,42415,-33744,196616,132536,90121,35111,68855
2019-02-12,54632,-42944,194998,137850,83218,30720,73664
2019-02-19,58404,-47528,201904,140744,82340,33266,80794
2019-02-26,42945,-39263,202065,129876,86931,39743,79006
2019-03-05,41899,-34929,193497,127991,86092,34620,69549
2019-03-12,42137,-36696,191938,127752,85615,29927,66623
2019-03-19,14813,-13774,140283,79962,65149,30157,43931
2019-03-26,10218,-8582,142957,79128,68910,33638,42220
2019-04-02,14117,-9931,147431,78574,64457,39423,49354
2019-04-09,9307,-6516,142525,75826,66519,36260,42776
2019-04-16,-908,922,148202,70687,71595,45932,45010
2019-04-23,8889,-1835,157851,72862,63973,54522,56357
2019-04-30,12767,-4668,161764,80506,67739,51577,56245
2019-05-07,13773,-6879,154991,80034,66261,45232,52111
2019-05-14,11983,-3318,156893,79235,67252,49332,52650
2019-05-21,36597,-26152,190191,111772,75175,45638,71790
2019-05-28,48385,-31996,213930,130329,81944,51796,83792
2019-06-04,63501,-47762,220728,146295,82794,41998,89760
2019-06-11,60043,-44801,221181,152966,92923,33761,78562
2019-06-18,67728,-52564,210421,145152,77424,33155,85719
2019-06-25,67431,-58937,207543,142565,75134,32059,90996
2019-07-02,77933,-64244,224591,158837,80904,33647,97891
2019-07-09,94819,-72982,247048,181197,86378,36232,109214
2019-07-16,96344,-76357,253464,186194,89850,35190,111547
2019-07-23,101811,-78583,248063,186280,84469,31935,110518
2019-07-30,109062,-90150,275984,200508,91446,41367,131517
2019-08-06,118900,-102702,296904,217107,98207,44716,147418
2019-08-13,112246,-95820,273931,207577,95331,33405,129225
2019-08-20,115511,-92418,273481,209548,94037,33405,125823
2019-08-27,115880,-89028,273650,206475,90595,38143,127171
2019-09-03,108317,-84959,272396,200362,92045,38695,123654
2019-09-10,111424,-92233,283161,207848,96424,37903,130136
2019-09-17,103124,-86124,230609,180897,77773,21332,107456
2019-09-24,98607,-80795,236081,183185,84578,24446,105241
2019-10-01,94896,-77092,238392,181676,86780,27916,105008
2019-10-08,94704,-73219,246896,191313,96609,29482,102701
2019-10-15,84376,-72952,243309,187491,103115,25431,98383
2019-10-22,59076,-52440,230224,162541,103465,35749,88189
2019-10-29,37586,-32415,214406,139336,101750,43157,75572
2019-11-05,31972,-29035,206317,132041,100069,40984,70019
2019-11-12,30775,-28133,209312,136814,106039,40348,68481
2019-11-19,30143,-31903,218042,141288,111145,39205,71108
2019-11-26,39482,-36576,223181,149337,109855,38646,75222
2019-12-03,30302,-30050,236714,151535,121233,47755,77805
2019-12-10,16454,-22639,256553,154988,138534,51920,74559
2019-12-17,-392,-5780,201586,104881,105273,59311,65091
2019-12-24,-19143,8697,206283,98829,117972,68574,59877
2019-12-31,-20550,12393,206784,97705,118255,64574,52181
2020-01-07,-27735,16510,197490,88398,116133,67403,50893
2020-01-14,-37277,31532,196536,89932,127209,68816,37284
2020-01-21,-32637,24922,194625,91212,123849,64256,39334
2020-01-28,-19436,17689,203169,104061,123497,61887,44198
2020-02-04,-17006,12987,208165,110198,127204,59659,46672
2020-02-11,-25199,21084,212228,107906,133105,65006,43922
2020-02-18,-34182,29258,216933,104712,138894,72784,43526
2020-02-25,-34184,29598,211321,101927,136111,72667,43069
2020-03-03,-32674,35162,214672,100855,133529,76063,40901
2020-03-10,-31690,26328,214185,121960,153650,56077,29749
2020-03-17,-18372,18640,182109,100164,118536,56575,37935
2020-03-24,475,10884,179552,110975,110500,46534,35650
2020-03-31,4479,4993,165226,107046,102567,37149,32156
2020-04-07,2926,3693,150318,96711,93785,31254,27561
2020-04-14,3839,3232,153088,98814,94975,30287,27055
2020-04-21,11602,-1380,158788,106820,95218,29527,30907
2020-04-28,17808,-6681,162868,109022,91214,31466,38147
2020-05-05,23207,-12005,161083,109737,86530,28096,40101
2020-05-12,28146,-13688,166568,112483,84337,31525,45213
2020-05-19,33299,-18989,179734,120800,87501,35810,54799
2020-05-26,35289,-22257,188650,124256,88967,39192,61449
2020-06-02,44403,-36044,190138,136633,92230,26970,63014
2020-06-09,34112,-24048,185606,127992,93880,28893,52941
2020-06-16,29064,-15998,166808,116810,87746,29378,45376
2020-06-23,27677,-18516,170455,117032,89355,29654,48170
2020-06-30,33677,-20990,186144,127993,94316,34424,55414
2020-07-07,26618,-16408,180696,116764,90146,39892,56300
2020-07-14,22908,-13586,179340,111449,88541,43175,56761
2020-07-21,20434,-15080,180337,105310,84876,46230,61310
2020-07-28,28405,-25409,178912,109806,81401,39329,64738
2020-08-04,12441,-14727,176728,97040,84599,45977,60704
2020-08-11,-1192,-2821,179071,95806,96998,48053,50874
2020-08-18,-17772,6504,187043,93117,110889,54310,47806
2020-08-25,-13850,5600,175363,92696,106546,45390,39790
2020-09-01,-20121,6312,186588,93942,114063,49213,42901
2020-09-08,-15652,12730,197524,111518,127170,46590,33860
2020-09-15,-8844,2293,149989,72246,81090,43801,41508
2020-09-22,-4587,2964,152613,77199,81786,43487,40523
2020-09-29,10524,-12745,159049,88988,78464,39216,51961
2020-10-06,12366,-11298,156467,88441,76075,40698,51996
2020-10-13,10427,-9802,148279,83165,72738,36195,45997
2020-10-20,4326,-2000,146356,80189,75863,39836,41836
2020-10-27,6953,-6660,139984,78492,71539,31799,38459
2020-11-03,13354,-11227,140437,86101,72747,27701,38928
2020-11-10,18416,-17695,141346,85903,67487,27872,45567
2020-11-17,16657,-19746,139010,81874,65217,27454,47200
2020-11-24,10576,-17130,142958,78518,67942,30838,47968
2020-12-01,1312,-7899,146966,74334,73022,37087,44986
2020-12-08,-11745,5710,164184,88382,100127,39344,33634
2020-12-15,-11351,4068,142242,72757,84108,35128,31060
2020-12-21,-11958,6032,144606,74009,85967,37550,31518
2020-12-29,-12427,4832,139870,70355,82782,35735,30903
2021-01-05,-12539,3665,143209,71685,84224,35526,31861
2021-01-12,-25671,12942,152924,66808,92479,47935,34993
2021-01-19,-23707,13705,147096,66734,90441,45904,32199
2021-01-26,-19210,7965,154558,68827,88037,47360,39395
2021-02-02,-18523,9616,161100,72034,90557,53658,44042
2021-02-09,-36501,21118,170161,65969,102470,60513,39395
2021-02-16,-37858,22167,171218,67674,105532,60269,38102
2021-02-23,-44635,30978,176721,66953,111588,68266,37288
2021-03-02,-48170,36082,169363,65635,113805,65138,29056
2021-03-09,-44354,33911,181373,78946,123300,61271,27360
2021-03-16,-41091,28600,148035,55771,96862,55190,26590
2021-03-23,-32714,21819,146112,57492,90206,51843,30024
2021-03-30,-31580,24959,139779,57584,89164,47222,22263
2021-04-06,-30127,19951,140556,59714,89841,45270,25319
2021-04-13,-40046,25590,148785,57154,97200,52851,27261
2021-04-20,-45196,25178,164246,60909,106105,61053,35875
2021-04-27,-47334,29218,161251,60835,108169,59917,30699
2021-05-04,-37993,19848,152741,59055,97048,52262,32414
2021-05-11,-49576,28176,173960,63539,113115,64947,36771
2021-05-18,-45604,24900,173146,66577,112181,63027,38127
2021-05-25,-50190,30659,169372,63058,113248,64193,33534
2021-06-01,-43200,24125,174502,67004,110204,64204,40079
2021-06-08,-44343,27714,171602,67888,112231,59238,31524
2021-06-15,-49883,32170,156059,61123,111006,55203,23033
2021-06-22,-26578,17927,171280,85169,111747,51445,33518
2021-06-29,-29348,17723,169230,82559,111907,51596,33873
2021-07-06,-25435,21903,178783,88387,113822,57232,35329
2021-07-13,-12555,7969,172345,94672,107227,44686,36717
2021-07-20,3732,-3497,188787,114031,110299,44223,47720
2021-07-27,7628,-5684,185373,115831,108203,41194,46878
2021-08-03,-2962,-86,180873,106522,109484,43119,43205
2021-08-10,-9263,7070,178875,101835,111098,44750,37680
2021-08-17,-4054,4651,178385,103667,107721,41898,37247
2021-08-24,19171,-16745,196366,128248,109077,39489,56234
2021-08-31,14435,-14900,194010,126407,111972,36544,51444
2021-09-07,20266,-24524,201389,132783,112517,29348,53872
2021-09-14,-13077,4790,142607,65679,78756,44161,39371
2021-09-21,1073,-218,159908,79287,78214,51910,52128
2021-09-28,3411,1964,171773,83471,80060,57923,55959
2021-10-05,25676,-20018,182338,105899,80223,48137,68155
2021-10-12,20191,-11979,172829,98512,78321,46794,58773
2021-10-19,-2381,1615,158961,79459,81840,49112,47497
2021-10-26,-13660,14953,156495,74688,88348,51912,36959
2021-11-02,-11732,15047,166780,78420,90152,57255,42208
2021-11-09,17548,-12093,186898,101492,83944,54004,66097
2021-11-16,41182,-31599,207099,127197,86015,50443,82042
2021-11-23,45803,-34579,213313,133888,88085,50122,84701
2021-11-30,53772,-38899,230423,149168,95396,52099,90998
2021-12-07,54624,-38277,238310,160312,105688,48950,87227
2021-12-14,70440,-50748,213210,162359,91919,29497,80245
2021-12-21,71124,-57686,207747,163619,92495,20824,78510
2021-12-28,60101,-50719,205378,156875,96774,23093,73812
2022-01-04,49516,-39171,200007,150332,100816,25980,65151
2022-01-11,38032,-29166,200493,144550,106518,30506,59672
2022-01-18,2848,-247,183234,114486,111638,39760,40007
2022-01-25,16842,-7763,182040,117812,100970,36666,44429
2022-02-01,28891,-23605,184007,126536,97645,29597,53202
2022-02-08,9323,-8545,197948,120220,110897,44709,53254
2022-02-15,2874,2237,195302,114901,112027,50151,47914
2022-02-22,10070,-5809,188443,116372,106302,42249,48058
2022-03-01,14129,-337,211869,131583,117454,47679,48016
2022-03-08,25457,-12526,246312,164423,138966,50982,63508
2022-03-15,37279,-29061,188323,125994,88715,32442,61503
2022-03-22,50390,-37244,195712,137829,87439,32753,69997
2022-03-29,52009,-40070,224365,164519,112510,30624,70694
2022-04-05,57779,-41758,238266,175429,117650,35873,77631
2022-04-12,70949,-53054,246152,186343,115394,35514,88568
2022-04-19,72889,-58914,249529,186134,113245,36811,95725
2022-04-26,87911,-69621,272792,207141,119230,40436,110057
2022-05-03,89026,-73813,268496,208754,119728,33536,107349
2022-05-10,95245,-79598,264594,210627,115382,29469,109067
2022-05-17,94344,-79241,253811,201647,107303,26613,105854
2022-05-24,97042,-80372,253864,203802,106760,25936,106308
2022-05-31,87172,-74105,252881,193786,106614,30788,104893
2022-06-07,80465,-70810,258623,191742,111277,34618,105428
2022-06-14,81063,-65596,238322,184011,102948,29343,94939
2022-06-21,77902,-63247,228266,177170,99268,28470,91717
2022-06-28,70230,-53118,228736,170967,100737,35184,88302
2022-07-05,77009,-56208,240926,178745,101736,39618,95826
2022-07-12,75405,-59089,231945,174748,99343,33850,92939
2022-07-19,70299,-57250,228051,170053,99754,31943,89193
2022-07-26,70959,-53990,225889,168266,97307,34606,88596
2022-08-02,72577,-56409,226987,171966,99389,29305,85714
2022-08-09,52050,-34468,224581,156282,104232,42219,76687
2022-08-16,47217,-33109,227752,156167,108950,44084,77193
2022-08-23,49165,-27966,248007,161585,112420,58783,86749
2022-08-30,51498,-29170,262004,172796,121298,58477,87647
2022-09-06,69958,-50432,280937,189617,119659,52731,103163
2022-09-13,87325,-68086,303965,232346,145021,41129,109215
2022-09-20,73488,-54843,266295,197346,123858,41289,96132
2022-09-27,65217,-46424,281805,195244,130027,59831,106255
2022-10-04,79116,-49539,256906,191819,112703,42078,91617
2022-10-11,64804,-39170,255649,179700,114896,48979,88149
2022-10-18,76309,-51211,258826,194385,118076,40328,91539
2022-10-25,66560,-47805,258969,189146,122586,43511,91316
2022-11-01,65377,-44836,243549,183210,117833,34979,79815
2022-11-08,56255,-39735,237334,176560,120305,36630,76365
2022-11-15,49439,-32834,230102,170322,120883,34699,67533
2022-11-22,51487,-35942,222317,167143,115656,30917,66859
2022-11-29,49232,-36584,225480,172199,122967,26000,62584
2022-12-06,37774,-28193,230311,168838,131064,28539,56732
2022-12-13,31288,-25739,240264,158686,127398,32008,57747
2022-12-20,12657,-5603,187766,123375,110718,35284,40887
2022-12-27,19261,-10887,195440,128090,108829,40585,51472
2023-01-03,29692,-20301,205722,135314,105622,43625,63926
2023-01-10,35268,-29456,202713,138532,103264,36007,65463
2023-01-17,31436,-24697,201956,130575,99139,41469,66166
2023-01-24,27654,-23934,194051,127207,99553,34756,58690
2023-01-31,28668,-18317,196113,130370,101702,36234,54551
2023-02-07,31346,-14121,203720,132947,101601,47131,61252
2023-02-14,34015,-19795,205316,138641,104626,42198,61993
2023-02-21,37641,-21416,213502,143077,105436,45475,66891
2023-02-28,36441,-23724,212064,145180,108739,41562,65286
2023-03-07,33913,-17402,222558,145695,111782,49111,66513
2023-03-14,25702,-17314,193377,128752,103050,32334,49648
2023-03-21,25506,-20498,190796,129030,103524,28652,49150
2023-03-28,22577,-24084,199868,133149,110572,28355,52439
2023-04-04,8881,-14793,224690,133802,124921,46415,61208
2023-04-11,-5341,-2398,225292,125634,130975,54928,57326
2023-04-18,-7995,1302,224536,127731,135726,53834,52532
2023-04-25,-10530,5839,231666,127306,137836,59405,53566
2023-05-02,-4817,1065,231602,131148,135965,58661,57596
2023-05-09,-11528,4528,242576,126935,138463,71561,67033
2023-05-16,-17729,12593,247165,125675,143404,77388,64795
2023-05-23,-16676,11589,237614,123348,140024,69203,57614
2023-05-30,-15208,13235,240301,124002,139210,70320,57085
2023-06-06,-14124,12484,242117,128441,142565,65063,52579
2023-06-13,-18600,6735,290350,147717,166317,76383,69648
2023-06-20,-59003,46608,226505,73692,132695,101567,54959
2023-06-27,-66801,51994,229970,75034,141835,104382,52388
2023-07-03,-63664,50265,221021,74446,138110,96461,46196
2023-07-11,-72701,58063,239125,73150,145851,111667,53604
2023-07-18,-81606,63729,265766,76229,157835,135269,71540
2023-07-25,-76984,58995,237340,75737,152721,105498,46503
2023-08-01,-66719,49562,220906,75949,142668,92175,42613
2023-08-08,-57879,47020,206954,75990,133869,83239,36219
2023-08-15,-60188,50988,215340,77496,137684,90541,39553
2023-08-22,-64724,59107,228179,82487,147211,98061,38954
2023-08-29,-56609,48401,228616,83880,140489,97143,48742
2023-09-05,-49955,46384,225404,84129,134084,92645,46261
2023-09-12,-51168,46174,227437,80441,131609,97365,51191
2023-09-19,-32581,33683,191117,70362,102943,85095,51412
2023-09-26,-8687,15669,227843,109264,117951,84750,69081
2023-10-03,17545,-6680,241045,135637,118092,73911,80591
2023-10-10,21407,-10048,231510,134573,113166,66290,76338
2023-10-17,19971,-11209,222945,125328,105357,65537,76746
2023-10-24,27337,-18636,233259,132744,105407,67119,85755
2023-10-31,34154,-20371,229991,136888,102734,63712,84083
2023-11-07,29166,-16252,212730,125781,96615,57532,73784
2023-11-14,35439,-27730,216411,130004,94565,52797,80527
2023-11-21,31208,-26098,208657,129406,98198,43300,69398
2023-11-28,10064,-7895,217372,118253,108189,61296,69191
2023-12-05,-11983,11665,218873,109112,121095,66359,54694
2023-12-12,-20101,21581,243677,115620,135721,72011,50430
2023-12-19,-27440,19926,177998,71626,99066,68810,48884
2023-12-26,-21902,14092,175138,76501,98403,58750,44658
2024-01-02,-17250,15205,177770,78751,96001,61794,46589
2024-01-09,-22875,20734,172631,75972,98847,60684,39950
2024-01-16,-30980,30931,179758,74438,105418,66230,35299
2024-01-23,-34339,31437,185680,73087,107426,72599,41162
2024-01-30,-37380,34153,192229,72532,109912,77499,43346
2024-02-06,-28872,34475,199246,80560,109432,83936,49461
2024-02-13,-46883,50472,199070,72289,119172,90545,40073
2024-02-20,-49006,46312,199275,72901,121907,87602,41290
2024-02-27,-51590,46358,210828,75762,127352,91970,45612
2024-03-05,-64123,58385,221726,71655,135778,102279,43894
2024-03-12,-78920,70451,277702,104338,183258,123285,52834
2024-03-19,-57617,53200,197398,57898,115515,102605,49405
2024-03-26,-37085,35170,203109,78159,115244,91261,56091
2024-04-02,-39400,43414,219176,90146,129546,98352,54938
2024-04-09,-27055,28252,211286,96196,123251,80000,51748
2024-04-16,2972,8619,229420,129957,126985,71800,63181
2024-04-23,40853,-26233,242821,162986,122133,48459,74692
2024-04-30,43560,-28990,235610,162366,118806,43668,72658
2024-05-07,32970,-21813,223730,141835,108865,51777,73590
2024-05-14,26795,-20075,223242,137917,111122,48674,68749
2024-05-21,-20,1053,223976,111397,111417,68538,67485
2024-05-28,-32173,25402,268749,118109,150282,93041,67639
2024-06-04,-48778,43210,267750,112717,161495,102118,58908
2024-06-11,-56434,52121,275487,118817,175251,110300,58179
2024-06-18,-48760,47621,207303,64996,113756,105920,58299
2024-06-25,-45026,44048,207697,69497,114523,102547,58499
2024-07-02,-65059,62041,198119,52797,117856,106753,44712
2024-07-09,-94586,84690,224179,46249,140835,135316,50626
2024-07-16,-149118,132902,280623,50803,199921,183287,50385
2024-07-23,-154269,142183,289241,57005,211274,188489,46306
2024-07-30,-123159,111471,268554,59012,182171,165635,54164
2024-08-06,-81080,74399,224042,58800,139880,126080,51681
2024-08-13,-58340,47812,205569,57134,115474,102603,54791
2024-08-20,-79955,67511,231383,55248,135203,125634,58123
2024-08-27,-105245,89931,274215,65042,170287,152163,62232
2024-09-03,-120955,108078,285461,69973,190928,160773,52695
2024-09-10,-107278,90288,272336,69944,177222,142072,51784
2024-09-17,-79751,62979,212595,47645,127396,124822,61843
2024-09-24,-104383,86992,251641,52374,156757,155325,68333
2024-10-01,-111435,93765,257312,51360,162795,161469,67704
2024-10-08,-108008,93135,255908,54329,162337,157666,64531
2024-10-15,-99448,85802,250150,54936,154384,151923,66121
2024-10-22,-81062,74576,230130,50886,131948,140603,66027
2024-10-29,-74301,66356,221535,48596,122897,132636,66280
2024-11-05,-55560,45084,219857,56459,112019,120737,75653
2024-11-12,-59148,56050,212345,54642,113790,119992,63942
2024-11-19,-39066,40315,220896,80547,119613,101713,61398
2024-11-26,-12786,21634,239062,108932,121718,98459,76825
2024-12-03,-8995,19326,243504,114068,123063,98056,78730
2024-12-10,-21904,27125,311725,162912,184816,102763,75638
2024-12-17,-16258,21647,187135,71728,87986,88265,66618
2024-12-24,-12844,19323,188844,76000,88844,84558,65235
2024-12-31,-14252,20835,188879,74237,88489,86202,65367
2025-01-07,-5723,14506,188770,78373,84096,81343,66837
2025-01-14,14985,438,200826,94313,79328,80557,80119
2025-01-21,28749,-8257,212688,111968,83219,75696,83953
2025-01-28,39354,-21672,206821,121421,82067,59331,81003
2025-02-04,25029,-11323,204644,111619,86590,65442,76765
2025-02-11,16480,-3168,208138,105189,88709,69087,72255
2025-02-18,10797,-579,203370,100001,89204,73564,74143
2025-02-25,6186,4463,200468,95277,89091,74089,69626
2025-03-04,-13710,18574,200634,81410,95120,81866,63292
2025-03-11,-32361,29193,248457,92023,124384,94786,65593
2025-03-18,-38744,29402,180841,48822,87566,95941,66539
2025-03-25,-50682,44283,191212,48843,99525,109016,64733
2025-04-01,-38790,34626,187160,50320,89110,104986,70360
2025-04-08,-15795,17310,176910,59719,75514,91733,74423
2025-04-15,-9489,6509,177006,61721,71210,85708,79199
2025-04-22,-25439,20490,179555,54477,79916,94021,73531
2025-04-29,-29723,23959,192312,55263,84986,91064,67105
2025-05-06,-34736,29235,200214,57797,92533,94384,65149
2025-05-13,-32059,27216,194861,55836,87895,89540,62324
2025-05-20,-33817,23993,195326,57675,91492,88144,64151
2025-05-27,-46867,35379,202990,59033,105900,102391,67012
2025-06-03,-48965,35215,233601,74588,123553,103672,68457
2025-06-10,-60562,51634,213940,60665,121227,111076,59442
2025-06-17,-52063,42857,177026,35707,87770,106282,63425
2025-06-24,-44035,34395,179898,43166,87201,99848,65453
2025-07-01,-43971,31399,188689,42773,86744,107150,75751
2025-07-08,-43542,33194,191557,45495,89037,108019,74825
2025-07-15,-37481,29191,187275,49932,87413,100980,71789
2025-07-22,-5739,570,195467,67928,73667,93760,93190
2025-07-29,13324,-12028,207879,88729,75405,87799,99827
2025-08-05,32643,-33303,206254,108854,76211,65635,98938
2025-08-12,35517,-39093,216082,109217,73700,73736,112829
2025-08-19,20792,-25185,219831,103816,83024,81303,106488
2025-08-26,25962,-31353,219906,108993,83031,76001,107354
2025-09-02,31804,-33140,226437,117507,85703,76062,109202
2025-09-09,29784,-33605,322879,184370,154586,74849,108454
2025-09-16,-5099,-6580,234531,112620,117719,80796,87376
2025-09-23,-3204,-1964,233166,112662,115866,84500,86464
2025-09-30,7746,-8894,226426,113199,105453,80540,89434
2025-10-07,3529,-4476,247550,121358,117829,94411,98887
2025-10-14,16790,-11629,237520,129942,113152,79515,91144
2025-10-21,15605,-16775,233484,127352,111747,75419,92194
2025-10-28,27100,-20262,248118,138267,111167,82471,102733
2025-11-04,66827,-55019,270917,178498,111671,63117,118136
2025-11-10,92403,-81004,272612,192529,100126,52423,133427
2025-11-18,93096,-79257,279341,200570,107474,53189,132446
2025-11-25,102000,-93221,315550,233392,131392,45257,138478
2025-12-02,89215,-80180,299768,212626,123411,52252,132432
2025-12-09,84282,-75515,332405,213264,128982,60319,135834
2025-12-16,50409,-48498,282031,106912,56503,61968,110466
2025-12-23,43656,-41199,198132,104258,60602,63540,104739
2025-12-30,34483,-33207,196003,97782,63299,69492,102699
2026-01-06,29238,-30538,206314,96932,67694,76486,107024
2026-01-13,25504,-25270,207867,97243,71739,79003,104273
2026-01-20,17082,-21980,207612,91023,73941,81332,103312
2026-01-27,5464,-16162,224459,97216,91752,87786,103948
2026-02-03,7064,-13911,227888,96004,88940,94893,108804
2026-02-10,15116,-25810,227574,99512,84396,88373,114183
2026-02-17,37654,-42404,238845,115022,77368,82015,124419
2026-02-24,56176,-57072,245891,135804,79628,67213,124285
2026-03-03,77305,-72686,269696,163156,85851,59499,132185
2026-03-10,86911,-84197,392591,278523,191612,49270,133467
2026-03-17,70330,-65515,243434,170509,100179,44293,109808
2026-03-24,61187,-58422,238862,162128,100941,46459,104881
2026-03-31,61408,-52665,243461,167652,106244,51304,103969
2026-04-07,62698,-56354,244191,172233,109535,47344,103698
2026-04-14,59248,-54724,250053,167315,108067,54947,109671
2026-04-21,56839,-52039,263523,172752,115913,63086,115125
2026-04-28,64120,-60639,263635,175790,111670,59577,120216
2026-05-05,65684,-63908,276143,180932,115248,62573,126481
2026-05-12,44651,-43059,283643,169529,124878,79605,122664
2026-05-19,68698,-64307,285647,190244,121546,68075,132382
2026-05-26,63548,-61398,282065,191611,128063,57978,119376
2026-06-02,61093,-52218,271147,182081,120988,53687,105905
