date,comm_net,noncomm_net,open_interest,comm_positions_long_all,comm_positions_short_all,noncomm_positions_long_all,noncomm_positions_short_all
1986-01-15,-9028,10883,148186,80962,89990,18589,7706
1986-01-31,-2988,6061,144149,82262,85250,15364,9303
1986-02-14,18095,-6772,139995,94830,76735,5457,12229
1986-02-28,17926,-4231,143752,94126,76200,7991,12222
1986-03-14,7272,1622,142868,85925,78653,12637,11015
1986-03-31,21726,-1589,136568,88897,67171,9817,11406
1986-04-15,31643,-13611,138825,99640,67997,6805,20416
1986-04-30,15959,-2360,132088,88769,72810,8159,10519
1986-05-15,23284,-5726,132147,94944,71660,4649,10375
1986-05-30,21760,-8701,115038,78662,56902,4982,13683
1986-06-13,2616,818,115960,69558,66942,11657,10839
1986-06-30,26010,-8270,120954,88561,62551,5361,13631
1986-07-15,18403,-5248,121925,86078,67675,6735,11983
1986-07-31,-2043,9077,125988,69897,71940,18617,9540
1986-08-15,-15120,12645,134903,67333,82453,23234,10589
1986-08-29,-14969,12938,136959,69541,84510,23229,10291
1986-09-15,-26409,14384,149809,69388,95797,24807,10423
1986-09-30,-27726,14581,136574,57513,85239,22421,7840
1986-10-15,-18928,11035,147411,70584,89512,21274,10239
1986-10-31,-11235,3300,146778,79221,90456,12673,9373
1986-11-14,-7996,3911,150800,86136,94132,15816,11905
1986-11-28,-2135,1299,131679,79143,81278,10148,8849
1986-12-15,-3250,2062,134005,76757,80007,13089,11027
1986-12-31,-4699,1058,140744,81948,86647,9405,8347
1987-01-15,-19558,5916,139318,68344,87902,14063,8147
1987-01-30,-15202,4431,130078,62992,78194,13453,9022
1987-02-13,4494,-6319,138130,81749,77255,7705,14024
1987-02-27,-3765,-4924,140016,81851,85616,7349,12273
1987-03-13,-8049,389,145109,79189,87238,10654,10265
1987-03-31,-29207,8388,156832,74906,104113,18464,10076
1987-04-15,-44082,18254,171395,67566,111648,27260,9006
1987-04-30,-39705,11751,175437,64600,104305,24684,12933
1987-05-15,-70342,26703,170819,55854,126196,32997,6294
1987-05-29,-30398,15562,150964,56420,86818,24267,8705
1987-06-15,-25730,8481,149219,57458,83188,20380,11899
1987-06-30,-14303,3855,146960,63817,78120,15476,11621
1987-07-15,-24967,8618,146076,60840,85807,16101,7483
1987-07-31,-42660,17088,150523,60306,102966,23945,6857
1987-08-14,-31407,8210,150693,63626,95033,18612,10402
1987-08-31,-16518,524,148815,69761,86279,16503,15979
1987-09-15,-23095,3947,146895,70143,93238,16196,12249
1987-09-30,-22116,7102,142634,64861,86977,17083,9981
1987-10-15,-29874,12747,143498,61354,91228,19848,7101
1987-10-30,-14442,5827,133422,65767,80209,15243,9416
1987-11-13,1433,1440,132803,77616,76183,10867,9427
1987-11-30,-19898,15817,152206,72663,92561,24270,8453
1987-12-15,-14661,11621,158831,81462,96123,20912,9291
1987-12-31,-3639,5169,150106,85947,89586,14523,9354
1988-01-15,1728,3481,146350,82475,80747,13275,9794
1988-01-29,24328,-9234,146192,93908,69580,9803,19037
1988-02-12,37038,-22871,150569,106136,69098,3759,26630
1988-02-29,15718,-25740,158223,90624,74906,4067,29807
1988-03-15,9258,-17447,161792,92072,82814,6054,23501
1988-03-31,4187,-18622,148310,79820,75633,5401,24023
1988-04-15,5046,-18950,156961,87218,82172,5491,24441
1988-04-29,33107,-17099,154184,117459,84352,2580,19679
1988-05-13,26893,-8567,153681,113514,86621,4835,13402
1988-05-31,7050,-2747,146461,89780,82730,8320,11067
1988-06-15,7024,-3270,142022,86033,79009,7185,10455
1988-06-30,30527,-18368,151645,101902,71375,4658,23026
1988-07-15,24912,-14092,149809,96018,71106,8779,22871
1988-07-29,30559,-14919,139382,99489,68930,3850,18769
1988-08-15,24059,-13787,139252,96217,72158,4761,18548
1988-08-31,24559,-13510,142631,100622,76063,4905,18415
1988-09-15,42979,-23935,155243,109460,66481,3567,27502
1988-09-30,40012,-28637,156546,113359,73347,4427,33064
1988-10-14,37114,-29270,159467,113352,76238,4517,33787
1988-10-31,38213,-26977,160894,118197,79984,4381,31358
1988-11-15,16958,-7771,148897,101825,84867,8125,15896
1988-11-30,23638,-11746,148286,106343,82705,5517,17263
1988-12-15,28696,-12203,145811,107723,79027,5445,17648
1988-12-30,33809,-14963,152731,112108,78299,6837,21800
1989-01-13,44739,-24161,163937,118240,73501,5233,29394
1989-01-31,57851,-32902,170221,125090,67239,5009,37911
1989-02-15,44998,-27002,168943,120632,75634,5828,32830
1989-02-28,44222,-28038,165774,116638,72416,4394,32432
1989-03-15,27073,-19328,165615,108780,81707,6347,25675
1989-03-31,49040,-30525,163649,120884,71844,3422,33947
1989-04-14,37709,-22922,158340,106915,69206,6079,29001
1989-04-28,51545,-30472,168488,121679,70134,2448,32920
1989-05-15,49403,-24235,188114,136797,87394,6010,30245
1989-05-31,52297,-25471,179513,139249,86952,3414,28885
1989-06-15,35948,-18132,163699,121475,85527,5891,24023
1989-06-30,25238,-13081,157858,111938,86700,8381,21462
1989-07-14,23680,-11791,154241,105367,81687,7662,19453
1989-07-31,36157,-14891,148279,107310,71153,3696,18587
1989-08-15,29262,-14197,147488,104463,75201,6197,20394
1989-08-31,45469,-25374,156595,117348,71879,3477,28851
1989-09-15,31653,-13811,154493,104836,73183,10113,23924
1989-09-29,15100,-11668,147468,97489,82389,5134,16802
1989-10-13,28065,-16561,143681,103066,75001,3906,20467
1989-10-31,-5456,2799,151142,84825,90281,15567,12768
1989-11-15,-24321,13236,153379,71252,95573,22440,9204
1989-11-30,-30706,17936,147759,58418,89124,28985,11049
1989-12-15,-35350,21925,156019,62011,97361,30438,8513
1989-12-29,-16708,14401,150931,74736,91444,22982,8581
1990-01-15,-28156,16544,149393,65795,93951,21782,5238
1990-01-31,-18120,6373,131994,58218,76338,13694,7321
1990-02-15,-22412,14750,130564,53767,76179,20315,5565
1990-02-28,-6211,2976,121920,57161,63372,11965,8989
1990-03-15,-821,-4336,132871,65716,66537,13967,18303
1990-03-30,15981,-12049,116812,66504,50523,9414,21463
1990-04-12,17322,-14071,118177,73591,56269,7110,21181
1990-04-30,21843,-14268,123601,80985,59142,6364,20632
1990-05-15,22934,-14106,118492,75378,52444,5297,19403
1990-05-31,19018,-13477,104625,63869,44851,5233,18710
1990-06-15,33925,-22342,117247,80735,46810,4110,26452
1990-06-29,22603,-15874,112142,73148,50545,4316,20190
1990-07-13,11683,-9336,107275,64335,52652,5878,15214
1990-07-31,-6494,2141,98923,50139,56633,8016,5875
1990-08-15,-32490,16308,125895,43347,75837,23830,7522
1990-08-31,-24045,10295,123147,50615,74660,20892,10597
1990-09-14,-11381,6057,113077,55320,66701,13775,7718
1990-09-28,-38508,21497,116620,42594,81102,24684,3187
1990-10-15,-6558,8731,116656,56851,63409,17794,9063
1990-10-31,405,1582,114534,61123,60718,10974,9392
1990-11-15,5002,-2311,111194,66635,61633,5893,8204
1990-11-30,-1266,1129,101946,58680,59946,7264,6135
1990-12-14,15475,-5751,111586,75789,60314,4781,10532
1990-12-31,-10181,4802,107610,60179,70360,9228,4426
1991-01-15,-24703,11526,118173,53902,78605,17648,6122
1991-01-31,18276,-12258,93496,62619,44343,2044,14302
1991-02-15,24123,-14365,95750,66286,42163,2515,16880
1991-02-28,25298,-14835,98025,68140,42842,1612,16447
1991-03-15,15243,-11757,98708,64098,48855,3111,14868
1991-03-28,32408,-19484,102541,72228,39820,1724,21208
1991-04-15,21696,-14161,97290,65132,43436,4002,18163
1991-04-30,31892,-21410,108217,76391,44499,4300,25710
1991-05-15,14680,-10501,99903,63768,49088,6949,17450
1991-05-31,10394,-9315,91485,54483,44089,8125,17440
1991-06-14,-18153,7867,91953,34066,52219,19823,11956
1991-06-28,-13419,9293,87349,34622,48041,18540,9247
1991-07-15,-18137,10568,95164,36268,54405,19663,9095
1991-07-31,6038,-2805,87490,42988,36950,12649,15454
1991-08-15,28166,-14900,101756,62082,33916,12421,27321
1991-08-30,39703,-24627,107993,73497,33794,7227,31854
1991-09-16,34329,-22133,107449,70495,36166,7736,29869
1991-09-30,15122,-11352,97904,55772,40650,9403,20755
1991-10-15,-4129,1630,92152,44529,48658,11464,9834
1991-10-31,-7020,3563,100311,47307,54327,13595,10032
1991-11-15,5364,-2940,103034,56116,50752,10191,13131
1991-11-29,-40730,28240,115496,34930,75660,32242,4002
1991-12-13,-15050,10479,103659,46254,61304,16792,6313
1991-12-31,13180,-4602,114144,70346,57166,9018,13620
1992-01-15,11772,-4495,104052,60556,48784,11190,15685
1992-01-31,1271,913,102940,54833,53562,13351,12438
1992-02-14,1968,488,100473,52162,50194,13917,13429
1992-02-28,8329,-6227,102931,55362,47033,12912,19139
1992-03-13,13803,-14555,113645,62242,48439,11724,26279
1992-03-31,18127,-12612,103658,60693,42566,10876,23488
1992-04-15,30572,-25112,109312,72591,42019,4260,29372
1992-04-30,22002,-17979,113724,68658,46656,9025,27004
1992-05-15,9307,-8315,109747,61619,52312,10494,18809
1992-05-29,16015,-15869,102788,61668,45653,6295,22164
1992-06-15,-15811,6388,103229,44841,60652,16252,9864
1992-06-30,-14723,3661,91162,36761,51484,13062,9401
1992-07-15,-42480,24150,111763,31806,74286,29782,5632
1992-07-31,-44018,25413,112384,32110,76128,32345,6932
1992-08-14,16349,-13219,102784,60889,44540,6668,19887
1992-08-31,16459,-13651,99349,60763,44304,6194,19845
1992-09-15,6667,-8425,100717,59957,53290,5167,13592
1992-09-30,416,-2500,99191,56577,56161,6206,8706
1992-10-06,-4041,-1977,101946,55250,59291,6573,8550
1992-10-13,6804,-4698,101717,63340,56536,5552,10250
1992-10-20,11977,-8436,99420,64490,52513,3774,12210
1992-10-27,23185,-15305,108776,74709,51524,3248,18553
1992-11-03,23155,-17428,106734,72969,49814,3350,20778
1992-11-10,25925,-22040,116747,76352,50427,5307,27347
1992-11-17,25810,-21220,112935,72936,47126,4157,25377
1992-11-24,23542,-20429,108774,70339,46797,3396,23825
1992-12-01,25588,-22163,98384,64665,39077,2612,24775
1992-12-08,19200,-18698,96886,59900,40700,3555,22253
1992-12-15,20273,-18879,99913,63847,43574,3231,22110
1992-12-22,17085,-14903,103836,63632,46547,6638,21541
1992-12-29,22500,-18845,107682,70347,47847,5600,24445
1993-01-05,27337,-21721,113329,76298,48961,5051,26772
1993-01-12,34536,-27867,113657,78498,43962,3937,31804
1993-01-19,33551,-28045,115828,79009,45458,3271,31316
1993-01-26,24361,-21268,109548,71146,46785,3778,25046
1993-02-02,23654,-18545,104396,69104,45450,4374,22919
1993-02-09,25456,-18586,113003,77411,51955,4978,23564
1993-02-16,3936,-10652,111624,66797,62861,6559,17211
1993-02-23,7583,-8802,108001,66329,58746,6419,15221
1993-03-02,12941,-13382,109864,71241,58300,5831,19213
1993-03-09,30584,-24263,118364,80433,49849,5010,29273
1993-03-16,19752,-15140,118169,73169,53417,10013,25153
1993-03-23,-11767,2461,112481,52355,64122,16471,14010
1993-03-30,-41270,22718,127614,45502,86772,32032,9314
1993-04-06,-59801,40108,134202,40345,100146,44080,3972
1993-04-13,-61004,41010,134188,41368,102372,44184,3174
1993-04-20,-57351,36493,137431,43678,101029,43522,7029
1993-04-27,-72069,50165,156996,49008,121077,57655,7490
1993-05-04,-80148,56598,164403,41121,121269,65914,9316
1993-05-11,-81601,54568,167088,41612,123213,65778,11210
1993-05-18,-98442,67273,178417,38596,137038,73031,5758
1993-05-25,-87575,53165,174530,41338,128913,61808,8643
1993-06-01,-80385,51017,175145,46439,126824,61163,10146
1993-06-08,-74571,46979,171089,49340,123911,56205,9226
1993-06-15,-57371,38569,164461,56725,114096,49164,10595
1993-06-22,-61776,43309,167368,53056,114832,54439,11130
1993-06-29,-76470,48929,174697,47144,123614,60965,12036
1993-07-06,-89576,56637,199471,48718,138294,73775,17138
1993-07-13,-93390,63201,204057,49761,143151,76537,13336
1993-07-20,-95498,64482,204642,51185,146683,74337,9855
1993-07-27,-91638,58849,197704,49019,140657,69330,10481
1993-08-03,-113071,69597,206869,37142,150213,82076,12479
1993-08-10,-64385,42366,176847,51696,116081,55725,13359
1993-08-17,-52663,28996,172814,60168,112831,41868,12872
1993-08-24,-56166,32666,172556,62404,118570,44404,11738
1993-08-31,-56464,36089,175913,63290,119754,48894,12805
1993-09-07,-35878,26752,179032,78805,114683,45493,18741
1993-09-14,-27034,20520,171512,80158,107192,38360,17840
1993-09-21,-27719,16570,159931,75554,103273,32735,16165
1993-09-28,-28063,16135,154198,72225,100288,31272,15137
1993-10-05,-22167,13227,151216,73281,95448,29815,16588
1993-10-12,-43835,25891,151204,60068,103903,36607,10716
1993-10-19,-49343,28138,149633,57287,106630,37249,9111
1993-10-26,-51854,31044,154785,56961,108815,41405,10361
1993-11-02,-41148,25134,146843,56427,97575,37080,11946
1993-11-09,-56797,31416,154670,48124,104921,44920,13504
1993-11-16,-63951,34752,151618,45116,109067,41735,6983
1993-11-23,-63066,35913,154281,45351,108417,42924,7011
1993-11-30,-42809,24551,147175,54605,97414,35713,11162
1993-12-07,-57671,32153,142524,41318,98989,40747,8594
1993-12-14,-73643,44884,156428,37153,110796,52864,7980
1993-12-21,-74408,45594,159335,38474,112882,53916,8322
1993-12-28,-73471,45785,159847,40212,113683,54009,8224
1994-01-04,-83485,49762,170497,31550,115035,59294,9532
1994-01-11,-63226,41333,157271,36364,99590,50144,8811
1994-01-18,-76460,44728,159083,32632,109092,51621,6893
1994-01-25,-51813,28503,147945,45607,97420,38287,9784
1994-02-01,-39845,20778,134302,42783,82628,35258,14480
1994-02-08,-36859,20471,136106,49322,86181,34704,14233
1994-02-15,-37907,20610,140211,52011,89918,34398,13788
1994-02-22,-29851,12180,139965,55220,85071,30012,17832
1994-03-01,-22080,7476,148260,59637,81717,33205,25729
1994-03-08,-13992,1064,146116,65989,79981,28210,27146
1994-03-15,-41472,20738,142387,49538,91010,35954,15216
1994-03-22,-48303,22240,147001,47872,96175,37614,15374
1994-03-29,-53193,23715,147441,44989,98182,39949,16234
1994-04-05,-46375,17405,138683,42664,89039,35281,17876
1994-04-12,-22186,3038,140190,53837,76023,30231,27193
1994-04-19,4640,-16821,150065,68830,64190,25666,42487
1994-04-26,12318,-26715,149682,74124,61806,21360,48075
1994-05-03,13400,-25375,150507,74892,61492,23855,49230
1994-05-10,-7478,-8341,142039,63828,71306,25958,34299
1994-05-17,-16807,-2182,144784,58995,75802,30099,32281
1994-05-24,-28212,8291,154408,60829,89041,37509,29218
1994-05-31,-38468,21514,148143,53859,92327,45219,23705
1994-06-07,-20139,5433,136615,58939,79078,31353,25920
1994-06-14,-25825,10225,138822,55774,81599,33843,23618
1994-06-21,-61377,33546,161383,45752,107129,55391,21845
1994-06-28,-37840,15934,148851,51710,89550,39328,23394
1994-07-05,-35976,13028,146005,51644,87620,36631,23603
1994-07-12,-31331,9655,145019,56076,87407,32962,23307
1994-07-19,-26287,10011,153041,68665,94952,33006,22995
1994-07-26,-30011,11391,149109,62897,92908,34041,22650
1994-08-02,-1400,-4901,145660,65127,66527,33034,37935
1994-08-09,7440,-13550,155058,73031,65591,32524,46074
1994-08-16,14907,-17728,160298,79665,64758,27649,45377
1994-08-23,1801,-7901,156684,75417,73616,30405,38306
1994-08-30,-29691,15044,156676,65755,95446,38628,23584
1994-09-06,-37112,18840,157364,62716,99828,40107,21267
1994-09-13,-52408,31808,159123,57174,109582,42907,11099
1994-09-20,-76264,47045,174646,53595,129859,58124,11079
1994-09-27,-84894,58198,184697,53032,137926,66886,8688
1994-10-04,-84664,57440,188054,56367,141031,66676,9236
1994-10-11,-46359,27284,164252,64796,111155,38255,10971
1994-10-18,-35804,16986,156161,63875,99679,32979,15993
1994-10-25,-40185,21671,157554,64591,104776,35388,13717
1994-11-01,-2631,-7664,163943,79368,81999,30039,37703
1994-11-08,-1768,-10416,166608,79173,80941,30702,41118
1994-11-15,3055,-14600,166090,80445,77390,26522,41122
1994-11-22,7053,-14099,170691,82960,75907,23152,37251
1994-11-29,15250,-20400,172690,94165,78915,19279,39679
1994-12-06,48754,-45078,180619,112946,64192,14632,59710
1994-12-13,47976,-46879,179346,109896,61920,14093,60972
1994-12-20,38137,-40107,175686,104448,66311,14095,54202
1994-12-27,38637,-40228,179759,110098,71461,13482,53710
1995-01-03,31768,-34066,178399,107348,75580,13004,47070
1995-01-10,56546,-49579,196271,130319,73773,14517,64096
1995-01-17,40948,-37834,188429,121211,80263,15750,53584
1995-01-24,24387,-21914,175858,109250,84863,16319,38233
1995-01-31,33225,-30580,171777,110145,76920,14708,45288
1995-02-07,36209,-31103,172009,107861,71652,15943,47046
1995-02-14,33652,-29254,171401,108789,75137,15637,44891
1995-02-21,20967,-23766,169377,101870,80903,15597,39363
1995-02-28,29426,-29233,174285,110501,81075,14603,43836
1995-03-07,-1329,-9534,168151,92777,94106,15813,25347
1995-03-14,-18210,6951,167938,88890,107100,19918,12967
1995-03-21,-14637,3633,168138,93215,107852,15352,11719
1995-03-28,-15416,841,162245,89743,105159,12659,11818
1995-04-04,-55256,33691,187495,83346,138602,39871,6180
1995-04-11,-60838,36445,191233,83303,144141,43265,6820
1995-04-18,-66611,38686,198168,85055,151666,44945,6259
1995-04-25,-62588,35873,196084,86275,148863,42702,6829
1995-05-02,-37149,18691,177178,91720,128869,25653,6962
1995-05-09,-7484,-1135,170206,103960,111444,12615,13750
1995-05-16,1564,-6041,173860,108613,107049,13179,19220
1995-05-23,7016,-10517,181812,117613,110597,11361,21878
1995-05-30,946,-6054,159456,99640,98694,11716,17770
1995-06-06,-1209,-4280,170887,109786,110995,13907,18187
1995-06-13,-13320,4428,164848,102130,115450,17242,12814
1995-06-20,-38185,26167,183209,103006,141191,33046,6879
1995-06-27,-31775,21441,177052,104276,136051,29025,7584
1995-07-03,2116,-3573,175928,120041,117925,18389,21962
1995-07-11,11334,-12107,184850,129634,118300,14673,26780
1995-07-18,-14040,7880,171900,107914,121954,20360,12480
1995-07-25,-4311,2003,168448,108254,112565,16627,14624
1995-08-01,29919,-27149,170099,117679,87760,13084,40233
1995-08-08,31362,-30990,177811,117389,86027,15272,46262
1995-08-15,12842,-17215,173296,114219,101377,14838,32053
1995-08-22,31023,-33118,175852,121716,90693,12195,45313
1995-08-29,34774,-36327,177422,122962,88188,11333,47660
1995-09-05,42665,-41350,183988,126514,83849,12639,53989
1995-09-12,26282,-29034,186741,122310,96028,15444,44478
1995-09-19,15981,-21757,188070,121328,105347,16915,38672
1995-09-26,23033,-26847,184643,124246,101213,14513,41360
1995-10-03,31087,-31589,180193,123498,92411,13167,44756
1995-10-10,20451,-25188,180595,119805,99354,15392,40580
1995-10-17,24814,-28422,181415,123875,99061,13493,41915
1995-10-24,40820,-41419,191143,134142,93322,13266,54685
1995-10-31,38409,-38626,192942,134532,96123,14314,52940
1995-11-07,19861,-26204,187463,120337,100476,15493,41697
1995-11-14,-21238,8237,172130,96779,118017,23423,15186
1995-11-21,-13662,2900,155570,88430,102092,17247,14347
1995-11-28,-4871,-2422,150937,84850,89721,14863,17285
1995-12-05,-10005,-292,139049,76282,86287,15236,15528
1995-12-12,-26042,11085,144601,69524,95566,24462,13377
1995-12-19,-16781,3027,142709,76641,93422,16148,13121
1995-12-26,-16670,2260,141213,75655,92325,15493,13233
1996-01-02,-26283,10394,148656,73546,99829,22223,11829
1996-01-09,-71987,49651,196205,75052,147039,56064,6413
1996-01-16,-85489,58136,213033,79728,165217,64825,6689
1996-01-23,-98449,69342,226823,78002,176451,72631,3289
1996-01-30,-94207,67694,223800,77403,171610,73978,6284
1996-02-06,-94308,63845,235728,89164,183472,72958,9113
1996-02-13,-79046,48593,224779,95235,174281,55477,6884
1996-02-20,-71786,41110,221187,100192,171978,49123,8013
1996-02-27,-72747,38276,220205,102754,175501,44106,5830
1996-03-05,-51941,22290,206708,100702,152643,32146,9856
1996-03-12,-58432,24809,208236,98394,156826,34232,9423
1996-03-19,-50205,17064,197708,97546,147751,29171,12107
1996-03-26,-70124,31701,201147,84317,154441,39469,7768
1996-04-02,-51568,24805,189385,88576,140144,36397,11592
1996-04-09,-57657,29963,202031,92202,149859,42220,12257
1996-04-16,-28945,6590,201839,109777,138722,24271,17681
1996-04-23,-22779,547,203351,114426,137205,24144,23597
1996-04-30,-23781,-1038,206658,115145,138926,24448,25486
1996-05-07,-33380,4824,201442,104407,137787,25875,21051
1996-05-14,-22968,-5036,205744,112867,135835,23187,28223
1996-05-21,-11952,-10903,205874,115820,127772,23277,34180
1996-05-28,-16263,-7966,202685,109750,126013,23843,31809
1996-06-04,-5905,-12767,183865,97804,103709,25230,37997
1996-06-11,21728,-36559,189544,114523,92795,16825,53384
1996-06-18,19628,-31956,192486,117940,98312,18772,50728
1996-06-25,19749,-30030,194460,118840,99091,18980,49010
1996-07-02,31539,-38811,196152,126988,95449,13499,52310
1996-07-09,27290,-35774,197471,126504,99214,13856,49630
1996-07-16,20417,-32006,187816,117518,97101,10183,42189
1996-07-23,17853,-28147,176128,106893,89040,10760,38907
1996-07-30,13698,-23604,169384,105049,91351,11780,35384
1996-08-06,-12234,-3809,158371,89608,101842,14155,17964
1996-08-13,-13959,-3430,160705,90375,104334,13969,17399
1996-08-20,-9599,-6404,157653,90037,99636,12948,19352
1996-08-27,-14961,-2528,160819,90764,105725,14313,16841
1996-09-03,2264,-16603,162775,95941,93677,10839,27442
1996-09-10,36737,-47032,186183,120065,83328,10988,58020
1996-09-17,44013,-52246,191988,126902,82889,11628,63874
1996-09-24,49539,-55814,189340,128476,78937,9958,65772
1996-10-01,56435,-58264,197398,139012,82577,10856,69120
1996-10-08,51359,-54245,193843,133689,82330,12001,66246
1996-10-15,44452,-50773,196753,132953,88501,14657,65430
1996-10-22,26678,-36015,187813,122605,95927,12240,48255
1996-10-29,36786,-44374,187475,125555,88769,10169,54543
1996-11-05,50315,-53706,193964,134149,83834,10481,64187
1996-11-12,33997,-40180,189454,124540,90543,13614,53794
1996-11-19,32022,-40059,175954,113842,81820,10143,50202
1996-11-26,51990,-54593,191221,133250,81260,10662,65255
1996-12-03,51081,-53975,188166,129083,78002,11865,65840
1996-12-10,34985,-37492,185516,124975,89990,13689,51181
1996-12-17,34372,-37027,185415,126060,91688,12219,49246
1996-12-24,36619,-37541,186187,129300,92681,11874,49415
1996-12-31,43433,-41925,189805,132509,89076,11848,53773
1997-01-07,50349,-48156,201412,142810,92461,11368,59524
1997-01-14,56598,-52969,204117,148436,91838,7643,60612
1997-01-21,53874,-50270,205471,146541,92667,7815,58085
1997-01-28,41891,-38956,189160,131672,89781,10226,49182
1997-02-04,46046,-47783,191347,135757,89711,7438,55221
1997-02-11,44754,-46650,195275,139125,94371,8403,55053
1997-02-18,31067,-33861,194794,131009,99942,14150,48011
1997-02-25,18039,-21241,184459,121543,103504,14009,35250
1997-03-04,-11636,2573,174030,100996,112632,21214,18641
1997-03-11,-10837,-1213,170832,99498,110335,15219,16432
1997-03-18,1892,-10871,172691,101843,99951,12800,23671
1997-03-25,-1278,-6715,163639,96276,97554,16865,23580
1997-04-01,2875,-9462,152107,95210,92335,10496,19958
1997-04-08,2811,-8863,148359,91818,89007,10019,18882
1997-04-15,27006,-28353,159410,101797,74791,8895,37248
1997-04-22,34062,-37500,162911,104100,70038,9131,46631
1997-04-29,36688,-39932,163585,105901,69213,8071,48003
1997-05-06,37069,-40249,168134,107085,70016,8661,48910
1997-05-13,12339,-17683,162528,93680,81341,14204,31887
1997-05-20,25038,-30237,159466,97955,72917,10213,40450
1997-05-27,24042,-29548,158811,97036,72994,10253,39801
1997-06-03,28104,-30798,150801,96893,68789,8479,39277
1997-06-10,33232,-36192,160675,104606,71374,7903,44095
1997-06-17,36168,-37579,164407,109496,73328,8277,45856
1997-06-24,55432,-54593,185491,125591,70159,9490,64083
1997-07-01,70665,-67011,196108,139801,69136,5230,72241
1997-07-08,79071,-72440,217966,157324,78253,6339,78779
1997-07-15,82151,-74588,217370,156780,74629,7397,81985
1997-07-22,67975,-61486,204631,140751,72776,10794,72280
1997-07-29,60319,-56626,194719,133032,72713,11544,68170
1997-08-05,76614,-70906,197799,147444,70830,6513,77419
1997-08-12,50748,-49704,196685,129979,79231,14018,63722
1997-08-19,55661,-56409,201656,140302,84641,7183,63592
1997-08-26,47944,-51542,196870,133381,85437,7589,59131
1997-09-02,56650,-59794,195898,138746,82096,6674,66468
1997-09-09,59406,-59414,202432,144584,85178,6595,66009
1997-09-16,63358,-62430,205520,148037,84679,4357,66787
1997-09-23,62082,-62897,201439,146080,83998,4678,67575
1997-09-30,-1400,-19832,182284,100304,101704,22302,42134
1997-10-07,-27190,3450,182549,79426,106616,41536,38086
1997-10-14,-9837,-7739,176930,85885,95722,30291,38030
1997-10-21,14767,-29797,175223,102442,87675,13909,43706
1997-10-28,58365,-64506,217825,147762,89397,7117,71623
1997-11-04,59772,-63574,217937,151730,91958,8017,71591
1997-11-11,57008,-59910,214765,147357,90349,8834,68744
1997-11-18,48045,-50649,214353,140488,92443,13705,64354
1997-11-25,59515,-59762,192531,133374,73859,9687,69449
1997-12-02,61913,-60488,194540,133401,71488,10682,71170
1997-12-09,60757,-62620,197049,132395,71638,10623,73243
1997-12-16,58360,-58769,187364,123302,64942,9866,68635
1997-12-23,45572,-51784,183073,109997,64425,10200,61984
1997-12-30,44444,-51044,177704,109536,65092,9580,60624
1998-01-06,56491,-58584,189409,121497,65006,9714,68298
1998-01-13,55356,-58528,191691,123854,68498,9852,68380
1998-01-20,45250,-51674,181245,111193,65943,10105,61779
1998-01-27,15266,-24132,162174,92532,77266,12390,36522
1998-02-03,14711,-23998,164191,95566,80855,14549,38547
1998-02-10,9290,-21269,169296,96853,87563,15393,36662
1998-02-17,15807,-24047,172572,101077,85270,14602,38649
1998-02-24,31273,-33446,178732,112478,81205,13023,46469
1998-03-03,21018,-27892,181113,108038,87020,15161,43053
1998-03-10,30508,-34653,184128,113872,83364,13496,48149
1998-03-17,51280,-51298,200258,135033,83753,7047,58345
1998-03-24,36696,-42151,172915,109127,72431,6820,48971
1998-03-31,11757,-21627,161065,90868,79111,14151,35778
1998-04-07,-24516,5247,180125,80360,104876,35912,30665
1998-04-14,-28572,8196,182619,79027,107599,39334,31138
1998-04-21,-36214,12591,184930,76768,112982,41712,29121
1998-04-28,-37104,17885,183719,77633,114737,41569,23684
1998-05-05,-17711,5231,173676,81123,98834,33098,27867
1998-05-12,10449,-18715,156329,87130,76681,12860,31575
1998-05-19,8707,-17247,154467,86888,78181,12490,29737
1998-05-26,15320,-22206,149778,85218,69898,11717,33923
1998-06-02,56546,-53056,171275,115290,58744,7556,60612
1998-06-09,52785,-51174,171755,114066,61281,7000,58174
1998-06-16,63704,-60827,182514,127101,63397,5082,65909
1998-06-23,37799,-37515,167070,111188,73389,5441,42956
1998-06-30,33929,-35917,164716,111528,77599,5022,40939
1998-07-07,31901,-34015,167652,110070,78169,8467,42482
1998-07-14,35124,-37659,171176,111476,76352,6518,44177
1998-07-21,30209,-33652,170503,111414,81205,6425,40077
1998-07-28,40337,-39767,164221,107815,67478,7801,47568
1998-08-04,62369,-58795,179832,124980,62611,8618,67413
1998-08-11,64062,-59710,185167,129913,65851,9059,68769
1998-08-18,65101,-59610,195394,133248,68147,12089,71699
1998-08-25,67167,-61510,199774,139764,72597,10539,72049
1998-09-01,76329,-69789,207005,150324,73995,6779,76568
1998-09-08,51654,-51325,197099,133363,81709,7890,59215
1998-09-15,15991,-20115,173813,109857,93866,10405,30520
1998-09-22,10317,-19013,174705,106870,96553,13273,32286
1998-09-29,-6738,-5911,175102,97831,104569,18982,24893
1998-10-06,-41938,23669,190174,90267,132205,36588,12919
1998-10-13,-36847,20132,187179,92675,129522,32954,12822
1998-10-20,-28916,15791,184842,94588,123504,29034,13243
1998-10-27,-16752,7206,184784,106270,123022,21174,13968
1998-11-03,12833,-17695,180415,113225,100392,9917,27612
1998-11-10,-2710,-7111,172069,100977,103687,11354,18465
1998-11-17,-14673,3187,153511,81854,96527,15147,11960
1998-11-24,-17660,6915,150873,76749,94409,17284,10369
1998-12-01,1105,-3918,143535,82066,80961,12857,16775
1998-12-08,-624,-5150,145386,82599,83223,12306,17456
1998-12-15,14227,-14666,148455,91654,77427,8951,23617
1998-12-22,28988,-26792,158623,101641,72653,8703,35495
1998-12-29,37206,-34586,162536,106847,69641,8174,42760
1999-01-05,46620,-44024,173200,115550,68930,9127,53151
1999-01-12,40600,-41726,172413,114634,74034,11435,53161
1999-01-19,55319,-55282,184145,124609,69290,9596,64878
1999-01-26,64786,-60992,181330,125046,60260,9861,70853
1999-02-02,62837,-59918,181292,122419,59582,13654,73572
1999-02-09,62018,-61049,181688,126315,64297,10261,71310
1999-02-16,70806,-68406,185713,131789,60983,8862,77268
1999-02-23,71812,-70065,190553,136697,64885,8938,79003
1999-03-02,56914,-58147,191522,127699,70785,17147,75294
1999-03-09,-5687,-2205,182305,96704,102391,32899,35104
1999-03-16,28963,-28450,165270,103547,74584,11160,39610
1999-03-23,55893,-54023,174143,118186,62293,7997,62020
1999-03-30,82154,-80240,187558,134373,52219,6836,87076
1999-04-06,91690,-88363,196125,139047,47357,9350,97713
1999-04-13,82612,-81091,196091,135918,53306,11955,93046
1999-04-20,75041,-73690,196996,137066,62025,12075,85765
1999-04-27,83976,-80092,204378,142084,58108,14087,94179
1999-05-04,42298,-49852,193275,121417,79119,18454,68306
1999-05-11,60060,-63350,187427,118496,58436,12626,75976
1999-05-18,78632,-80546,196892,134284,55652,8173,88719
1999-05-25,88075,-85438,199633,139741,51666,7689,93127
1999-06-01,82390,-78771,198487,141084,58694,9625,88396
1999-06-08,88207,-85235,203955,142345,54138,9281,94516
1999-06-15,86416,-84986,212568,147656,61240,10132,95118
1999-06-22,86904,-86859,213680,147990,61086,9930,96789
1999-06-29,81076,-83611,208222,142021,60945,8971,92582
1999-07-06,81997,-86563,218365,142531,60534,8728,95291
1999-07-13,81234,-78860,211594,144152,62918,9914,88774
1999-07-20,81487,-79215,206266,141284,59797,10323,89538
1999-07-27,70824,-67894,198760,131089,60265,13624,81518
1999-08-03,56046,-56440,188933,122268,66222,17758,74198
1999-08-10,49398,-55064,193698,127509,78111,15272,70336
1999-08-17,21892,-35242,191776,114180,92288,21260,56502
1999-08-24,55419,-59087,191040,124090,68671,16211,75298
1999-08-31,59241,-61491,198692,130394,71153,17219,78710
1999-09-07,60408,-62910,201266,130654,70246,16931,79841
1999-09-14,51528,-54132,201806,130041,78513,18500,72632
1999-09-21,29491,-37842,205259,120486,90995,27235,65077
1999-09-28,-2750,-14315,225467,102879,105629,47881,62196
1999-10-05,12398,-21857,215041,105128,92730,43094,64951
1999-10-12,1958,-17001,216938,114325,112367,35722,52723
1999-10-19,2514,-17296,223090,122130,119616,35601,52897
1999-10-26,2415,-13615,217916,122596,120181,33470,47085
1999-11-02,4146,-15283,208907,121293,117147,27786,43069
1999-11-09,10117,-19119,203057,121448,111331,23669,42788
1999-11-16,-16552,2771,182148,96271,112823,28090,25319
1999-11-23,-23103,9354,171564,81966,105069,33610,24256
1999-11-30,-16800,6129,163574,79135,95935,31811,25682
1999-12-07,-886,-2972,156712,84902,85788,24409,27381
1999-12-14,16418,-20553,155142,99201,82783,10261,30814
1999-12-21,18429,-27969,156318,102262,83833,11393,39362
1999-12-28,18122,-28953,156526,101938,83816,10876,39829
2000-01-04,22650,-28708,155835,102766,80116,12360,41068
2000-01-11,18394,-24218,157326,100041,81647,17699,41917
2000-01-18,-1018,-7103,148055,84768,85786,19895,26998
2000-01-25,-4749,-5534,142913,78940,83689,19469,25003
2000-02-01,4840,-8833,134305,78709,73869,19414,28247
2000-02-08,-24470,9014,153976,69057,93527,40614,31600
2000-02-15,-36395,20697,157231,69135,105530,42107,21410
2000-02-22,-46482,31008,168125,69951,116433,52079,21071
2000-02-29,-31083,18787,166509,80273,111356,41099,22312
2000-03-07,-27119,18671,161362,80997,108116,38403,19732
2000-03-14,-24434,17295,161540,86418,110852,34577,17282
2000-03-21,-19718,14933,164397,90849,110567,33068,18135
2000-03-28,13036,-14285,150712,98639,85603,15152,29437
2000-04-04,21959,-23311,155378,98801,76842,19129,42440
2000-04-11,21245,-22185,153144,96251,75006,18432,40617
2000-04-18,18633,-20353,153546,95886,77253,18580,38933
2000-04-25,28293,-27542,156486,100286,71993,17428,44970
2000-05-02,34341,-32595,168231,107120,72779,18529,51124
2000-05-09,24288,-25722,162759,100796,76508,19708,45430
2000-05-16,25684,-29530,160373,97133,71449,15748,45278
2000-05-23,33124,-35842,163062,102216,69092,17625,53467
2000-05-30,42590,-40624,159156,102206,59616,19861,60485
2000-06-06,-1980,-4017,140841,79617,81597,26029,30046
2000-06-13,-25062,14660,141504,72711,97773,31474,16814
2000-06-20,-30922,19058,143814,72771,103693,32680,13622
2000-06-27,-25173,16219,143700,76236,101409,31821,15602
2000-07-05,-26785,15828,150096,81135,107920,31351,15523
2000-07-11,-18857,12398,146022,82973,101830,29093,16695
2000-07-18,-15846,9015,136090,72418,88264,26606,17591
2000-07-25,-7491,3543,122177,61847,69338,24352,20809
2000-08-01,4967,-5597,111188,54380,49413,23120,28717
2000-08-08,27151,-25023,122540,67758,40607,21171,46194
2000-08-15,35100,-32886,132994,78853,43753,19597,52483
2000-08-22,28868,-26221,130211,74630,45762,22255,48476
2000-08-29,29846,-28638,132014,75631,45785,22128,50766
2000-09-05,18468,-18882,125433,67240,48772,23403,42285
2000-09-12,26684,-26998,133431,73339,46655,22031,49029
2000-09-19,31285,-30561,137565,77684,46399,22874,53435
2000-09-26,25602,-25951,133035,75429,49827,24033,49984
2000-10-03,16968,-20111,124815,68457,51489,23444,43555
2000-10-10,22415,-25526,134015,73756,51341,25477,51003
2000-10-17,13717,-16737,129680,66289,52572,29308,46045
2000-10-24,17150,-18571,135064,70588,53438,30738,49309
2000-10-31,31846,-31722,137818,80001,48155,24308,56030
2000-11-07,33445,-34120,138300,81661,48216,22498,56618
2000-11-14,42839,-44976,140258,90323,47484,16145,61121
2000-11-21,44851,-46456,132633,84678,39827,16495,62951
2000-11-28,32501,-36201,124950,75542,43041,16405,52606
2000-12-05,21442,-26921,113455,65082,43640,16902,43823
2000-12-12,11103,-17942,110455,60144,49041,18834,36776
2000-12-19,16835,-22168,114708,65914,49079,17208,39376
2000-12-26,6285,-14259,114850,63002,56717,18940,33199
2001-01-02,20510,-23735,114491,68027,47517,17745,41480
2001-01-09,38501,-38226,126527,81142,42641,15778,54004
2001-01-16,59488,-57160,139180,96907,37419,13743,70903
2001-01-23,56663,-57698,140120,93293,36630,15626,73324
2001-01-30,55625,-53815,141156,97509,41884,18847,72662
2001-02-06,54303,-52706,135682,93974,39671,16396,69102
2001-02-13,62175,-58972,143725,102809,40634,15639,74611
2001-02-20,67526,-66731,148782,106088,38562,16291,83022
2001-02-27,47859,-50795,143173,92299,44440,17753,68548
2001-03-06,40207,-41982,133440,84196,43989,17806,59788
2001-03-13,13665,-24244,126821,72102,58437,19050,43294
2001-03-20,32228,-37969,123758,79069,46841,11598,49567
2001-03-27,29647,-33304,122944,78979,49332,12006,45310
2001-04-03,50983,-51354,118398,79740,28757,10226,61580
2001-04-10,57990,-58133,130116,88319,30329,10961,69094
2001-04-17,42641,-45569,122146,79692,37051,10091,55660
2001-04-24,27922,-35011,114900,69126,41204,11752,46763
2001-05-01,19819,-27970,110868,61633,41814,12738,40708
2001-05-08,17247,-25788,109018,60306,43059,12867,38655
2001-05-15,-13915,1531,106947,38943,52858,28829,27298
2001-05-22,-65250,38936,133866,27867,93117,53505,14569
2001-05-29,-68443,43236,133990,31273,99716,55117,11881
2001-06-05,-42314,25011,109182,36233,78547,34718,9707
2001-06-12,-36544,18555,114065,42617,79161,32243,13688
2001-06-19,-40227,19002,118500,45070,85297,33983,14981
2001-06-26,-44693,22073,125033,45563,90256,37204,15131
2001-07-03,-32592,16170,117731,47467,80059,32764,16594
2001-07-10,-24532,10602,118688,50380,74912,31178,20576
2001-07-17,-25507,10766,116292,47165,72672,30150,19384
2001-07-24,-28911,13374,111764,40651,69562,31387,18013
2001-07-31,-6146,-2706,100943,41533,47679,24089,26795
2001-08-07,-7138,-1690,98582,38190,45328,25067,26757
2001-08-14,-55227,32869,119311,26735,81962,50435,17566
2001-08-21,-64412,39534,131631,28387,92799,57049,17515
2001-08-28,-50852,27822,120108,29845,80697,46567,18745
2001-09-04,-49839,25917,121687,31650,81489,44767,18850
2001-09-10,-43243,20824,119518,34261,77504,42337,21513
2001-09-18,-49456,29148,120062,29086,78542,47155,18007
2001-09-25,-58342,36638,129840,24492,82834,55700,19062
2001-10-02,-67122,35255,132653,27883,95005,54976,19721
2001-10-09,-64729,32778,134663,31042,95771,53926,21148
2001-10-16,-51816,24088,126767,36316,88132,43774,19686
2001-10-23,-25191,14679,117875,37139,62330,35467,20788
2001-10-30,-33199,12160,118614,44910,78109,32041,19881
2001-11-06,-35435,13530,115880,41334,76769,32582,19052
2001-11-13,-23637,5427,111255,46091,69728,29312,23885
2001-11-20,-2489,-9173,115326,51619,54108,25380,34553
2001-11-27,1738,-12140,111942,53349,51611,23633,35773
2001-12-04,-2534,-10029,105023,43346,45880,26142,36171
2001-12-11,13626,-21717,115485,54864,41238,25806,47523
2001-12-18,-15198,-861,110873,41158,56356,30819,31680
2001-12-21,-11976,-2903,110971,46856,58832,28075,30978
2001-12-28,-14555,-645,113672,47939,62494,28829,29474
2002-01-08,-24042,5356,113020,43737,67779,29232,23876
2002-01-15,-53938,29441,128197,36265,90203,47510,18069
2002-01-22,-50959,25929,132005,41689,92648,44800,18871
2002-01-29,-31515,12434,124540,53566,85081,29044,16610
2002-02-05,-58180,34088,138370,41428,99608,53810,19722
2002-02-12,-62223,36333,148022,37963,100186,61706,25373
2002-02-19,-60054,34364,148242,38355,98409,61748,27384
2002-02-26,-56409,29079,144384,36376,92785,58404,29325
2002-03-05,-58666,30462,144154,37550,96216,55673,25211
2002-03-12,-58507,30486,140978,36820,95327,50525,20039
2002-03-19,-56119,27987,140007,38406,94525,48393,20406
2002-03-26,-65888,34394,148479,38055,103943,53695,19301
2002-04-02,-71913,37661,153322,33449,105362,62448,24787
2002-04-09,-67531,36507,152187,34255,101786,63780,27273
2002-04-16,-63166,32082,154615,40119,103285,58851,26769
2002-04-23,-72703,39665,162580,39629,112332,65168,25503
2002-04-30,-82381,46067,180829,42451,124832,73449,27382
2002-05-07,-82705,44435,192242,46163,128868,76757,32322
2002-05-14,-76952,37839,191721,52774,129726,70071,32232
2002-05-21,-88643,46914,189679,45289,133932,75332,28418
2002-05-28,-87432,41323,190444,44076,131508,75210,33887
2002-06-04,-85220,41943,181999,40497,125717,73044,31101
2002-06-11,-77183,46456,171476,44066,121249,68206,21750
2002-06-18,-72783,41241,169101,44277,117060,63445,22204
2002-06-25,-74197,37967,176291,47064,121261,62956,24989
2002-07-02,-65875,30073,167318,48192,114067,53434,23361
2002-07-09,-61726,22628,169837,54081,115807,45598,22970
2002-07-16,-64364,23911,173241,55729,120093,47062,23151
2002-07-23,-66953,26238,171233,51743,118696,48196,21958
2002-07-30,-32233,385,147221,63814,96047,27460,27075
2002-08-06,-31379,977,140484,58217,89596,24859,23882
2002-08-13,-29432,-476,144723,63031,92463,25632,26108
2002-08-20,-34289,4708,149693,63419,97708,28280,23572
2002-08-27,-34069,2382,150531,63271,97340,27532,25150
2002-09-03,-40667,6115,149202,57919,98586,29706,23591
2002-09-10,-60480,19821,161170,49522,110002,45693,25872
2002-09-17,-66504,25186,164036,50462,116966,46110,20924
2002-09-24,-88391,42181,187501,49259,137650,68074,25893
2002-10-01,-83697,42702,178261,44523,128220,67739,25037
2002-10-08,-76627,37672,173762,46732,123359,61992,24320
2002-10-15,-48852,15914,158344,56350,105202,40830,24916
2002-10-22,-41597,9462,155085,58942,100539,34838,25376
2002-10-29,-48856,15331,152205,56328,105184,33696,18365
2002-11-05,-56703,19985,152269,49341,106044,38982,18997
2002-11-12,-78424,36907,174682,43611,122035,57600,20693
2002-11-19,-75782,37856,169985,43159,118941,56665,18809
2002-11-26,-71565,37554,166371,47799,119364,52488,14934
2002-12-03,-68158,32961,158433,41407,109565,48545,15584
2002-12-10,-90824,51359,180754,37865,128689,73216,21857
2002-12-17,-101486,55200,205550,36725,138211,86949,31749
2002-12-23,-103453,57105,201761,36551,140004,86100,28995
2002-12-31,-104416,59505,206914,39250,143666,88002,28497
2003-01-07,-109386,63563,215299,40513,149899,93664,30101
2003-01-14,-104977,60662,214684,38005,142982,93046,32384
2003-01-21,-108272,61682,218286,35901,144173,95013,33331
2003-01-28,-112850,56867,229819,36327,149177,91912,35045
2003-02-04,-126507,66814,241161,35779,162286,105154,38340
2003-02-11,-94360,50109,216608,45786,140146,89620,39511
2003-02-14,-77799,35807,202671,54707,132506,69759,33952
2003-02-25,-68660,26965,196138,57629,126289,60864,33899
2003-03-04,-71163,30976,189928,56069,127232,60149,29173
2003-03-11,-74590,33549,193841,56078,130668,62022,28473
2003-03-18,-56842,21421,189983,65053,121895,51897,30476
2003-03-25,-56945,29530,182966,73435,130380,45220,15690
2003-04-01,-49971,24367,171558,69948,119919,40659,16292
2003-04-08,-52607,25697,173293,66333,118940,45496,19799
2003-04-15,-48622,21305,180817,67965,116587,47667,26362
2003-04-22,-52618,25077,177869,62217,114835,50301,25224
2003-04-29,-52834,24767,176123,61323,114157,49345,24578
2003-05-06,-69809,39291,178933,59479,129288,53877,14586
2003-05-13,-73714,42420,183957,57917,131631,58093,15673
2003-05-20,-98066,65741,196238,45003,143069,79694,13953
2003-05-27,-97631,68749,206318,44032,141663,78295,9546
2003-06-03,-113612,85047,205219,47320,160932,94155,9108
2003-06-10,-93380,65599,201381,51645,145025,79118,13519
2003-06-17,-94206,64175,199642,51869,146075,81499,17324
2003-06-24,-77019,48884,192790,59389,136408,65690,16806
2003-07-01,-72003,45214,187164,60916,132919,59522,14308
2003-07-08,-68835,41328,187327,63710,132545,56977,15649
2003-07-15,-53672,27515,186983,66125,119797,51045,23530
2003-07-22,-68425,39409,192848,62487,130912,60068,20659
2003-07-29,-110332,75447,238119,57122,167454,93311,17864
2003-08-05,-93186,57811,200599,52412,145598,75623,17812
2003-08-12,-101762,66513,209187,49254,151016,84578,18065
2003-08-19,-125730,89998,229142,48481,174211,104223,14225
2003-08-26,-137088,100227,243009,47524,184612,117340,17113
2003-09-02,-163846,122847,274981,45994,209840,146230,23383
2003-09-09,-157940,115092,283325,46865,204805,151530,36438
2003-09-16,-148003,105816,283175,52270,200273,144818,39002
2003-09-23,-150497,107668,291738,53760,204257,146587,38919
2003-09-30,-137017,95188,277922,56237,193254,136571,41383
2003-10-07,-116040,80765,255935,66122,182162,110811,30046
2003-10-14,-113205,76892,246133,60855,174060,108615,31723
2003-10-21,-118831,80864,252897,58549,177380,115942,35078
2003-10-28,-127859,90613,261514,55341,183200,126193,35580
2003-11-04,-123995,84610,262696,60871,184866,119702,35092
2003-11-11,-123203,82578,270895,63501,186704,124456,41878
2003-11-18,-134603,93160,285620,60181,194784,136229,43069
2003-11-25,-150553,108028,285510,67023,217576,134093,26065
2003-12-02,-158956,112855,278759,56851,215807,142642,29787
2003-12-09,-153520,107028,276302,53459,206979,140647,33619
2003-12-16,-162193,116108,278928,49454,211647,148033,31925
2003-12-22,-154137,108272,273517,49352,203489,143783,35511
2003-12-30,-159914,112600,278641,48694,208608,146647,34047
2004-01-06,-160441,115985,284500,49723,210164,151691,35706
2004-01-13,-157310,107232,300273,61098,218408,147745,40513
2004-01-20,-128159,85035,277381,68541,196700,125320,40285
2004-01-27,-132970,86056,275490,66120,199090,118100,32044
2004-02-03,-109445,67564,236512,66869,176314,95128,27564
2004-02-10,-106391,60286,237396,62967,169358,95652,35366
2004-02-17,-119597,70305,241858,58109,177706,106632,36327
2004-02-24,-104499,63058,241721,64021,168520,95788,32730
2004-03-02,-90391,43879,237352,70486,160877,83802,39923
2004-03-09,-106422,60539,230009,58037,164459,95130,34591
2004-03-16,-110504,62479,245495,65943,176447,98116,35637
2004-03-23,-154855,102511,281839,49762,204617,144353,41842
2004-03-30,-178345,125138,295044,53537,231882,159753,34615
2004-04-06,-196307,144253,305661,47013,243320,176285,32032
2004-04-12,-190874,138696,305423,48309,239183,174575,35879
2004-04-20,-122430,73276,255395,60461,182891,109438,36162
2004-04-27,-101621,57804,246504,68224,169845,98229,40425
2004-05-04,-89398,54663,246863,72166,161564,91845,37182
2004-05-11,-69442,38016,254742,83705,153147,86776,48760
2004-05-18,-57579,27513,253647,87190,144769,82288,54775
2004-05-25,-49239,22209,252665,88917,138156,76713,54504
2004-06-01,-60359,31983,228721,76601,136960,78293,46310
2004-06-08,-60476,30331,225921,74331,134807,78878,48547
2004-06-15,-56808,29116,223243,70809,127617,80534,51418
2004-06-22,-70580,39898,219524,64397,134977,83340,43442
2004-06-29,-72183,40167,226773,68603,140786,86673,46506
2004-07-06,-63241,31403,226957,73312,136553,82019,50616
2004-07-13,-106317,70434,247735,63996,170313,112049,41615
2004-07-20,-105911,70458,256572,71997,177908,114160,43702
2004-07-27,-66505,33315,232007,70511,137016,78464,45149
2004-08-03,-63711,34454,217814,71215,134926,81545,47091
2004-08-10,-78343,46107,219062,68536,146879,85056,38949
2004-08-17,-86750,53790,227948,68688,155438,91881,38091
2004-08-24,-119948,84761,259849,64326,184274,126481,41720
2004-08-31,-118075,80497,269575,66831,184906,130720,50223
2004-09-07,-99329,62143,256711,72594,171923,111967,49824
2004-09-14,-93950,54856,249885,76180,170130,101047,46191
2004-09-21,-102962,64327,256086,76546,179508,108228,43901
2004-09-28,-122162,82118,266565,69397,191559,124815,42697
2004-10-05,-154266,114092,296592,61921,216187,162941,48849
2004-10-12,-157496,115137,302197,59577,217073,165529,50392
2004-10-19,-159594,120914,305225,60297,219891,172649,51735
2004-10-26,-163638,127895,321849,60217,223855,185342,57447
2004-11-02,-150057,111437,313532,63188,213245,176069,64632
2004-11-09,-162268,117853,342146,69495,231763,187528,69675
2004-11-16,-166227,123001,362336,73269,239496,196371,73370
2004-11-23,-176830,138632,352638,60802,237632,202921,64289
2004-11-30,-168330,128453,345646,66242,234572,201218,72765
2004-12-07,-169257,132347,353244,67132,236389,211208,78861
2004-12-14,-122798,87794,316029,84079,206877,160002,72208
2004-12-21,-126318,90253,319955,84261,210579,162396,72143
2004-12-28,-137495,98753,330965,85507,223002,169514,70761
2005-01-04,-105742,73243,302298,89301,195043,140471,67228
2005-01-11,-70347,36787,275461,94433,164780,109497,72710
2005-01-18,-62940,29566,275630,93319,156259,107825,78259
2005-01-25,-59584,28345,273430,86831,146415,107378,79033
2005-02-01,-57572,28118,253116,87665,145237,102388,74270
2005-02-08,-38182,11175,255424,95269,133451,97630,86455
2005-02-15,-51477,21707,262589,88032,139509,109421,87714
2005-02-22,-73599,38905,267860,77524,151123,119318,80413
2005-03-01,-91256,56681,287761,78389,169645,135741,79060
2005-03-08,-109074,70477,296335,75163,184237,143930,73453
2005-03-15,-147491,111122,335503,78689,226180,178724,67602
2005-03-22,-125978,91761,299531,74842,200820,148089,56328
2005-03-29,-133855,101521,281601,70361,204216,139491,37970
2005-04-05,-134940,106264,272946,66117,201057,143487,37223
2005-04-12,-142029,113344,279545,64126,206155,150611,37267
2005-04-19,-143587,114392,280432,61372,204959,152815,38423
2005-04-26,-169289,137777,302084,57612,226901,173826,36049
2005-05-03,-137695,107728,290539,67838,205533,153914,46186
2005-05-10,-108549,80378,282478,79372,187921,134719,54341
2005-05-17,-79861,55944,274382,81363,161224,124569,68625
2005-05-24,-60463,39509,272748,91915,152378,114965,75456
2005-05-31,-52996,32965,255995,80741,133737,113002,80037
2005-06-07,-67052,39107,252151,71621,138673,111796,72689
2005-06-14,-88090,56861,257034,65549,153639,119458,62597
2005-06-21,-144062,108510,289771,51923,195985,162238,53728
2005-06-28,-165574,129931,303385,49769,215343,175520,45589
2005-07-05,-140341,104874,281186,54747,195088,146733,41859
2005-07-12,-110908,73722,269891,66138,177046,124585,50863
2005-07-19,-84048,54111,270001,75991,160039,116572,62461
2005-07-26,-82809,49022,256886,68301,151110,110685,61663
2005-08-02,-99807,65569,244488,55334,155141,118941,53372
2005-08-09,-150830,117699,287839,48576,199406,168613,50914
2005-08-16,-193366,157607,331633,46115,239481,208558,50951
2005-08-23,-193874,159687,331804,48371,242245,206898,47211
2005-08-30,-139650,109833,291894,58835,198485,158841,49008
2005-09-06,-148617,115252,299192,56461,205078,159922,44670
2005-09-13,-158789,126798,321200,63202,221991,175285,48487
2005-09-20,-187077,158126,363315,58120,245197,219963,61837
2005-09-27,-194114,166100,366819,53912,248026,219648,53548
2005-10-04,-202724,171498,363529,51172,253896,229464,57966
2005-10-11,-212714,177410,370844,49551,262265,234060,56650
2005-10-18,-199507,170424,362699,51648,251155,224424,54000
2005-10-25,-180791,153352,339388,54314,235105,206809,53457
2005-11-01,-160331,130568,334470,69529,229860,180554,49986
2005-11-08,-150416,123111,317076,67808,218224,167250,44139
2005-11-15,-154279,129686,324719,67453,221732,177421,47735
2005-11-22,-180241,162982,350603,56380,236621,201765,38783
2005-11-29,-180519,158905,350225,70700,251219,199521,40616
2005-12-06,-190292,167413,341011,52222,242514,208466,41053
2005-12-13,-180730,156331,337574,56475,237205,189931,33600
2005-12-20,-189531,156170,324429,55214,244745,182723,26553
2005-12-27,-189234,154522,320115,53560,242794,179324,24802
2006-01-03,-187308,150962,325524,51741,239049,180688,29726
2006-01-10,-180209,145806,343419,59932,240141,184408,38602
2006-01-17,-181991,148479,361704,66156,248147,191650,43171
2006-01-24,-175005,142849,356080,63004,238009,188928,46079
2006-01-31,-167282,139250,339645,63986,231268,187406,48156
2006-02-07,-154438,127349,341727,67909,222347,180971,53622
2006-02-14,-149205,118914,338143,71566,220771,167910,48996
2006-02-21,-149953,118684,333410,69049,219002,163886,45202
2006-02-28,-156861,127370,339859,69177,226038,169963,42593
2006-03-07,-149751,120889,338325,71482,221233,167144,46255
2006-03-14,-130336,95940,322360,78233,208569,143697,47757
2006-03-21,-135802,104264,319618,72080,207882,149946,45682
2006-03-28,-149712,120586,334042,66109,215821,163056,42470
2006-04-04,-170915,132208,342721,60499,231414,178040,45832
2006-04-11,-165949,124332,342632,62155,228104,175000,50668
2006-04-18,-172524,130294,353757,58342,230866,177870,47576
2006-04-25,-166855,129378,354108,62298,229153,175346,45968
2006-05-02,-171720,130288,359539,60931,232651,177709,47421
2006-05-09,-171333,133936,351933,61535,232868,175709,41773
2006-05-16,-163150,126157,338720,62710,225860,163773,37616
2006-05-23,-149003,111098,316143,61059,210062,144247,33149
2006-05-30,-139309,101487,314494,78942,218251,133475,31988
2006-06-06,-129369,95896,283161,51439,180808,134649,38753
2006-06-13,-134401,99287,288981,51699,186100,138766,39479
2006-06-20,-122271,90221,288148,58813,181084,131864,41643
2006-06-27,-116241,85624,292789,61095,177336,128310,42686
2006-07-03,-122167,91920,292500,60102,182269,131186,39266
2006-07-11,-132047,101929,312684,64408,196455,142194,40265
2006-07-18,-140091,107374,324276,63969,204060,143202,35828
2006-07-25,-139489,101555,315635,65461,204950,132268,30713
2006-08-01,-138433,102761,304907,59866,198299,132781,30020
2006-08-08,-141925,106098,309097,60258,202183,138971,32873
2006-08-15,-135129,100544,313327,61402,196531,132019,31475
2006-08-22,-128073,95948,306171,64509,192582,128897,32949
2006-08-29,-117245,87716,307583,70804,188049,124421,36705
2006-09-05,-131265,98334,319998,66731,197996,133991,35657
2006-09-12,-110695,84222,310510,76201,186896,121455,37233
2006-09-19,-101925,77868,325852,86123,188048,116119,38251
2006-09-26,-95365,71244,322937,88639,184004,108117,36873
2006-10-03,-91994,69434,330065,88721,180715,107570,38136
2006-10-10,-82602,62449,334329,95161,177763,106211,43762
2006-10-17,-83138,61259,329875,92428,175566,107993,46734
2006-10-24,-80509,56050,331598,93641,174150,104099,48049
2006-10-31,-91896,64716,323481,84097,175993,107472,42756
2006-11-07,-114456,81166,335036,78904,193360,121406,40240
2006-11-14,-123521,88834,356575,87908,211429,126907,38073
2006-11-21,-118976,84293,355430,87188,206164,123021,38728
2006-11-28,-117724,79866,349517,79380,197104,120078,40212
2006-12-05,-120168,83639,330530,70965,191133,122145,38506
2006-12-12,-116282,81829,333101,76784,193066,120128,38299
2006-12-19,-101732,69893,337096,89467,191199,109682,39789
2006-12-26,-103068,68092,340473,89611,192679,110486,42394
2007-01-03,-112447,77883,353494,82085,194532,120639,42756
2007-01-09,-81674,52868,347491,95765,177439,105157,52289
2007-01-16,-92109,62950,344685,94910,187019,109386,46436
2007-01-23,-118577,84501,361114,90640,209217,128463,43962
2007-01-30,-135611,100345,348035,75716,211327,143964,43619
2007-02-06,-146664,108546,360936,75896,222560,151891,43345
2007-02-13,-165464,124750,383169,75344,240808,167479,42729
2007-02-20,-168150,129933,396115,81923,250073,168838,38905
2007-02-27,-183750,142092,415155,82029,265779,182456,40364
2007-03-06,-137311,101698,382550,97335,234646,136421,34723
2007-03-13,-130916,96342,394090,112843,243759,129078,32736
2007-03-20,-129894,93424,359726,96485,226379,125201,31777
2007-03-27,-138524,95123,359434,91430,229954,126413,31290
2007-04-03,-129498,93945,347817,90718,220216,131858,37913
2007-04-10,-153204,112956,369536,87446,240650,150573,37617
2007-04-17,-174598,135358,380800,79882,254480,170601,35243
2007-04-24,-171773,133842,403388,90211,261984,169703,35861
2007-05-01,-166153,130445,396276,92693,258846,163823,33378
2007-05-08,-172464,136286,411273,97353,269817,168350,32064
2007-05-15,-147293,113898,408936,108784,256077,149772,35874
2007-05-22,-124216,95815,416813,117506,241722,141294,45479
2007-05-29,-118695,94897,425688,125989,244684,134404,39507
2007-06-05,-136396,107617,385046,106068,242464,143052,35435
2007-06-12,-98005,75896,412150,133800,231805,125076,49180
2007-06-19,-109220,81605,410324,127209,236429,126207,44602
2007-06-26,-83584,63077,407640,133598,217182,119068,55991
2007-07-03,-91232,65662,375642,115835,207067,109652,43990
2007-07-10,-103185,72220,387916,115881,219066,113510,41290
2007-07-17,-112508,79719,385595,111437,223945,114788,35069
2007-07-24,-161602,122930,401603,91670,253272,154251,31321
2007-07-31,-112644,80889,351185,96154,208798,113706,32817
2007-08-07,-121246,89371,352908,90267,211513,123391,34020
2007-08-14,-125894,94211,347973,88846,214740,118978,24767
2007-08-21,-91994,68930,330204,99513,191507,102578,33648
2007-08-28,-98864,77211,325767,96677,195541,103844,26633
2007-09-04,-124354,96980,339439,83446,207800,126346,29366
2007-09-11,-160922,126669,373686,83992,244914,155317,28648
2007-09-18,-175264,141650,392748,84176,259440,168140,26490
2007-09-25,-208012,174045,440945,88400,296412,201188,27143
2007-10-02,-212031,175895,439865,80388,292419,210766,34871
2007-10-09,-227021,190696,458936,79580,306601,221749,31053
2007-10-16,-239096,201859,483872,77405,316501,238432,36573
2007-10-23,-222769,186304,489471,83708,306477,226875,40571
2007-10-30,-235133,198606,516163,91655,326788,232622,34016
2007-11-06,-240009,202125,556856,96082,336091,241475,39350
2007-11-13,-226417,190785,552546,111704,338121,228360,37575
2007-11-20,-209625,172390,512430,114599,324224,213234,40844
2007-11-27,-205324,175081,520782,132752,338076,206498,31417
2007-12-04,-204898,167524,486709,119700,324598,190888,23364
2007-12-11,-210743,171774,486198,110559,321302,196529,24755
2007-12-18,-209607,170273,495001,111220,320827,197789,27516
2007-12-24,-221531,184375,517020,115530,337061,210521,26146
2007-12-31,-238412,199438,541854,116141,354553,227112,27674
2008-01-08,-246690,205404,558309,119844,366534,238089,32685
2008-01-15,-251114,212047,593953,139606,390720,247106,35059
2008-01-22,-243027,205075,560173,119585,362612,241183,36108
2008-01-29,-245001,205780,522142,121716,366717,237252,31472
2008-02-05,-241581,203742,495139,113952,355533,234852,31110
2008-02-12,-243600,206596,475749,103713,347313,240806,34210
2008-02-19,-252740,212259,489789,104482,357222,251717,39458
2008-02-26,-252275,209363,495102,104099,356374,250270,40907
2008-03-04,-240109,195780,486992,100312,340421,240597,44817
2008-03-11,-243258,196343,482035,102839,346097,239048,42705
2008-03-18,-239128,192009,489055,110087,349215,232427,40418
2008-03-25,-206125,175742,452193,104994,311119,214651,38909
2008-04-01,-193068,161278,399393,94901,287969,190958,29680
2008-04-08,-194572,165393,407212,94076,288648,196823,31430
2008-04-15,-205112,171977,422699,96173,301285,202910,30933
2008-04-22,-199599,167623,424218,101648,301247,201865,34242
2008-04-29,-185482,160648,429670,107519,293001,194844,34196
2008-05-06,-182728,155967,433741,114554,297282,192719,36752
2008-05-13,-177597,152938,439636,121605,299202,197809,44871
2008-05-20,-215181,182119,453084,108853,324034,216324,34205
2008-05-27,-218285,191512,430961,92239,310524,220954,29442
2008-06-03,-202171,170211,398441,92556,294727,200544,30333
2008-06-10,-183081,151248,396392,94287,277368,189175,37927
2008-06-17,-183440,151190,390471,96068,279508,180637,29447
2008-06-24,-186756,153538,401226,95832,282588,190218,36680
2008-07-01,-227027,187679,434024,89674,316701,223539,35860
2008-07-08,-228660,189602,443202,97573,326233,225045,35443
2008-07-15,-246577,202783,483920,112225,358802,240934,38151
2008-07-22,-237061,194653,475606,114261,351322,231170,36517
2008-07-29,-219671,182319,446013,110651,330322,212285,29966
2008-08-05,-198917,163728,408430,98643,297560,192528,28800
2008-08-12,-155813,130660,365611,97743,253556,159313,28653
2008-08-19,-130154,112366,372968,118611,248765,144104,31738
2008-08-26,-121919,105279,380766,127926,249845,147240,41961
2008-09-02,-108031,93191,382329,136887,244918,139251,46060
2008-09-09,-93984,82655,392592,150444,244428,133946,51291
2008-09-16,-103022,90291,393814,135086,238108,147720,57429
2008-09-23,-141276,121016,368254,102529,243805,156812,35796
2008-09-30,-140838,117786,336598,92860,233698,141026,23240
2008-10-07,-131307,111613,329480,90270,221577,137672,26059
2008-10-14,-125743,106825,323496,90552,216295,131093,24268
2008-10-21,-108793,99202,319472,98664,207457,125951,26749
2008-10-28,-85076,78315,313709,108336,193412,117638,39323
2008-11-04,-76406,68195,303908,102401,178807,118166,49971
2008-11-11,-69496,63959,293831,98118,167614,116351,52392
2008-11-18,-71116,64829,289700,95697,166813,111063,46234
2008-11-25,-93235,81872,276567,88357,181592,115014,33142
2008-12-02,-94288,84369,264796,83482,177770,111592,27223
2008-12-09,-94872,83155,261001,83274,178146,111284,28129
2008-12-16,-123111,108249,282915,78482,201593,132674,24425
2008-12-22,-132797,119788,291022,79850,212647,141246,21458
2008-12-30,-142773,125961,300448,78765,221538,146292,20331
2009-01-06,-149482,133604,320391,85948,235430,152569,18965
2009-01-13,-141563,127618,318185,90615,232178,146167,18549
2009-01-20,-138931,123937,331507,99813,238744,146910,22973
2009-01-27,-158376,141114,354191,102080,260456,165652,24538
2009-02-03,-177589,155306,346288,95920,273509,181020,25714
2009-02-10,-188712,163622,350858,94052,282764,188898,25276
2009-02-17,-196360,165921,361619,90051,286411,195966,30045
2009-02-24,-190936,161865,372697,97256,288192,199830,37965
2009-03-03,-188401,159293,365271,99652,288053,189580,30287
2009-03-10,-172851,144788,371321,107448,280299,178160,33372
2009-03-17,-175684,150395,376237,118398,294082,175190,24795
2009-03-24,-181289,151927,387177,128889,310178,178635,26708
2009-03-31,-181926,154859,368618,108489,290415,182986,28127
2009-04-07,-153223,127812,344929,100993,254216,165377,37565
2009-04-14,-153509,129895,336930,92383,245892,165866,35971
2009-04-21,-149608,128367,339226,93836,243444,164328,35961
2009-04-28,-153419,129100,343037,92061,245480,166821,37721
2009-05-05,-160445,129991,341461,81437,241882,171493,41502
2009-05-12,-171180,138877,359517,84161,255341,184509,45632
2009-05-19,-183065,149584,367931,85018,268083,185932,36348
2009-05-26,-208136,177308,396965,82709,290845,209733,32425
2009-06-02,-226521,187340,391057,80715,307236,215968,28628
2009-06-09,-225047,189674,387181,78765,303812,215785,26111
2009-06-16,-207368,175543,371997,80885,288253,202687,27144
2009-06-23,-194430,166294,370347,84584,279014,195654,29360
2009-06-30,-197818,164186,379199,88241,286059,194005,29819
2009-07-07,-191307,164144,372985,93002,284309,190386,26242
2009-07-14,-182287,158804,370509,94110,276397,185704,26900
2009-07-21,-204226,173302,390939,90227,294453,201269,27967
2009-07-28,-202521,172771,386340,91473,293994,199452,26681
2009-08-04,-228193,193514,392834,82256,310449,217009,23495
2009-08-11,-222905,190086,385002,79855,302760,211989,21903
2009-08-18,-204545,177530,373810,81498,286043,203467,25937
2009-08-25,-211342,182982,379629,82177,293519,205472,22490
2009-09-01,-216708,184501,384703,82154,298862,206799,22298
2009-09-08,-270797,224676,451713,84842,355639,251708,27032
2009-09-15,-284661,235647,467892,81382,366043,263329,27682
2009-09-22,-287610,236749,467145,80338,367948,265925,29176
2009-09-29,-275234,231386,454585,84923,360157,252994,21608
2009-10-06,-281864,239668,484307,81578,363442,269879,30211
2009-10-13,-295926,253955,504187,86071,381997,288214,34259
2009-10-20,-297493,250107,509678,86225,383718,286864,36757
2009-10-27,-283479,241777,497479,89306,372785,272946,31169
2009-11-03,-283852,241319,493991,91788,375640,279524,38205
2009-11-09,-282784,238060,530505,98290,381074,280398,42338
2009-11-17,-281546,235697,533119,99935,381481,284390,48693
2009-11-24,-306104,262331,521253,100243,406347,294780,32449
2009-12-01,-308231,259064,521433,96699,404930,297316,38252
2009-12-08,-299186,254429,505652,87110,386296,290956,36527
2009-12-15,-303791,256108,504368,87400,391191,288482,32374
2009-12-22,-285665,238076,499233,92637,378302,273487,35411
2009-12-29,-278942,230490,491712,94841,373783,263631,33141
2010-01-05,-278551,227767,507643,98195,376746,263008,35241
2010-01-12,-282488,229342,523266,100451,382939,271260,41918
2010-01-19,-273647,221469,528924,109197,382844,261276,39807
2010-01-26,-248618,211924,507565,111492,360110,246223,34299
2010-02-02,-244579,210169,480860,103361,347940,246048,35879
2010-02-09,-213427,181519,466905,110759,324186,222775,41256
2010-02-16,-219878,188858,466509,105334,325212,224715,35857
2010-02-23,-238044,200622,466572,97536,335580,233106,32484
2010-03-02,-251537,207372,482786,101700,353237,239765,32393
2010-03-09,-251787,208194,493909,112952,364739,240868,32674
2010-03-16,-242295,200346,496481,109825,352120,239065,38719
2010-03-23,-223823,183872,495143,124504,348327,221472,37600
2010-03-30,-207691,173766,466678,135472,343163,209874,36108
2010-04-06,-244906,203446,497388,126670,371576,242302,38856
2010-04-13,-263484,220742,528856,135469,398953,262599,41857
2010-04-20,-257396,210651,521338,139961,397357,251244,40593
2010-04-27,-265522,225668,538591,145584,411106,263472,37804
2010-05-04,-271586,230547,551616,151675,423261,271511,40964
2010-05-11,-282644,235825,583504,168306,450950,282375,46550
2010-05-18,-279744,231670,579758,170172,449916,281985,50315
2010-05-25,-268379,227691,591360,167088,435467,271184,43493
2010-06-01,-267623,224546,553950,172487,440110,266569,42023
2010-06-08,-273577,227398,564792,175948,449525,270729,43331
2010-06-15,-278944,230251,569204,178313,457257,273657,43406
2010-06-22,-288916,238634,602411,186762,475678,283920,45286
2010-06-29,-289956,244725,601138,192020,481976,279992,35267
2010-07-06,-249142,209042,577732,203285,452427,251273,42231
2010-07-13,-248348,204921,568078,198305,446653,243867,38946
2010-07-20,-215664,178307,559473,208787,424451,227963,49656
2010-07-27,-227555,188901,560066,193521,421076,228251,39350
2010-08-03,-222029,185515,518643,179968,401997,222704,37189
2010-08-10,-230980,190687,523078,174249,405229,224485,33798
2010-08-17,-249570,204228,543674,172331,421901,240954,36726
2010-08-24,-264300,221191,556464,172529,436829,256244,35053
2010-08-31,-284561,238077,577352,171275,455836,272509,34432
2010-09-07,-287680,239697,585564,171591,459271,275367,35670
2010-09-14,-292939,244261,594058,171449,464388,286237,41976
2010-09-21,-292308,244013,597592,173670,465978,286568,42555
2010-09-28,-302740,257649,619408,182276,485016,297272,39623
2010-10-05,-299498,259620,617204,179071,478569,300571,40951
2010-10-12,-300022,255874,616382,177524,477546,304564,48690
2010-10-19,-293082,249752,630626,177820,470902,299275,49523
2010-10-26,-282435,239086,607582,174257,456692,283153,44067
2010-11-02,-276612,230228,618381,184286,460898,282707,52479
2010-11-09,-290953,246179,650764,181532,472485,298005,51826
2010-11-16,-264908,218479,637435,189737,454645,267157,48678
2010-11-23,-263893,221329,622712,191319,455212,261969,40640
2010-11-30,-270469,227607,600158,183793,454262,265824,38217
2010-12-07,-278673,232751,603632,181151,459824,269504,36753
2010-12-14,-268135,220195,594652,184736,452871,259917,39722
2010-12-21,-251808,206424,582133,194090,445898,251722,45298
2010-12-28,-259770,215788,594490,190440,450210,258145,42357
2011-01-04,-254582,202318,592613,193319,447901,250305,47987
2011-01-11,-225064,177372,588179,201336,426400,234333,56961
2011-01-18,-206471,164993,587832,201589,408060,237404,72411
2011-01-25,-197483,160589,506047,181815,379298,232725,72136
2011-02-01,-193197,151194,462907,159816,353013,212265,61071
2011-02-08,-209911,167093,469779,154774,364685,226799,59706
2011-02-15,-218626,172844,473345,153168,371794,230943,58099
2011-02-22,-231806,180424,502119,157951,389757,246967,66543
2011-03-01,-250596,197253,515784,155830,406426,257754,60501
2011-03-08,-247464,190940,515214,152903,400367,253434,62494
2011-03-15,-220154,174571,507760,168330,388484,240661,66090
2011-03-22,-224799,174837,509131,162616,387415,231512,56675
2011-03-29,-240769,193121,492087,158429,399198,242343,49222
2011-04-05,-258665,204706,508956,157327,415992,259792,55086
2011-04-12,-253688,201745,514871,157498,411186,261335,59590
2011-04-19,-266548,214926,537946,157793,424341,274208,59282
2011-04-26,-248994,201266,530132,167035,416029,260607,59341
2011-05-03,-240102,192656,522323,161934,402036,259440,66784
2011-05-10,-221581,176339,510151,178418,399999,240975,64636
2011-05-17,-206949,164603,509164,189113,396062,227421,62818
2011-05-24,-217237,172394,531180,185259,402496,240461,68067
2011-05-31,-240508,191774,501400,170783,411291,247185,55411
2011-06-07,-247684,198708,502251,168869,416553,251837,53129
2011-06-14,-237429,191695,497780,171824,409253,247713,56018
2011-06-21,-251247,203227,515016,167811,419058,262254,59027
2011-06-28,-208755,165902,495761,177824,386579,225982,60080
2011-07-05,-202002,157775,489782,177118,379120,219889,62114
2011-07-12,-244249,197597,520202,167806,412055,262515,64918
2011-07-19,-263814,219297,542342,162395,426209,277492,58195
2011-07-26,-282973,235617,536454,158260,441233,278473,42856
2011-08-02,-287634,247175,529403,155014,442648,291974,44799
2011-08-09,-249206,203573,510223,163472,412678,259388,55815
2011-08-16,-248847,200086,514107,160562,409409,263954,63868
2011-08-23,-230436,187681,528520,175150,405586,258641,70960
2011-08-30,-217355,176947,509326,176476,393831,237230,60283
2011-09-06,-227714,184371,523294,174101,401815,248457,64086
2011-09-13,-210468,168847,512068,183452,393920,235395,66548
2011-09-20,-197628,150529,499356,187257,384885,212809,62280
2011-09-27,-166683,127801,465414,192457,359140,181723,53922
2011-10-04,-164751,133156,436920,180289,345040,180635,47479
2011-10-11,-168478,134502,438090,179749,348227,179125,44623
2011-10-18,-159153,126978,437739,182341,341494,175224,48246
2011-10-25,-168114,129721,443723,175677,343791,182146,52425
2011-11-01,-182400,139945,442435,170316,352716,183149,43204
2011-11-08,-196935,155707,464982,170248,367183,200186,44479
2011-11-15,-204163,159214,470490,170594,374757,205417,46203
2011-11-22,-192413,160970,457070,170098,362511,194066,33096
2011-11-29,-193545,154793,423176,151929,345474,186031,31238
2011-12-06,-201500,159711,422956,142443,343943,192752,33041
2011-12-13,-186217,150503,427699,152357,338574,184468,33965
2011-12-20,-164554,133936,423465,159783,324337,172973,39037
2011-12-27,-163932,130788,418945,162522,326454,167413,36625
2012-01-03,-161843,130971,423275,164117,325960,169339,38368
2012-01-10,-166574,132760,417923,160949,327523,166262,33502
2012-01-17,-172976,136029,432838,172691,345667,167373,31344
2012-01-24,-179768,142223,427032,164048,343816,173479,31256
2012-01-31,-209862,171359,425133,147555,357417,197478,26119
2012-02-07,-221072,177507,436061,143085,364157,207620,30113
2012-02-14,-209408,167420,431164,146818,356226,200332,32912
2012-02-21,-229302,180961,456676,146004,375306,214343,33382
2012-02-28,-245351,193220,479044,145061,390412,231050,37830
2012-03-06,-200208,163265,443249,152969,353177,198112,34847
2012-03-13,-191688,150906,442319,151435,343123,190477,39571
2012-03-20,-166138,131463,431039,166859,332997,175009,43546
2012-03-27,-185076,147821,417304,152335,337411,182369,34548
2012-04-03,-177464,141765,407761,155751,333215,175592,33827
2012-04-10,-171049,136653,403989,148103,319152,170996,34343
2012-04-17,-176091,142005,398526,145730,321821,168700,26695
2012-04-24,-167237,134994,395389,148994,316231,165003,30009
2012-05-01,-178003,140393,411972,153584,331587,169568,29175
2012-05-08,-151455,123303,417798,161037,312492,166130,42827
2012-05-15,-138917,114142,422091,170616,309533,164051,49909
2012-05-22,-135598,115151,435706,172750,308348,169551,54400
2012-05-29,-130709,110712,419991,170208,300917,167439,56727
2012-06-05,-156122,128864,423941,154597,310719,183962,55098
2012-06-12,-158790,132315,412244,147076,305866,181259,48944
2012-06-19,-163691,136404,418492,150812,314503,184393,47989
2012-06-26,-144160,122619,413618,155729,299889,174589,51970
2012-07-03,-166637,137215,425068,154926,321563,187263,50048
2012-07-10,-152766,126235,429854,163399,316165,182156,55921
2012-07-17,-158819,128959,431317,162570,321389,180474,51515
2012-07-24,-136245,112977,420296,166448,302693,166085,53108
2012-07-31,-156012,126064,403403,155355,311367,171331,45267
2012-08-07,-146418,115500,388254,149011,295429,163082,47582
2012-08-14,-143940,114304,388187,147418,291358,161435,47131
2012-08-21,-171222,130684,398747,137903,309125,170780,40096
2012-08-28,-203624,158491,426559,139050,342674,194680,36189
2012-09-04,-219386,170464,444489,139746,359132,204945,34481
2012-09-11,-237091,182016,460531,143148,380239,214403,32387
2012-09-18,-249633,191115,478609,148802,398435,224988,33873
2012-09-25,-262355,203896,489516,144506,406861,233994,30098
2012-10-02,-269270,208326,480908,136250,405520,239434,31108
2012-10-09,-266988,211949,484359,131714,398702,247401,35452
2012-10-16,-247383,194020,462826,129500,376883,232988,38968
2012-10-23,-232665,182043,455836,132859,365524,222095,40052
2012-10-30,-222764,170222,454742,144346,367110,207532,37310
2012-11-06,-207742,160173,447154,144788,352530,196504,36331
2012-11-13,-224795,171594,459761,144488,369283,207847,36253
2012-11-20,-236064,180815,474129,145098,381162,217433,36618
2012-11-27,-258712,200407,479373,141117,399829,228431,28024
2012-12-04,-217596,165736,434416,135887,353483,202177,36441
2012-12-11,-214880,163699,433586,135772,350652,201955,38256
2012-12-18,-202134,157781,435742,137780,339914,202641,44860
2012-12-24,-187664,150096,426300,139479,327143,200436,50340
2012-12-31,-188659,148519,427991,143210,331869,198660,50141
2013-01-08,-178472,142808,441304,152103,330575,193869,51061
2013-01-15,-185113,145116,447773,156010,341123,192955,47839
2013-01-22,-195950,151897,461369,153048,348998,195795,43898
2013-01-29,-167097,126948,430718,159776,326873,181103,54155
2013-02-05,-174607,137465,423982,145291,319898,192806,55341
2013-02-12,-160653,126835,435088,154573,315226,193941,67106
2013-02-19,-132082,103651,447290,158900,290982,195870,92219
2013-02-26,-137620,116599,433858,151145,288765,201956,85357
2013-03-05,-133798,107587,434586,150453,284251,195248,87661
2013-03-12,-142121,114507,445651,149550,291671,201617,87110
2013-03-19,-162364,135610,440712,136677,299041,208895,73285
2013-03-26,-158473,132446,419727,139588,298061,200389,67943
2013-04-02,-142522,120206,417176,137205,279727,202634,82428
2013-04-09,-143802,119359,416513,135855,279657,203812,84453
2013-04-16,-141929,128882,413083,144522,286451,204677,75795
2013-04-23,-104388,104255,415074,156131,260519,197188,92933
2013-04-30,-95563,97052,421087,170211,265774,193310,96258
2013-05-07,-87719,89423,437931,186671,274390,189343,99920
2013-05-14,-84146,83726,443806,190502,274648,186921,103195
2013-05-21,-84122,80259,446087,192147,276269,189401,109142
2013-05-28,-59221,56879,411001,171995,231216,172565,115686
2013-06-04,-61652,61200,373061,147497,209149,170971,109771
2013-06-11,-58322,59005,373844,146470,204792,174015,115010
2013-06-18,-44115,43692,377106,155303,199418,166771,123079
2013-06-25,-35208,34152,390647,164958,200166,164901,130749
2013-07-02,-22776,20751,410399,186385,209161,158712,137961
2013-07-09,-19041,16557,431574,202617,221658,160214,143657
2013-07-16,-24607,23462,440283,222746,247353,156571,133109
2013-07-23,-34696,34191,434750,210233,244929,161197,127006
2013-07-30,-25774,28366,397035,188832,214606,154519,126153
2013-08-06,-54159,51635,396062,187636,241795,153812,102177
2013-08-13,-60874,53926,390547,184321,245195,148524,94598
2013-08-20,-67665,60396,385410,176610,244275,151348,90952
2013-08-27,-87638,78289,384102,175698,263336,150074,71785
2013-09-03,-92461,78191,388584,177861,270322,151951,73760
2013-09-10,-80224,68724,384164,184972,265196,141506,72782
2013-09-17,-65337,58796,384592,188729,254066,138956,80160
2013-09-24,-71527,67139,378216,183688,255215,140468,73329
2013-10-01,-78128,73047,374151,179659,257787,141541,68494
2013-10-08,-90416,82317,370406,176330,266746,140207,57890
2013-10-15,-64824,61933,381727,188890,253714,139663,77730
2013-10-22,-82148,76665,390369,183393,265541,147835,71170
2013-10-29,-106787,100236,387166,174866,281653,153409,53173
2013-11-05,-93900,91136,386796,178714,272614,149031,57895
2013-11-12,-65785,61352,403840,190317,256102,144062,82710
2013-11-19,-51515,48120,397590,190106,241621,140853,92733
2013-11-26,-28236,26555,394432,196011,224247,133414,106859
2013-12-03,-22299,22691,386436,190092,212391,134546,111855
2013-12-10,-28962,26380,377313,183319,212281,133866,107486
2013-12-17,-27099,25904,385432,191045,218144,133068,107164
2013-12-24,-26518,27339,384974,188511,215029,135390,108051
2013-12-31,-33021,32223,379550,182101,215122,137182,104959
2014-01-07,-41884,38887,383021,179334,221218,139244,100357
2014-01-14,-45255,44013,415426,199650,244905,145857,101844
2014-01-21,-46091,46583,410959,200101,246192,146018,99435
2014-01-28,-64979,66341,382739,176630,241609,150158,83817
2014-02-04,-65782,64939,368279,165354,231136,147754,82815
2014-02-11,-72654,71201,376973,162156,234810,156786,85585
2014-02-18,-91751,84631,390535,159449,251200,164478,79847
2014-02-25,-116663,109464,387503,155969,272632,169870,60406
2014-03-04,-121149,115166,393266,157838,278987,171404,56238
2014-03-11,-125367,118890,415340,163920,289287,170482,51592
2014-03-18,-145934,136814,420626,164293,310227,183324,46510
2014-03-25,-127621,117317,398264,159979,287600,169083,51766
2014-04-01,-114029,100145,363451,143575,257604,158152,58007
2014-04-08,-101743,88599,365400,151954,253697,149693,61094
2014-04-15,-87605,79292,369577,157917,245522,147432,68140
2014-04-22,-90526,81833,372593,162799,253325,146880,65047
2014-04-29,-97171,85227,378092,162815,259986,147769,62542
2014-05-06,-110471,97956,404700,167794,278265,160982,63026
2014-05-13,-102321,91634,397029,164941,267262,157176,65542
2014-05-20,-106010,96491,399371,164289,270299,157398,60907
2014-05-27,-78638,73391,397695,162078,240716,155615,82224
2014-06-03,-63444,59151,382141,159545,222989,157332,98181
2014-06-10,-63150,61127,378689,156553,219703,159567,98440
2014-06-17,-78325,78295,379843,157023,235348,162052,83757
2014-06-24,-131607,120859,392388,142864,274471,183433,62574
2014-07-01,-160455,146025,401813,135444,295899,201287,55262
2014-07-08,-166003,150021,410992,135998,302001,203464,53443
2014-07-15,-156906,142458,408368,138542,295448,199950,57492
2014-07-22,-160191,146146,405617,134809,295000,197835,51689
2014-07-29,-148932,139153,374467,126297,275229,188980,49827
2014-08-05,-131642,121463,360342,123492,255134,176386,54923
2014-08-12,-160687,147681,368114,113862,274549,191325,43644
2014-08-19,-147662,137976,366401,122377,270039,183846,45870
2014-08-26,-123548,113169,363608,127433,250981,172022,58853
2014-09-02,-103707,96879,371515,134701,238408,172522,75643
2014-09-09,-97955,95141,384341,141921,239876,177555,82414
2014-09-16,-76243,72187,386080,145480,221723,170749,98562
2014-09-23,-64319,63884,385788,148615,212934,170382,106498
2014-09-30,-60729,64870,379874,145396,206125,171075,106205
2014-10-07,-63407,66447,380087,143466,206873,174075,107628
2014-10-14,-78823,85415,397855,140637,219460,193580,108165
2014-10-21,-104898,107984,411057,139429,244327,207129,99145
2014-10-28,-98864,100739,414410,146345,245209,195885,95146
2014-11-04,-55307,63225,417377,161667,216974,176899,113674
2014-11-11,-50024,56043,443422,184326,234350,177268,121225
2014-11-18,-70997,81422,459657,193668,264665,187955,106533
2014-11-25,-68485,76207,388145,156334,224819,167394,91187
2014-12-02,-89408,89330,368121,135777,225185,170635,81305
2014-12-09,-116601,114862,375323,125091,241692,186861,71999
2014-12-16,-115091,118408,371743,132868,247959,182147,63739
2014-12-23,-105225,110910,375212,134796,240021,180980,70070
2014-12-30,-113134,115837,373982,125818,238952,182897,67060
2015-01-06,-122672,122178,394021,130427,253099,187705,65527
2015-01-13,-137676,130226,402108,129436,267112,192959,62733
2015-01-20,-177810,162455,430128,120946,298756,223257,60802
2015-01-27,-206160,188925,438279,117326,323486,238407,49482
2015-02-03,-203273,185015,419524,117174,320447,229006,43991
2015-02-10,-170591,155274,393232,120702,291293,199036,43762
2015-02-17,-143635,131734,389530,125433,269068,188121,56387
2015-02-24,-135694,126171,399307,133432,269126,184416,58245
2015-03-03,-123387,115820,405124,140080,263467,180561,64741
2015-03-10,-89342,81892,410918,154578,243920,171821,89929
2015-03-17,-56490,53093,429738,180464,236954,162268,109175
2015-03-24,-52925,54281,433767,178058,230983,168234,113953
2015-03-31,-81115,80019,387585,144197,225312,172818,92799
2015-04-07,-108289,100757,390571,133199,241488,183130,82373
2015-04-14,-103593,98397,395089,130960,234553,184741,86344
2015-04-21,-105006,101245,397379,126107,231113,184567,83322
2015-04-28,-106872,101257,403575,125733,232605,189929,88672
2015-05-05,-74162,72440,399988,138096,212258,173105,100665
2015-05-12,-77502,77440,405612,144829,222331,179257,101817
2015-05-19,-132334,122621,428597,140751,273085,202190,79569
2015-05-26,-109720,104694,411961,144540,254260,191951,87257
2015-06-02,-108150,104410,398724,138423,246573,194299,89889
2015-06-09,-78589,75090,406069,150277,228866,186813,111723
2015-06-16,-76637,75723,415718,153712,230349,191053,115330
2015-06-23,-100888,95114,430978,150444,251332,202944,107830
2015-06-30,-74769,67155,442301,163797,238566,194476,127321
2015-07-07,-52589,50448,452145,172552,225141,193776,143328
2015-07-14,-48469,47824,462664,183945,232414,191014,143190
2015-07-21,-21584,28279,459760,189676,211260,187720,159441
2015-07-28,-15266,24465,438282,176720,191986,182977,158512
2015-08-04,-14820,29900,434273,170826,185646,184792,154892
2015-08-11,-24458,32442,435489,166020,190478,187778,155336
2015-08-18,-29948,41659,432728,166062,196010,185712,144053
2015-08-25,-62636,70733,432154,156659,219295,189893,119160
2015-09-01,-69088,72685,410274,146865,215953,182753,110068
2015-09-08,-55979,59293,421732,155620,211599,183615,124322
2015-09-15,-32979,39547,413333,154988,187967,174225,134678
2015-09-22,-57228,61125,419304,149092,206320,182080,120955
2015-09-29,-73143,76645,415700,149535,222678,182792,106147
2015-10-06,-88469,86819,430228,148424,236893,191000,104181
2015-10-13,-118494,117159,435928,144242,262736,203299,86140
2015-10-20,-163300,151301,467792,134966,298266,233227,81926
2015-10-27,-165848,157434,466780,138770,304618,225985,68551
2015-11-03,-124988,116342,443900,146369,271357,194784,78442
2015-11-10,-71894,68389,436426,155946,227840,174561,106172
2015-11-17,-28473,34399,435376,170494,198967,173395,138996
2015-11-24,-11983,16302,397705,155709,167692,159440,143138
2015-12-01,-2911,9750,390940,155554,158465,158792,149042
2015-12-08,-13997,19623,394128,149617,163614,162764,143141
2015-12-15,-8266,13656,390944,151012,159278,155934,142278
2015-12-22,-22251,26427,405294,151272,173523,154276,127849
2015-12-29,-15335,19102,401880,147179,162514,150229,131127
2016-01-05,-19275,26560,413688,147674,166949,153532,126972
2016-01-12,-43585,44718,397565,142221,185806,158655,113937
2016-01-19,-40143,43694,408835,140723,180866,158320,114626
2016-01-26,-59833,59040,385350,115343,175176,170471,111431
2016-02-02,-77355,72822,379185,116469,193824,176968,104146
2016-02-09,-104923,98428,410833,121357,226280,201754,103326
2016-02-16,-131984,117360,428912,127800,259784,209101,91741
2016-02-23,-163149,144978,445290,120854,284003,227381,82403
2016-03-01,-171431,152413,450555,115571,287002,223186,70773
2016-03-08,-195372,174810,499110,116493,311865,252895,78085
2016-03-15,-185531,169512,493086,118610,304141,247659,78147
2016-03-22,-199994,178831,510579,127081,327075,258646,79815
2016-03-29,-207964,189806,480461,123227,331191,262082,72276
2016-04-05,-207245,190400,474094,118103,325348,263781,73381
2016-04-12,-231787,213807,504523,122181,353968,286341,72534
2016-04-19,-240121,216837,503331,117743,357864,291143,74306
2016-04-26,-240108,220857,497884,116445,356553,288173,67316
2016-05-03,-294901,271648,565774,116644,411545,338476,66828
2016-05-10,-284996,264898,579777,123211,408207,337251,72353
2016-05-17,-290243,266288,595077,122477,412720,340748,74460
2016-05-24,-225213,206632,542958,146205,371418,291266,84634
2016-05-31,-214038,197135,494321,133624,347662,274589,77454
2016-06-07,-243692,228619,496330,112940,356632,295688,67069
2016-06-14,-298077,279862,545357,113281,411358,347557,67695
2016-06-21,-312137,292729,571517,119782,431919,358825,66096
2016-06-28,-326321,301920,613792,127169,453490,373128,71208
2016-07-05,-340207,315963,652971,123735,463942,389590,73627
2016-07-12,-325452,297463,633020,123258,448710,378081,80618
2016-07-19,-315477,285911,617069,119433,434910,366871,80960
2016-07-26,-309023,278955,576325,117420,426443,347426,68471
2016-08-02,-324027,294183,582211,113911,437938,365801,71618
2016-08-09,-312941,286447,575399,116251,429192,356471,70024
2016-08-16,-310993,283851,572496,116128,427121,351535,67684
2016-08-23,-317475,294609,572973,108571,426046,359785,65176
2016-08-30,-301213,276341,558398,109854,411067,340586,64245
2016-09-06,-329973,307860,590656,110470,440443,370375,62515
2016-09-13,-311371,285413,575002,116841,428212,351776,66363
2016-09-20,-290615,256179,558791,120314,410929,326326,70147
2016-09-27,-314594,291904,583161,123156,437750,358972,67068
2016-10-04,-271242,245508,544824,111864,383106,324136,78628
2016-10-11,-221199,195219,500328,112362,333561,283386,88167
2016-10-18,-202671,179618,497061,115441,318112,274345,94727
2016-10-25,-217599,196980,507617,114700,332299,285376,88396
2016-11-01,-239251,215131,521506,115398,354649,288308,73177
2016-11-08,-245586,217238,528203,114915,360501,289860,72622
2016-11-15,-199966,177660,479237,115191,315157,245750,68090
2016-11-22,-192172,167085,461062,97975,290147,241646,74561
2016-11-29,-167823,151570,405661,92628,260451,229731,78161
2016-12-06,-154944,136380,393524,86237,241181,227675,91295
2016-12-13,-149886,129311,397034,86143,236029,229755,100444
2016-12-20,-134022,114834,398661,87960,221982,219067,104233
2016-12-27,-120967,98343,401513,89975,210942,206538,108195
2017-01-03,-117612,96550,424673,97410,215022,208855,112305
2017-01-10,-125816,109482,444001,96763,222579,214000,104518
2017-01-17,-123111,107041,467937,101399,224510,218144,111103
2017-01-24,-126374,109407,482374,109000,235374,209854,100447
2017-01-31,-131803,119155,398433,101784,233587,212414,93259
2017-02-07,-134146,117149,415543,106024,240170,216408,99259
2017-02-14,-127788,109752,415128,105674,233462,212259,102507
2017-02-21,-139564,123763,427168,103861,243425,219673,95910
2017-02-28,-179907,163798,446081,100180,280087,247494,83696
2017-03-07,-152648,133685,434401,99484,252132,229969,96284
2017-03-14,-123287,106038,426170,102535,225822,210315,104277
2017-03-21,-128997,116252,446880,101282,230279,219719,103467
2017-03-28,-152114,137820,449418,104760,256874,227839,90019
2017-04-04,-171016,155436,427808,96115,267131,239061,83625
2017-04-11,-187364,172666,456131,98119,285483,253004,80338
2017-04-18,-211064,195768,472263,97769,308833,279311,83543
2017-04-25,-214580,200677,475985,100335,314915,287468,86791
2017-05-02,-203986,189634,461905,99054,303040,276032,86398
2017-05-09,-164422,150006,433033,104960,269382,236115,86109
2017-05-16,-142859,126724,435021,113719,256578,221532,94808
2017-05-23,-174291,159767,462572,112114,286405,241752,81985
2017-05-30,-183219,167090,434246,103751,286970,250542,83452
2017-06-06,-216354,204465,494041,108298,324652,312240,107775
2017-06-13,-203611,190274,471134,105193,308804,297178,106904
2017-06-20,-165016,150675,445841,110287,275303,252620,101945
2017-06-27,-149863,131672,453144,117497,267360,236586,104914
2017-07-03,-107226,93799,457201,131190,238416,221681,127882
2017-07-11,-73916,60260,475669,147818,221734,217637,157377
2017-07-18,-73635,60138,484204,153064,226699,217232,157094
2017-07-25,-103343,90831,463827,148926,252269,220299,129468
2017-08-01,-143385,129672,448709,126891,270276,239766,110094
2017-08-08,-159511,148837,448727,125168,284679,246377,97540
2017-08-15,-196631,187734,477921,122138,318769,277730,89996
2017-08-22,-219918,208438,500443,125036,344954,295711,87273
2017-08-29,-248029,231047,538875,119030,367059,318883,87836
2017-09-05,-261807,245298,566817,125145,386952,336073,90775
2017-09-12,-272098,254760,580606,123298,395396,351492,96732
2017-09-19,-253041,236089,570096,129222,382263,330646,94557
2017-09-26,-233471,212594,549637,134501,367972,303255,90661
2017-10-03,-224423,203855,525127,126749,351172,287296,83441
2017-10-10,-222997,200112,520005,124178,347175,279227,79115
2017-10-17,-221624,200724,528800,126678,348302,284617,83893
2017-10-24,-210653,191385,526674,125468,336121,275521,84136
2017-10-31,-210648,193095,531918,128371,339019,268710,75615
2017-11-07,-215287,195790,536843,123149,338436,272571,76781
2017-11-14,-215791,195084,533054,122703,338494,271496,76412
2017-11-21,-225056,201827,531612,124856,349912,272934,71107
2017-11-28,-246541,224417,503810,116831,363372,287384,62967
2017-12-05,-189890,173329,472795,132509,322399,251234,77905
2017-12-12,-119463,107068,446618,155730,275193,201912,94844
2017-12-19,-128217,113795,453595,156226,284443,197473,83678
2017-12-26,-149469,135948,456470,155469,304938,202590,66642
2018-01-02,-177600,163268,500731,155104,332704,241428,78160
2018-01-09,-220271,203288,555455,150099,370370,289161,85873
2018-01-16,-232507,211711,582333,158202,390709,301863,90152
2018-01-23,-234552,214684,582421,161458,396010,305812,91128
2018-01-30,-225076,207262,559332,154690,379766,298327,91065
2018-02-06,-205451,190877,535321,158650,364101,273828,82951
2018-02-13,-194536,175606,511745,150847,345383,251860,76254
2018-02-20,-214878,190922,528154,154913,369791,257205,66283
2018-02-27,-199796,178718,532860,161527,361323,251981,73263
2018-03-06,-204903,183823,508100,153421,358324,245587,61764
2018-03-13,-188810,167948,526762,161604,350414,234431,66483
2018-03-20,-167270,148731,545499,173307,340577,223882,75151
2018-03-27,-226360,203354,529690,157443,383803,259032,55678
2018-04-03,-188865,166589,493141,162608,351473,234677,68088
2018-04-10,-175652,155372,499588,166796,342448,234457,79085
2018-04-17,-185262,163069,510229,173535,358797,237288,74219
2018-04-24,-161800,136646,506410,175715,337515,225804,89158
2018-05-01,-131872,106779,507756,179735,311607,209577,102798
2018-05-08,-134984,107440,491398,181586,316570,198548,91108
2018-05-15,-118089,92443,519958,195925,314014,201468,109025
2018-05-22,-115575,90957,502942,203101,318676,189677,98720
2018-05-29,-136689,115130,469382,171361,308050,193652,78522
2018-06-05,-134347,111416,450641,164024,298371,185321,73905
2018-06-12,-140587,120240,448695,159416,300003,192752,72512
2018-06-19,-114124,96512,468345,161475,275599,202915,106403
2018-06-26,-94963,76672,468573,171601,266564,195118,118446
2018-07-03,-93150,78327,494164,172917,266067,210483,132156
2018-07-10,-100394,81434,503593,165561,265955,214310,132876
2018-07-17,-73635,57841,528278,181266,254901,218427,160586
2018-07-24,-65668,48597,496620,162640,228308,220620,172023
2018-07-31,-47918,35337,452655,145254,193172,209255,173918
2018-08-07,-25609,12688,459474,154203,179812,208292,195604
2018-08-14,-7350,-3688,476739,164195,171545,211779,215467
2018-08-21,-1685,-8710,483730,166529,168214,213500,222210
2018-08-28,-8262,-3063,479283,165581,173843,207370,210433
2018-09-04,6525,-13497,473118,168732,162207,199762,213259
2018-09-11,13,-7590,469450,169192,169179,198367,205957
2018-09-18,1691,-10844,469436,171293,169602,197797,208641
2018-09-25,7080,-17648,460279,167904,160824,192940,210588
2018-10-02,8875,-21822,459776,169371,160496,192490,214312
2018-10-09,25866,-38175,465253,174309,148443,179746,217921
2018-10-16,-31996,17667,474418,166143,198139,189200,171533
2018-10-23,-46520,29388,477832,163414,209934,192578,163190
2018-10-30,-31205,13194,474941,165857,197062,168754,155560
2018-11-06,-38136,19026,494911,173897,212033,169141,150115
2018-11-13,-1823,-9247,539520,201354,203177,168416,177663
2018-11-20,-23140,8896,525940,201259,224399,165506,156610
2018-11-27,-16100,1871,442801,172358,188458,156779,154908
2018-12-04,-58249,49001,399919,135067,193316,173019,124018
2018-12-11,-77368,60499,402250,134285,211653,169600,109101
2018-12-18,-92675,75960,412485,132148,224823,182168,106208
2018-12-24,-128219,110985,442727,130090,258309,208622,97637
2018-12-31,-144614,123772,451360,130285,274899,210141,86369
2019-01-08,-121187,99216,455232,137605,258792,199560,100344
2019-01-15,-108113,87913,501605,179059,287172,201796,113883
2019-01-22,-92077,74504,513509,197278,289355,186510,112006
2019-01-29,-118609,99593,483390,163922,282531,212318,112725
2019-02-05,-131242,109095,479736,157588,288830,218200,109105
2019-02-12,-126111,104874,476083,159676,285787,214170,109296
2019-02-19,-166477,145647,504639,146161,312638,254086,108439
2019-02-26,-159845,135696,501268,146042,305887,236835,101139
2019-03-05,-113997,88018,471311,155732,269729,202628,114610
2019-03-12,-108474,78819,530030,192029,300503,205250,126431
2019-03-19,-115659,88396,514163,186704,302363,204325,115929
2019-03-26,-151434,119938,509575,161201,312635,214897,94959
2019-04-02,-118230,94556,440170,139514,257744,193784,99228
2019-04-09,-132809,105364,447539,132478,265287,199507,94143
2019-04-16,-78430,56273,440581,145702,224132,183213,126940
2019-04-23,-57396,37395,440048,154403,211799,176691,139296
2019-04-30,-88312,66219,430011,147288,235600,177275,111056
2019-05-07,-96359,75411,450039,142078,238437,185801,110390
2019-05-14,-137183,124536,517995,159444,296627,226361,101825
2019-05-21,-107938,88805,508643,167827,275765,203628,114823
2019-05-28,-109954,86688,505126,191290,301244,194463,107775
2019-06-04,-172576,156115,481495,132517,305093,240477,84362
2019-06-11,-202027,184238,496663,137719,339746,250114,65876
2019-06-18,-223855,204323,525636,141993,365848,274633,70310
2019-06-25,-260150,236554,577605,160228,420378,298108,61554
2019-07-02,-286822,258946,605949,160282,447104,312702,53756
2019-07-09,-278416,244763,598977,163955,442371,306105,61342
2019-07-16,-277408,245501,601900,175785,453193,309535,64034
2019-07-23,-287839,251250,616859,175785,463624,311881,60631
2019-07-30,-287967,254388,563298,141164,429131,312214,57826
2019-08-06,-324325,292545,600317,137010,461335,350558,58013
2019-08-13,-323727,290090,593962,136823,460550,346223,56133
2019-08-20,-336250,299993,594807,133408,469658,352294,52301
2019-08-27,-333806,296838,636183,148866,482672,362609,65771
2019-09-03,-337741,300547,634358,147717,485458,365385,64838
2019-09-10,-305611,269725,614753,156061,461672,334114,64389
2019-09-17,-318399,282599,630990,163008,481407,341511,58912
2019-09-24,-345145,312444,658944,163585,508730,370393,57949
2019-10-01,-303688,268993,604885,163050,466738,322800,53807
2019-10-08,-310942,275563,616957,167755,478697,334383,58820
2019-10-15,-288275,253027,607387,167700,455975,319370,66343
2019-10-22,-295357,259132,625528,171329,466686,322917,63785
2019-10-29,-301216,276515,643442,176997,478213,335423,58908
2019-11-05,-317138,279828,690181,181688,498826,344591,64763
2019-11-12,-301468,267066,708463,210067,511535,323189,56123
2019-11-19,-319095,285859,719211,206626,525721,337296,51437
2019-11-26,-305467,271634,669268,191548,497015,325286,53652
2019-12-03,-322787,290705,701016,203920,526707,346525,55820
2019-12-10,-302283,270920,690003,203374,505657,329169,58249
2019-12-17,-318619,286275,716987,202432,521051,344493,58218
2019-12-24,-340396,305652,748737,203204,543600,364310,58658
2019-12-31,-366491,327925,786166,202925,569416,381620,53695
2020-01-07,-356081,322291,785857,202452,558533,383480,61189
2020-01-14,-349819,319235,796883,221358,571177,376809,57574
2020-01-21,-351903,317695,793829,212445,564348,374793,57098
2020-01-28,-360814,330092,715539,192300,553114,376401,46309
2020-02-04,-331687,299806,654572,176786,508473,355909,56103
2020-02-11,-337791,307974,658024,181629,519420,356535,48561
2020-02-18,-385612,353649,715317,175519,561131,408349,54700
2020-02-25,-375621,335865,732917,176619,552240,389339,53474
2020-03-03,-351011,319733,691985,178134,529145,366173,46440
2020-03-10,-328304,299531,633470,182948,511252,336290,36759
2020-03-17,-301709,281916,573925,154761,456470,317405,35489
2020-03-24,-311823,288366,547334,135711,447534,317928,29562
2020-03-31,-283959,258849,495652,128083,412042,287529,28680
2020-04-07,-275611,248942,480050,118885,394496,279880,30938
2020-04-14,-280408,252501,489965,116839,397247,286617,34116
2020-04-21,-280073,249571,493158,116808,396881,282263,32692
2020-04-28,-293629,262729,500816,114902,408531,287382,24653
2020-05-05,-281636,250004,490343,120045,401681,275571,25567
2020-05-12,-278533,242828,496739,126023,404556,277771,34943
2020-05-19,-290174,251788,528205,133715,423889,295394,43606
2020-05-26,-274322,237914,519374,131977,406299,288148,50234
2020-06-02,-256623,219034,475745,108654,365277,272196,53162
2020-06-09,-243457,208613,475661,110115,353572,263972,55359
2020-06-16,-258020,224348,489563,110922,368942,277395,53047
2020-06-23,-287292,251957,532101,114410,401702,308459,56502
2020-06-30,-301463,266670,561628,116697,418160,328942,62272
2020-07-07,-302592,267358,572776,118424,421016,337030,69672
2020-07-14,-302018,262428,580175,125909,427927,330205,67777
2020-07-21,-303859,266436,603138,129690,433549,334237,67801
2020-07-28,-278377,236801,598629,139803,418180,312588,75787
2020-08-04,-276345,238746,561837,119109,395454,321847,83101
2020-08-11,-268331,224053,553345,123125,391456,306867,82814
2020-08-18,-267771,223518,544010,123511,391282,302369,78851
2020-08-25,-266445,221038,549282,128266,394711,301559,80521
2020-09-01,-277406,230796,547704,121254,398660,306118,75322
2020-09-08,-281040,236473,557457,122050,403090,313173,76700
2020-09-15,-285186,240977,578925,126290,411476,324512,83535
2020-09-22,-266408,219060,575877,137900,404308,309015,89955
2020-09-29,-286178,243659,562396,133657,419835,316106,72447
2020-10-06,-288468,248587,555555,124401,412869,320922,72335
2020-10-13,-284655,240671,553197,116429,401084,326986,86315
2020-10-20,-294124,249604,562993,116918,411042,340206,90602
2020-10-27,-296462,248634,560900,114210,410672,326063,77429
2020-11-03,-289338,242909,544774,108679,398017,321798,78889
2020-11-10,-283423,239736,547449,111142,394565,318516,78780
2020-11-17,-294572,251270,557533,106681,401253,329698,78428
2020-11-24,-284829,243902,555253,108625,393454,320324,76422
2020-12-01,-293263,260314,538042,110108,403371,324344,64030
2020-12-08,-300723,269220,549520,104016,404739,338271,69051
2020-12-15,-306342,271584,550366,101736,408078,340610,69026
2020-12-21,-315099,278196,560769,99303,414402,349870,71674
2020-12-29,-307254,268872,556414,101283,408537,341812,72940
2021-01-05,-320923,279318,568888,97405,418328,349946,70628
2021-01-12,-290301,246227,555538,105980,396281,313217,66990
2021-01-19,-287467,246638,541330,99444,386911,307507,60869
2021-01-26,-298948,257546,534574,94890,393838,313532,55986
2021-02-02,-297957,257126,520011,90132,388089,314352,57226
2021-02-09,-292195,251407,506741,87800,379995,309326,57919
2021-02-16,-275078,234969,503016,91152,366230,303583,68614
2021-02-23,-251729,215733,481125,92086,343815,284081,68348
2021-03-02,-222203,189638,467008,94844,317047,265533,75895
2021-03-09,-207880,175163,473871,104656,312536,254839,79676
2021-03-16,-209475,180196,476467,115396,324871,256237,76041
2021-03-23,-201803,174067,485457,116781,318584,262774,88707
2021-03-30,-193726,167528,467321,112072,305798,263453,95925
2021-04-06,-214799,189509,463353,98196,312995,275703,86194
2021-04-13,-208788,180874,460733,100227,309015,269513,88639
2021-04-20,-213193,181498,471738,100905,314098,275985,94487
2021-04-27,-207177,170619,473305,103732,310909,270717,100098
2021-05-04,-201923,170741,470341,103961,305884,270194,99453
2021-05-11,-227084,192255,498693,111751,338835,282161,89906
2021-05-18,-232901,198889,520410,121839,354740,290267,91378
2021-05-25,-250869,214642,510164,111024,361893,288266,73624
2021-06-01,-248175,213701,489198,102986,351161,288826,75125
2021-06-08,-244806,209387,491858,103496,348302,288781,79394
2021-06-15,-231226,192036,480127,106323,337549,273947,81911
2021-06-22,-202382,166214,453940,105830,308212,253153,86939
2021-06-29,-195120,162226,453360,107398,302518,254206,91980
2021-07-06,-214726,182821,465811,107675,322401,270545,87724
2021-07-13,-221028,190836,495798,112439,333467,275543,84707
2021-07-20,-228548,195972,490520,123541,352089,277312,81340
2021-07-27,-228814,199388,500187,116498,345312,273688,74300
2021-08-03,-231284,196335,485663,121349,352633,273143,76808
2021-08-10,-195641,168406,477232,124720,320361,277260,108854
2021-08-17,-214000,191542,485485,123301,337301,284437,92895
2021-08-24,-234678,210653,504735,123101,357779,299084,88431
2021-08-31,-240512,216550,507113,119896,360408,311004,94454
2021-09-07,-235808,206039,506772,119906,355714,306017,99978
2021-09-14,-234251,207760,506356,119152,353403,306988,99228
2021-09-21,-212644,187647,492765,119307,331951,296670,109023
2021-09-28,-190151,168399,490858,124073,314224,293814,125415
2021-10-05,-203702,182582,483789,114229,317931,295939,113357
2021-10-12,-207614,185539,484382,110697,318311,298503,112964
2021-10-19,-219190,193349,485974,107128,326318,299882,106533
2021-10-26,-239654,214560,509794,103423,343077,313646,99086
2021-11-02,-239877,215129,507616,100692,340569,311091,95962
2021-11-09,-275489,250181,571025,105197,380686,341111,90930
2021-11-16,-287539,259780,612612,125758,413297,360529,100749
2021-11-23,-267834,234411,559823,121027,388861,326409,91998
2021-11-30,-258603,225860,531868,119562,378165,310253,84393
2021-12-07,-245623,217185,499307,103942,349565,300518,83333
2021-12-14,-231411,202401,503709,107421,338832,298142,95741
2021-12-21,-236029,205811,500846,104997,341026,296628,90817
2021-12-28,-245664,213156,508912,103172,348836,303879,90723
2022-01-04,-237458,211355,502717,104258,341716,296583,85228
2022-01-11,-225073,199737,546516,116292,341365,290102,90365
2022-01-18,-221068,194207,539204,132764,353832,290528,96321
2022-01-25,-249746,220151,572078,130208,379954,313415,93264
2022-02-01,-201342,172142,515331,127633,328975,275994,103852
2022-02-08,-211434,186706,512842,126328,337762,279559,92853
2022-02-15,-238875,213613,558645,126837,365712,313269,99656
2022-02-22,-269722,243148,611488,129682,399404,350096,106948
2022-03-01,-285809,257622,615600,127231,413040,354177,96555
2022-03-08,-306946,274388,638502,139397,446343,364618,90230
2022-03-15,-297441,261788,617605,151045,448486,346731,84943
2022-03-22,-281595,248032,605191,155039,436634,328660,80628
2022-03-29,-285937,257596,574521,133050,418987,327632,70036
2022-04-05,-278758,245541,560666,124506,403264,324570,79029
2022-04-12,-288093,254287,577639,125627,413720,338164,83877
2022-04-19,-275525,239757,575202,129157,404682,330745,90988
2022-04-26,-249294,218024,557785,127546,376840,310511,92487
2022-05-03,-231852,199168,560441,130795,362647,293439,94271
2022-05-10,-227756,193315,571447,132251,360007,288947,95632
2022-05-17,-206879,175360,555756,137687,344566,283011,107651
2022-05-24,-211947,183813,530098,130364,342311,282202,98389
2022-05-31,-200056,172589,513722,135360,335416,269459,96870
2022-06-07,-199886,175268,494130,116965,316851,270356,95088
2022-06-14,-178569,154598,497456,121926,300495,266596,111998
2022-06-21,-186929,163287,500276,120045,306974,268119,104832
2022-06-28,-182007,157693,497005,117038,299045,268712,111019
2022-07-05,-165585,145660,498210,118289,283874,267806,122146
2022-07-12,-137788,118121,542493,131170,268958,251126,133005
2022-07-19,-112262,94955,524786,152103,264365,241004,146049
2022-07-26,-108422,92690,487515,142007,250429,241661,148971
2022-08-02,-135565,124326,459649,127700,263265,242128,117802
2022-08-09,-154554,142851,453540,121980,276534,242906,100055
2022-08-16,-153709,141164,453960,122566,276275,238196,97032
2022-08-23,-138072,125847,457762,126193,264265,237427,111580
2022-08-30,-129679,117734,459165,126535,256214,235314,117580
2022-09-06,-114064,103857,465908,129683,243747,231527,127670
2022-09-13,-110938,97344,463674,126950,237888,225932,128588
2022-09-20,-75428,65722,469395,141862,217290,214557,148835
2022-09-27,-62138,52081,457061,139361,201499,207154,155073
2022-10-04,-96548,88385,437065,116451,212999,215964,127579
2022-10-11,-103728,94420,431395,112867,216595,212561,118141
2022-10-18,-90030,76956,434701,115073,205103,210890,133934
2022-10-25,-80213,68032,456072,123085,203298,212853,144821
2022-11-01,-74782,64623,467276,125689,200471,216341,151718
2022-11-08,-91144,82338,488471,126187,217331,223135,140797
2022-11-15,-134308,126269,495171,135035,269343,227282,101013
2022-11-22,-130064,116113,449542,133754,263818,214284,98171
2022-11-29,-119233,110003,433661,134184,253417,209161,99158
2022-12-06,-130079,115125,422100,117578,247657,211472,96347
2022-12-13,-138529,125649,437040,119908,258437,224409,98760
2022-12-20,-142514,128848,436653,116465,258979,226136,97288
2022-12-27,-153776,136880,440040,116744,270520,229525,92645
2023-01-03,-159974,141666,449393,113520,273494,230801,89135
2023-01-10,-172478,150535,481519,111718,284196,243566,93031
2023-01-17,-175913,153240,491818,122814,298727,246874,93634
2023-01-24,-180554,157673,499927,127419,307973,253311,95638
2023-01-31,-180520,160281,471642,120147,300667,256417,96136
2023-02-07,-152966,128815,439755,118802,271768,223298,94483
2023-02-14,-129072,105529,426116,120812,249884,210374,104845
2023-02-21,-129355,107101,422648,119040,248395,210185,103084
2023-02-28,-127487,108593,426890,123391,250878,208419,99826
2023-03-07,-118920,98474,458474,125394,244314,215574,117100
2023-03-14,-155440,140331,459064,122457,277897,230823,90492
2023-03-21,-183568,158605,469874,121678,305246,237891,79286
2023-03-28,-201508,181630,478611,131786,333294,245135,63505
2023-04-04,-218250,195216,476592,116869,335119,266164,70948
2023-04-11,-216548,192745,476567,119710,336258,260165,67420
2023-04-18,-216425,189893,482254,123496,339921,260061,70168
2023-04-25,-211928,185264,473209,124518,336446,253186,67922
2023-05-02,-217584,195567,493804,127451,345035,262413,66846
2023-05-09,-222515,195814,518951,130985,353500,266472,70658
2023-05-16,-211557,179814,521832,138322,349879,255250,75436
2023-05-23,-187023,160732,479080,142984,330007,236149,75417
2023-05-30,-190005,169316,449515,133329,323334,237306,67990
2023-06-06,-198187,175641,436301,116363,314550,237467,61826
2023-06-13,-186062,160209,432898,120461,306523,227317,67108
2023-06-20,-186537,162975,438037,121419,307956,229308,66333
2023-06-27,-175335,151910,431861,119054,294389,220881,68971
2023-07-03,-184717,163097,448063,114905,299622,235081,71984
2023-07-11,-187749,165754,483170,114790,302539,240546,74792
2023-07-18,-213715,193348,482104,115498,329213,263740,70392
2023-07-25,-198210,173639,476176,125491,323701,248229,74590
2023-08-01,-186845,164924,439383,117610,304455,238985,74061
2023-08-08,-167554,142985,427759,113890,281444,228846,85861
2023-08-15,-141930,121136,433611,116062,257992,233078,111942
2023-08-22,-121036,101946,430239,117646,238682,226340,124394
2023-08-29,-140594,123272,442806,118132,258726,236054,112782
2023-09-05,-158239,138006,438672,111456,269695,235802,97796
2023-09-12,-144810,123864,441221,113062,257872,235704,111840
2023-09-19,-152932,135163,438078,110014,262946,237716,102553
2023-09-26,-134836,115815,435620,110844,245680,235560,119745
2023-10-03,-111982,91226,431226,110666,222648,228406,137180
2023-10-10,-90428,71433,436499,121341,211769,220332,148899
2023-10-17,-127999,112738,439581,110062,238061,231412,118674
2023-10-24,-165873,149385,463476,106180,272053,251469,102084
2023-10-31,-182707,163425,475808,105971,288678,261053,97628
2023-11-07,-186091,166216,484347,110651,296742,261653,95437
2023-11-14,-177019,155376,486634,110728,287747,254352,98976
2023-11-21,-190235,171705,508429,115937,306172,269701,97996
2023-11-28,-218592,200084,505658,115596,334188,289845,89761
2023-12-05,-226945,203544,487469,103193,330138,288840,85296
2023-12-12,-212808,188233,469939,105710,318518,273536,85303
2023-12-19,-227058,201339,481203,105559,332617,280972,79633
2023-12-26,-232345,207718,491343,105951,338296,289843,82125
2024-01-02,-235478,207649,500364,108804,344282,290706,83057
2024-01-09,-217701,188614,489849,106489,324190,271665,83051
2024-01-16,-207420,179893,489334,109287,316707,262360,82467
2024-01-23,-192093,169474,465872,113094,305187,241100,71626
2024-01-30,-170518,147791,430328,117525,288043,219222,71431
2024-02-06,-180241,161738,419121,104344,284585,228623,66885
2024-02-13,-152980,131168,420812,109529,262509,217505,86337
2024-02-20,-159411,140262,407063,106419,265830,211034,70772
2024-02-27,-158352,141636,411195,108432,266784,214948,73312
2024-03-05,-206792,191293,471616,104023,310815,264148,72855
2024-03-12,-218273,201602,516057,129432,347705,283062,81460
2024-03-19,-217530,201602,535047,138102,355632,278732,77130
2024-03-26,-218340,199294,503642,141774,360114,265647,66353
2024-04-02,-225714,207250,500045,127114,352828,281399,74149
2024-04-09,-224582,202419,505214,128094,352676,279799,77380
2024-04-16,-222758,201923,517193,132684,355442,278777,76854
2024-04-23,-226872,202891,516249,129083,355955,279535,76644
2024-04-30,-227498,204210,519791,126925,354423,278850,74640
2024-05-07,-227266,199567,529835,124899,352165,272144,72577
2024-05-14,-232110,204496,522952,133583,365693,277642,73146
2024-05-21,-258663,229806,530591,118514,377177,300729,70923
2024-05-28,-260950,236585,485430,109181,370131,286737,50152
2024-06-04,-265931,237302,447488,83418,349349,284566,47264
2024-06-11,-260511,233926,436857,82174,342685,276769,42843
2024-06-18,-267730,243084,444345,83440,351170,287147,44063
2024-06-25,-271488,246229,452190,86551,358039,284885,38656
2024-07-02,-264799,241543,454730,86905,351704,280117,38574
2024-07-09,-280629,254775,516324,92907,373536,303043,48268
2024-07-16,-309304,285024,579862,110041,419345,349827,64803
2024-07-23,-300925,273074,572306,102237,403162,341600,68526
2024-07-30,-272857,246601,510914,99015,371872,313364,66763
2024-08-06,-269034,238749,480645,88442,357476,298119,59370
2024-08-13,-292502,267264,505872,88313,380815,328769,61505
2024-08-20,-316506,291253,532867,86232,402738,355551,64298
2024-08-27,-322319,294445,521759,85102,407421,343330,48885
2024-09-03,-311887,287558,511136,80416,392303,339157,51599
2024-09-10,-306899,282501,511501,78232,385131,340006,57505
2024-09-17,-335127,310066,537627,74647,409774,369734,59668
2024-09-24,-339706,315390,564640,76713,416419,387572,72182
2024-10-01,-327524,299931,533107,67099,394623,370051,70120
2024-10-08,-303976,278180,520316,68957,372933,348891,70711
2024-10-15,-312658,286434,541232,70028,382686,357494,71060
2024-10-22,-324701,296204,573760,66245,390946,371813,75609
2024-10-29,-303671,278653,579468,68935,372606,366636,87983
2024-11-05,-283059,255329,558034,73287,356346,336816,81487
2024-11-12,-265582,236451,535981,75347,340929,316225,79774
2024-11-19,-262322,234367,502952,73459,335781,309354,74987
2024-11-26,-272520,250338,472660,72377,344897,303401,53063
2024-12-03,-286275,259736,462040,63251,349526,307611,47875
2024-12-10,-296871,275586,483346,66025,362896,324332,48746
2024-12-17,-285233,262041,466571,61012,346245,302978,40937
2024-12-24,-273336,247629,454646,58136,331472,289416,41787
2024-12-31,-271296,247279,458584,60399,331695,282907,35628
2025-01-07,-278646,254911,477043,62674,341320,291721,36810
2025-01-14,-302452,279363,526467,92075,394527,312568,33205
2025-01-21,-326608,300784,571387,95116,421724,337289,36505
2025-01-28,-323722,299409,577505,110034,433756,338371,38962
2025-02-04,-328175,302508,542004,74378,402553,356500,53992
2025-02-11,-309888,284504,528719,72622,382510,343766,59262
2025-02-18,-296071,268674,522330,72393,368464,334043,65369
2025-02-25,-288100,261625,512179,71796,359896,316948,55323
2025-03-04,-271115,243261,489270,65713,336828,303132,59871
2025-03-11,-265188,236100,511276,84545,349733,296172,60072
2025-03-18,-285168,257932,533566,91549,376717,321654,63722
2025-03-25,-278598,249796,511482,86838,365436,316572,66776
2025-04-01,-265061,238434,498746,68875,333936,327936,89502
2025-04-08,-232183,200715,445468,69214,301397,269833,69118
2025-04-15,-231912,202210,456628,70568,302480,271707,69497
2025-04-22,-202268,175378,465351,91128,293396,258896,83518
2025-04-29,-190761,163318,451868,92787,283548,240377,77059
2025-05-06,-192103,162497,452414,87244,279347,237445,74948
2025-05-13,-191207,161209,440842,88412,279619,238191,76982
2025-05-20,-197648,163981,448000,90256,287904,238062,74081
2025-05-27,-207587,174184,437538,87509,295096,234087,59903
2025-06-03,-220826,187905,415941,70905,291731,246982,59077
2025-06-10,-222718,187481,417143,68432,291150,245995,58514
2025-06-17,-237727,200648,441214,71684,309411,260586,59938
2025-06-24,-230560,195004,434958,73323,303883,256077,61073
2025-07-01,-236069,201980,437662,68820,304889,258631,56651
2025-07-08,-238354,202968,443144,71875,310229,261685,58717
2025-07-15,-250688,213115,448531,75989,326677,270227,57112
2025-07-22,-282337,253038,489423,76726,359063,311949,58911
2025-07-29,-259079,223596,445259,79093,338172,281241,57645
2025-08-05,-270146,237050,449647,74075,344221,292194,55144
2025-08-12,-263065,229485,446152,63427,326492,288115,58630
2025-08-19,-249965,212590,438541,66670,316635,275277,62687
2025-08-26,-250965,214311,443760,72908,323873,275767,61456
2025-09-02,-273898,249530,492908,73919,347817,315796,66266
2025-09-09,-273375,261740,509625,73850,347225,324875,63135
2025-09-16,-302371,266410,516221,77867,380238,326778,60368
2025-09-23,-298403,266749,528789,82971,381374,332808,66059
2025-09-30,-288236,252908,493748,68872,357108,318804,65896
2025-10-07,-263772,231956,485559,77599,341371,300798,68842
2025-10-14,-236867,203916,485788,92027,328894,278405,74489
2025-10-21,-210117,176609,472421,107847,317964,253851,77242
2025-10-28,-237027,204664,457122,89653,326680,266308,61644
2025-11-04,-236542,202307,450399,88355,324897,256572,54265
2025-11-10,-244823,207069,459997,87076,331899,265916,58847
2025-11-18,-245585,210339,471953,97001,342586,269556,59217
2025-11-25,-241403,204588,432946,82657,324060,253266,48678
2025-12-02,-255348,217560,418490,60147,315495,261331,43771
2025-12-09,-262579,223886,432569,63707,326286,268485,44599
2025-12-16,-274358,233978,471093,74655,349013,280920,46942
2025-12-23,-283526,240700,492103,75835,359361,290161,49461
2025-12-30,-275246,231173,481866,82254,357500,275592,44419
2026-01-06,-272035,227632,488116,80218,352253,274435,46803
2026-01-13,-297106,251238,527455,83382,380488,296183,44945
2026-01-20,-289689,244770,528004,85869,375558,295772,51002
2026-01-27,-248285,205396,488463,96200,344485,252100,46704
2026-02-03,-207778,165604,409694,87964,295742,214508,48904
2026-02-10,-197738,160012,404391,88738,286476,212808,52796
2026-02-17,-196782,159915,407078,88237,285019,213432,53517
2026-02-24,-200806,159177,420182,86198,287004,211649,52472
2026-03-03,-200583,160145,409789,84834,285417,213752,53607
2026-03-10,-202976,163132,413956,85280,288256,215445,52313
2026-03-17,-198648,159869,411388,86184,284832,215961,56092
2026-03-24,-203828,168327,403925,76997,280825,220861,52534
2026-03-31,-201640,163202,361409,58697,260337,207602,44400
2026-04-07,-193751,156305,354877,57729,251480,205368,49063
2026-04-14,-201082,162526,362274,55757,256839,210009,47483
2026-04-21,-202940,164006,365842,56261,259201,212893,48887
2026-04-28,-194813,159571,369530,60553,255366,211818,52247
2026-05-05,-198935,163303,367932,58230,257165,211814,48511
2026-05-12,-210258,171622,376496,57725,267983,219793,48171
2026-05-19,-191629,159833,379325,69520,261149,211018,51185
2026-05-26,-185766,154260,353489,74641,260407,200704,46444
2026-06-02,-206345,176020,326052,53851,260196,206096,30076
