date,comm_net,noncomm_net,open_interest,comm_positions_long_all,comm_positions_short_all,noncomm_positions_long_all,noncomm_positions_short_all
1986-01-15,-13099,6953,23231,5234,18333,7668,715
1986-01-31,-23062,13178,31732,2761,25823,14509,1331
1986-02-14,-15179,10317,34452,7023,22202,12512,2195
1986-02-28,-15758,10081,33792,9005,24763,11829,1748
1986-03-14,-25427,14621,47322,12908,38335,18786,4165
1986-03-31,-21531,14669,31305,2650,24181,16358,1689
1986-04-15,-14159,6493,28691,5260,19419,10584,4091
1986-04-30,-25894,17991,38348,3021,28915,20589,2598
1986-05-15,-20267,11251,41423,3951,24218,21080,9829
1986-05-30,-16014,14331,38363,6977,22991,18757,4426
1986-06-13,-17314,9714,44257,21763,39077,11445,1731
1986-06-30,-29950,19552,37443,1342,31292,19761,209
1986-07-15,-39297,25150,55806,8391,47688,25150,0
1986-07-31,-28170,17016,47528,10232,38402,18089,1073
1986-08-15,-9294,7516,42796,15238,24532,12356,4840
1986-08-29,7472,-7391,49571,29260,21788,4774,12165
1986-09-15,13460,-8580,46360,32194,18734,3054,11634
1986-09-30,-12409,6137,30463,8279,20688,7607,1470
1986-10-15,-8546,3011,32044,12210,20756,5164,2153
1986-10-31,14566,-9650,43062,28966,14400,2164,11814
1986-11-14,7236,-6376,40547,24945,17709,2621,8997
1986-11-28,5468,-5903,41052,24090,18622,3366,9269
1986-12-15,12295,-5133,37066,25684,13389,2914,8047
1986-12-31,-7997,3792,23172,6393,14390,5398,1606
1987-01-15,-18542,9264,33067,7143,25685,10555,1291
1987-01-30,-8240,5464,32164,11537,19777,6749,1285
1987-02-13,-10674,6970,30292,8902,19576,9220,2250
1987-02-27,-11915,7544,31988,8991,20906,9321,1777
1987-03-13,-13349,7508,37276,13648,26997,9687,2179
1987-03-31,-24925,15925,43282,7055,31980,18352,2427
1987-04-15,-23025,16273,46438,9677,32702,18351,2078
1987-04-30,-17645,14076,47410,11800,29445,17264,3188
1987-05-15,-13790,10245,44609,14053,27843,12553,2308
1987-05-29,-27,10211,51681,25786,25813,15948,5737
1987-06-15,-2283,6542,40871,18556,20839,8319,1777
1987-06-30,9541,-1234,27969,17129,7588,4612,5846
1987-07-15,5033,-410,35984,13112,8079,6671,7081
1987-07-31,175,2525,38334,13389,13214,8740,6215
1987-08-14,3840,-1868,37320,15426,11586,6665,8533
1987-08-31,-24310,19778,52905,10411,34721,21447,1669
1987-09-15,-1452,2129,40933,19487,20939,8963,6834
1987-09-30,1119,988,37058,18090,16971,5653,4665
1987-10-15,-21923,11807,49237,14501,36424,12992,1185
1987-10-30,-18221,7590,46297,16855,35076,8745,1155
1987-11-13,-13918,6465,52752,24414,38332,8134,1669
1987-11-30,-18215,8903,60299,26687,44902,10972,2069
1987-12-15,-3576,6951,36598,18202,21778,10625,3674
1987-12-31,-15067,6895,42656,9768,24835,11861,4966
1988-01-15,-1606,2330,48605,21534,23140,10284,7954
1988-01-29,-2984,3234,54303,24025,27009,13171,9937
1988-02-12,-1656,4572,53494,28939,30595,7925,3353
1988-02-29,-11359,3311,61820,26861,38220,10397,7086
1988-03-15,-28866,3706,42519,16670,45536,14343,10637
1988-03-31,-28283,14140,53572,10604,38887,17284,3144
1988-04-15,-20032,9896,45478,7738,27770,12841,2945
1988-04-29,-10678,5654,43499,12002,22680,10253,4599
1988-05-13,-13743,4956,51139,15578,29321,10180,5224
1988-05-31,238,-656,49763,21626,21388,8211,8867
1988-06-15,12049,-4490,35732,21503,9454,7397,11887
1988-06-30,8129,-457,42550,19867,11738,10558,11015
1988-07-15,3418,5572,52812,24870,21452,15488,9916
1988-07-29,3016,-1795,49262,23648,20632,8645,10440
1988-08-15,2361,-1073,47371,22164,19803,8873,9946
1988-08-31,24052,-14103,63746,37284,13232,6506,20609
1988-09-15,13489,-7879,57941,38118,24629,4444,12323
1988-09-30,10634,-5782,31690,16545,5911,3808,9590
1988-10-14,-7932,5191,48413,15690,23622,13057,7866
1988-10-31,-9299,6748,48882,16843,26142,12505,5757
1988-11-15,-14857,11532,51272,16197,31054,15632,4100
1988-11-30,-12754,9227,55538,16371,29125,13825,4598
1988-12-15,5314,-792,54094,32477,27163,6000,6792
1988-12-30,12527,-6752,32647,17487,4960,4205,10957
1989-01-13,14742,-6716,38313,22251,7509,3730,10446
1989-01-31,12540,-5254,52064,24368,11828,10704,15958
1989-02-15,-6178,-185,47922,17853,24031,8131,8316
1989-02-28,-4530,-3128,50738,18438,22968,8531,11659
1989-03-15,27185,-18573,49798,29367,2182,7389,25962
1989-03-31,23095,-16706,51867,28226,5131,7714,24420
1989-04-14,12591,-12080,49884,23232,10641,6114,18194
1989-04-28,14548,-11018,52005,27510,12962,5491,16509
1989-05-15,25953,-16140,68747,45360,19407,8017,24157
1989-05-31,16814,-6488,75508,49678,32864,10428,16916
1989-06-15,10497,-860,98730,64000,53503,14367,15227
1989-06-30,11479,-5131,44031,22378,10899,4835,9966
1989-07-14,10627,-5304,45782,26380,15753,5464,10768
1989-07-31,-253,-4128,56683,21775,22028,8440,12568
1989-08-15,14334,-6571,56415,32377,18043,6766,13337
1989-08-31,31532,-16636,73355,50160,18628,5864,22500
1989-09-15,32240,-21004,89914,68979,36739,5839,26843
1989-09-29,575,-1447,52052,25654,25079,6336,7783
1989-10-13,7862,-5302,50655,29210,21348,4452,9754
1989-10-31,12663,-8362,55646,35263,22600,4737,13099
1989-11-15,12633,-4907,59673,35867,23234,7675,12582
1989-11-30,-6712,530,66167,28945,35657,12322,11792
1989-12-15,8864,-7873,59538,37553,28689,4557,12430
1989-12-29,-7109,1182,49960,21579,28688,7739,6557
1990-01-15,14126,-8167,58418,34998,20872,5547,13714
1990-01-31,-6610,-599,62631,29752,36362,8964,9563
1990-02-15,-4936,-4452,63179,30333,35269,8824,13276
1990-02-28,26781,-21185,80467,50009,23228,6925,28110
1990-03-15,25828,-20895,96299,64271,38443,8513,29408
1990-03-30,10533,-7222,68066,27950,17417,19563,26785
1990-04-12,7297,-4893,67872,29849,22552,16068,20961
1990-04-30,5046,-6687,74209,33591,28545,12573,19260
1990-05-15,-23301,7533,82431,28059,51360,20232,12699
1990-05-31,-21103,6426,75157,28080,49183,13166,6740
1990-06-15,-753,-1796,67044,30293,31046,9069,10865
1990-06-29,-7403,-2664,44853,11576,18979,9982,12646
1990-07-13,-36320,15044,70338,12593,48913,25701,10657
1990-07-31,-23362,5924,62136,17364,40726,16271,10347
1990-08-15,-12757,4189,62083,21383,34140,18485,14296
1990-08-31,-25931,11110,72590,21439,47370,24957,13847
1990-09-14,-23891,8210,90764,38921,62812,22973,14763
1990-09-28,-16557,5923,69109,22670,39227,23915,17992
1990-10-15,-35234,17139,75460,20986,56220,27491,10352
1990-10-31,-29325,15131,77323,27788,57113,23209,8078
1990-11-15,-9727,-520,80442,39651,49378,11050,11570
1990-11-30,-2256,-353,79466,46042,48298,8216,8569
1990-12-14,10938,-6402,79611,59135,48197,3607,10009
1990-12-31,20891,-13476,44250,30636,9745,2171,15647
1991-01-15,14265,-7403,39537,24954,10689,2081,9484
1991-01-31,-7585,1370,56674,27136,34721,8183,6813
1991-02-15,-13453,1733,63987,30546,43999,7019,5286
1991-02-28,4113,-5460,64094,38078,33965,4750,10210
1991-03-15,11244,-7558,63862,40270,29026,4481,12039
1991-03-28,16318,-9075,42975,24111,7793,5285,14360
1991-04-15,-3280,318,49401,15866,19146,8507,8189
1991-04-30,-6501,2027,50770,18473,24974,8808,6781
1991-05-15,-3697,2950,54314,21931,25628,10824,7874
1991-05-31,1652,-508,53855,26433,24781,7247,7755
1991-06-14,20117,-10077,68326,41927,21810,6353,16430
1991-06-28,-8054,2590,47731,14409,22463,11729,9139
1991-07-15,-28533,13792,61280,12292,40825,20700,6908
1991-07-31,-3327,-1975,49013,20490,23817,7109,9084
1991-08-15,-11084,4901,60071,22812,33896,14121,9220
1991-08-30,958,-3514,56107,30722,29764,6168,9682
1991-09-16,-24480,6574,79172,33562,58042,16586,10012
1991-09-30,-25727,9062,58214,11976,37703,18705,9643
1991-10-15,-40449,17875,81265,21478,61927,26191,8316
1991-10-31,-20234,6090,68782,25425,45659,16193,10103
1991-11-15,-29728,11163,76996,27578,57306,18701,7538
1991-11-29,-12934,3916,70753,34228,47162,11688,7772
1991-12-13,-10793,-269,72824,40730,51523,8422,8691
1991-12-31,-23682,6581,59874,17877,41559,15179,8598
1992-01-15,-10258,3489,58338,24153,34411,13314,9825
1992-01-31,-16623,6457,67215,25881,42504,16190,9733
1992-02-14,-5055,4349,66896,33544,38599,12586,8237
1992-02-28,8408,-5639,71720,40485,32077,8151,13790
1992-03-13,29938,-18781,86413,68178,38240,2609,21390
1992-03-31,24735,-13571,59747,36071,11336,8836,22407
1992-04-15,24124,-16093,61269,43636,19512,1527,17620
1992-04-30,19843,-14227,62950,43626,23783,2812,17039
1992-05-15,-2813,-4218,61061,31534,34347,6551,10769
1992-05-29,-15222,1621,67608,29229,44451,9608,7987
1992-06-15,-15993,3463,73130,34795,50788,11380,7917
1992-06-30,-10236,-259,54153,22404,32640,6855,7114
1992-07-15,-7482,-1159,57460,30609,38091,7624,8783
1992-07-31,14181,-11005,56217,41914,27733,3004,14009
1992-08-14,4163,-6265,55249,35493,31330,5171,11436
1992-08-31,-16024,1367,67081,29958,45982,9199,7832
1992-09-15,-6963,1623,61174,29947,36910,10443,8820
1992-09-30,-19575,6039,45920,12902,32477,13136,7097
1992-10-06,-20624,6900,47321,12248,32872,13525,6625
1992-10-13,-12135,3655,40308,12652,24787,10347,6692
1992-10-20,-10905,5811,45289,14743,25648,13501,7690
1992-10-27,-8947,4608,44509,15403,24350,12397,7789
1992-11-03,-4459,1625,43247,17488,21947,10338,8713
1992-11-10,5107,-1800,43343,23193,18086,8364,10164
1992-11-17,10947,-4807,48162,30318,19371,5636,10443
1992-11-24,5488,-4451,46784,26064,20576,6143,10594
1992-12-01,7606,-3976,49615,28448,20842,5850,9826
1992-12-08,8032,-5789,55213,33457,25425,4124,9913
1992-12-15,1884,-2827,51707,30929,29045,6059,8886
1992-12-22,-1285,41,40440,15255,16540,9567,9526
1992-12-29,19672,-9125,43890,29139,9467,4858,13983
1993-01-05,24786,-11350,47748,33857,9071,3961,15311
1993-01-12,27114,-12893,48995,35144,8030,3217,16110
1993-01-19,34312,-17700,53223,41752,7440,1793,19493
1993-01-26,5089,-6056,50267,28204,23115,5454,11510
1993-02-02,3235,-4169,49684,27456,24221,6286,10455
1993-02-09,-21101,8417,67592,22813,43914,18100,9683
1993-02-16,-33864,16697,77217,20226,54090,26041,9344
1993-02-23,-39737,20356,84352,21493,61230,29982,9626
1993-03-02,-40105,18963,86041,21895,62000,28817,9854
1993-03-09,-33751,17362,91735,31902,65653,25660,8298
1993-03-16,-30472,12526,102504,37249,67721,29646,17120
1993-03-23,-38775,17056,73225,10111,48886,30784,13728
1993-03-30,-27407,9928,68945,15902,43309,24455,14527
1993-04-06,-30572,13184,73140,15031,45603,27477,14293
1993-04-13,-39610,22368,78095,19084,58694,27466,5098
1993-04-20,-39367,22530,80388,20269,59636,27736,5206
1993-04-27,-32159,18877,77016,23964,56123,23965,5088
1993-05-04,-32467,19533,78734,25983,58450,24033,4500
1993-05-11,-25474,17386,76829,28649,54123,22168,4782
1993-05-18,-27740,21047,78349,27288,55028,25068,4021
1993-05-25,-41500,26486,89308,24139,65639,30260,3774
1993-06-01,-41705,25759,92225,25120,66825,29993,4234
1993-06-08,-40567,26461,98719,32372,72939,31016,4555
1993-06-15,-36571,29193,96625,32121,68692,34555,5362
1993-06-22,-16545,13911,64172,20885,37430,21297,7386
1993-06-29,-20958,16504,65907,18827,39785,24833,8329
1993-07-06,-14947,13785,67374,22681,37628,23960,10175
1993-07-13,-11846,12080,73422,27633,39479,22638,10558
1993-07-20,-10912,10736,71003,28169,39081,20776,10040
1993-07-27,-28842,20910,75198,17239,46081,29532,8622
1993-08-03,-37124,25585,78735,14468,51592,32867,7282
1993-08-10,-28976,20211,77346,18906,47882,29742,9531
1993-08-17,-35461,24637,85910,17051,52512,34519,9882
1993-08-24,-21369,17802,81682,27195,48564,28021,10219
1993-08-31,-18218,15127,82941,31893,50111,26086,10959
1993-09-07,-6576,5292,86428,44058,50634,17832,12540
1993-09-14,16106,-7820,84465,64836,48730,5352,13172
1993-09-21,26485,-13672,59291,43921,17436,2766,16438
1993-09-28,21263,-9553,59209,41171,19908,4227,13780
1993-10-05,27641,-12979,60642,47460,19819,2393,15372
1993-10-12,28477,-13249,65006,49591,21114,2254,15503
1993-10-19,59573,-33048,93772,80154,20581,2057,35105
1993-10-26,67782,-40094,102775,88894,21112,1431,41525
1993-11-02,57452,-32794,93601,76192,18740,1210,34004
1993-11-09,52802,-30580,93744,75565,22763,2231,32811
1993-11-16,18299,-10055,76575,51092,32793,5364,15419
1993-11-23,37487,-14803,82388,64072,26585,1934,16737
1993-11-30,44412,-22632,92775,70195,25783,2265,24897
1993-12-07,39803,-19772,90361,70534,30731,2318,22090
1993-12-14,48991,-25864,98111,83018,34027,2549,28413
1993-12-21,72883,-42727,101590,87637,14754,3598,46325
1993-12-28,70048,-43099,100336,85651,15603,3296,46395
1994-01-04,49639,-22270,103821,65201,15562,25528,47798
1994-01-11,46545,-20591,105981,67235,20690,23920,44511
1994-01-18,43876,-18610,106559,66672,22796,23459,42069
1994-01-25,56806,-32963,100271,80988,24182,3350,36313
1994-02-01,23183,-9519,84861,60077,36894,4406,13925
1994-02-08,15906,-6366,86434,56426,40520,8700,15066
1994-02-15,-6370,11167,103131,48953,55323,22648,11481
1994-02-22,-13601,13200,100123,48710,62311,21985,8785
1994-03-01,-11074,8528,98853,50122,61196,19382,10854
1994-03-08,-2787,3134,93851,54282,57069,13639,10505
1994-03-15,7290,-1969,94943,22940,15650,9697,11666
1994-03-22,16973,-8979,50508,32027,15054,3331,12310
1994-03-29,9444,-6055,53287,27737,18293,5503,11558
1994-04-05,1868,-407,57101,23941,22073,11131,11538
1994-04-12,5978,-3126,55960,24988,19010,9301,12427
1994-04-19,6764,-2468,56896,27259,20495,9098,11566
1994-04-26,6000,-311,58882,28583,22583,9221,9532
1994-05-03,-1113,1352,67119,27299,28412,13046,11694
1994-05-10,13421,-8747,62470,36284,22863,6079,14826
1994-05-17,25408,-10603,64182,44956,19548,4270,14873
1994-05-24,30953,-14274,70215,50154,19201,5144,19418
1994-05-31,33609,-14113,71275,52392,18783,3773,17886
1994-06-07,36185,-18003,84052,59938,23753,1491,19494
1994-06-14,28375,-9464,79926,54951,26576,4537,14001
1994-06-21,12451,-3330,63074,34658,22207,7421,10751
1994-06-28,8811,-3797,65551,34550,25739,8992,12789
1994-07-05,1262,2183,68419,32579,31317,10585,8402
1994-07-12,7614,716,73980,38911,31297,10866,10150
1994-07-19,10324,-4079,75196,39638,29314,9495,13574
1994-07-26,11342,-3506,75748,42173,30831,8968,12474
1994-08-02,18033,-8981,73413,45612,27579,5082,14063
1994-08-09,27054,-13317,73474,51266,24212,3217,16534
1994-08-16,28788,-11654,72160,51668,22880,4855,16509
1994-08-23,16665,-8683,74347,47069,30404,6366,15049
1994-08-30,21846,-11226,72090,48623,26777,4334,15560
1994-09-06,19712,-10599,72539,48776,29064,3573,14172
1994-09-13,20018,-10096,70026,50404,30386,2254,12350
1994-09-20,8702,-1452,72975,24299,15597,6598,8050
1994-09-27,6606,-2596,48160,24328,17722,4668,7264
1994-10-04,18403,-7539,52336,34538,16135,3116,10655
1994-10-11,35697,-13419,63724,49592,13895,3140,16559
1994-10-18,20900,-7555,63023,40117,19217,5572,13127
1994-10-25,10790,-3429,68467,36676,25886,8638,12067
1994-11-01,14017,-5109,70377,40127,26110,7954,13063
1994-11-08,20938,-10265,75024,48085,27147,7257,17522
1994-11-15,29570,-17414,80629,56339,26769,5431,22845
1994-11-22,35357,-23805,86959,61952,26595,4675,28480
1994-11-29,40273,-25277,88930,64188,23915,4998,30275
1994-12-06,58462,-35724,101704,78980,20518,3688,39412
1994-12-13,58131,-37538,104478,84594,26463,2874,40412
1994-12-20,52327,-30500,99621,62783,10456,1844,32344
1994-12-27,53893,-30649,75424,64400,10507,2533,33182
1995-01-03,56862,-33724,79062,67485,10623,594,34318
1995-01-10,64761,-40300,91881,79904,15143,768,41068
1995-01-17,44445,-24181,86134,69453,25008,2283,26464
1995-01-24,42463,-24894,83432,67301,24838,1942,26836
1995-01-31,41897,-26239,85272,67452,25555,2193,28432
1995-02-07,44875,-27510,84900,69421,24546,1644,29154
1995-02-14,38134,-23663,83792,65115,26981,1846,25509
1995-02-21,15076,-3808,90189,63226,48150,6117,9925
1995-02-28,12188,-870,94456,63596,51408,9875,10745
1995-03-07,5654,2196,110580,62288,56634,15308,13112
1995-03-14,-2453,5165,97055,24366,26819,14981,9816
1995-03-21,-5090,7276,59405,22865,27955,16598,9322
1995-03-28,-3187,4997,58807,24138,27325,14590,9593
1995-04-04,-4164,5627,61198,25002,29166,14081,8454
1995-04-11,-1507,4767,62991,29125,30632,10507,5740
1995-04-18,-1346,5150,65264,31293,32639,12296,7146
1995-04-25,-3391,4805,64032,32215,35606,9477,4672
1995-05-02,-1460,3673,63835,34595,36055,9454,5781
1995-05-09,1529,768,70164,40345,38816,9095,8327
1995-05-16,11110,-3939,68725,44535,33425,6324,10263
1995-05-23,16796,-7684,67121,46642,29846,5010,12694
1995-05-30,5536,-2379,69703,44159,38623,6705,9084
1995-06-06,8147,-3774,68074,46201,38054,6710,10484
1995-06-13,9374,-4820,70892,50014,40640,4766,9586
1995-06-20,12133,-5517,35188,21840,9707,3110,8627
1995-06-27,11561,-3876,35848,22310,10749,3705,7581
1995-07-03,19203,-9046,38981,28717,9514,2233,11279
1995-07-11,26352,-10926,47853,35616,9264,3774,14700
1995-07-18,28957,-12258,51837,38146,9189,3766,16024
1995-07-25,30139,-13666,53017,40528,10389,2487,16153
1995-08-01,29318,-12959,52390,39821,10503,2873,15832
1995-08-08,35351,-14584,60382,46487,11136,3927,18511
1995-08-15,34674,-16718,62361,45884,11210,2780,19498
1995-08-22,36590,-15549,66558,50916,14326,5224,20773
1995-08-29,34106,-14134,70417,52839,18733,5138,19272
1995-09-05,34916,-15342,69898,54029,19113,3981,19323
1995-09-12,37797,-18439,84762,65251,27454,3309,21748
1995-09-19,36906,-18410,66246,52437,15531,2826,21236
1995-09-26,34315,-20211,64851,51192,16877,1509,21720
1995-10-03,35315,-20961,66926,51748,16433,1531,22492
1995-10-10,34123,-20783,67060,51756,17633,1328,22111
1995-10-17,34565,-21164,65330,52446,17881,1694,22858
1995-10-24,33383,-20047,66502,52825,19442,1467,21514
1995-10-31,39527,-22212,71121,58987,19460,812,23024
1995-11-07,43394,-25063,76844,63172,19778,833,25896
1995-11-14,38541,-23049,71125,58449,19908,483,23532
1995-11-21,36233,-20664,72962,56229,19996,3490,24154
1995-11-28,35034,-19132,72461,56462,21428,3429,22561
1995-12-05,34269,-18764,70992,56542,22273,3198,21962
1995-12-12,34955,-19274,78456,62671,27716,3796,23070
1995-12-19,37327,-23044,55726,47910,10583,673,23717
1995-12-26,43885,-28074,63213,55131,11246,776,28850
1996-01-02,52652,-32299,71890,62923,10271,1328,33627
1996-01-09,55575,-33256,78227,67780,12205,1578,34834
1996-01-16,60439,-36988,84284,72606,12167,1274,38262
1996-01-23,56814,-35798,80456,69557,12743,1342,37140
1996-01-30,60946,-37035,84717,75096,14150,1085,38120
1996-02-06,47673,-30935,76388,64178,16505,607,31542
1996-02-13,49498,-30578,81446,68776,19278,1292,31870
1996-02-20,39929,-28625,79626,63132,23203,1978,30603
1996-02-27,27643,-20669,73756,53488,25845,3914,24583
1996-03-05,26380,-19845,70199,53030,26650,1985,21830
1996-03-12,27599,-19712,74241,58250,30651,1695,21407
1996-03-19,37405,-24358,58846,48264,10859,513,24871
1996-03-26,45616,-29664,68100,56977,11361,261,29925
1996-04-02,52173,-33900,77944,66342,14169,1040,34940
1996-04-09,58086,-35695,83973,73681,15595,2071,37766
1996-04-16,52179,-32574,80629,67568,15389,2771,35345
1996-04-23,33837,-21926,70632,54736,20899,2660,24586
1996-04-30,10905,-9187,68490,40809,29904,8724,17911
1996-05-07,6955,-8511,69235,39055,32100,9514,18025
1996-05-14,12274,-10024,68985,42368,30094,7548,17572
1996-05-21,24898,-15506,75454,54146,29248,4335,19841
1996-05-28,40138,-23871,84612,67422,27284,3736,27607
1996-06-04,48094,-30082,90273,75474,27380,1531,31613
1996-06-11,46052,-30748,98760,81670,35618,2009,32757
1996-06-18,44887,-29185,70593,56800,11913,800,29985
1996-06-25,40794,-28056,71198,56996,16202,1319,29375
1996-07-02,52161,-34188,82027,68893,16732,1459,35647
1996-07-09,50775,-34251,82820,68109,17334,2112,36363
1996-07-16,41154,-30346,79906,60362,19208,2008,32354
1996-07-23,30589,-23681,72207,52180,21591,2691,26372
1996-07-30,34383,-24368,72041,53739,19356,2657,27025
1996-08-06,9528,-9298,71289,43558,34030,8881,18179
1996-08-13,17211,-12136,68444,46235,29024,6770,18906
1996-08-20,21240,-12895,71701,49887,28647,7225,20120
1996-08-27,26499,-17125,78052,55406,28907,5695,22820
1996-09-03,32327,-18494,86286,63717,31390,5962,24456
1996-09-10,48253,-31523,102589,83809,35556,5323,36846
1996-09-17,55307,-37684,78955,67124,11817,2274,39958
1996-09-24,40411,-30333,72303,55725,15314,3500,33833
1996-10-01,47993,-32598,78542,62483,14490,3656,36254
1996-10-08,46547,-31300,76778,59868,13321,1440,32740
1996-10-15,48193,-30802,76276,62463,14270,965,31767
1996-10-22,47324,-30035,74473,63638,16314,250,30285
1996-10-29,49456,-31551,82265,68875,19419,1272,32823
1996-11-05,46343,-29522,75738,63301,16958,1198,30720
1996-11-12,30188,-21177,71473,56407,26219,1049,22226
1996-11-19,23370,-18693,71084,52563,29193,2331,21024
1996-11-26,27907,-19003,67412,51793,23886,2410,21413
1996-12-03,35708,-24590,76229,60591,24883,848,25438
1996-12-10,33428,-22744,76579,62749,29321,1224,23968
1996-12-17,33024,-23708,54232,42968,9944,1302,25010
1996-12-24,32830,-25100,54646,43949,11119,888,25988
1996-12-31,39494,-26475,59781,48449,8955,1783,28258
1997-01-07,45733,-31304,71117,59422,13689,237,31541
1997-01-14,47939,-32607,72957,61620,13681,791,33398
1997-01-21,46604,-32385,75440,63705,17101,800,33185
1997-01-28,44996,-33226,75822,61097,16101,1708,34934
1997-02-04,45180,-32803,79874,64854,19674,3094,35897
1997-02-11,45423,-34709,83850,69560,24137,923,35632
1997-02-18,42615,-33148,82037,66928,24313,1079,34227
1997-02-25,33790,-27251,80390,60505,26715,2876,30127
1997-03-04,28340,-25085,78819,58956,30616,2380,27465
1997-03-11,27815,-24227,88163,68327,40512,2386,26613
1997-03-18,31908,-25670,61971,45600,13692,2046,27716
1997-03-25,37288,-27027,67862,52862,15574,2615,29642
1997-04-01,28376,-23733,68670,49308,20932,2699,26432
1997-04-08,45297,-30640,79690,63485,18188,2615,33255
1997-04-15,48881,-33614,84154,69440,20559,1875,35489
1997-04-22,45630,-33594,82536,66794,21164,1941,35535
1997-04-29,50328,-35863,87253,72066,21738,1664,37527
1997-05-06,36496,-29805,82137,60465,23969,3630,33435
1997-05-13,-16751,6971,81674,37417,54168,19871,12900
1997-05-20,-26279,13580,94323,38313,64592,25107,11527
1997-05-27,-21964,9947,85114,37584,59548,21221,11274
1997-06-03,-22877,10839,84109,37245,60122,21915,11076
1997-06-10,-20181,10305,100978,53989,74170,20060,9755
1997-06-17,-15206,4461,50981,16547,31753,13951,9490
1997-06-24,-10749,1138,52859,20155,30904,12573,11435
1997-07-01,-12740,2468,49743,14694,27434,13831,11363
1997-07-08,-21416,8191,60190,18066,39482,18518,10327
1997-07-15,-1334,-1594,58461,24744,26078,12607,14201
1997-07-22,3416,-2617,60054,31203,27787,11379,13996
1997-07-29,33562,-22087,79533,58833,25271,5255,27342
1997-08-05,48343,-29326,82030,68498,20155,2664,31990
1997-08-12,29773,-24325,73356,55297,25524,2476,26801
1997-08-19,33281,-26730,81269,63245,29964,2782,29512
1997-08-26,28947,-22748,82931,65147,36200,3752,26500
1997-09-02,46884,-29314,110153,85882,38998,6542,35856
1997-09-09,32524,-20403,125821,97562,65038,5446,25849
1997-09-16,38802,-23221,71476,59561,20759,2870,26091
1997-09-23,41528,-25155,76840,62681,21153,3593,28748
1997-09-30,35891,-26133,77580,60009,24118,4845,30978
1997-10-07,49197,-33002,88180,74709,25512,4373,37375
1997-10-14,26294,-18769,84844,62490,36196,8972,27741
1997-10-21,16326,-10907,87983,58204,41878,14984,25891
1997-10-28,19501,-16255,105651,72894,53393,12675,28930
1997-11-04,31082,-20842,108806,87499,56417,9965,30807
1997-11-11,51273,-34135,134949,111714,60441,11352,45487
1997-11-18,53061,-37522,138653,113982,60921,8915,46437
1997-11-25,56292,-40207,133612,112871,56579,6158,46365
1997-12-02,62727,-43148,143466,124683,61956,3730,46878
1997-12-09,59899,-43600,157450,130606,70707,6823,50423
1997-12-16,61209,-43086,99991,85379,24170,4327,47413
1997-12-19,51299,-36158,91440,75647,24348,3775,39933
1997-12-23,49534,-35407,89139,74117,24583,3504,38911
1997-12-30,48601,-33958,87300,73941,25340,3614,37572
1998-01-06,61357,-42053,100138,86534,25177,3729,45782
1998-01-13,55808,-37612,97500,84016,28208,2885,40497
1998-01-20,42292,-30261,91039,75058,32766,3475,33736
1998-01-27,23309,-22630,91369,67118,43809,6251,28881
1998-02-03,23900,-24272,98601,73200,49300,6556,30828
1998-02-10,-8074,-877,104328,62173,70247,18676,19553
1998-02-17,4745,-6623,104210,72605,67860,9330,15953
1998-02-24,16729,-9248,98205,74708,57979,8425,17673
1998-03-03,13140,-8939,97168,74783,61643,7090,16029
1998-03-10,21358,-14117,107136,86410,65052,4388,18505
1998-03-17,35803,-21116,68922,52362,16559,4937,26053
1998-03-24,51049,-32105,81988,68703,17654,4339,36444
1998-03-31,62278,-42798,99645,85085,22807,4090,46888
1998-04-07,78046,-55925,118672,102138,24092,4055,59980
1998-04-14,52520,-37264,89758,73013,20493,3826,41090
1998-04-21,54763,-39323,93359,77905,23142,3872,43195
1998-04-28,46367,-30425,88323,74905,28538,2056,32481
1998-05-05,38544,-26741,92803,69442,30898,6064,32805
1998-05-12,52461,-31922,92820,78456,25995,3272,35194
1998-05-19,78020,-53426,120892,104521,26501,3718,57144
1998-05-26,78420,-63478,124590,105999,27579,4611,68089
1998-06-02,83439,-58207,131550,112061,28622,8122,66329
1998-06-09,86299,-60795,154971,130508,44209,8524,69319
1998-06-16,68980,-46747,118902,93267,24287,11528,58275
1998-06-23,44748,-28871,112988,96824,52076,3825,32696
1998-06-30,42652,-28973,108781,93609,50957,4604,33577
1998-07-07,42390,-30045,111492,93987,51597,5381,35426
1998-07-14,44516,-33107,107157,89867,45351,2540,35647
1998-07-21,44844,-32202,110323,90109,45265,5700,37902
1998-07-28,53185,-37924,116184,99801,46616,3130,41054
1998-08-04,67246,-45708,142444,122811,55565,7563,53271
1998-08-11,76003,-54698,150804,133525,57522,3873,58571
1998-08-18,64154,-43425,148067,126354,62200,9012,52437
1998-08-25,59912,-41682,144169,126513,66601,4686,46368
1998-09-01,21450,-15317,136199,108204,86754,9078,24395
1998-09-08,-5824,8430,138490,88417,94241,25433,17003
1998-09-15,-9385,5823,79793,36461,45846,21708,15885
1998-09-22,-4048,2063,77894,40931,44979,18703,16640
1998-09-29,-2484,862,84359,46538,49022,19307,18445
1998-10-06,-10328,7826,89771,42510,52838,28162,20336
1998-10-13,-6078,6249,88116,45098,51176,22889,16640
1998-10-20,-7253,8220,89791,46452,53705,25243,17023
1998-10-27,-6739,4490,87791,46460,53199,22729,18239
1998-11-03,-10063,8705,89560,45258,55321,25093,16388
1998-11-10,2944,1073,95327,60587,57643,16585,15512
1998-11-17,1528,2560,86640,55599,54071,18248,15688
1998-11-24,4486,929,85183,57686,53200,16515,15586
1998-12-01,7595,-2236,84057,58566,50971,12301,14537
1998-12-08,-235,2295,89427,60681,60916,14593,12298
1998-12-15,-9749,8166,65543,25717,35466,19442,11276
1998-12-22,-9449,7910,65463,27894,37343,19626,11716
1998-12-29,-13106,9877,66189,27840,40946,20963,11086
1999-01-05,-29646,22020,78909,23349,52995,32885,10865
1999-01-12,-23952,16926,80474,28249,52201,28236,11310
1999-01-19,-11949,4991,78621,33931,45880,23579,18588
1999-01-26,-11982,8568,78063,36386,48368,23152,14584
1999-02-02,-4755,6104,78317,42246,47001,19197,13093
1999-02-09,-3593,6189,76418,43806,47399,18241,12052
1999-02-16,18203,-11116,72244,49317,31114,7162,18278
1999-02-23,49067,-34290,89085,76879,27812,1484,35774
1999-03-02,53260,-36211,97584,83881,30621,2536,38747
1999-03-09,61682,-44258,124605,108901,47219,1305,45563
1999-03-16,45862,-31792,74429,64147,18285,1878,33670
1999-03-23,42347,-31730,74634,62417,20070,2128,33858
1999-03-30,54330,-38463,85280,74564,20234,2526,40989
1999-04-06,52529,-35697,85436,74516,21987,1738,37435
1999-04-13,50636,-36379,83908,70764,20128,2089,38468
1999-04-20,36190,-25677,85666,66648,30458,3212,28889
1999-04-27,50850,-35310,94472,80259,29409,2906,38216
1999-05-04,57729,-38438,99590,86445,28716,5370,43808
1999-05-11,58615,-44065,102147,89100,30485,2406,46471
1999-05-18,87361,-66697,136084,120244,32883,3018,69715
1999-05-25,80028,-62184,131754,114397,34369,1827,64011
1999-06-01,59333,-45923,118114,98953,39620,3868,49791
1999-06-08,53990,-49002,146342,119962,65972,4801,53803
1999-06-15,41753,-40061,96356,75838,34085,2457,42518
1999-06-22,58267,-50843,104052,91990,33723,2178,53021
1999-06-29,58048,-49067,108234,92536,34488,3561,52628
1999-07-06,62310,-49976,111634,97427,35117,4061,54037
1999-07-13,62117,-53198,113708,96973,34856,5766,58964
1999-07-20,1071,-2710,115699,67218,66147,31756,34466
1999-07-27,-30653,24761,130673,55166,85819,49571,24810
1999-08-03,-50225,41869,131570,49623,99848,56565,14696
1999-08-10,-49370,40077,132678,50009,99379,56618,16541
1999-08-17,-49428,41312,136057,54652,104080,56001,14689
1999-08-24,-51558,44431,139656,55836,107394,59178,14747
1999-08-31,-62162,53902,146870,53367,115529,67229,13327
1999-09-07,-52357,44633,154886,65701,118058,58185,13552
1999-09-14,-49285,41124,93219,15959,65244,54045,12921
1999-09-21,-47375,36899,86942,17679,65054,45832,8933
1999-09-28,-38875,31285,81131,18549,57424,40370,9085
1999-10-05,-35494,26594,79913,21601,57095,36745,10151
1999-10-12,-34764,27170,80770,21956,56720,37387,10217
1999-10-19,-30966,23378,84001,23171,54137,39262,15884
1999-10-26,-35271,27713,84344,24156,59427,39061,11348
1999-11-02,-34407,27807,87789,27394,61801,38605,10798
1999-11-09,-21148,19152,85455,34831,55979,32008,12856
1999-11-16,-14861,14998,84939,36621,51482,31649,16651
1999-11-23,-31333,26711,90091,32035,63368,38048,11337
1999-11-30,-45436,37980,99716,26714,72150,49438,11458
1999-12-07,-37485,30325,107366,41522,79007,41687,11362
1999-12-14,-14666,9666,70377,33178,47844,19012,9346
1999-12-21,-19389,13750,73528,31365,50754,23487,9737
1999-12-28,-20291,16996,73726,31153,51444,26450,9454
2000-01-04,-15434,15475,74372,34206,49640,23597,8122
2000-01-11,36319,-22753,96868,73597,37278,13901,36654
2000-01-18,40185,-24831,98948,74679,34494,14552,39383
2000-01-25,37577,-23778,102097,75880,38303,14395,38173
2000-02-01,56712,-37117,114608,92469,35757,14920,52037
2000-02-08,62770,-43278,122393,99718,36948,15452,58730
2000-02-15,66006,-47825,127294,103311,37305,15845,63670
2000-02-22,66257,-50356,130314,103845,37588,15592,65948
2000-02-29,62449,-45394,126995,101891,39442,15979,61373
2000-03-07,19522,-13688,127634,94053,74531,18522,32210
2000-03-14,22012,-18400,71233,46886,24874,10306,28706
2000-03-21,26469,-23971,68331,50192,23723,4444,28415
2000-03-28,25097,-22089,69382,50384,25287,6061,28150
2000-04-04,-15046,7315,76692,41120,56166,15319,8004
2000-04-11,-6956,3926,72067,43447,50403,12042,8116
2000-04-18,-10625,5614,75075,42635,53260,13424,7810
2000-04-25,-6638,3573,75039,44945,51583,12254,8681
2000-05-02,21891,-12850,80159,64261,42370,4110,16960
2000-05-09,30041,-19676,80715,68032,37991,1523,21199
2000-05-16,34765,-17382,82902,69285,34520,761,18143
2000-05-23,21655,-13179,79554,63254,41599,752,13931
2000-05-30,18114,-12465,78630,60433,42319,763,13228
2000-06-06,12892,-14810,82045,54061,41169,1333,16143
2000-06-13,15297,-9938,79632,67424,52127,1619,11557
2000-06-20,6283,-7772,40067,22595,16312,818,8590
2000-06-27,-4234,1641,46786,21732,25966,8251,6610
2000-07-05,10033,-6070,48751,30035,20002,3823,9893
2000-07-11,15758,-7789,52399,40271,24513,963,8752
2000-07-18,28327,-14486,61744,50288,21961,641,15127
2000-07-25,37614,-22229,69716,58336,20722,435,22664
2000-08-01,38984,-24999,77862,64057,25073,1503,26502
2000-08-08,39867,-26752,76872,65854,25987,471,27223
2000-08-15,41084,-28804,82088,70287,29203,0,28804
2000-08-22,39997,-28479,80631,68875,28878,140,28619
2000-08-29,13764,-12975,77923,52015,38251,6943,19918
2000-09-05,4200,-7102,71820,45378,41178,5476,12578
2000-09-12,-6263,6334,92390,50447,56710,14416,8082
2000-09-19,7138,-3832,38431,22851,15713,3734,7566
2000-09-26,14415,-4226,43973,28815,14400,5306,9532
2000-10-03,26217,-13767,54499,39774,13557,2244,16011
2000-10-10,42007,-30088,66105,54026,12019,977,31065
2000-10-17,44400,-29327,65298,55031,10631,965,30292
2000-10-24,41643,-27811,65348,53710,12067,981,28792
2000-10-31,43369,-27079,68898,57576,14207,1147,28226
2000-11-07,29444,-23877,59077,46917,17473,615,24492
2000-11-14,31705,-22570,59507,46929,15224,1315,23885
2000-11-21,51422,-35072,77499,66966,15544,986,36058
2000-11-28,48813,-33330,77425,65953,17140,866,34196
2000-12-05,52388,-32449,82427,71383,18995,853,33302
2000-12-12,63593,-41696,130047,113569,49976,110,41806
2000-12-19,58773,-38233,87563,78480,19707,788,39021
2000-12-26,61411,-42620,90803,80867,19456,1634,44254
2001-01-02,60816,-41419,91258,81618,20802,1613,43032
2001-01-09,59755,-40138,91091,80969,21214,1550,41688
2001-01-16,51007,-33870,90061,76620,25613,1877,35747
2001-01-23,47591,-29212,91368,76864,29273,4611,33823
2001-01-30,39877,-25200,87420,73989,34112,1606,26806
2001-02-06,38896,-26036,92632,77974,39078,1829,27865
2001-02-13,41857,-27474,90964,77697,35840,1484,28958
2001-02-20,41353,-27060,89673,78101,36748,682,27742
2001-02-27,41168,-27537,89216,77052,35884,849,28386
2001-03-06,51589,-31507,98574,86148,34559,922,32429
2001-03-13,38341,-18307,123971,88319,49978,23034,41341
2001-03-20,23996,-581,103349,57012,33016,36675,37256
2001-03-27,15442,3487,99717,54155,38713,33952,30465
2001-04-03,18006,1751,106688,60655,42649,34750,32999
2001-04-10,19652,1921,105515,61076,41424,34121,32200
2001-04-17,44776,-25586,90864,77384,32608,2292,27878
2001-04-24,36452,-23460,87870,73978,37526,3775,27235
2001-05-01,16181,-5713,86456,53583,37402,21103,26816
2001-05-08,12187,-2919,90252,52044,39857,26696,29615
2001-05-15,16608,-2315,92328,55737,39129,26429,28744
2001-05-22,40324,-27048,97736,74319,33995,2531,29579
2001-05-29,12278,-10164,87280,65411,53133,6661,16825
2001-06-05,-5464,5263,93638,58896,64360,16370,11107
2001-06-12,4858,2715,97354,61207,56349,16507,13792
2001-06-19,31087,-15866,56263,42787,11700,4703,20569
2001-06-26,41341,-24586,62444,49900,8559,2708,27294
2001-07-03,50223,-32380,72009,59361,9138,2294,34674
2001-07-10,42474,-24090,95443,65964,23490,17020,41110
2001-07-17,28780,-9954,102545,63962,35182,26985,36939
2001-07-24,18155,-1229,100240,62095,43940,26014,27243
2001-07-31,20603,-4435,105945,66721,46118,26464,30899
2001-08-07,9495,1428,105044,62004,52509,26803,25375
2001-08-14,-11650,11558,101855,62214,73864,26620,15062
2001-08-21,-38147,30611,109786,55646,93793,40409,9798
2001-08-28,-34798,30180,111974,45495,80293,40057,9877
2001-09-04,-39791,32511,115883,45803,85594,40762,8251
2001-09-10,-20923,23493,112122,53113,74036,32713,9220
2001-09-18,-33050,28439,86678,30738,63788,37787,9348
2001-09-25,-37539,30365,90169,29273,66812,39909,9544
2001-10-02,-9924,13509,75174,38960,48884,22438,8929
2001-10-09,-4447,10268,71605,37987,42434,20983,10715
2001-10-16,15387,-1114,74649,48699,33312,15409,16523
2001-10-23,42038,-21784,75643,63491,21453,3588,25372
2001-10-30,47885,-27345,81807,69796,21911,3817,31162
2001-11-06,29632,-13914,91333,66183,36551,14379,28293
2001-11-13,16937,-4231,92819,62532,45595,19203,23434
2001-11-20,37134,-18886,102491,73580,36446,13491,32377
2001-11-27,39637,-21630,109170,77600,37963,18647,40277
2001-12-04,27310,-8418,119948,77539,50229,29792,38210
2001-12-11,28232,-4258,153340,99520,71288,36798,41056
2001-12-18,33049,-1935,126848,82669,49620,37020,38955
2001-12-21,29863,-4321,129864,83084,53221,37531,41852
2001-12-28,24421,866,130768,80419,55998,39575,38709
2002-01-08,26840,-3530,135340,84030,57190,38443,41973
2002-01-15,33329,-2603,133175,83608,50279,36543,39146
2002-01-22,39510,-14401,130458,85756,46246,27336,41737
2002-01-29,29843,-6343,126984,83247,53404,31724,38067
2002-02-05,28019,-4016,129271,85296,57277,31592,35608
2002-02-12,27325,-7781,115316,78664,51339,22996,30777
2002-02-19,30543,-12332,122120,83910,53367,23244,35576
2002-02-26,39184,-19812,127692,90724,51540,23130,42942
2002-03-05,27830,-13646,104976,75362,47532,13717,27363
2002-03-12,-7362,6898,110848,68149,75511,20510,13612
2002-03-19,5051,-1127,71074,43504,38453,13812,14939
2002-03-26,12793,-4360,72383,48069,35276,12941,17301
2002-04-02,23469,-9257,78204,56634,33165,14174,23431
2002-04-09,18899,-10841,69913,52883,33984,7488,18329
2002-04-16,18814,-8751,71886,53539,34725,8644,17395
2002-04-23,5148,-726,67954,41584,36436,12647,13373
2002-04-30,-2761,5654,82621,48250,51011,16757,11103
2002-05-07,-8160,6514,84031,48007,56167,16872,10358
2002-05-14,651,2814,83322,52229,51578,14583,11769
2002-05-21,-16719,13862,95905,51295,68014,21800,7938
2002-05-28,-19213,12174,94948,51083,70296,20481,8307
2002-06-04,-18564,8375,97625,53113,71677,17715,9340
2002-06-11,-9736,6075,105123,57985,67721,17774,11699
2002-06-18,-15561,9469,68634,28499,44060,19424,9955
2002-06-25,-21131,10609,75487,28762,49893,21992,11383
2002-07-02,-20103,9046,74473,29992,50095,19786,10740
2002-07-09,-24557,10200,78069,30341,54898,20799,10599
2002-07-16,-23850,11221,78550,30212,54062,21661,10440
2002-07-23,-22256,9863,76478,31525,53781,20262,10399
2002-07-30,-11337,3852,73947,37369,48706,14452,10600
2002-08-06,-6353,706,71254,38603,44956,12340,11634
2002-08-13,-10371,3664,70948,37857,48228,13237,9573
2002-08-20,-11785,3412,70974,37596,49381,12496,9084
2002-08-27,-14235,4351,72646,35846,50081,15007,10656
2002-09-03,-17579,6641,77046,35999,53578,17853,11212
2002-09-10,-7547,3220,102073,66802,74349,14997,11777
2002-09-17,25722,-16374,68295,52942,27220,1996,18370
2002-09-24,32009,-18080,70469,57516,25507,1826,19906
2002-10-01,30298,-15313,71055,57426,27128,2586,17899
2002-10-08,30445,-13241,82495,61735,31290,9841,23082
2002-10-15,30025,-12830,80287,61414,31389,8606,21436
2002-10-22,35991,-14934,85343,66165,30174,8768,23702
2002-10-29,17199,-8264,79469,52101,34902,13185,21449
2002-11-05,11517,-4696,75258,48471,36954,12412,17108
2002-11-12,-3354,-427,77422,41580,44934,14064,14491
2002-11-19,8196,-2891,75092,45771,37575,12867,15758
2002-11-26,9292,-4464,71861,47494,38202,11744,16208
2002-12-03,23996,-9903,78433,57574,33578,9754,19657
2002-12-10,25974,-12210,119680,99299,73325,8206,20416
2002-12-17,10388,-706,87176,62454,52066,11832,12538
2002-12-23,115,3807,92767,59941,59826,16976,13169
2002-12-31,-34791,28134,119681,56491,91282,40666,12532
2003-01-07,-26537,27227,116555,59421,85958,39488,12261
2003-01-14,-42358,32944,120396,49339,91697,44399,11455
2003-01-21,-36952,33293,119530,51963,88915,44463,11170
2003-01-28,-26963,25610,108851,52997,79960,36528,10918
2003-02-04,2613,5594,91248,54717,52104,19681,14087
2003-02-11,5192,10709,110275,65096,59904,30376,19667
2003-02-18,-10566,18433,113853,58565,69131,37746,19313
2003-02-25,-38230,35754,118365,51661,89891,45047,9293
2003-03-04,-39506,32032,116621,51335,90841,40722,8690
2003-03-11,-42781,36219,133098,60724,103505,42400,6181
2003-03-18,-25135,23318,82659,33010,58145,30389,7071
2003-03-25,26773,-12983,84457,63468,36695,10780,23763
2003-04-01,11008,-3903,80136,54463,43455,12485,16388
2003-04-08,13550,-5634,75088,53069,39519,11031,16665
2003-04-15,21807,-9417,79252,59144,37337,9937,19354
2003-04-22,16161,-4183,83959,58741,42580,14525,18708
2003-04-29,21443,-10180,86346,64572,43129,9641,19821
2003-05-06,-1922,2668,99924,58377,60299,19853,17185
2003-05-13,-33458,29462,114134,48552,82010,38488,9026
2003-05-20,-34515,29770,111964,45972,80487,37884,8114
2003-05-27,-31141,29443,109843,45387,76528,36758,7315
2003-06-03,5134,7560,98513,61304,56170,19933,12373
2003-06-10,4991,11756,121421,78389,73398,22835,11079
2003-06-17,-7018,10862,91916,49945,56963,24463,13601
2003-06-24,-13956,17136,98292,54124,68080,25897,8761
2003-07-01,30325,-13397,104184,79662,49337,8768,22165
2003-07-08,12629,108,104434,75970,63341,13642,13534
2003-07-15,-17286,15825,113969,67833,85119,23702,7877
2003-07-22,-2329,6792,104161,68373,70702,16536,9744
2003-07-29,2835,6308,103252,68142,65307,18580,12272
2003-08-05,55855,-36299,125420,102290,46435,10136,46435
2003-08-12,22042,-9940,115581,87270,65228,12940,22880
2003-08-19,18822,-9352,118044,64180,45358,14557,23909
2003-08-26,-13511,13232,131738,83348,96859,22148,8916
2003-09-02,-57412,46955,169584,81558,138970,53464,6509
2003-09-09,-64140,52845,171788,74834,138974,59532,6687
2003-09-16,-70352,54647,126661,34678,105030,60153,5506
2003-09-23,-68985,53548,135500,37854,106839,61520,7972
2003-09-30,-57790,40865,144431,38358,96148,69657,28792
2003-10-07,-68191,49725,159009,42205,110396,76438,26713
2003-10-14,-55921,39209,154276,43437,99358,71679,32470
2003-10-21,-64409,48304,151390,43485,107894,69794,21490
2003-10-28,-70570,54910,152880,43278,113848,71462,16552
2003-11-04,-57131,50344,135896,48770,105901,56179,5835
2003-11-11,-70432,57797,143363,45313,115745,63585,5788
2003-11-18,-70161,53762,143468,47691,117852,59678,5916
2003-11-25,-55097,42540,133380,52832,107929,47773,5233
2003-12-02,-60648,46186,142600,54016,114664,53739,7553
2003-12-09,-70258,56736,170513,66696,136954,62513,5777
2003-12-16,-75735,58236,139376,43063,118798,62421,4185
2003-12-22,-65910,48135,131080,44767,110677,52320,4185
2003-12-30,-65255,47664,138423,51686,116941,51851,4187
2004-01-06,-80534,56834,156255,53883,134417,62753,5919
2004-01-13,-83312,60602,159233,55227,138539,65248,4646
2004-01-20,-69454,51708,152326,59063,128517,56801,5093
2004-01-27,-81250,57992,160713,57941,139191,63946,5954
2004-02-03,-85882,64499,169516,60888,146770,70199,5700
2004-02-10,-75786,58630,160443,59887,135673,64595,5965
2004-02-17,-75498,55198,159603,60003,135501,62030,6832
2004-02-24,4417,-12181,142090,96978,92561,16202,28383
2004-03-02,21074,-22312,153545,109142,88068,15719,38031
2004-03-09,29492,-34516,156926,118435,88943,7779,42295
2004-03-16,30757,-31439,89476,56694,25937,6974,38413
2004-03-23,5268,-14601,86095,50177,44909,11328,25929
2004-03-30,-21465,4309,107017,49818,71283,26251,21942
2004-04-06,-44694,20388,132851,53304,97998,43206,22818
2004-04-12,-48405,24760,135388,53038,101443,47017,22257
2004-04-20,-10506,-6044,104240,55727,66233,18697,24741
2004-04-27,-15735,204,104978,56938,72673,17240,17036
2004-05-04,-16933,2973,103861,59816,76749,12525,9552
2004-05-11,1708,-10093,108604,65656,63948,8791,18884
2004-05-18,6659,-12682,105799,65786,59127,9095,21777
2004-05-25,3759,-12107,107597,67210,63451,8656,20763
2004-06-01,-5929,-4839,115839,75811,81740,8561,13400
2004-06-08,-12214,598,126066,80681,92895,12259,11661
2004-06-15,-7731,2493,91167,56277,64008,11677,9184
2004-06-22,-16786,5495,92993,54160,70946,12433,6938
2004-06-29,-26349,8416,98904,53806,80155,13262,4846
2004-07-06,-24045,2417,99512,56796,80841,7488,5071
2004-07-13,-19637,2166,106390,64336,83973,10569,8403
2004-07-20,-19429,1837,109321,64571,84000,11789,9952
2004-07-27,-5032,-2401,107170,68332,73364,10608,13009
2004-08-03,5233,-3268,113468,75397,70164,12133,15401
2004-08-10,6879,-8282,110433,74030,67151,10330,18612
2004-08-17,3866,-5205,113957,76801,72935,11251,16456
2004-08-24,-7002,-969,108560,67931,74933,12757,13726
2004-08-31,-15980,525,109198,64793,80773,12753,12228
2004-09-07,-8420,-832,106537,66132,74552,10847,11679
2004-09-14,-2307,-4057,79272,47779,50086,7982,12039
2004-09-21,4152,-9357,82044,49595,45443,7666,17023
2004-09-28,27764,-22203,94536,62615,34851,10277,32480
2004-10-05,19235,-14496,111308,77223,57988,11572,26068
2004-10-12,1947,-6387,117286,77058,75111,12753,19140
2004-10-19,-23006,8565,130921,74117,97123,22884,14319
2004-10-26,-48221,27636,143619,64933,113154,41391,13755
2004-11-02,-59518,36814,162362,76264,135782,46779,9965
2004-11-09,-63025,39093,174751,80787,143812,53757,14664
2004-11-16,-68505,44596,181901,80442,148947,58608,14012
2004-11-23,-57827,33198,190372,87732,145559,56698,23500
2004-11-30,-63477,39360,196960,91163,154640,61276,21916
2004-12-07,-57607,37323,221297,126760,184367,50795,13472
2004-12-14,-38040,21401,145978,78433,116473,33636,12235
2004-12-21,-38406,20576,145705,77292,115698,33373,12797
2004-12-28,-49894,27753,150488,74288,124182,39240,11487
2005-01-04,-38214,22720,155870,88489,126703,33972,11252
2005-01-11,-38503,23745,161868,92180,130683,35208,11463
2005-01-18,-31851,7879,171109,88284,120135,39872,31993
2005-01-25,-20501,924,162182,90835,111336,33608,32684
2005-02-01,-24076,399,167125,98634,122710,31214,30815
2005-02-08,2807,-14290,155552,101203,98396,19798,34088
2005-02-15,16574,-23693,151987,109138,92564,13017,36710
2005-02-22,16465,-25935,154084,106405,89940,14078,40013
2005-03-01,-4928,-7123,153631,107980,112908,13422,20545
2005-03-08,-1793,-9786,171109,120197,121990,13350,23136
2005-03-15,-5886,-5346,107434,64255,70141,13944,19290
2005-03-22,6299,-11903,108865,65906,59607,15675,27578
2005-03-29,29452,-30189,114268,76938,47486,11033,41222
2005-04-05,39813,-36442,127406,92614,52801,9686,46128
2005-04-12,49293,-44196,133228,95502,46209,11954,56150
2005-04-19,56510,-54697,143178,111224,54714,6927,61624
2005-04-26,31067,-32502,138788,102423,71356,11215,43717
2005-05-03,6736,-14131,160185,110032,103296,21832,35963
2005-05-10,-1185,-9563,160836,109373,110558,20771,30334
2005-05-17,43630,-47883,189032,153623,109993,11663,59546
2005-05-24,39879,-38831,184022,150228,110349,10629,49460
2005-05-31,50205,-48435,183593,150941,100736,6467,54902
2005-06-07,34939,-37111,185988,151976,117037,5295,42406
2005-06-14,58508,-52031,144048,112210,53702,8991,61022
2005-06-21,41636,-37974,139726,104243,62607,11128,49102
2005-06-28,59205,-51845,147872,112688,53483,10844,62689
2005-07-05,58991,-52186,156517,120359,61368,11579,63765
2005-07-12,69505,-63076,162959,126369,56864,10830,73906
2005-07-19,65775,-59056,168697,133055,67280,9165,68221
2005-07-26,53064,-47768,161014,128689,75625,8032,55800
2005-08-02,45815,-43151,165281,130470,84655,9337,52488
2005-08-09,55549,-48660,177994,139535,83986,12768,61428
2005-08-16,22786,-26385,166923,125756,102970,12423,38808
2005-08-23,27774,-31366,166538,128914,101140,9358,40724
2005-08-30,49071,-47665,178245,157079,108008,7941,55606
2005-09-06,30214,-34372,175986,151972,121758,8017,42389
2005-09-13,35172,-34934,189247,149177,114005,10280,45214
2005-09-20,54092,-47629,127850,93551,39459,11954,59583
2005-09-27,68026,-59066,138571,101617,33591,13469,72535
2005-10-04,69565,-63299,167979,125981,56416,16352,79651
2005-10-11,73157,-66035,176161,129505,56348,18745,84780
2005-10-18,77065,-66641,199678,149883,72818,20214,86855
2005-10-25,71241,-66682,195218,147875,76634,20098,86780
2005-11-01,75469,-66302,195803,150226,74757,19862,86164
2005-11-08,72540,-64628,197715,152664,80124,19428,84056
2005-11-15,75643,-67231,203137,155676,80033,21147,88378
2005-11-22,71706,-65884,204816,155228,83522,21037,86921
2005-11-29,68792,-64000,206878,154396,85604,22626,86626
2005-12-06,74669,-71643,220313,162475,87806,26712,98355
2005-12-13,75678,-72063,243599,188591,112913,22221,94284
2005-12-20,32853,-26105,139503,103665,70812,12322,38427
2005-12-27,23064,-22129,148945,104516,81452,16998,39127
2006-01-03,21440,-24737,155722,105548,84108,22192,46929
2006-01-10,7914,-19529,169886,103194,95280,30472,50001
2006-01-17,10074,-18259,167681,103792,93718,30062,48321
2006-01-24,8839,-19278,166600,103532,94693,29698,48976
2006-01-31,43126,-41745,188724,126595,83469,32287,74032
2006-02-07,61402,-56347,197898,141301,79899,31219,87566
2006-02-14,60661,-55057,195644,141417,80756,27560,82617
2006-02-21,78996,-71184,203465,149692,70696,26959,98143
2006-02-28,20036,-22821,201773,127801,107765,41587,64408
2006-03-07,42483,-41831,248612,176747,134264,36738,78569
2006-03-14,50040,-45289,189513,135112,85072,24814,70103
2006-03-21,29604,-29356,175962,123357,93753,23115,52471
2006-03-28,35490,-30412,180101,125904,90414,27229,57641
2006-04-04,32866,-32716,189732,126842,93976,30603,63319
2006-04-11,59828,-54471,205630,140062,80234,36213,90684
2006-04-18,40819,-41141,202039,129443,88624,38749,79890
2006-04-25,-5563,-6490,201415,118831,124394,40997,47487
2006-05-02,-26291,2689,206400,118301,144592,44389,41700
2006-05-09,-44174,18844,210545,113023,157197,46769,27925
2006-05-16,-41273,19121,212386,116805,158078,47053,27932
2006-05-23,-38264,18329,211949,116134,154398,49669,31340
2006-05-30,-45248,25741,208512,108021,153269,56019,30278
2006-06-06,-33292,21003,201843,113610,146902,47148,26145
2006-06-13,4665,-9597,243513,157545,152880,39360,48957
2006-06-20,19395,-23007,161290,104582,85187,23877,46884
2006-06-27,35174,-35572,174066,116383,81209,25190,60762
2006-07-03,19820,-23909,168688,110040,90220,25330,49239
2006-07-11,12511,-20704,173470,112062,99551,27639,48343
2006-07-18,71702,-69049,203567,145874,74172,27724,96773
2006-07-25,79287,-76886,208508,152876,73589,26299,103185
2006-08-01,41427,-42984,195626,138866,97439,25391,68375
2006-08-08,46634,-51791,198570,141054,94420,25031,76822
2006-08-15,61209,-62274,216492,153461,92252,29646,91920
2006-08-22,76517,-75077,227195,163702,87185,30853,105930
2006-08-29,90191,-88329,244441,175367,85176,33920,122249
2006-09-05,70595,-69498,228792,160209,89614,32941,102439
2006-09-12,119031,-99452,275585,205621,86590,34942,134394
2006-09-19,97826,-90804,225098,160209,62383,34955,125759
2006-09-26,95248,-87358,221240,150583,55335,42518,129876
2006-10-03,109556,-104151,243819,165283,55727,47430,151581
2006-10-10,129146,-123598,267803,182858,53712,50595,174193
2006-10-17,115472,-112578,261575,173899,58427,53173,165751
2006-10-24,138367,-137290,282998,195865,57498,50401,187691
2006-10-31,52354,-59600,226607,139703,87349,46776,106376
2006-11-07,56089,-63512,229063,141299,85210,48102,111614
2006-11-14,45681,-55012,233573,144572,98891,48106,103118
2006-11-21,75079,-80421,258327,168766,93687,50648,131069
2006-11-28,28457,-41958,252107,150874,122417,56033,97991
2006-12-05,3743,-23537,268136,153868,150125,62344,85881
2006-12-12,39356,-55560,276919,177991,138635,50622,106182
2006-12-19,87798,-92519,239042,151142,63344,48950,141469
2006-12-26,99602,-104914,262764,165030,65428,55629,160543
2007-01-03,115412,-118592,280541,182315,66903,54819,173411
2007-01-09,116005,-123343,287999,182880,66875,54341,177684
2007-01-16,136327,-138146,308740,206149,69822,56031,194177
2007-01-23,160790,-164860,344998,246414,85624,52200,217060
2007-01-30,167772,-173005,344070,255656,87884,42579,215584
2007-02-06,122876,-128526,314920,230123,107247,41025,169551
2007-02-13,159622,-167505,361809,269569,109947,43467,210972
2007-02-20,102631,-116195,332216,237985,135354,42286,158481
2007-02-27,102692,-114626,328295,236369,133677,39383,154009
2007-03-06,55998,-62886,278491,202412,146414,30479,93365
2007-03-13,42236,-52853,281602,185748,143512,38194,91047
2007-03-20,34655,-49953,176550,98301,63646,34269,84222
2007-03-27,38746,-47480,204073,125945,87199,37765,85245
2007-04-03,59457,-63858,221748,140812,81355,36845,100703
2007-04-10,58967,-64841,230370,141946,82979,42718,107559
2007-04-17,67440,-70519,234796,150691,83251,43281,113800
2007-04-24,75933,-81772,235531,158243,82310,37900,119672
2007-05-01,110255,-118782,279868,188716,78461,47618,166400
2007-05-08,105816,-112259,284780,190671,84855,51213,163472
2007-05-15,118237,-127896,297263,204220,85983,46650,174546
2007-05-22,146349,-151746,326431,230085,83736,52301,204047
2007-05-29,139419,-146243,319048,222725,83306,51301,197544
2007-06-05,112017,-124006,311288,209829,97812,53781,177787
2007-06-12,116152,-127562,380532,279030,162878,48791,176353
2007-06-19,161330,-161361,310083,227309,65979,45218,206579
2007-06-26,186459,-188077,352299,264063,77604,49411,237488
2007-07-03,152830,-155138,326811,244264,91434,43373,198511
2007-07-10,121940,-125890,320333,226591,104651,51549,177439
2007-07-17,120898,-126773,303595,212555,91657,50431,177204
2007-07-24,81350,-92415,284669,188343,106993,51088,143503
2007-07-31,40490,-51162,264271,174003,133513,46600,97762
2007-08-07,20440,-34493,263905,172806,152366,47110,81603
2007-08-14,8532,-21889,278398,178281,169749,57759,79648
2007-08-21,-14283,1516,273008,173550,187833,61218,59702
2007-08-28,-22537,9846,276995,173334,195871,66128,56282
2007-09-04,-3363,-7053,269834,175469,178832,58339,65392
2007-09-11,-19558,5585,299538,195252,214810,62733,57148
2007-09-18,9623,-21067,168189,93739,84116,41534,62601
2007-09-25,-10273,-2449,171770,91652,101925,46051,48500
2007-10-02,17718,-28069,197060,127380,109662,35521,63590
2007-10-09,37260,-45757,224347,154402,117142,36321,82078
2007-10-16,31981,-38613,228334,149731,117750,45607,84220
2007-10-23,10644,-21354,225032,145548,134904,46369,67723
2007-10-30,-4043,-9949,222002,129666,133709,57461,67410
2007-11-06,-5240,-8897,216041,121629,126869,59945,68842
2007-11-13,-39486,20796,190955,86879,126365,63338,42542
2007-11-20,-51746,30401,193209,83162,134908,68020,37619
2007-11-27,-53407,31332,192574,84172,137579,68104,36772
2007-12-04,-55282,34085,195761,82859,138141,73463,39378
2007-12-11,-49354,30903,218614,110434,159788,68557,37654
2007-12-18,-25614,13357,176620,92410,118024,54075,40718
2007-12-24,-12157,4013,180033,105179,117336,46961,42948
2007-12-31,-9449,920,181412,107806,117255,45107,44187
2008-01-08,-49880,37473,193786,97448,147328,62356,24883
2008-01-15,-50991,37199,202548,100897,151888,64712,27513
2008-01-22,-57120,41842,193308,88117,145237,67896,26054
2008-01-29,-68143,52928,206162,92355,160498,78810,25882
2008-02-05,-70284,54690,225290,104879,175163,83740,29050
2008-02-12,-55473,43471,231216,120344,175817,73955,30484
2008-02-19,-67285,50444,237223,117380,184665,80805,30361
2008-02-26,-47149,34289,235856,129969,177118,70188,35899
2008-03-04,-77804,56285,254859,116355,194159,94654,38369
2008-03-11,-70242,50153,234069,108059,178301,86383,36230
2008-03-18,-74664,55759,193580,76317,150981,82300,26541
2008-03-25,-81454,65920,196616,76963,158417,88691,22771
2008-04-01,-66952,52298,189206,79243,146195,78135,25837
2008-04-08,-57117,43067,182491,81728,138845,70424,27357
2008-04-15,-58092,47972,177514,79136,137228,68950,20978
2008-04-22,-43215,35087,172737,85279,128494,60353,25266
2008-04-29,-64291,55450,166940,64831,129122,73485,18035
2008-05-06,-54618,48735,169098,72209,126827,69355,20620
2008-05-13,-41111,33816,174423,85465,126576,62209,28393
2008-05-20,-51199,40048,165388,69969,121168,65203,25155
2008-05-27,-44043,33304,171688,79024,123067,62907,29603
2008-06-03,-17986,23365,164454,82305,100291,55009,31644
2008-06-10,-419,7716,202372,132747,133166,43391,35675
2008-06-17,-1225,5857,161544,96011,97236,39989,34132
2008-06-24,14453,-12747,164015,105223,90770,34316,47063
2008-07-01,-18251,16005,175598,103980,122231,45189,29184
2008-07-08,-9216,5325,175428,107907,117123,40519,35194
2008-07-15,-62605,50105,213992,103912,166517,77600,27495
2008-07-22,-16264,10524,187785,114167,130431,48433,37909
2008-07-29,8158,-6280,178959,117604,109446,39162,45442
2008-08-05,11855,-12081,200818,130875,119020,45898,57979
2008-08-12,19430,-13249,208622,141077,121647,46164,59413
2008-08-19,29994,-23138,212982,148456,118462,40933,64071
2008-08-26,22097,-19970,209138,146975,124878,40103,60073
2008-09-02,4089,-5020,205813,143631,139542,38405,43425
2008-09-09,-18838,14821,206916,143124,161962,39298,24477
2008-09-16,-31375,26600,132133,57162,88537,50625,24025
2008-09-23,-41644,31939,141677,67085,108729,51186,19247
2008-09-30,-54270,43022,159908,65155,119425,69373,26351
2008-10-07,-53795,39813,158003,68733,122528,61557,21744
2008-10-14,-45656,29904,132983,54900,100556,51709,21805
2008-10-21,-45934,30121,138768,54077,100011,51441,21320
2008-10-28,-42906,31826,143020,54901,97807,51215,19389
2008-11-04,-37323,26494,129500,54352,91675,46772,20278
2008-11-11,-35204,24511,130102,61251,96455,46353,21842
2008-11-18,-35353,24134,129694,59015,94368,46827,22693
2008-11-25,-49814,37166,131206,46145,95959,62066,24900
2008-12-02,-55452,42903,138994,43279,98731,67743,24840
2008-12-09,-67682,43259,166059,64530,132212,62978,19719
2008-12-16,-48943,41381,110472,25067,74010,59985,18604
2008-12-22,-45848,40098,105339,25419,71267,56334,16236
2008-12-30,-48451,43876,105926,25447,73898,57793,13917
2009-01-06,-47485,46394,110160,26681,74166,62615,16221
2009-01-13,-44987,44895,107714,27263,72250,60480,15585
2009-01-20,-49185,47090,113171,29220,78405,62529,15439
2009-01-27,-54667,49007,115063,28783,83450,63369,14362
2009-02-03,-56491,50518,117069,28676,85167,65131,14613
2009-02-10,-43382,43597,106751,27908,71290,56870,13273
2009-02-17,-30195,36188,108685,33128,63323,54653,18465
2009-02-24,-19108,28635,108705,43617,62725,47262,18627
2009-03-03,-6958,20070,110223,48202,55160,46618,26548
2009-03-10,-4503,18906,114020,52418,56921,43326,24420
2009-03-17,13804,-4696,70507,33063,19259,27170,31866
2009-03-24,13248,-7662,69923,29910,16662,25057,32719
2009-03-31,16178,-9463,76607,34296,18118,26744,36207
2009-04-07,20214,-6998,84138,44924,24710,25566,32564
2009-04-14,15016,-6095,82017,44786,29770,21169,27264
2009-04-21,20022,-13695,74215,40029,20007,18343,32038
2009-04-28,7898,-4579,75734,36138,28240,22162,26741
2009-05-05,11385,-6518,75595,38002,26617,21588,28106
2009-05-12,-2212,2388,85709,36879,39091,28513,26125
2009-05-19,-9069,6000,90204,37571,46640,29526,23526
2009-05-26,-11595,8009,96706,37916,49511,34860,26851
2009-06-02,-12114,9621,96969,42726,54840,34077,24456
2009-06-09,7096,-2299,93527,53544,46448,25222,27521
2009-06-16,11473,-8563,62998,29475,18002,18287,26850
2009-06-23,1167,-4007,73797,31454,30287,22186,26193
2009-06-30,-764,-1047,73476,33018,33782,23261,24308
2009-07-07,-22718,17117,89956,31703,54421,36668,19551
2009-07-14,-44286,33567,110140,30772,75058,52640,19073
2009-07-21,-49193,36188,110610,30422,79615,52973,16785
2009-07-28,-34609,24302,90649,28105,62714,37334,13032
2009-08-04,-17326,10615,80101,29078,46404,28269,17654
2009-08-11,4873,824,70654,29869,24996,24019,23195
2009-08-18,-1330,2353,72642,29416,30746,25121,22768
2009-08-25,-16493,11647,86500,30043,46536,34055,22408
2009-09-01,-41477,32365,107605,30018,71495,52041,19676
2009-09-08,-51308,40799,115249,30640,81948,56725,15926
2009-09-15,-50798,37107,108330,24083,74881,54044,16937
2009-09-22,-60134,45615,119425,26167,86301,63269,17654
2009-09-29,-55917,44856,119276,26598,82515,63449,18593
2009-10-06,-59169,44643,120340,25847,85016,62127,17484
2009-10-13,-43303,33339,119052,39902,83205,49817,16478
2009-10-20,-36878,31185,120630,45911,82789,49401,18216
2009-10-27,-19528,17530,115161,56833,76361,36076,18546
2009-11-03,-21604,19832,110032,48691,70295,39028,19196
2009-11-09,-26848,21878,117344,52058,78906,42044,20166
2009-11-17,-45005,35552,125908,47864,92869,48750,13198
2009-11-24,-59060,51710,131833,38073,97133,65224,13514
2009-12-01,-66127,56907,144123,37883,104010,73793,16886
2009-12-08,-34848,35182,123501,52185,87033,48754,13572
2009-12-15,-9325,8372,88438,34665,43990,33810,25438
2009-12-22,4474,-1011,93224,46118,41644,29477,30488
2009-12-29,21785,-14903,95217,59501,37716,19943,34846
2010-01-05,27324,-16811,104231,68983,41659,20634,37445
2010-01-12,32258,-16744,120568,82160,49902,21951,38695
2010-01-19,29115,-17096,122367,80293,51178,23718,40814
2010-01-26,8239,-4347,119819,67644,59405,28821,33168
2010-02-02,-2068,7135,116129,63746,65814,30177,23042
2010-02-09,-19936,22396,120060,53299,73235,41352,18956
2010-02-16,-10203,13912,119816,60328,70531,35691,21779
2010-02-23,4919,1717,122919,70481,65562,30432,28715
2010-03-02,-30222,32552,133600,50719,80941,57332,24780
2010-03-09,-23433,26288,137443,62037,85470,51919,25631
2010-03-16,-8216,15197,95999,35087,43303,41278,26081
2010-03-23,-1234,10161,96913,37353,38587,41030,30869
2010-03-30,51334,-30866,109417,74872,23538,17174,48040
2010-04-06,64819,-42305,123837,87835,23016,18596,60901
2010-04-13,80088,-55746,131723,104015,23927,12573,68319
2010-04-20,78166,-50338,134324,105379,27213,14211,64549
2010-04-27,74564,-49777,137780,107397,32833,15018,64795
2010-05-04,92866,-65612,147243,119606,26740,12430,78042
2010-05-11,45918,-34669,146389,106673,60755,23265,57934
2010-05-18,51087,-34289,142699,106814,55727,21393,55682
2010-05-25,20716,-10238,140769,89420,68704,31994,42232
2010-06-01,13491,-6484,133365,79929,66438,33215,39699
2010-06-08,21417,-12547,133010,85012,63595,28519,41066
2010-06-15,16585,-3680,82217,43467,26882,23304,26984
2010-06-22,4081,3630,91415,43517,39436,29257,25627
2010-06-29,-30952,27427,120484,43161,74113,51721,24294
2010-07-06,-42847,37926,135128,43431,86278,62476,24550
2010-07-13,-52533,47359,133665,42411,94944,63205,15846
2010-07-20,-47659,40911,127658,43093,90752,54733,13822
2010-07-27,-30599,29921,124595,47996,78595,48488,18567
2010-08-03,-49903,47998,133870,42108,92011,61723,13725
2010-08-10,-52464,52478,136999,42754,95218,65314,12836
2010-08-17,-48325,49969,137645,45729,94054,62745,12776
2010-08-24,-49975,51069,140128,44860,94835,63086,12017
2010-08-31,-46456,49904,139079,48388,94844,61219,11315
2010-09-07,-49490,52183,150513,56195,105685,65440,13257
2010-09-14,-49809,47642,134360,43822,93631,61215,13573
2010-09-21,-26457,23100,113349,46822,73279,39948,16848
2010-09-28,-31852,28666,118274,45380,77232,45136,16470
2010-10-05,-51811,49206,142488,44606,96417,66866,17660
2010-10-12,-49891,48285,146581,48326,98217,66463,18178
2010-10-19,-44471,45856,139496,47485,91956,62554,16698
2010-10-26,-42679,43129,139850,48456,91135,61305,18176
2010-11-02,-50072,46455,140062,45614,95686,63061,16606
2010-11-09,-34090,36654,140515,51645,85735,54256,17602
2010-11-16,-18887,22858,131701,54366,73253,47595,24737
2010-11-23,-23259,27192,129620,51366,74625,51161,23969
2010-11-30,-24065,30006,133069,51521,75586,55791,25785
2010-12-07,-18823,23288,132233,55384,74207,47661,24373
2010-12-14,-2871,12735,96110,41019,43890,34996,22261
2010-12-21,-2369,12529,90072,36574,38943,34243,21714
2010-12-28,-23849,29641,109343,35204,59053,49941,20300
2011-01-04,-38773,39065,128483,35714,74487,65924,26859
2011-01-11,-17825,24736,107132,39826,57651,43884,19148
2011-01-18,-14407,20529,110405,38744,53151,46258,25729
2011-01-25,-27413,32218,116661,36405,63818,54495,22277
2011-02-01,-25444,31481,116384,36222,61666,52648,21167
2011-02-08,-28940,36731,117705,34434,63374,56607,19876
2011-02-15,33512,-18548,116803,71070,37558,24389,42937
2011-02-22,40480,-27746,124016,78336,37856,23457,51203
2011-03-01,-31862,41274,136561,47763,79625,62396,21122
2011-03-08,-8218,16656,131247,60542,68760,43205,26549
2011-03-15,-27402,30230,114701,29577,56979,52603,22373
2011-03-22,-35846,34525,112051,30066,65912,52484,17959
2011-03-29,-5824,7052,100377,33152,38976,37737,30685
2011-04-05,61994,-43231,120632,81153,19159,16516,59747
2011-04-12,76983,-52877,130084,95231,18248,14183,67060
2011-04-19,74250,-52983,127838,96035,21785,12935,65918
2011-04-26,53926,-36997,114134,76538,22612,14063,51060
2011-05-03,31440,-18819,104590,58959,27519,19779,38598
2011-05-10,-1317,13054,102289,40579,41896,36100,23046
2011-05-17,-2792,15373,103453,40617,43409,38016,22643
2011-05-24,-283,8006,99264,41588,41871,32188,24182
2011-05-31,8687,-1648,95929,44221,35534,24186,25834
2011-06-07,-12461,17631,106199,40964,53425,35883,18252
2011-06-14,-19623,24768,94483,27559,47182,38618,13850
2011-06-21,-32091,32594,99071,23172,55263,47074,14480
2011-06-28,-3573,13623,94286,37464,41037,34319,20696
2011-07-05,-6358,14327,94901,37001,43359,34595,20268
2011-07-12,-27879,28288,115846,31775,59654,52277,23989
2011-07-19,-46962,42155,129653,31874,78836,63535,21380
2011-07-26,-54548,51302,138932,31950,86498,72114,20812
2011-08-02,-64864,58833,148888,31542,96406,78855,20022
2011-08-09,-49902,42149,119904,33208,83110,53386,11237
2011-08-16,-53967,47348,126262,34111,88078,59060,11712
2011-08-23,-48704,47139,131217,40500,89204,60831,13692
2011-08-30,-44353,41185,126128,40060,84413,54136,12951
2011-09-06,-28149,32787,123412,47213,75362,48125,15338
2011-09-13,-31561,34955,151535,69951,101512,53778,18823
2011-09-20,-47174,45617,127828,35079,82253,63888,18271
2011-09-27,-40250,42322,125732,37340,77590,61166,18844
2011-10-04,-39462,43462,134724,46805,86267,60867,17405
2011-10-11,-32122,35119,153849,73150,105272,54190,19071
2011-10-18,-21960,26907,152255,78263,100223,49047,22140
2011-10-25,-58260,54279,165616,56542,114802,75999,21720
2011-11-01,-24759,25904,138045,68980,93739,43671,17767
2011-11-08,-25054,28077,138981,70785,95839,44320,16243
2011-11-15,-29702,33680,142233,71117,100819,49916,16236
2011-11-22,-40633,43180,149571,71333,111966,57018,13838
2011-11-29,-35347,40547,166279,90534,125881,56162,15615
2011-12-06,-32255,38271,178625,102825,135080,56817,18546
2011-12-13,-26955,35600,204818,127716,154671,52249,16649
2011-12-20,-17330,24476,132006,62663,79993,52148,27672
2011-12-27,-12183,22585,132557,64648,76831,52691,30106
2012-01-03,-51657,56481,158719,64329,115986,72986,16505
2012-01-10,-56728,59657,163533,63448,120176,76671,17014
2012-01-17,-59885,58862,168070,64244,124129,78355,19493
2012-01-24,-35664,44367,152061,64774,100438,66194,21827
2012-01-31,-53061,56669,172967,65159,118220,81054,24385
2012-02-07,-50221,55171,178512,67345,117566,84847,29676
2012-02-14,-14399,29459,153683,69188,83587,64096,34637
2012-02-21,6396,17257,150551,72539,66143,62062,44805
2012-02-28,31027,-1203,148310,83362,52335,51558,52761
2012-03-06,51117,-19358,147952,101188,50071,33281,52639
2012-03-13,81922,-42380,196396,156362,74440,22249,64629
2012-03-20,59791,-25821,139769,92729,32938,34923,60744
2012-03-27,104096,-67622,145497,123120,19024,10905,78527
2012-04-03,104478,-65108,150382,124871,20393,14563,79671
2012-04-10,102524,-66084,150875,124239,21715,16097,82181
2012-04-17,91641,-57803,144168,117949,26308,16917,74720
2012-04-24,86341,-55903,137636,113918,27577,12669,68572
2012-05-01,82885,-50173,140349,114191,31306,14110,64283
2012-05-08,69752,-41093,141842,111185,41433,16369,57462
2012-05-15,63608,-34315,139275,108497,44889,17455,51770
2012-05-22,43106,-18015,142168,106143,63037,20483,38498
2012-05-29,34175,-11330,140684,103632,69457,21620,32950
2012-06-05,-753,12073,169663,104807,105560,37376,25303
2012-06-12,4278,12307,174278,113390,109112,38182,25875
2012-06-19,-674,15137,123868,61597,62271,44740,29603
2012-06-26,19201,4542,123247,66111,46910,43910,39368
2012-07-03,17768,4175,117403,66299,48531,36950,32775
2012-07-10,10509,8952,115522,66776,56267,32920,23968
2012-07-17,6699,11121,121806,67719,61020,36734,25613
2012-07-24,-13859,25061,139033,65716,79575,52024,26963
2012-07-31,-22641,32254,144095,64503,87144,55373,23119
2012-08-07,-16296,27539,148998,69117,85413,55883,28344
2012-08-14,-16023,30704,151036,71053,87076,55983,25279
2012-08-21,11650,11171,141458,78662,67012,43584,32413
2012-08-28,-9672,21556,149444,73630,83302,53571,32015
2012-09-04,-17484,24007,152452,72936,90420,55133,31126
2012-09-11,-25347,32773,176618,82795,108142,60862,28089
2012-09-18,-5429,15476,128862,63586,69015,41500,26024
2012-09-25,-11658,21111,137692,65054,76712,47318,26207
2012-10-02,-22521,29335,141693,62717,85238,52696,23361
2012-10-09,887,12914,127442,66521,65634,40778,27864
2012-10-16,7527,10086,131343,69304,61777,42767,32681
2012-10-23,52306,-18196,137135,97898,45592,25550,43746
2012-10-30,76581,-37020,147135,115218,38637,19886,56906
2012-11-06,85147,-40104,161552,126094,40947,24966,65070
2012-11-13,69679,-30447,155931,121760,52081,21980,52427
2012-11-20,96763,-51389,180979,139472,42709,28272,79661
2012-11-27,127371,-79466,208130,168514,41143,27027,106493
2012-12-04,141217,-90326,220982,184151,42934,20929,111255
2012-12-11,138516,-94401,267582,223697,85181,16369,110770
2012-12-18,135953,-89163,196662,154980,19027,27935,117098
2012-12-24,136685,-85608,195705,156054,19369,26757,112365
2012-12-31,125628,-80517,194632,148129,22501,30432,110949
2013-01-08,116435,-74096,193295,145773,29338,32129,106225
2013-01-15,108891,-65727,196509,139213,30322,39447,105174
2013-01-22,109981,-64068,202225,143304,33323,41983,106051
2013-01-29,123312,-71246,219635,156122,32810,48476,119722
2013-02-05,114543,-68413,217709,148558,34015,50667,119080
2013-02-12,104210,-61306,215036,139903,35693,55782,117088
2013-02-19,112158,-65891,218241,145939,33781,54662,120553
2013-02-26,104826,-65344,216323,144872,40046,51998,117342
2013-03-05,112980,-73351,241938,171200,58220,50958,124309
2013-03-12,133865,-93763,288474,196716,62851,51240,145003
2013-03-19,118962,-79993,216674,143405,24443,55408,135401
2013-03-26,129739,-89149,220896,156848,27109,46931,136080
2013-04-02,116441,-78171,213997,151691,35250,46966,125137
2013-04-09,116753,-77697,220626,160513,43760,39699,117396
2013-04-16,137491,-93411,214577,171927,34436,26448,119859
2013-04-23,121073,-79730,204150,159437,38364,25942,105672
2013-04-30,111070,-71127,198106,153823,42753,24872,95999
2013-05-07,117470,-78560,209370,160636,43166,27886,106446
2013-05-14,133835,-88407,229746,179917,46082,28882,117289
2013-05-21,138632,-95186,227826,188237,49605,19454,114640
2013-05-28,140546,-99769,231012,192440,51894,18406,118175
2013-06-04,123233,-82744,219135,180807,57574,19176,101920
2013-06-11,109799,-72906,243644,184780,74981,21722,94628
2013-06-18,97718,-61890,163921,124994,27276,23010,84900
2013-06-25,87669,-61462,161160,117936,30267,24376,85838
2013-07-02,103745,-70736,178926,134078,30333,27336,98072
2013-07-09,114744,-80305,185249,143908,29164,25117,105422
2013-07-16,116956,-85762,182429,146421,29465,20220,105982
2013-07-23,120341,-87496,187250,148002,27661,22513,110009
2013-07-30,107997,-82135,174872,137588,29591,18216,100351
2013-08-06,107838,-80213,172059,134398,26560,19421,99634
2013-08-13,100039,-74462,159496,123280,23241,17375,91837
2013-08-20,93961,-71721,162168,122724,28763,19720,91441
2013-08-27,97752,-78353,175588,126655,28903,23396,101749
2013-09-03,110388,-79761,178360,134526,24138,27665,107426
2013-09-10,130236,-95066,197099,150685,20449,18854,113920
2013-09-17,122330,-88794,177045,136389,14059,26088,114882
2013-09-24,126656,-92818,174892,142849,16193,18173,110991
2013-10-01,110788,-82324,170525,134090,23302,18634,100958
2013-10-08,86803,-57097,165957,119861,33058,28165,85262
2013-10-15,87475,-59266,159871,118174,30699,25392,84658
2013-10-22,98564,-71802,152938,121556,22992,13928,85730
2013-10-29,91517,-62395,151987,117588,26071,17483,79878
2013-11-05,108905,-73792,169004,135153,26248,18734,92526
2013-11-12,138065,-95107,195690,160368,22303,20977,116084
2013-11-19,155322,-112216,214211,180482,25160,19424,131640
2013-11-26,168579,-123202,236713,195667,27088,23999,147201
2013-12-03,176689,-133383,245167,205013,28324,21290,154673
2013-12-10,170977,-129711,262229,213744,42767,18085,147796
2013-12-17,170083,-130223,232743,194899,24816,22225,152448
2013-12-24,185186,-143822,239160,210400,25214,14261,158083
2013-12-31,176198,-135228,232225,203112,26914,14274,149502
2014-01-07,169128,-128868,230156,201400,32272,11340,140208
2014-01-14,152304,-118066,218324,188796,36492,10754,128820
2014-01-21,147772,-114961,217548,186273,38501,13128,128089
2014-01-28,113689,-86192,203014,166773,53084,15977,102169
2014-02-04,105059,-76829,199361,164538,59479,15896,92725
2014-02-11,106984,-78786,196435,164935,57951,13686,92472
2014-02-18,111085,-79784,200057,165294,54209,16736,96520
2014-02-25,111847,-85090,203743,169868,58021,14727,99817
2014-03-04,108660,-79709,205886,164751,56091,20407,100116
2014-03-11,129751,-99356,242170,179595,49844,15726,115082
2014-03-18,81631,-61099,156922,110724,29093,24144,85243
2014-03-25,96905,-68887,158280,125024,28119,17600,86487
2014-04-01,123050,-88638,188464,150350,27300,22162,110800
2014-04-08,114873,-87462,181814,148721,33848,13340,100802
2014-04-15,90743,-68716,164843,126913,36170,14351,83067
2014-04-22,91375,-67243,165674,128226,36851,16564,83807
2014-04-29,98378,-70352,168820,134782,36404,13846,84198
2014-05-06,82912,-60728,167093,121860,38948,20381,81109
2014-05-13,89986,-64707,164707,125523,35537,17471,82178
2014-05-20,68459,-53787,164819,117310,48851,18681,72468
2014-05-27,80974,-59036,162820,122450,41476,16999,76035
2014-06-03,107553,-74218,171804,140423,32870,12578,86796
2014-06-10,114074,-82162,201094,159506,45432,11893,94055
2014-06-17,95673,-68038,153007,118464,22791,17832,85870
2014-06-24,97178,-71223,148257,120767,23589,10325,81548
2014-07-01,73363,-58686,156480,111566,38203,18739,77425
2014-07-08,84930,-66375,157710,123987,39057,11174,77549
2014-07-15,81936,-62948,155127,126301,44365,8385,71333
2014-07-22,73136,-53916,162029,126976,53840,11979,65895
2014-07-29,98799,-73069,172210,144166,45367,7828,80897
2014-08-05,134500,-95399,192906,165996,31496,9896,105295
2014-08-12,111928,-81097,192140,162443,50515,12518,93615
2014-08-19,127342,-87271,203180,169000,41658,17976,105247
2014-08-26,149114,-102891,218009,181291,32177,19512,122403
2014-09-02,163431,-117308,230937,196512,33081,15485,132793
2014-09-09,147179,-100673,255624,203368,56189,17280,117953
2014-09-16,130226,-83182,208235,157321,27095,37617,120799
2014-09-23,146783,-105422,222214,174766,27983,28391,133813
2014-09-30,162477,-120878,239477,192095,29618,29910,150788
2014-10-07,148442,-112551,223255,174647,26205,24837,137388
2014-10-14,139162,-101147,212420,170600,31438,22839,123986
2014-10-21,106932,-71738,185412,140081,33149,26634,98372
2014-10-28,101207,-67399,184120,139790,38583,23883,91282
2014-11-04,115836,-71651,207974,150672,34836,37917,109568
2014-11-11,124473,-82563,227576,161168,36695,47271,129834
2014-11-18,132835,-92454,238898,171130,38295,46612,139066
2014-11-25,146983,-104380,253976,184551,37568,46304,150684
2014-12-02,156750,-111160,257828,192591,35841,41530,152690
2014-12-09,144921,-104136,279859,207616,62695,38067,142203
2014-12-16,130125,-86927,227685,161934,31809,45652,132579
2014-12-23,137895,-93742,226107,176015,38120,29021,122763
2014-12-30,136402,-96319,226629,174779,38377,28836,125155
2015-01-06,130717,-90083,228954,172310,41593,33160,123243
2015-01-13,134095,-94625,231223,182073,47978,25872,120497
2015-01-20,116189,-77886,215413,164972,48783,26525,104411
2015-01-27,101042,-64658,202571,155145,54103,26526,91184
2015-02-03,96139,-59571,203963,157407,61268,25586,85157
2015-02-10,100958,-55124,204193,160293,59335,25884,81008
2015-02-17,92854,-49091,203555,152950,60096,31269,80360
2015-02-24,87373,-47512,202438,149980,62607,31611,79123
2015-03-03,93430,-52521,210611,158423,64993,33944,86465
2015-03-10,110109,-59387,235089,169840,59731,32898,92285
2015-03-17,97711,-48054,195913,138442,40731,44496,92550
2015-03-24,85978,-45905,181026,126021,40043,39156,85061
2015-03-31,62413,-23924,177478,116378,53965,44409,68333
2015-04-07,63643,-24449,189444,118118,54475,53320,77769
2015-04-14,56835,-23070,195230,121029,64194,54783,77853
2015-04-21,50038,-14448,189332,120368,70330,51520,65968
2015-04-28,32555,-5493,188079,118521,85966,48721,54214
2015-05-05,66999,-31183,198886,139448,72449,41852,73035
2015-05-12,59014,-23593,193296,137626,78612,37848,61441
2015-05-19,70583,-22005,231658,153519,82936,63398,85403
2015-05-26,117958,-62224,251744,183190,65232,50210,112434
2015-06-02,140846,-85693,260104,193122,52276,46681,132374
2015-06-09,174477,-116286,306449,234607,60130,42440,158726
2015-06-16,130620,-80664,262329,180102,49482,64760,145424
2015-06-23,135324,-87717,247839,190910,55586,39019,126736
2015-06-30,117282,-78822,254014,187745,70463,45479,124301
2015-07-07,100465,-63629,250828,184004,83539,46070,109699
2015-07-14,83497,-47371,247704,178906,95409,49167,96538
2015-07-21,99635,-62314,251136,181299,81664,50899,113213
2015-07-28,99232,-63538,246269,180620,81388,46270,109808
2015-08-04,119981,-79716,252655,185079,65098,49906,129622
2015-08-11,148075,-105226,264608,199520,51445,45768,150994
2015-08-18,125219,-90130,251418,185657,60438,45935,136065
2015-08-25,54714,-39059,260458,173759,119045,59922,98981
2015-09-01,28503,-15555,273205,179349,150846,68023,83578
2015-09-08,21012,-6662,279712,185864,164852,63121,69783
2015-09-15,39559,-26814,166081,107374,67815,36449,63263
2015-09-22,31587,-23678,177439,103792,72205,48282,71960
2015-09-29,32538,-22052,174697,109614,77076,39753,61805
2015-10-06,30758,-17599,170780,107023,76265,39050,56649
2015-10-13,21756,-13832,169873,106019,84263,38004,51836
2015-10-20,13067,-3639,184281,109001,95934,48747,52386
2015-10-27,55204,-33911,189472,128969,73765,36437,70348
2015-11-03,65127,-43787,204271,140770,75643,41489,85276
2015-11-10,97686,-66888,234202,177813,80127,35081,101969
2015-11-17,111224,-78611,250346,194025,82801,34475,113086
2015-11-24,107933,-77336,247513,194629,86696,30277,107613
2015-12-01,104921,-74901,253505,197457,92536,31228,106129
2015-12-08,98557,-68050,246055,189782,91225,26400,94450
2015-12-15,42586,-26580,194196,134622,92036,37301,63881
2015-12-22,50938,-30367,197375,141911,90973,37677,68044
2015-12-29,34780,-17226,196825,131111,96331,45008,62234
2016-01-05,4543,4103,220707,127747,123204,67471,63368
2016-01-12,-23845,25266,241366,130859,154704,78385,53119
2016-01-19,-40417,37653,247614,128081,168498,84485,46832
2016-01-26,-54641,50026,250711,124038,178679,92628,42602
2016-02-02,-27090,37245,237289,130736,157826,82108,44863
2016-02-09,-40801,43232,237081,131862,172663,75811,32579
2016-02-16,-51459,47901,248985,131826,183285,84518,36617
2016-02-23,-57242,52734,257064,131150,188392,92376,39642
2016-03-01,-58622,59625,261679,132993,191615,94070,34445
2016-03-08,-65310,64333,289879,153269,218579,93867,29534
2016-03-15,-46976,45489,140084,32762,79738,79426,33937
2016-03-22,-57511,53346,146421,32265,89776,82812,29466
2016-03-29,-59963,54387,148292,32118,92081,84870,30483
2016-04-05,-69057,60073,166831,32451,101508,98130,38057
2016-04-12,-70758,66190,173515,38652,109410,100120,33930
2016-04-19,-76829,71870,179888,41258,118087,105710,33840
2016-04-26,-67685,66498,168767,40734,108419,97470,30972
2016-05-03,-65495,61521,161529,41904,107399,85627,24106
2016-05-10,-63294,59047,165549,43309,106603,88897,29850
2016-05-17,-62439,58919,158909,41969,104408,86165,27246
2016-05-24,-23035,22059,159833,73603,96638,54792,32733
2016-05-31,-13526,14837,156499,78749,92275,46964,32127
2016-06-07,-43861,42853,180894,72616,116477,68237,25384
2016-06-14,-57384,55690,139052,28678,86062,77703,22013
2016-06-21,-56542,52296,144710,30450,86992,79398,27102
2016-06-28,-58067,59750,143117,30249,88316,85493,25743
2016-07-05,-65015,63568,150417,32637,97652,87037,23469
2016-07-12,-42008,47545,161262,46842,88850,85364,37819
2016-07-19,-38726,39353,158366,46993,85719,79864,40511
2016-07-26,-26511,34958,159869,58947,85458,74074,39116
2016-08-02,-36367,41700,156696,51707,88074,76575,34875
2016-08-09,-45724,48831,167011,49619,95343,86719,37888
2016-08-16,-52916,56006,165905,46280,99196,88273,32267
2016-08-23,-56237,60316,164756,43245,99482,90387,30071
2016-08-30,-57204,63661,164329,44366,101570,91570,27909
2016-09-06,-49904,54489,159342,41120,91024,83968,29479
2016-09-13,-50208,56846,167340,43492,93700,86140,29294
2016-09-20,-53306,58785,140738,29715,83021,85117,26332
2016-09-27,-62263,68892,155170,28326,90589,97432,28540
2016-10-04,-57193,68695,157574,30627,87820,101986,33291
2016-10-11,-37738,45909,150394,43806,81544,79279,33370
2016-10-18,-27525,36991,156607,54359,81884,74966,37975
2016-10-25,-28157,44595,163040,55555,83712,82385,37790
2016-11-01,-28239,43160,165124,59272,87511,81010,37850
2016-11-08,-18301,31956,164328,69838,88139,72619,40663
2016-11-15,-6905,20676,170967,81503,88408,67085,46409
2016-11-22,8964,10900,187684,95166,86202,71183,60283
2016-11-29,24168,-269,202171,108163,83995,72124,72393
2016-12-06,57093,-33937,235915,140357,83264,74367,108304
2016-12-13,87429,-63429,285274,194893,107464,62432,125861
2016-12-20,99223,-75449,220435,137201,37978,64200,139649
2016-12-27,113829,-87009,219343,160533,46704,40565,127574
2017-01-03,113963,-86764,220120,162764,48801,37962,124726
2017-01-10,107588,-79839,209488,164249,56661,26041,105880
2017-01-17,107213,-77830,211752,164514,57301,28560,106390
2017-01-24,95853,-66840,196765,152556,56703,27127,93967
2017-01-31,81432,-58331,204494,152598,71166,32216,90547
2017-02-07,79022,-55060,201632,156236,77214,25874,80934
2017-02-14,75506,-51284,204277,155557,80051,27701,78985
2017-02-21,74141,-50162,205223,155538,81397,29954,80116
2017-02-28,73260,-50017,204602,150880,77620,29012,79029
2017-03-07,84847,-54700,217982,156075,71228,39203,93903
2017-03-14,99742,-71297,202647,148132,48390,35563,106860
2017-03-21,89475,-66987,191626,135159,45684,35039,102026
2017-03-28,70829,-53181,197542,128200,57371,42886,96067
2017-04-04,60206,-45800,194368,126068,65862,41313,87113
2017-04-11,45399,-34764,198381,125340,79941,43316,78080
2017-04-18,38128,-30463,203617,126595,88467,45761,76224
2017-04-25,33802,-26869,204179,125796,91994,48538,75407
2017-05-02,42119,-30483,196845,129521,87402,37519,68002
2017-05-09,57893,-36307,203140,133992,76099,42635,78942
2017-05-16,82358,-60008,222510,155071,72713,41963,101971
2017-05-23,68837,-51656,211298,143304,74467,41920,93576
2017-05-30,67024,-52275,213727,143450,76426,43404,95679
2017-06-06,62302,-55027,225549,143746,81444,39736,94763
2017-06-13,60896,-50553,210617,144233,83337,34160,84713
2017-06-20,68012,-49959,171840,112255,44243,39498,89457
2017-06-27,82010,-61350,183705,123453,41443,38254,99604
2017-07-03,98183,-75036,207597,141824,43641,43648,118684
2017-07-11,133152,-112125,239786,174866,41714,40778,152903
2017-07-18,147646,-126919,250071,188763,41117,37419,164338
2017-07-25,138464,-121489,235140,180207,41743,28018,149507
2017-08-01,124932,-112196,242876,178378,53446,36445,148641
2017-08-08,110169,-95813,232827,165991,55822,39810,135623
2017-08-15,89173,-77492,215090,145227,56054,43308,120800
2017-08-22,82791,-74086,215457,142448,59657,45162,119248
2017-08-29,75204,-68524,209890,138466,63262,43889,112413
2017-09-05,78232,-72945,213200,136437,58205,47285,120230
2017-09-12,67502,-57297,200444,127392,59890,40642,97939
2017-09-19,67008,-51322,185352,120365,53357,42435,93757
2017-09-26,90435,-71347,207097,140482,50047,42963,114310
2017-10-03,106433,-84643,246889,160230,53797,58770,143413
2017-10-10,123346,-101419,254124,173289,49943,51655,153074
2017-10-17,122887,-101286,257087,174720,51833,55010,156296
2017-10-24,146992,-116857,282230,195330,48338,60077,176934
2017-10-31,148617,-118869,277706,196707,48090,54585,173454
2017-11-07,155408,-127848,287936,206955,51547,54336,182184
2017-11-14,161947,-135999,283628,207213,45266,49347,185346
2017-11-21,146781,-122602,261019,191725,44944,44382,166984
2017-11-28,130967,-110640,244536,178434,47467,39793,150433
2017-12-05,132028,-114267,238077,174129,42101,34766,149033
2017-12-12,138955,-114123,250581,186472,47517,31747,145870
2017-12-19,136603,-114373,223424,166728,30125,36874,151247
2017-12-26,132488,-116086,232428,165875,33387,44269,160355
2018-01-02,134872,-121766,230564,166322,31450,39592,161358
2018-01-09,140893,-125536,233144,172910,32017,37376,162912
2018-01-16,123028,-119350,236305,169016,45988,38152,157502
2018-01-23,126633,-122870,241136,174505,47872,37260,160130
2018-01-30,110204,-114696,260237,177727,67523,47828,162524
2018-02-06,112299,-112876,249478,179016,66717,39108,151984
2018-02-13,107161,-115509,260170,180507,73346,42299,157808
2018-02-20,97323,-108338,271271,184131,86808,45634,153972
2018-02-27,88576,-96651,263066,180046,91470,44539,141190
2018-03-06,76881,-86845,277327,184721,107840,50057,136902
2018-03-13,70746,-79539,279671,193621,122875,44296,123835
2018-03-20,17403,-21999,160250,75371,57968,47902,69901
2018-03-27,-7423,-3668,162038,64904,72327,56544,60212
2018-04-03,-11287,3572,148818,63665,74952,48053,44481
2018-04-10,-10326,2761,151202,64798,75124,49855,47094
2018-04-17,-12197,2591,147319,61662,73859,49433,46842
2018-04-24,1195,583,155237,66251,65056,59253,58670
2018-05-01,7321,-1405,160337,72708,65387,57349,58754
2018-05-08,8745,-5462,157576,74829,66084,51812,57274
2018-05-15,3475,3680,163411,69058,65583,64926,61246
2018-05-22,19101,-2767,175316,74538,55437,73836,76603
2018-05-29,16539,-8036,171339,73606,57067,63182,71218
2018-06-05,9747,-3437,146448,62362,52615,52060,55497
2018-06-12,11776,5052,166877,79424,67648,60609,55557
2018-06-19,45017,-35562,154641,80588,35571,46565,82127
2018-06-26,47012,-34221,153566,81943,34931,44430,78651
2018-07-03,55699,-38730,168360,92429,36730,49990,88720
2018-07-10,63354,-39832,182066,98735,35381,60563,100395
2018-07-17,85168,-58650,215413,116336,31168,77021,135671
2018-07-24,97646,-73769,200427,128268,30622,49993,123762
2018-07-31,93107,-68457,197566,126011,32904,48016,116473
2018-08-07,86358,-62807,187902,118196,31838,46136,108943
2018-08-14,80210,-58368,185834,111729,31519,49369,107737
2018-08-21,68700,-47406,189698,108223,39523,54116,101522
2018-08-28,68573,-46041,185082,108721,40148,50230,96271
2018-09-04,75024,-51932,185347,110072,35048,47572,99504
2018-09-11,74297,-53886,193428,117043,42746,48057,101943
2018-09-18,93174,-63755,200221,126444,33270,49752,113507
2018-09-25,113157,-84719,215376,144358,31201,47253,131972
2018-10-02,136000,-114046,252277,169666,33666,56074,170120
2018-10-09,138202,-115201,253374,181744,43542,47034,162235
2018-10-16,119621,-100621,211210,157934,38313,30096,130717
2018-10-23,113150,-92804,205643,151773,38623,29922,122726
2018-10-30,107462,-91620,203113,147740,40278,28854,120474
2018-11-06,113442,-89122,209453,152591,39149,33060,122182
2018-11-13,126352,-102294,231730,167316,40964,40192,142486
2018-11-20,121490,-100065,223144,162783,41293,33462,133527
2018-11-27,126233,-104324,231711,168772,42539,35817,140141
2018-12-04,121170,-109766,226835,162776,41606,32717,142483
2018-12-11,115991,-97606,213055,156500,40509,25495,123101
2018-12-18,118199,-102771,214868,163202,45003,26957,129728
2018-12-24,110286,-99089,224458,162784,52498,33281,132370
2018-12-31,101074,-88623,216224,158287,57213,32712,121335
2019-01-08,58826,-61314,230524,151121,92295,42727,104041
2019-01-15,39419,-46421,229295,149550,110131,38686,85107
2019-01-22,33943,-39667,212563,145235,111292,28403,68070
2019-01-29,32091,-33345,204816,142933,110842,27001,60346
2019-02-05,32923,-31410,192789,138872,105949,20752,52162
2019-02-12,33715,-30742,185725,129601,95886,24541,55283
2019-02-19,40473,-37461,184023,128168,87695,24844,62305
2019-02-26,45624,-39654,186158,128100,82476,27365,67019
2019-03-05,58662,-51306,207083,137804,79142,33421,84727
2019-03-12,63289,-58781,196766,137778,74489,22144,80925
2019-03-19,73552,-59221,158074,111481,37929,20081,79302
2019-03-26,69792,-62121,157145,109519,39727,18323,80444
2019-04-02,72916,-62741,156838,109231,36315,20462,83203
2019-04-09,77529,-71520,165736,115660,38131,19914,91434
2019-04-16,97500,-87106,200018,137180,39680,31807,118913
2019-04-23,104493,-94414,207316,146962,42469,28121,122535
2019-04-30,108609,-99599,203323,150553,41944,20578,120177
2019-05-07,103550,-91717,201462,144412,40862,25869,117586
2019-05-14,69796,-61580,180573,112901,43105,35915,97495
2019-05-21,64617,-55192,170834,113574,48957,27540,82732
2019-05-28,59617,-55577,169790,110775,51158,25803,81380
2019-06-04,44542,-44389,167810,104461,59919,27437,71826
2019-06-11,45570,-45165,169387,112117,66547,20786,65951
2019-06-18,17488,-16565,123629,63256,45768,28169,44734
2019-06-25,3781,-10147,139439,65772,61991,31090,41237
2019-07-02,-1327,-1227,139355,66542,67869,34198,35425
2019-07-09,4484,-3651,135737,69473,64989,35346,38997
2019-07-16,9640,-11380,130304,67152,57512,32905,44285
2019-07-23,6038,-9377,136245,69196,63158,34642,44019
2019-07-30,2358,-4218,138842,69070,66712,37028,41246
2019-08-06,-18647,10561,153338,67882,86529,46225,35664
2019-08-13,-29542,24742,160271,68708,98250,51764,27022
2019-08-20,-37982,31154,154662,66338,104320,49984,18830
2019-08-27,-39617,33607,157862,60327,99944,59795,26188
2019-09-03,-38978,27682,157788,58451,97429,57222,29540
2019-09-10,-39201,32591,151397,55208,94409,56579,23988
2019-09-17,-30593,23862,130940,49738,80331,50842,26980
2019-09-24,-19404,12783,142026,59437,78841,45759,32976
2019-10-01,-20633,13917,151860,59504,80137,57893,43976
2019-10-08,-15390,11012,150019,64209,79599,52803,41791
2019-10-15,9772,-6641,157707,81307,71535,46416,53057
2019-10-22,20576,-18165,159250,87258,66682,41556,59721
2019-10-29,25097,-19698,163486,92543,67446,39185,58883
2019-11-05,34695,-26605,177106,101217,66522,43996,70601
2019-11-12,39118,-34997,183480,106504,67386,43964,78961
2019-11-19,35491,-35031,182445,102992,67501,45423,80454
2019-11-26,46703,-39591,196894,115116,68413,49278,88869
2019-12-03,49353,-47823,214223,126334,76981,48312,96135
2019-12-10,51631,-43682,198700,122108,70477,41843,85525
2019-12-17,48744,-42062,178529,102748,54004,43418,85480
2019-12-24,38012,-33542,173142,99923,61911,40592,74134
2019-12-31,35166,-25302,174966,97526,62360,43668,68970
2020-01-07,17460,-12248,162094,82055,64595,47846,60094
2020-01-14,38516,-31430,183863,100226,61710,49720,81150
2020-01-21,52107,-44701,203579,117694,65587,50596,95297
2020-01-28,47186,-36025,184919,110412,63226,45676,81701
2020-02-04,34324,-21898,190079,105438,71114,57672,79570
2020-02-11,40397,-26188,193822,111167,70770,54805,80993
2020-02-18,42777,-27221,203631,116686,73909,58605,85826
2020-02-25,74248,-56389,223904,144064,69816,53855,110244
2020-03-03,50087,-42324,198404,120130,70043,50598,92922
2020-03-10,-6386,8157,159128,70545,76931,61732,53575
2020-03-17,-35176,32935,125769,42873,78049,57286,24351
2020-03-24,-20475,23863,125594,48777,69252,56528,32665
2020-03-31,-15067,18282,120270,53154,68221,48444,30162
2020-04-07,-19604,22410,118595,51300,70904,49249,26839
2020-04-14,-26779,22643,122929,48656,75435,49863,27220
2020-04-21,-25805,26026,128272,52383,78188,53730,27704
2020-04-28,-36737,32326,143835,56947,93684,59962,27636
2020-05-05,-32837,27214,152042,68783,101620,56634,29420
2020-05-12,-29239,27937,153370,72360,101599,56307,28370
2020-05-19,-27709,27470,147975,71027,98736,52038,24568
2020-05-26,-34222,34607,156827,74238,108460,57873,23266
2020-06-02,-28488,32579,158743,72106,100594,61958,29379
2020-06-09,-13302,17462,155159,82366,95668,48862,31400
2020-06-16,-22145,22110,127287,64304,86449,43126,21016
2020-06-23,-33885,27458,144549,68487,102372,50490,23032
2020-06-30,-28424,23861,137362,68918,97342,42755,18894
2020-07-07,-17841,16812,138313,70580,88421,44043,27231
2020-07-14,-19740,18326,135263,67691,87431,45111,26785
2020-07-21,-26747,19307,142686,65447,92194,50854,31547
2020-07-28,-42059,28507,170269,73649,115708,62924,34417
2020-08-04,-46125,31429,157968,74165,120290,52073,20644
2020-08-11,-34737,27016,150149,72712,107449,48158,21142
2020-08-18,-32518,20584,147076,73149,105667,41717,21133
2020-08-25,-30163,23616,147553,73477,103640,44978,21362
2020-09-01,-38011,29604,145922,70342,108353,46654,17050
2020-09-08,-32185,21742,151546,73161,105346,44850,23108
2020-09-15,-34628,22889,148912,69658,104286,50360,27471
2020-09-22,-43644,29581,169251,76239,119883,59033,29452
2020-09-29,-36070,24789,158298,79984,116054,47535,22746
2020-10-06,-32966,21102,163024,86102,119068,45779,24677
2020-10-13,-30096,19976,165616,86989,117085,47245,27269
2020-10-20,-27028,14183,166091,88750,115778,46524,32341
2020-10-27,-36809,17893,177622,94605,131414,46131,28238
2020-11-03,-47675,28098,184751,97895,145570,51012,22914
2020-11-10,-55356,41894,183518,96135,151491,55644,13750
2020-11-17,-44880,29667,165073,92697,137577,40313,10646
2020-11-24,-54797,40242,179503,93462,148259,54472,14230
2020-12-01,-63405,47503,185873,90038,153443,62449,14946
2020-12-08,-66974,48166,193326,92587,159561,63585,15419
2020-12-15,-63113,43963,193317,90761,153874,65376,21413
2020-12-21,-63066,46093,196845,93605,156671,66970,20877
2020-12-29,-66386,47350,194454,95149,161535,63577,16227
2021-01-05,-73117,50190,206963,98129,171246,69163,18973
2021-01-12,-61797,50520,190811,94609,156406,63857,13337
2021-01-19,-64942,50014,191540,94924,159866,64143,14129
2021-01-26,-61560,44992,193822,96095,157655,63463,18471
2021-02-02,-45880,44629,190948,95041,140921,69602,24973
2021-02-09,-36873,34618,183901,92849,129722,60719,26101
2021-02-16,-35486,37182,188119,92764,128250,66732,29550
2021-02-23,-28087,28622,183247,89663,117750,66670,38048
2021-03-02,-11313,19270,189270,101787,113100,61259,41989
2021-03-09,10816,6514,211347,122099,111283,64027,57513
2021-03-16,56281,-39368,145951,99385,43104,26003,65371
2021-03-23,72912,-53525,160581,112098,39186,27524,81049
2021-03-30,80881,-59481,166091,121115,40234,24724,84205
2021-04-06,78537,-57989,164310,117846,39309,26794,84783
2021-04-13,78770,-58312,165431,119216,40446,27682,85994
2021-04-20,76083,-59819,162649,115715,39632,26617,86436
2021-04-27,61928,-48509,154894,103999,42071,29673,78182
2021-05-04,54331,-41492,152676,99092,44761,31208,72700
2021-05-11,55223,-41728,152404,99644,44421,30491,72219
2021-05-18,64101,-50948,154727,107486,43385,24965,75913
2021-05-25,61353,-50156,153196,107377,46024,24163,74319
2021-06-01,62579,-47115,162091,110690,48111,29462,76577
2021-06-08,54268,-37314,161592,108879,54611,27248,64562
2021-06-15,65317,-46850,155359,112798,47481,22974,69824
2021-06-22,76170,-53862,190545,138242,62072,34118,87980
2021-06-29,91715,-69895,195698,149165,57450,27380,97275
2021-07-06,92131,-69136,205341,155707,63576,31625,100761
2021-07-13,74736,-56250,203727,145716,70980,40440,96690
2021-07-20,71266,-55731,192301,138577,67311,35474,91205
2021-07-27,75014,-59934,196102,143819,68805,32975,92909
2021-08-03,67607,-55190,189242,136596,68989,30409,85599
2021-08-10,83261,-60657,206131,151720,68459,36684,97341
2021-08-17,78091,-63208,196495,147403,69312,27532,90740
2021-08-24,82070,-66671,194477,147612,65542,26763,93434
2021-08-31,79415,-63130,193999,144849,65434,29030,92160
2021-09-07,78582,-62325,204435,151585,73003,29704,92029
2021-09-14,68035,-60295,192088,146716,78681,21728,82023
2021-09-21,66594,-56071,191213,146680,80086,22844,78915
2021-09-28,83279,-64760,219638,165246,81967,35328,100088
2021-10-05,84463,-63694,226379,175160,90697,31569,95263
2021-10-12,95092,-76634,243617,185560,90468,35810,112444
2021-10-19,122640,-102734,266750,207735,85095,35713,138447
2021-10-26,128546,-107036,265254,212303,83757,31487,138523
2021-11-02,126005,-107624,251058,207612,81607,20337,127961
2021-11-09,123199,-105351,243087,203044,79845,16440,121791
2021-11-16,115758,-93126,252897,203468,87710,24635,117761
2021-11-23,116225,-97253,251801,205923,89698,20285,117538
2021-11-30,92033,-78866,216692,177285,85252,14585,93451
2021-12-07,80497,-63081,205970,163847,83350,13148,76229
2021-12-14,71060,-53523,176584,136938,65878,20231,73754
2021-12-21,71159,-52286,183743,142161,71002,22191,74477
2021-12-28,72364,-53102,203814,150647,78283,32475,85577
2022-01-04,84744,-62262,234068,170537,85793,40816,103078
2022-01-11,108392,-87525,234005,189708,81316,22364,109889
2022-01-18,99740,-80879,201820,173701,73961,8002,88881
2022-01-25,82863,-68273,197830,160178,77315,15866,84139
2022-02-01,79353,-60640,194435,160358,81005,14510,75150
2022-02-08,75957,-59148,196478,159601,83644,15692,74840
2022-02-15,86256,-66162,199425,166645,80389,10425,76587
2022-02-22,82480,-63187,194169,162044,79564,10976,74163
2022-03-01,79535,-68732,208629,167605,88070,14665,83397
2022-03-08,76657,-55856,208683,170330,93673,15548,71404
2022-03-15,87597,-62340,215484,163089,75492,34016,96356
2022-03-22,104790,-78482,248221,189100,84310,36676,115158
2022-03-29,124850,-102131,239698,201190,76340,15274,117405
2022-04-05,125224,-103829,242217,205209,79985,14583,118412
2022-04-12,131902,-111827,245403,212850,80948,9925,121752
2022-04-19,129842,-107187,251291,216101,86259,12723,119910
2022-04-26,114921,-95535,237995,201828,86907,14269,109804
2022-05-03,120264,-100794,254813,215563,95299,18585,119379
2022-05-10,124927,-110454,247278,213084,88157,11196,121650
2022-05-17,115062,-102309,241308,204417,89355,12113,114422
2022-05-24,106699,-99444,237256,192215,85516,16567,116011
2022-05-31,105049,-94439,239080,196584,91535,15201,109640
2022-06-07,109109,-91646,266054,210889,101780,18466,110112
2022-06-14,86443,-69755,232513,175789,89346,32441,102196
2022-06-21,74349,-58454,218076,156248,81899,35864,94318
2022-06-28,67895,-52570,213767,152071,84176,36462,89032
2022-07-05,64063,-54445,217672,149702,85639,38660,93105
2022-07-12,75067,-59998,223539,160589,85522,35533,95531
2022-07-19,73082,-59225,229449,158427,85345,42880,102105
2022-07-26,73773,-61481,229219,157963,84190,43812,105293
2022-08-02,50254,-42753,236737,157333,107079,50433,93186
2022-08-09,36994,-25032,225834,148628,111634,52333,77365
2022-08-16,41979,-28891,228697,152209,110230,51308,80199
2022-08-23,52464,-38807,242132,156987,104523,56734,95541
2022-08-30,61287,-41531,247030,163991,102704,54513,96044
2022-09-06,77669,-58189,281266,191138,113469,56002,114191
2022-09-13,98299,-80692,281716,212375,114076,39323,120015
2022-09-20,97513,-81280,250892,190267,92754,34767,116047
2022-09-27,100633,-82556,244655,195930,95297,22706,105262
2022-10-04,93324,-81623,243289,185691,92367,26962,108585
2022-10-11,94449,-77393,245007,187119,92670,30149,107542
2022-10-18,110841,-94336,264265,203508,92667,30583,124919
2022-10-25,118082,-102618,272597,205120,87038,37579,140197
2022-11-01,95774,-77620,258906,191221,95447,40460,118080
2022-11-08,88980,-75258,251378,183539,94559,37201,112459
2022-11-15,77213,-65842,233346,172905,95692,33797,99639
2022-11-22,78106,-64850,227435,170350,92244,30800,95650
2022-11-29,82669,-67394,228328,173959,91290,28125,95519
2022-12-06,75202,-65996,223424,169918,94716,23589,89585
2022-12-13,59029,-53188,226964,157021,97992,22290,75478
2022-12-20,45723,-40881,182034,121482,75759,33686,74567
2022-12-27,46001,-37730,173136,118599,72598,29685,67415
2023-01-03,46773,-46864,172590,117959,71186,25377,72241
2023-01-10,34488,-35377,175745,119166,84678,26395,61772
2023-01-17,18084,-22961,176862,114907,96823,29458,52419
2023-01-24,17145,-21635,173321,113437,96292,27620,49255
2023-01-31,18179,-20060,168540,114423,96244,22550,42610
2023-02-07,33346,-29089,164069,118080,84734,16556,45645
2023-02-14,35769,-27843,174955,124522,88753,23079,50922
2023-02-21,46889,-34029,186100,126777,79888,32486,66515
2023-02-28,70521,-58678,200047,142893,72372,27703,86381
2023-03-07,89603,-75303,211297,163246,73643,17141,92444
2023-03-14,85994,-74794,179782,142857,56863,11048,85842
2023-03-21,72484,-66345,169188,134389,61905,7255,73600
2023-03-28,57562,-53975,169473,132070,74508,9717,63692
2023-04-04,52266,-57036,178828,133327,81061,11523,68559
2023-04-11,56349,-57207,176822,132604,76255,11933,69140
2023-04-18,61645,-56869,177507,132747,71102,15661,72530
2023-04-25,72625,-68744,184041,135330,62705,13680,82424
2023-05-02,77521,-68324,202996,141332,63811,28088,96412
2023-05-09,69162,-61015,192574,137992,68830,22229,83244
2023-05-16,76137,-64791,200515,142392,66255,29494,94285
2023-05-23,92378,-80660,226400,157498,65120,36760,117420
2023-05-30,106512,-96193,243237,166931,60419,40736,136929
2023-06-06,113736,-104817,245332,174461,60725,34151,138968
2023-06-13,118181,-103976,252566,175067,56886,37088,141064
2023-06-20,118272,-107656,238556,175201,56929,32244,139900
2023-06-27,122366,-112870,251524,181511,59145,38018,150888
2023-07-03,126010,-117920,265066,190157,64147,41713,159633
2023-07-11,129077,-117182,252349,190189,61112,29838,147020
2023-07-18,98195,-90239,230932,170491,72296,29776,120015
2023-07-25,86555,-77752,223760,161166,74611,30358,108110
2023-08-01,83288,-79216,229015,164659,81371,26849,106065
2023-08-08,89121,-83180,229849,169528,80407,23135,106315
2023-08-15,90497,-80961,247954,175636,85139,34789,115750
2023-08-22,104624,-95323,246923,180967,76343,28680,124003
2023-08-29,103068,-98473,245452,181043,77975,24790,123263
2023-09-05,105867,-97136,268344,190804,84937,37014,134150
2023-09-12,106644,-98713,270854,183589,76945,38247,136960
2023-09-19,111445,-101619,265860,183927,72482,45737,147356
2023-09-26,120227,-109512,285974,200015,79788,46169,155681
2023-10-03,117869,-113988,282682,194193,76324,47544,161532
2023-10-10,106152,-99476,259937,182514,76362,36780,136256
2023-10-17,112359,-102658,267521,193634,81275,33139,135797
2023-10-24,104809,-99629,260909,186381,81572,30964,130593
2023-10-31,107566,-103848,277272,193460,85894,37641,141489
2023-11-07,111957,-104040,259698,189951,77994,27238,131278
2023-11-14,133272,-130249,273763,199890,66618,27772,158021
2023-11-21,105428,-105454,264903,178832,73404,39236,144690
2023-11-28,103692,-109237,260781,180134,76442,30461,139698
2023-12-05,106218,-104956,267482,184156,77938,28266,133222
2023-12-12,79527,-81131,257581,172756,93229,28226,109357
2023-12-19,62693,-64902,185940,112422,49729,31734,96636
2023-12-26,52659,-55568,188540,110013,57354,37321,92889
2024-01-02,55489,-57195,184042,108605,53116,33585,90780
2024-01-09,54191,-55949,200299,113876,59685,41364,97313
2024-01-16,61724,-56560,213309,125048,63324,44180,100740
2024-01-23,76992,-70645,243032,144222,67230,52585,123230
2024-01-30,80134,-80455,242029,148972,68838,44918,125373
2024-02-06,82983,-84230,259542,155571,72588,55646,139876
2024-02-13,115172,-111536,304592,194067,78895,58554,170090
2024-02-20,125854,-120778,305438,199061,73207,53862,174640
2024-02-27,131982,-132705,309633,204425,72443,51261,183966
2024-03-05,113525,-118843,314586,200129,86604,54671,173514
2024-03-12,97877,-102322,325675,207478,109601,54923,157245
2024-03-19,115119,-116012,302500,182299,67180,66274,182286
2024-03-26,129588,-129106,305701,194045,64457,59969,189075
2024-04-02,139494,-143230,316809,205195,65701,55190,198420
2024-04-09,156942,-162151,324479,219256,62314,47275,209426
2024-04-16,167742,-165619,331110,230642,62900,49463,215082
2024-04-23,179144,-179919,336167,239847,60703,42426,222345
2024-04-30,176122,-168388,334848,244920,68798,40435,208823
2024-05-07,141773,-134922,299859,219305,77532,34990,169912
2024-05-14,133294,-126182,297606,216442,83148,35303,161485
2024-05-21,146517,-144367,301315,224424,77907,29614,173981
2024-05-28,166122,-156039,325231,246911,80789,28565,184604
2024-06-04,129895,-132101,303009,204830,74935,40427,172528
2024-06-11,145627,-138579,319274,228809,83182,30763,169342
2024-06-18,159766,-147753,297117,227907,68141,29429,177182
2024-06-25,181858,-173900,340237,259292,77434,34576,208476
2024-07-02,194545,-184223,349817,264603,70058,36714,220937
2024-07-09,189867,-182033,348954,257455,67588,41521,223554
2024-07-16,159089,-151072,307205,216042,56953,47356,198428
2024-07-23,108768,-107108,307183,194534,85766,64390,171498
2024-07-30,77580,-73460,303151,195104,117524,65016,138476
2024-08-06,12196,-11354,298937,191829,179633,66169,77523
2024-08-13,-23527,23104,315338,190064,213591,87101,63997
2024-08-20,-28401,23585,316197,187055,215456,88761,65176
2024-08-27,-31450,25868,318259,190141,221591,84305,58437
2024-09-03,-46765,41116,326795,189291,236056,91791,50675
2024-09-10,-66719,55770,376514,223698,290417,98894,43124
2024-09-17,-71839,56840,199463,56915,128754,97332,40492
2024-09-24,-77508,66011,207702,58606,136114,104690,38679
2024-10-01,-66747,56772,196200,58635,125382,95513,38741
2024-10-08,-37659,36528,196685,73626,111285,83679,47151
2024-10-15,-36639,34110,197871,68697,105336,86685,52575
2024-10-22,-10628,12771,207338,86382,97010,79364,66593
2024-10-29,28082,-24817,225894,121136,93054,64925,89742
2024-11-05,47295,-44167,235762,135946,88651,60334,104501
2024-11-12,72173,-64902,257688,153738,81565,64038,128940
2024-11-19,49209,-46868,254087,134065,84856,78973,125841
2024-11-26,23290,-22633,253566,122885,99595,87597,110230
2024-12-03,-164,2334,256849,111171,111335,93622,91288
2024-12-10,-24598,25752,274834,117775,142373,97938,72186
2024-12-17,-3101,5961,181673,57107,60208,87208,81247
2024-12-24,3683,2311,200720,68898,65215,95958,93647
2024-12-31,9602,-8443,206971,71016,61414,96119,104562
2025-01-07,20284,-20189,212456,76577,56293,91206,111395
2025-01-14,31023,-29411,223952,88113,57090,91434,120845
2025-01-21,8829,-14673,211620,68868,60039,94157,108830
2025-01-28,-6737,-959,216788,68683,75420,96809,97768
2025-02-04,-30683,18768,231911,70418,101101,104684,85916
2025-02-11,-68154,54615,273314,73890,142044,144158,89543
2025-02-18,-70193,60569,281163,84001,154194,147566,86997
2025-02-25,-108945,95980,329186,93060,202005,171751,75771
2025-03-04,-145919,133651,354415,102081,248000,183955,50304
2025-03-11,-149269,133902,446178,178522,327791,176790,42888
2025-03-18,-136776,122964,296567,80456,217232,164752,41788
2025-03-25,-135740,125376,303778,92999,228739,160474,35098
2025-04-01,-138547,121774,311162,96971,235518,161566,39792
2025-04-08,-161669,147067,320758,99659,261328,176555,29488
2025-04-15,-190345,171855,338849,96118,286463,198560,26705
2025-04-22,-200922,177814,351226,100299,301221,202373,24559
2025-04-29,-201897,179212,366246,104910,306807,202797,23585
2025-05-06,-200612,176859,375546,105878,306490,204008,27149
2025-05-13,-184891,172268,359521,101140,286031,194226,21958
2025-05-20,-181021,167330,366865,102102,283123,194510,27180
2025-05-27,-183698,164012,377011,101750,285448,191802,27790
2025-06-03,-175508,151149,366008,100151,275659,189514,38365
2025-06-10,-169077,144595,388263,132044,301121,184195,39600
2025-06-17,-148173,130877,317523,94915,243088,175601,44724
2025-06-24,-147710,132277,314767,92034,239744,178403,46126
2025-07-01,-150857,127338,314251,94864,245721,170624,43286
2025-07-08,-128680,116155,308621,96636,225316,166192,50037
2025-07-15,-110846,103582,321350,108744,219590,165444,61862
2025-07-22,-117360,106645,313040,101532,218892,164411,57766
2025-07-29,-92548,89243,329115,123152,215700,162122,72879
2025-08-05,-87341,82006,337378,136734,224075,160258,78252
2025-08-12,-73895,74234,351163,147170,221065,164693,90459
2025-08-19,-79882,77581,348982,139967,219849,168363,90782
2025-08-26,-90150,84484,357366,139358,229508,170765,86281
2025-09-02,-76256,73258,414249,152763,229019,174774,101516
2025-09-09,-100442,91643,410799,157854,258296,180724,89081
2025-09-16,-68338,61411,299620,95157,163495,161673,100262
2025-09-23,-83239,79500,309893,92252,175491,176400,96900
2025-09-30,-60745,61465,305711,96572,157317,167811,106346
2025-10-07,-45974,46307,305134,102742,148716,159197,112890
2025-10-14,-36620,37166,305003,104332,140952,160639,123473
2025-10-21,-67894,70414,307569,92611,160505,175724,105310
2025-10-28,-68613,68115,321889,100864,169477,178745,110630
2025-11-04,-47851,51265,314190,100952,148803,170180,118915
2025-11-10,-48023,48476,312845,97752,145775,172349,123873
2025-11-18,-30527,31157,329456,114082,144609,169890,138733
2025-11-25,-27484,26517,344420,117192,144676,169218,142701
2025-12-02,-38123,36418,394859,133444,171567,184958,148540
2025-12-09,-18059,17448,465416,205773,223832,184488,167040
2025-12-16,-4744,-2942,379679,101002,105746,146275,149217
2025-12-23,-5904,1223,285084,99644,105548,141133,139910
2025-12-30,-19076,14068,286132,95645,114721,144596,130528
2026-01-06,-12168,8815,287715,94001,106169,140441,131626
2026-01-13,45819,-45164,294242,114303,68484,111743,156907
2026-01-20,41140,-44829,292607,115583,74443,107139,151968
2026-01-27,26709,-33933,300726,125157,98448,104460,138393
2026-02-03,14417,-19222,303673,122665,108248,114428,133650
2026-02-10,12679,-19106,334948,136055,123376,128090,147196
2026-02-17,-16168,12955,354328,141766,157934,143172,130217
2026-02-24,-14729,11539,369721,141918,156647,149364,137825
2026-03-03,15007,-16575,416977,186027,171020,134945,151520
2026-03-10,45970,-41387,427718,220577,174607,119411,160798
2026-03-17,70002,-67780,326688,163975,93973,106819,174599
2026-03-24,57901,-62806,328210,167443,109542,98271,161077
2026-03-31,70707,-72872,345276,185944,115237,95356,168228
2026-04-07,90396,-93742,349373,192103,101707,91560,185302
2026-04-14,81048,-83208,354344,187189,106141,102114,185322
2026-04-21,95467,-94460,351782,188723,93256,101386,195846
2026-04-28,99270,-102059,372780,201527,102257,106530,208589
2026-05-05,59650,-61738,354005,186544,126894,109035,170773
2026-05-12,74143,-75102,362042,203023,128880,100155,175257
2026-05-19,90766,-93905,396573,226613,135847,106603,200508
2026-05-26,107692,-114667,427294,244888,137196,112993,227660
2026-06-02,127768,-129567,505555,312087,184319,114849,244416
