date,comm_net,noncomm_net,open_interest,comm_positions_long_all,comm_positions_short_all,noncomm_positions_long_all,noncomm_positions_short_all
1986-01-15,-22892,4207,82722,34323,57215,11687,7480
1986-01-31,-26463,5038,81949,31867,58330,10702,5664
1986-02-14,-21333,2022,82008,32173,53506,9113,7091
1986-02-28,-14529,-200,79008,28492,43021,10355,10555
1986-03-14,-17271,969,74066,25972,43243,8740,7771
1986-03-31,-15863,-1453,78406,27390,43253,8990,10443
1986-04-15,-17226,3050,79567,29117,46343,12005,8955
1986-04-30,-14528,40,73868,26849,41377,7526,7486
1986-05-15,-13381,-895,73890,28687,42068,7598,8493
1986-05-30,-17415,2457,75216,27548,44963,10377,7920
1986-06-13,-21913,5131,74855,26198,48111,12768,7637
1986-06-30,-13935,-974,64478,23455,37390,5425,6399
1986-07-15,-14703,-2376,65294,25286,39989,4965,7341
1986-07-31,-19245,955,71238,28170,47415,7086,6131
1986-08-15,-28704,8013,77588,28769,57473,11302,3289
1986-08-29,-24582,6529,67835,22803,47385,9953,3424
1986-09-15,-30005,11452,87271,30527,60532,16365,4913
1986-09-30,-25597,7289,73895,24420,50017,12097,4808
1986-10-15,-25327,7676,84548,34310,59637,12235,4559
1986-10-31,-28742,9052,89998,35952,64694,13490,4438
1986-11-14,-30792,8332,98214,37460,68252,13833,5501
1986-11-28,-24673,4534,90952,37768,62441,8485,3951
1986-12-15,-24589,5415,89252,37890,62479,8741,3326
1986-12-31,-23820,3945,89822,38363,62183,8638,4693
1987-01-15,-28833,6314,93470,40135,68968,9986,3672
1987-01-30,-28762,6393,95672,42118,70880,10122,3729
1987-02-13,-22988,4741,94609,46162,69150,8984,4243
1987-02-27,-23541,3312,89438,42742,66283,9873,6561
1987-03-13,-27320,7236,92735,38289,65609,12775,5539
1987-03-31,-38506,12652,100751,31384,69890,19625,6973
1987-04-15,-35048,12231,111131,34507,69555,20923,8692
1987-04-30,-26925,8743,108882,36283,63208,15262,6519
1987-05-15,-30349,13289,99902,33818,64167,19916,6627
1987-05-29,-26432,4860,93803,32023,58455,11438,6578
1987-06-15,-28675,9520,92473,32380,61055,13384,3864
1987-06-30,-23567,8586,80745,27576,51143,13283,4697
1987-07-15,-25723,9524,83105,28036,53759,15011,5487
1987-07-31,-31616,11940,88277,33269,64885,17923,5983
1987-08-14,-24256,6330,86311,36426,60682,12014,5684
1987-08-31,-23014,929,82360,33997,57011,9894,8965
1987-09-15,-27057,5590,80424,31096,58153,12743,7153
1987-09-30,-23059,3784,78573,34166,57225,9740,5956
1987-10-15,-28082,5337,86803,36672,64754,10543,5206
1987-10-30,-19325,3739,82890,36242,55567,9794,6055
1987-11-13,-18548,3125,78897,34976,53524,8154,5029
1987-11-30,-17867,2721,71169,30265,48132,7029,4308
1987-12-15,-18899,4200,71447,29126,48025,8767,4567
1987-12-31,-15508,2745,74233,35230,50738,7244,4499
1988-01-15,-18294,3485,77166,34665,52959,8337,4852
1988-01-29,-15066,1339,79470,37526,52592,7767,6428
1988-02-12,-16093,-666,80621,36660,52753,6719,7385
1988-02-29,-15599,3105,71002,30107,45706,9124,6019
1988-03-15,-18127,3281,67760,27882,46009,8042,4761
1988-03-31,-30869,10318,68708,19686,50555,14472,4154
1988-04-15,-24052,2821,65254,19605,43657,8005,5184
1988-04-29,-20111,4038,62356,22823,42934,8187,4149
1988-05-13,-25684,4584,69826,26663,52347,9568,4984
1988-05-31,-28457,6403,71083,24909,53366,11371,4968
1988-06-15,-34584,10239,81946,26759,61343,15304,5065
1988-06-30,-29407,8694,79431,28918,58325,12945,4251
1988-07-15,-41107,15402,86951,25284,66391,21107,5705
1988-07-29,-35474,8344,83956,27637,63111,13803,5459
1988-08-15,-30134,3538,81975,28994,59128,9494,5956
1988-08-31,-27822,2687,76870,27288,55110,7866,5179
1988-09-15,-29444,3277,84791,34266,63710,8573,5296
1988-09-30,-24587,1833,81903,31312,55899,7371,5538
1988-10-14,-31907,5235,86088,29384,61291,10886,5651
1988-10-31,-32887,5204,86090,31080,63967,9320,4116
1988-11-15,-35343,6123,89952,31853,67196,10628,4505
1988-11-30,-18889,-933,91104,36953,55842,10572,11505
1988-12-15,-24986,1901,90557,34992,59978,12242,10341
1988-12-30,-26587,1629,93990,33060,59647,12815,11186
1989-01-13,-24694,-1272,92768,33871,58565,11392,12664
1989-01-31,-31102,3053,94178,31517,62619,13385,10332
1989-02-15,-31618,3957,96665,33746,65364,13333,9376
1989-02-28,-30688,5646,91910,30420,61108,14201,8555
1989-03-15,-41897,15836,91484,26394,68291,20438,4602
1989-03-31,-34415,8184,97317,29989,64404,19375,11191
1989-04-14,-35989,8708,101606,32084,68073,19359,10651
1989-04-28,-29200,6061,93849,28347,57547,17135,11074
1989-05-15,-30206,4101,93496,25885,56091,17893,13792
1989-05-31,-30538,5815,87166,23623,54161,15244,9429
1989-06-15,-33363,5045,87582,22036,55399,12541,7496
1989-06-30,-26298,2184,85789,25284,51582,11267,9083
1989-07-14,-28148,3030,82030,23642,51790,10808,7778
1989-07-31,-25727,496,88352,28107,53834,12565,12069
1989-08-15,-28842,1382,87521,26190,55032,12261,10879
1989-08-31,-24853,41,84012,23140,47993,13863,13822
1989-09-15,-28474,630,84173,21387,49861,15299,14669
1989-09-29,-40067,9940,88111,20302,60369,17540,7600
1989-10-13,-34184,3757,87867,21269,55453,16530,12773
1989-10-31,-40176,8558,88762,22879,63055,16866,8308
1989-11-15,-48602,18540,89216,18842,67444,20754,2214
1989-11-30,-49311,24885,90479,17335,66646,27449,2564
1989-12-15,-52589,23204,94383,20440,73029,26513,3309
1989-12-29,-39954,12807,94843,27889,67843,17180,4373
1990-01-15,-39510,11109,95260,28626,68136,17366,6257
1990-01-31,-38985,8927,92892,24518,63503,16038,7111
1990-02-15,-45777,15138,91942,19381,65158,19825,4687
1990-02-28,-38319,8886,95314,19647,57966,19165,10279
1990-03-15,-40252,7496,96786,18373,58625,20497,13001
1990-03-30,-40309,7245,98752,19680,59989,19698,12453
1990-04-12,-48241,12294,92661,15972,64213,20310,8016
1990-04-30,-36931,6526,96543,19598,56529,19264,12738
1990-05-15,-43456,8773,94790,17314,60770,20451,11678
1990-05-31,-55750,22826,97589,17797,73547,25058,2232
1990-06-15,-45158,6341,110675,23527,68685,19336,12995
1990-06-29,-44983,9761,102356,19936,64919,23020,13259
1990-07-13,-47587,11238,98270,17593,65180,22927,11689
1990-07-31,-45633,5361,100192,18227,63860,19957,14596
1990-08-15,-54380,16762,101135,19353,73733,20153,3391
1990-08-31,-43635,7626,93504,20913,64548,16602,8976
1990-09-14,-43828,6776,91407,19331,63159,16862,10086
1990-09-28,-46877,8662,91807,17814,64691,17221,8559
1990-10-15,-41919,9150,91155,17968,59887,18328,9178
1990-10-31,-39516,10467,89414,19538,59054,19860,9393
1990-11-15,-38322,8516,84858,19136,57458,15257,6741
1990-11-30,-32820,9937,73707,16353,49173,16617,6680
1990-12-14,-32919,7547,82613,20706,53625,17426,9879
1990-12-31,-40273,13410,84343,22319,62592,17508,4098
1991-01-15,-42380,13053,92239,21372,63752,19645,6592
1991-01-31,-35156,7869,89726,24290,59446,17231,9362
1991-02-15,-38419,13195,102137,28384,66803,21931,8736
1991-02-28,-36042,13097,96613,23381,59423,21650,8553
1991-03-15,-51311,26162,99760,26245,77556,29042,2880
1991-03-28,-48481,23213,105335,33433,81914,27461,4248
1991-04-15,-47323,19561,98063,31227,78550,22744,3183
1991-04-30,-45708,18304,95163,26978,72686,23134,4830
1991-05-15,-49848,20806,95414,26469,76317,24657,3851
1991-05-31,-46025,17334,98889,28298,74323,24583,7249
1991-06-14,-56518,27758,108901,27660,84178,29982,2224
1991-06-28,-57654,27870,97162,21789,79443,29693,1823
1991-07-15,-52504,23452,97616,23653,76157,27926,4474
1991-07-31,-34901,8300,96529,31991,66892,20487,12187
1991-08-15,-24703,1450,96182,33259,57962,18460,17010
1991-08-30,-21723,1031,87980,29368,51091,19447,18416
1991-09-16,-31944,9755,86917,23557,55501,24077,14322
1991-09-30,-44576,18775,86818,22961,67537,24676,5901
1991-10-15,-42033,15814,90476,26291,68324,23108,7294
1991-10-31,-45773,17745,93747,27546,73319,23464,5719
1991-11-15,-35363,9133,89210,24628,59991,19832,10699
1991-11-29,-34456,11037,81040,24144,58600,18943,7906
1991-12-13,-17481,-6244,96584,35701,53182,17215,23459
1991-12-31,-20686,-1016,96843,37612,58298,18786,19802
1992-01-15,-38341,13706,98251,33330,71671,24533,10827
1992-01-31,-46219,22126,96343,29663,75882,27954,5828
1992-02-14,-41722,21530,94260,27564,69286,27420,5890
1992-02-28,-37349,19206,87607,26913,64262,25195,5989
1992-03-13,-38793,18586,87719,27588,66381,24606,6020
1992-03-31,-44156,22534,90245,24810,68966,27195,4661
1992-04-15,-30093,10775,96449,34397,64490,21324,10549
1992-04-30,-26619,7300,94565,31303,57922,23837,16537
1992-05-15,-38755,15082,85822,22606,61361,22686,7604
1992-05-29,-35821,13741,86029,25698,61519,22062,8321
1992-06-15,-40051,17412,84018,21932,61983,22793,5381
1992-06-30,-29485,6173,80383,22474,51959,20216,14043
1992-07-15,-33146,7562,81509,19898,53044,20994,13432
1992-07-31,-33272,9245,80767,20002,53274,20609,11364
1992-08-14,-27782,3249,83052,22223,50005,18372,15123
1992-08-31,-28034,7191,79526,22374,50408,20183,12992
1992-09-15,-33313,11141,72642,19357,52670,17395,6254
1992-09-30,-33931,11553,71889,18447,52378,18449,6896
1992-10-06,-33071,11205,71249,17971,51042,18538,7333
1992-10-13,-33297,11495,70054,15518,48815,18799,7304
1992-10-20,-36355,12620,73618,16902,53257,19438,6818
1992-10-27,-38086,14143,73045,16438,54524,20059,5916
1992-11-03,-40748,15242,73513,15360,56108,20605,5363
1992-11-10,-41862,17197,80667,16575,58437,22417,5220
1992-11-17,-38978,15019,76501,17992,56970,19292,4273
1992-11-24,-38088,15050,75530,18076,56164,19597,4547
1992-12-01,-37383,15278,71438,17027,54410,19225,3947
1992-12-08,-37510,14583,70866,16728,54238,18530,3947
1992-12-15,-35318,13123,71331,17343,52661,18533,5410
1992-12-22,-37704,14450,71986,16099,53803,19206,4756
1992-12-29,-33445,10191,75202,18944,52389,17683,7492
1993-01-05,-31984,8296,77640,21649,53633,17494,9198
1993-01-12,-35935,10036,79540,23717,59652,16665,6629
1993-01-19,-38138,12017,81358,24484,62622,17367,5350
1993-01-26,-41903,16145,80602,22386,64289,19557,3412
1993-02-02,-38917,12839,79200,21392,60309,18064,5225
1993-02-09,-38616,13074,80481,21458,60074,18480,5406
1993-02-16,-43231,15024,83013,22636,65867,17855,2831
1993-02-23,-27770,1271,96768,34267,62037,17134,15863
1993-03-02,-26753,2759,88353,28654,55407,18468,15709
1993-03-09,-27657,2208,88224,27544,55201,17497,15289
1993-03-16,-36096,10557,82860,23704,59800,18086,7529
1993-03-23,-37529,12236,84475,23743,61272,19933,7697
1993-03-30,-53135,27256,92679,19694,72829,30367,3111
1993-04-06,-60572,34227,96947,15841,76413,37132,2905
1993-04-13,-60255,33172,95518,16127,76382,34734,1562
1993-04-20,-59370,32362,98978,19681,79051,34580,2218
1993-04-27,-61753,34038,109531,21676,83429,36714,2676
1993-05-04,-57144,29894,104252,21195,78339,34985,5091
1993-05-11,-59131,29672,104248,20595,79726,34921,5249
1993-05-18,-60072,28663,107217,20384,80456,33558,4895
1993-05-25,-59106,27268,107080,21390,80496,32697,5429
1993-06-01,-54143,23991,107638,23662,77805,30799,6808
1993-06-08,-50118,22296,103993,25413,75531,27774,5478
1993-06-15,-45253,18823,99004,29286,74539,23262,4439
1993-06-22,-44373,18001,101769,28235,72608,25541,7540
1993-06-29,-52427,24751,102978,27478,79905,26676,1925
1993-07-06,-56901,26909,103506,19622,76523,31980,5071
1993-07-13,-60084,30212,108242,19804,79888,35703,5491
1993-07-20,-58910,27627,108548,21316,80226,34079,6452
1993-07-27,-55883,27924,106962,21806,77689,34677,6753
1993-08-03,-60299,29212,114900,22403,82702,37152,7940
1993-08-10,-47987,23591,107703,29806,77793,31158,7567
1993-08-17,-47138,25263,106813,32542,79680,29503,4240
1993-08-24,-48225,24901,108322,34264,82489,29165,4264
1993-08-31,-53031,29830,99584,23360,76391,33702,3872
1993-09-07,-45280,25779,96390,22819,68099,30745,4966
1993-09-14,-45611,25391,95741,22133,67744,31405,6014
1993-09-21,-44040,22972,92402,20662,64702,29242,6270
1993-09-28,-44653,23711,91233,20212,64865,29077,5366
1993-10-05,-43533,23716,90461,19592,63125,28839,5123
1993-10-12,-48152,25883,93580,19980,68132,29107,3224
1993-10-19,-45274,23704,92657,21157,66431,27441,3737
1993-10-26,-47068,24058,96200,24212,71280,27361,3303
1993-11-02,-43546,21366,101263,30068,73614,28063,6697
1993-11-09,-45746,21975,102013,29579,75325,27749,5774
1993-11-16,-53104,24685,101279,25130,78234,28473,3788
1993-11-23,-47879,20476,103903,30417,78296,25180,4704
1993-11-30,-41552,20572,92806,27560,69112,25243,4671
1993-12-07,-51307,26309,107222,24045,75352,31395,5086
1993-12-14,-52984,30126,110272,25128,78112,33858,3732
1993-12-21,-54278,30933,112332,25117,79395,33953,3020
1993-12-28,-56904,32120,114054,25555,82459,35169,3049
1994-01-04,-60772,34044,118041,24668,85440,37925,3881
1994-01-11,-53835,31204,106964,28544,82379,35230,4026
1994-01-18,-59578,35130,111477,26741,86319,39290,4160
1994-01-25,-56916,34920,110651,26925,83841,39111,4191
1994-02-01,-56344,35770,114278,32552,88896,39786,4016
1994-02-08,-58826,38749,119135,32146,90972,43110,4361
1994-02-15,-56363,34414,117655,34502,90865,37768,3354
1994-02-22,-57183,34238,115482,31294,88477,37996,3758
1994-03-01,-59120,37020,107929,24246,83366,40447,3427
1994-03-08,-57913,35246,107057,24806,82719,38995,3749
1994-03-15,-63226,42649,113823,23769,86995,46211,3562
1994-03-22,-66736,43753,116536,21591,88327,48168,4415
1994-03-29,-67547,44187,116902,19792,87339,49430,5243
1994-04-05,-65839,39841,117410,21035,86874,45371,5530
1994-04-12,-58223,35153,113560,25435,83658,40308,5155
1994-04-19,-58712,37222,114547,25167,83879,43553,6331
1994-04-26,-58176,38099,127858,33976,92152,45671,7572
1994-05-03,-63240,42083,120110,26401,89641,49092,7009
1994-05-10,-62175,42078,114017,25020,87195,47958,5880
1994-05-17,-70202,48597,119947,23646,93848,53632,5035
1994-05-24,-78177,55332,130249,22739,100916,61290,5958
1994-05-31,-77870,55165,128229,21383,99253,60055,4890
1994-06-07,-70992,47059,124445,24808,95800,51936,4877
1994-06-14,-72515,47140,124907,23546,96061,51862,4722
1994-06-21,-73960,50564,124718,22888,96848,55431,4867
1994-06-28,-74873,49817,126877,23024,97897,56156,6339
1994-07-05,-76463,53151,121780,19020,95483,58755,5604
1994-07-12,-74991,49556,122756,19783,94774,55479,5923
1994-07-19,-73219,47527,123282,20374,93593,55265,7738
1994-07-26,-70030,46845,119638,21077,91107,54753,7908
1994-08-02,-68016,44502,120551,22562,90578,53320,8818
1994-08-09,-64081,39870,122383,23094,87175,50963,11093
1994-08-16,-61843,34654,121690,23995,85838,45457,10803
1994-08-23,-58206,32046,110711,23394,81600,40921,8875
1994-08-30,-70034,43639,111767,19702,89736,47535,3896
1994-09-06,-75423,48617,108333,14163,89586,50445,1828
1994-09-13,-69344,40277,107876,18922,88266,44123,3846
1994-09-20,-76976,48781,115191,17332,94308,52246,3465
1994-09-27,-79829,51749,119912,18313,98142,55832,4083
1994-10-04,-85730,54734,125315,17822,103552,57779,3045
1994-10-11,-76558,48432,121787,20844,97402,51859,3427
1994-10-18,-67001,37294,113406,24679,91680,41180,3886
1994-10-25,-61926,31016,111247,27457,89383,34998,3982
1994-11-01,-60029,30332,113989,28618,88647,36075,5743
1994-11-08,-58425,28157,115777,28800,87225,36072,7915
1994-11-15,-49107,16209,131753,34844,83951,31044,14835
1994-11-22,-46384,15102,137656,39261,85645,29997,14895
1994-11-29,-42169,12365,140148,45660,87829,28541,16176
1994-12-06,-34866,8039,137536,40720,75586,27529,19490
1994-12-13,-31564,5201,135027,40198,71762,25278,20077
1994-12-20,-33682,7957,131634,37590,71272,26418,18461
1994-12-27,-33199,7395,133327,38203,71402,27194,19799
1995-01-03,-33443,7863,131937,38267,71710,26028,18165
1995-01-10,-30445,6355,133353,40221,70666,25475,19120
1995-01-17,-33049,7634,132566,40065,73114,23463,15829
1995-01-24,-33638,9045,131736,40161,73799,22623,13578
1995-01-31,-31910,6340,135922,40623,72533,22770,16430
1995-02-07,-32709,5908,138558,44372,77081,22263,16355
1995-02-14,-34766,7307,140848,46734,81500,20422,13115
1995-02-21,-34721,7363,140784,45330,80051,20145,12782
1995-02-28,-31921,8838,138076,43850,75771,24229,15391
1995-03-07,-25925,4646,134360,46681,72606,20315,15669
1995-03-14,-29126,6989,131101,45600,74726,19008,12019
1995-03-21,-29343,7561,131372,45772,75115,19093,11532
1995-03-28,-31557,8928,134153,46399,77956,20341,11413
1995-04-04,-39258,15306,130183,39197,78455,21123,5817
1995-04-11,-40008,19242,129877,38075,78083,25463,6221
1995-04-18,-42363,23023,132264,45642,88005,26492,3469
1995-04-25,-42606,24134,125453,41875,84481,27080,2946
1995-05-02,-43681,25565,117477,35761,79442,28960,3395
1995-05-09,-43986,24394,117829,35743,79729,28429,4035
1995-05-16,-35738,17157,109851,38179,73917,20122,2965
1995-05-23,-35569,14065,107691,37212,72781,18076,4011
1995-05-30,-31864,10984,107938,37810,69674,17557,6573
1995-06-06,-28443,8653,108529,39888,68331,16510,7857
1995-06-13,-30542,11520,108288,42109,72651,16344,4824
1995-06-20,-33604,12577,112393,42557,76161,17296,4719
1995-06-27,-33193,13591,105404,37755,70948,18856,5265
1995-07-03,-23220,6544,106230,42266,65486,17271,10727
1995-07-11,-20976,6107,102370,38322,59298,17207,11100
1995-07-18,-24444,9227,99852,36553,60997,16938,7711
1995-07-25,-24915,10512,99729,36148,61063,18503,7991
1995-08-01,-25724,9483,102987,35670,61394,19207,9724
1995-08-08,-26681,10053,108222,40426,67107,18984,8931
1995-08-15,-29579,12966,113220,43858,73437,21179,8213
1995-08-22,-45709,26225,116078,33065,78774,30647,4422
1995-08-29,-47561,27070,115300,32210,79771,31212,4142
1995-09-05,-39487,21109,99553,28998,68485,24241,3132
1995-09-12,-39890,22790,93479,23600,63490,25589,2799
1995-09-19,-42789,25369,96393,21872,64661,28831,3462
1995-09-26,-45982,28142,95062,21692,67674,29796,1654
1995-10-03,-39445,23004,96978,26549,65994,26334,3330
1995-10-10,-38482,20998,98775,29116,67598,25153,4155
1995-10-17,-36435,19455,103036,33255,69690,25032,5577
1995-10-24,-35569,19430,104749,34471,70040,25162,5732
1995-10-31,-36980,21347,106062,35199,72179,25809,4462
1995-11-07,-36230,19525,107649,34637,70867,25210,5685
1995-11-14,-36311,18699,106133,33897,70208,24223,5524
1995-11-21,-34186,17612,103562,35093,69279,23712,6100
1995-11-28,-30302,12112,105592,34705,65007,25693,13581
1995-12-05,-30493,12835,96034,25082,55575,27207,14372
1995-12-12,-29793,11788,95363,24225,54018,27209,15421
1995-12-19,-26985,10577,94931,26330,53315,25507,14930
1995-12-26,-27529,10496,95095,27209,54738,25056,14560
1996-01-02,-34075,13864,96849,26438,60513,24745,10881
1996-01-09,-47982,25537,97404,20693,68675,30385,4848
1996-01-16,-51486,27952,98602,20224,71710,32524,4572
1996-01-23,-52509,28298,100483,21044,73553,31827,3529
1996-01-30,-51853,27230,103186,24967,76820,31211,3981
1996-02-06,-56552,32194,111001,23978,80530,36147,3953
1996-02-13,-56044,30863,114098,30017,86061,34501,3638
1996-02-20,-50900,27156,108505,30510,81410,30857,3701
1996-02-27,-45579,24110,97767,27607,73186,26648,2538
1996-03-05,-40693,19067,87724,24156,64849,22283,3216
1996-03-12,-45554,22837,89503,22472,68026,24166,1329
1996-03-19,-48958,26363,91666,21270,70228,28102,1739
1996-03-26,-56321,32981,98108,19118,75439,34594,1613
1996-04-02,-52115,27323,97836,21699,73814,30800,3477
1996-04-09,-46150,21883,102885,26195,72345,30441,8558
1996-04-16,-36353,12502,105657,32228,68581,25763,13261
1996-04-23,-35651,7423,98307,25647,61298,22668,15245
1996-04-30,-32243,9178,98613,28656,60899,25210,16032
1996-05-07,-36841,13564,97372,25821,62662,27002,13438
1996-05-14,-37758,13262,99017,27299,65057,26582,13320
1996-05-21,-30567,3807,101303,31826,62393,21543,17736
1996-05-28,-30757,4515,100879,32571,63328,21454,16939
1996-06-04,-30243,5702,103265,34955,65198,22311,16609
1996-06-11,-27668,1968,110039,40204,67872,22340,20372
1996-06-18,-25366,187,114585,45287,70653,20693,20506
1996-06-25,-27681,2107,111021,44776,72457,20626,18519
1996-07-02,-24568,944,99240,39758,64326,19421,18477
1996-07-09,-26476,2885,98079,38358,64834,19752,16867
1996-07-16,-23033,-769,107865,46070,69103,21533,22302
1996-07-23,-18196,-6048,112387,50651,68847,20902,26950
1996-07-30,-22001,-2312,106664,47176,69177,19281,21593
1996-08-06,-21381,-2463,111123,49295,70676,20130,22593
1996-08-13,-23679,-798,109171,47790,71469,19579,20377
1996-08-20,-37176,11109,100042,38970,76146,20568,9459
1996-08-27,-41202,15930,92819,32737,73939,21258,5328
1996-09-03,-40289,16568,88829,30302,70591,21775,5207
1996-09-10,-36677,12781,87994,30977,67654,19838,7057
1996-09-17,-30305,5911,92555,34059,64364,18288,12377
1996-09-24,-23015,-3779,98308,35727,58742,18566,22345
1996-10-01,-24977,-464,97749,35280,60257,19026,19490
1996-10-08,-24606,-195,97644,35073,59679,19085,19280
1996-10-15,-30724,6273,92944,29430,60154,21705,15432
1996-10-22,-27097,2499,94098,33664,60761,18496,15997
1996-10-29,-23379,480,97500,35558,58937,18772,18292
1996-11-05,-21800,-1332,96727,35741,57541,18434,19766
1996-11-12,-23178,-1064,94736,34595,57773,17465,18529
1996-11-19,-23991,-72,91682,32886,56877,16506,16578
1996-11-26,-17627,-1634,89184,34869,52496,16902,18536
1996-12-03,-16970,-1273,86368,34011,50981,16738,18011
1996-12-10,-19244,1450,84492,30568,49812,16095,14645
1996-12-17,-22604,6137,83189,29777,52381,16659,10522
1996-12-24,-20112,4305,81991,31148,51260,15569,11264
1996-12-31,-17112,310,84693,31695,48807,16155,15845
1997-01-07,-13852,-2479,89321,33144,46996,18288,20767
1997-01-14,-13196,-1889,94028,33821,47017,22560,24449
1997-01-21,-11847,-2245,93223,35049,46896,21176,23421
1997-01-28,-26169,10513,89571,30566,56735,21369,10856
1997-02-04,-26227,8634,90098,31160,57387,20788,12154
1997-02-11,-26483,7241,91079,31725,58208,19074,11833
1997-02-18,-44408,24880,99563,27523,71931,29180,4300
1997-02-25,-46795,26348,93596,22241,69036,30374,4026
1997-03-04,-50588,31398,90813,18618,69206,33000,1602
1997-03-11,-49535,29495,89019,18032,67567,32071,2576
1997-03-18,-48272,27744,89969,19962,68234,30866,3122
1997-03-25,-46859,24456,88713,20174,67033,28240,3784
1997-04-01,-40785,18225,93926,26161,66946,25177,6952
1997-04-08,-23357,3258,99130,35841,59198,20575,17317
1997-04-15,-22960,1564,101823,36464,59424,20684,19120
1997-04-22,-20861,-384,98005,34442,55303,18051,18435
1997-04-29,-17761,-1728,91260,31240,49001,18139,19867
1997-05-06,-20709,149,86192,26010,46719,18018,17869
1997-05-13,-24206,3594,85327,24454,48660,18927,15333
1997-05-20,-16490,-3755,90268,29518,46008,18499,22254
1997-05-27,-18656,-2219,89477,28223,46879,19974,22193
1997-06-03,-19451,-2337,91915,28838,48289,20265,22602
1997-06-10,-21452,693,88045,26011,47463,19340,18647
1997-06-17,-22077,-468,90655,26745,48822,19667,20135
1997-06-24,-24391,5500,88950,26924,51315,19132,13632
1997-07-01,-15698,-2254,93480,31713,47411,19203,21457
1997-07-08,-7951,-7768,99053,35826,43777,17651,25419
1997-07-15,-8295,-7387,99155,35724,44019,17693,25080
1997-07-22,-6023,-8978,94829,35585,41608,18583,27561
1997-07-29,-4770,-10379,97777,36283,41053,19062,29441
1997-08-05,-8634,-6698,94293,32735,41369,19153,25851
1997-08-12,-10767,-5570,92228,31587,42354,18988,24558
1997-08-19,-12688,-2187,88932,30657,43345,17857,20044
1997-08-26,-19133,5757,82848,27151,46284,16539,10782
1997-09-02,-18535,5453,77184,26784,45319,16399,10946
1997-09-09,-21852,7966,77878,23664,45516,18542,10576
1997-09-16,-17980,5095,78406,24382,42362,18546,13451
1997-09-23,-19888,5957,78039,24660,44548,17738,11781
1997-09-30,-46390,32142,95589,16549,62939,40463,8321
1997-10-07,-50950,34694,104480,19179,70129,43323,8629
1997-10-14,-48191,31636,103011,20182,68373,41833,10197
1997-10-21,-41836,26740,99037,18292,60128,39795,13055
1997-10-28,-29359,14713,92847,22379,51738,29786,15073
1997-11-04,-30172,15410,95965,22904,53076,31952,16542
1997-11-11,-31580,17626,94993,19740,51320,34651,17025
1997-11-18,-38494,24604,98554,17560,56054,39799,15195
1997-11-25,-57255,40443,94257,13316,70571,48407,7964
1997-12-02,-54674,40501,89243,12029,66703,48359,7858
1997-12-09,-50785,37420,89550,13839,64624,45081,7661
1997-12-16,-55866,41731,94552,12720,68586,49495,7764
1997-12-23,-58663,42936,98820,12504,71167,51855,8919
1997-12-30,-57122,42127,98558,12286,69408,52149,10022
1998-01-06,-56670,41481,97490,12403,69073,51594,10113
1998-01-13,-49908,37700,92507,15299,65207,44921,7221
1998-01-20,-49405,36199,92731,16526,65931,43479,7280
1998-01-27,-54199,40299,97404,15515,69714,45771,5472
1998-02-03,-57643,46899,106274,15245,72888,52932,6033
1998-02-10,-63149,47958,111633,16522,79671,53144,5186
1998-02-17,-61087,49196,113004,15741,76828,53813,4617
1998-02-24,-57985,46121,102156,13306,71291,51662,5541
1998-03-03,-57729,45695,97626,9451,67180,49878,4183
1998-03-10,-57875,44868,97317,8369,66244,49305,4437
1998-03-17,-47893,34982,90971,13549,61442,40039,5057
1998-03-24,-44758,32093,85814,14924,59682,35861,3768
1998-03-31,-46680,33907,85986,13627,60307,37432,3525
1998-04-07,-50250,36263,87773,14435,64685,38793,2530
1998-04-14,-48346,35582,86079,14261,62607,38606,3024
1998-04-21,-47604,33556,81336,14001,61605,37320,3764
1998-04-28,-44006,33610,77206,13073,57079,37218,3608
1998-05-05,-45506,32404,74273,10026,55532,36486,4082
1998-05-12,-40786,26536,76225,14039,54825,33068,6532
1998-05-19,-31742,16576,82076,18944,50686,30551,13975
1998-05-26,-29215,14664,84069,22306,51521,29236,14572
1998-06-02,-27987,12441,93121,27247,55234,32212,19771
1998-06-09,-29617,14405,94321,26910,56527,33273,18868
1998-06-16,-29775,13994,92339,28738,58513,29280,15286
1998-06-23,-32374,17502,91947,29130,61504,29370,11868
1998-06-30,-33827,18981,79898,18825,52652,30414,11433
1998-07-07,-34376,18025,75445,16304,50680,29066,11041
1998-07-14,-36016,18800,76839,17202,53218,29569,10769
1998-07-21,-38790,22283,81787,18118,56908,32248,9965
1998-07-28,-49232,30667,80261,14462,63694,32914,2247
1998-08-04,-48111,29879,81012,15399,63510,33391,3512
1998-08-11,-41519,25781,82378,18208,59727,32264,6483
1998-08-18,-34343,18606,83930,20068,54411,31039,12433
1998-08-25,-31754,17202,83468,19404,51158,31874,14672
1998-09-01,-22869,8693,79403,18685,41554,30157,21464
1998-09-08,-23662,9179,76854,16247,39909,30026,20847
1998-09-15,-26805,10863,72989,12460,39265,29339,18476
1998-09-22,-25965,12172,74894,12875,38840,30608,18436
1998-09-29,-39137,24009,72508,9978,49115,31316,7307
1998-10-06,-39013,23203,72198,11027,50040,29448,6245
1998-10-13,-35011,17886,74184,12012,47023,28426,10540
1998-10-20,-34025,17816,74847,12727,46752,28789,10973
1998-10-27,-34388,17368,76173,12840,47228,28808,11440
1998-11-03,-33931,18658,74429,12371,46302,28055,9397
1998-11-10,-36793,20312,75074,12903,49696,28143,7831
1998-11-17,-35899,19006,77804,16226,52125,27325,8319
1998-11-24,-30352,14371,76932,16531,46883,26256,11885
1998-12-01,-29340,15479,74764,16248,45588,28329,12850
1998-12-08,-20084,6860,82305,23343,43427,28158,21298
1998-12-15,-20754,7197,80768,22226,42980,27150,19953
1998-12-22,-26168,13179,76273,19738,45906,27868,14689
1998-12-29,-27807,14250,75987,18211,46018,28994,14744
1999-01-05,-28762,16651,76063,17494,46256,29939,13288
1999-01-12,-47961,32807,80352,12228,60189,37222,4415
1999-01-19,-46207,30076,76822,11864,58071,34777,4701
1999-01-26,-46220,30121,76505,11045,57265,34715,4594
1999-02-02,-54956,40117,89734,11835,66791,44079,3962
1999-02-09,-68051,53636,100332,9689,77740,56505,2869
1999-02-16,-66220,51781,98123,7940,74160,55186,3405
1999-02-23,-64761,50884,95748,5929,70690,54471,3587
1999-03-02,-68072,51900,97800,6771,74843,55330,3430
1999-03-09,-60245,41466,85178,5666,65911,43428,1962
1999-03-16,-48071,29714,80622,10261,58332,33646,3932
1999-03-23,-41518,23255,76062,10777,52295,29659,6404
1999-03-30,-41217,25332,78567,10710,51927,32303,6971
1999-04-06,-37326,21883,79770,10679,48005,33420,11537
1999-04-13,-26706,11805,84956,18208,44914,31968,20163
1999-04-20,-33642,21484,83096,17998,51640,30840,9356
1999-04-27,-34692,23427,82409,16616,51308,31972,8545
1999-05-04,-47018,32382,76614,6026,53044,35807,3425
1999-05-11,-52740,38455,82022,5977,58717,40591,2136
1999-05-18,-51461,37555,81269,7076,58537,39323,1768
1999-05-25,-41331,26494,74250,9364,50695,29275,2781
1999-06-01,-32242,17963,76488,14022,46264,26831,8868
1999-06-08,-25164,11089,82171,19196,44360,26609,15520
1999-06-15,-29471,14487,76482,13829,43300,27625,13138
1999-06-22,-27133,12033,79866,15323,42456,27561,15528
1999-06-29,-31850,20172,78443,12353,44203,29679,9507
1999-07-06,-43323,32344,81775,12456,55779,35687,3343
1999-07-13,-43193,32175,81007,13566,56759,35368,3193
1999-07-20,-33621,22730,74994,13929,47550,29595,6865
1999-07-27,-36431,25650,74673,12710,49141,30824,5174
1999-08-03,-56501,41960,86060,8212,64713,44995,3035
1999-08-10,-63500,48438,94386,9074,72574,51159,2721
1999-08-17,-57366,41916,86799,8409,65775,44582,2666
1999-08-24,-48106,34463,83534,10811,58917,38351,3888
1999-08-31,-41056,26620,73844,6978,48034,34083,7463
1999-09-07,-39552,25335,72739,6058,45610,33765,8430
1999-09-14,-40487,24846,74979,6460,46947,34187,9341
1999-09-21,-47333,31101,79137,4538,51871,39471,8370
1999-09-28,-64237,44806,89783,3872,68109,49826,5020
1999-10-05,-64700,45232,92737,4904,69604,49990,4758
1999-10-12,-69517,50186,95551,4105,73622,53320,3134
1999-10-19,-51840,34695,80320,6556,58396,37266,2571
1999-10-26,-46357,28246,77899,8546,54903,33033,4787
1999-11-02,-44768,27340,79536,7908,52676,34051,6711
1999-11-09,-33578,15841,86458,14267,47845,32436,16595
1999-11-16,-35880,18593,81061,10875,46755,32714,14121
1999-11-23,-44204,26292,76209,6194,50398,33429,7137
1999-11-30,-39380,24433,71574,6984,46364,32267,7834
1999-12-07,-37917,22978,69769,6867,44784,31749,8771
1999-12-14,-38624,22429,69789,6949,45573,30943,8514
1999-12-21,-41589,25968,69062,7927,49516,32542,6574
1999-12-28,-42043,26058,70000,8501,50544,32641,6583
2000-01-04,-51932,34848,76093,6355,58287,39893,5045
2000-01-11,-46194,29769,73157,8310,54504,35479,5710
2000-01-18,-41158,24067,76432,10351,51509,35224,11157
2000-01-25,-50298,32541,76786,7762,58060,39143,6602
2000-02-01,-55036,38938,80659,6882,61918,43190,4252
2000-02-08,-59967,44193,85895,6499,66466,47362,3169
2000-02-15,-56956,40642,81169,7592,64548,42619,1977
2000-02-22,-56332,40404,79929,6672,63004,42051,1647
2000-02-29,-38262,23909,74070,11419,49681,34389,10480
2000-03-07,-34487,17797,74416,10866,45353,33524,15727
2000-03-14,-32603,16668,74268,10131,42734,34517,17849
2000-03-21,-33628,17471,74137,9995,43623,33727,16256
2000-03-28,-32718,16184,78683,12166,44884,34467,18283
2000-04-04,-32129,14341,73613,11534,43663,30926,16585
2000-04-11,-33637,18098,71464,11487,45124,30727,12629
2000-04-18,-35411,19586,76728,16863,52274,31313,11727
2000-04-25,-28088,11269,82551,20231,48319,31410,20141
2000-05-02,-28249,11793,72673,12143,40392,32221,20428
2000-05-09,-31719,16084,73478,11666,43385,32293,16209
2000-05-16,-31617,16323,72016,10743,42360,31607,15284
2000-05-23,-27875,12533,75631,13162,41037,32657,20124
2000-05-30,-21056,5184,81362,15036,36092,34271,29087
2000-06-06,-33207,16139,76294,12980,46187,31425,15286
2000-06-13,-32643,14939,75159,14899,47542,29290,14351
2000-06-20,-33825,16791,72499,13497,47322,30096,13305
2000-06-27,-27763,8781,78737,17575,45338,29502,20721
2000-07-05,-29421,13357,74024,14944,44365,30461,17104
2000-07-11,-27911,11788,74345,15297,43208,31211,19423
2000-07-18,-28011,11350,72072,15574,43585,29087,17737
2000-07-25,-24884,8897,76902,17686,42570,30622,21725
2000-08-01,-25232,9715,78268,19545,44777,29482,19767
2000-08-08,-21057,6865,89533,26259,47316,31969,25104
2000-08-15,-17421,2948,96284,30478,47899,33832,30884
2000-08-22,-14387,1212,98698,32778,47165,34195,32983
2000-08-29,-15312,2699,87766,26932,42244,33377,30678
2000-09-05,-21141,7609,74290,17844,38985,32041,24432
2000-09-12,-22725,9255,72522,14892,37617,33240,23985
2000-09-19,-20686,6779,73625,15525,36211,32520,25741
2000-09-26,-20712,6908,73351,16074,36786,32378,25470
2000-10-03,-22346,8658,72365,15734,38080,31772,23114
2000-10-10,-24138,8848,74915,16583,40721,32440,23592
2000-10-17,-22395,7744,78490,17053,39448,34715,26971
2000-10-24,-18927,3034,82093,19786,38713,35485,32451
2000-10-31,-16234,-290,84841,22533,38767,34460,34750
2000-11-07,-15833,-12,86546,23369,39202,35551,35563
2000-11-14,-12797,-3710,84208,25223,38020,30920,34630
2000-11-21,-13023,-1820,81382,23786,36809,30617,32437
2000-11-28,-14106,1679,79683,22809,36915,33049,31370
2000-12-05,-14108,1248,73515,16187,30295,33964,32716
2000-12-12,-15940,1944,75097,15283,31223,34400,32456
2000-12-19,-12141,-794,73261,16396,28537,32047,32841
2000-12-26,-12736,-760,72291,15855,28591,32052,32812
2001-01-02,-10697,-2215,73255,17128,27825,31882,34097
2001-01-09,-11359,-729,72565,16317,27676,32187,32916
2001-01-16,-17914,1609,69210,11359,29273,30853,29244
2001-01-23,-25249,11800,66720,12308,37557,30964,19164
2001-01-30,-29527,15163,66478,12006,41533,31132,15969
2001-02-06,-28097,17147,66339,11683,39780,32995,15848
2001-02-13,-18795,6435,72095,19247,38042,29528,23093
2001-02-20,-12892,1211,76826,22424,35316,29426,28215
2001-02-27,-11390,207,83021,27861,39251,29767,29560
2001-03-06,-9545,-2298,74339,20351,29896,29431,31729
2001-03-13,-10760,-1067,73038,18841,29601,29642,30709
2001-03-20,-8134,-1442,75015,22511,30645,29711,31153
2001-03-27,-11125,2510,73258,20304,31429,30362,27852
2001-04-03,-10004,1152,75281,21688,31692,30745,29593
2001-04-10,-11227,2226,75305,21300,32527,30576,28350
2001-04-17,-12450,2619,70392,19126,31576,28102,25483
2001-04-24,-17070,6555,67640,17204,34274,28649,22094
2001-05-01,-13311,4103,64781,13694,27005,28896,24793
2001-05-08,-10106,622,66853,15084,25190,29074,28452
2001-05-15,-8857,-1461,69410,16877,25734,29584,31045
2001-05-22,-24112,11327,67973,12706,36818,32379,21052
2001-05-29,-28338,15607,68464,12182,40520,32809,17202
2001-06-05,-21653,11406,66439,13241,34894,30503,19097
2001-06-12,-17440,7175,68826,16402,33842,29066,21891
2001-06-19,-18943,9533,65308,14499,33442,28507,18974
2001-06-26,-16084,6124,70494,16140,32224,29153,23029
2001-07-03,-12301,3562,69074,15051,27352,31180,27618
2001-07-10,-9759,567,73531,19284,29043,31663,31096
2001-07-17,-7746,-2586,77428,22156,29902,31520,34106
2001-07-24,-8176,-1977,76722,22102,30278,31863,33840
2001-07-31,-8399,-1753,77616,22132,30531,32373,34126
2001-08-07,-8131,-1350,78056,22526,30657,32451,33801
2001-08-14,-9716,-626,75207,20887,30603,31157,31783
2001-08-21,-13132,2970,74613,18813,31945,32955,29985
2001-08-28,-12813,3472,73714,18649,31462,33344,29872
2001-09-04,-10571,1603,72547,18767,29338,32968,31365
2001-09-10,-10506,1230,70825,17293,27799,32728,31498
2001-09-18,-12299,8859,63592,11036,23335,34064,25205
2001-09-25,-25936,24120,63127,9778,35714,33697,9577
2001-10-02,-44036,29993,65473,8360,52396,37429,7436
2001-10-09,-48741,34739,71215,8332,57073,43743,9004
2001-10-16,-44492,31256,65557,7944,52436,37952,6696
2001-10-23,-22099,23095,65520,13080,35179,31598,8503
2001-10-30,-29671,18626,67416,16751,46422,30473,11847
2001-11-06,-19222,9192,73175,22456,41678,31175,21983
2001-11-13,-17128,6839,73671,22830,39958,31920,25081
2001-11-20,-15085,4033,75468,23035,38120,31532,27499
2001-11-27,-12394,1423,72849,21153,33547,31589,30166
2001-12-04,-13179,3053,71351,20179,33358,32356,29303
2001-12-11,-18230,7904,67829,16269,34499,32823,24919
2001-12-18,-23319,13091,65704,15141,38460,32107,19016
2001-12-21,-27660,17968,63848,14187,41847,31808,13840
2001-12-28,-33487,23068,63260,12471,45958,32058,8990
2002-01-08,-44846,32613,67412,10688,55534,37728,5115
2002-01-15,-49134,36208,71748,10196,59330,40882,4674
2002-01-22,-47256,33036,67577,10262,57518,36636,3600
2002-01-29,-42898,28595,65182,11645,54543,32428,3833
2002-02-05,-40206,25221,66014,13314,53520,30712,5491
2002-02-12,-40208,26524,64702,12397,52605,30777,4253
2002-02-19,-40675,28128,68018,13921,54596,32533,4405
2002-02-26,-39171,27110,65009,12947,52118,32327,5217
2002-03-05,-46869,32037,66893,9433,56302,35995,3958
2002-03-12,-47246,32633,69921,10634,57880,36515,3882
2002-03-19,-49029,33081,71778,11364,60393,36681,3600
2002-03-26,-50993,34803,74477,11610,62603,38820,4017
2002-04-02,-59324,41929,80061,8819,68143,45615,3686
2002-04-09,-55220,39040,79026,11194,66414,43572,4532
2002-04-16,-43198,28167,73774,14450,57648,34125,5958
2002-04-23,-44515,28652,71283,14453,58968,32350,3698
2002-04-30,-43748,28975,73618,17482,61230,32661,3686
2002-05-07,-45682,29936,73729,16646,62328,33697,3761
2002-05-14,-47003,30964,74887,16334,63337,34377,3413
2002-05-21,-64598,45330,85666,12508,77106,49038,3708
2002-05-28,-71699,49506,98766,12220,83919,56092,6586
2002-06-04,-74555,52172,101403,11430,85985,58184,6012
2002-06-11,-71297,50192,101564,14785,86082,54720,4528
2002-06-18,-67317,44655,102608,19968,87285,49496,4841
2002-06-25,-61436,39164,98927,19978,81414,44821,5657
2002-07-02,-65004,42253,93941,14714,79718,47016,4763
2002-07-09,-68906,44324,97169,13687,82593,50066,5742
2002-07-16,-72438,48545,100428,13360,85798,52634,4089
2002-07-23,-66372,43275,95317,14914,81286,47110,3835
2002-07-30,-46709,28374,83102,22605,69314,32082,3708
2002-08-06,-42652,24926,83630,26029,68681,29692,4766
2002-08-13,-41130,22737,82391,24733,65863,28981,6244
2002-08-20,-36870,16444,83430,24666,61536,26231,9787
2002-08-27,-34500,13126,79468,19069,53569,26550,13424
2002-09-03,-30911,11355,77879,19230,50141,26210,14855
2002-09-10,-32390,11574,80009,19684,52074,26612,15038
2002-09-17,-36065,14319,81185,18639,54704,28406,14087
2002-09-24,-41749,22206,81663,17661,59410,32953,10747
2002-10-01,-34923,18048,81743,20371,55294,30840,12792
2002-10-08,-24380,8370,86501,26042,50422,29252,20882
2002-10-15,-17329,-373,90648,28890,46219,28629,29002
2002-10-22,-16581,-789,92676,29469,46050,30128,30917
2002-10-29,-19511,2536,89063,26935,46446,29937,27401
2002-11-05,-24011,6180,85603,25421,49432,28414,22234
2002-11-12,-31830,14809,84103,22845,54675,30745,15936
2002-11-19,-33927,17855,86256,23400,57327,32339,14484
2002-11-26,-28166,12464,83456,27284,55450,28788,16324
2002-12-03,-27351,12550,79183,23026,50377,29315,16765
2002-12-10,-37493,21139,76695,18646,56139,31288,10149
2002-12-17,-47433,27626,78899,15636,63069,33764,6138
2002-12-23,-50079,28932,76932,12718,62797,34246,5314
2002-12-31,-54897,31880,80920,12948,67845,36652,4772
2003-01-07,-63334,38587,95739,15941,79275,45993,7406
2003-01-14,-62822,37243,98600,18244,81066,45901,8658
2003-01-21,-63562,38400,99420,17880,81442,47016,8616
2003-01-28,-66781,39972,102214,18122,84903,47139,7167
2003-02-04,-71136,42528,103514,16654,87790,49110,6582
2003-02-11,-56895,29137,95036,20067,76962,36461,7324
2003-02-14,-46750,20178,92139,23182,69932,30821,10643
2003-02-25,-43543,20906,90955,24080,67623,30629,9723
2003-03-04,-39378,18010,81825,23871,63249,27509,9499
2003-03-11,-43328,22020,81943,22997,66325,28597,6577
2003-03-18,-32563,12759,83928,24724,57287,27518,14759
2003-03-25,-17028,-621,88189,32131,49159,25093,25714
2003-04-01,-15845,-3680,89047,32501,48346,25268,28948
2003-04-08,-19143,-680,90692,30983,50126,27512,28192
2003-04-15,-19152,-347,88705,30838,49990,26854,27201
2003-04-22,-23801,4091,87564,29123,52924,26792,22701
2003-04-29,-27867,9217,81957,29607,57474,24615,15398
2003-05-06,-44230,25588,84773,22310,66540,34169,8581
2003-05-13,-52250,32233,89108,20994,73244,39038,6805
2003-05-20,-54637,32164,89363,17944,72581,40340,8176
2003-05-27,-51309,30305,82547,16026,67335,36415,6110
2003-06-03,-42323,20748,75912,17737,60060,26998,6250
2003-06-10,-35968,14664,78684,20185,56153,26604,11940
2003-06-17,-34298,13682,79428,19375,53673,27358,13676
2003-06-24,-28010,9756,83905,24569,52579,27154,17398
2003-07-01,-28640,8876,79972,22786,51426,26686,17810
2003-07-08,-40682,20915,81775,19496,60178,31125,10210
2003-07-15,-48294,30343,87872,19142,67436,38637,8294
2003-07-22,-47853,29911,89035,20081,67934,39330,9419
2003-07-29,-70876,48432,108811,16970,87846,56004,7572
2003-08-05,-70484,47713,110005,18014,88498,53066,5353
2003-08-12,-67799,42183,107445,16829,84628,48346,6163
2003-08-19,-69317,39590,107708,16208,85525,45072,5482
2003-08-26,-67107,42345,103343,18281,85388,46748,4403
2003-09-02,-71131,41737,103311,15559,86690,47810,6073
2003-09-09,-81755,52810,109498,13170,94925,57490,4680
2003-09-16,-79781,51011,115510,18275,98056,56129,5118
2003-09-23,-78137,48657,114578,17429,95566,54399,5742
2003-09-30,-72146,44925,105542,13885,86031,50958,6033
2003-10-07,-49619,22741,89786,19680,69299,29732,6991
2003-10-14,-43790,18486,86995,20121,63911,28179,9693
2003-10-21,-46853,21928,90599,21158,68011,30156,8228
2003-10-28,-52035,28057,93409,20860,72895,33068,5011
2003-11-04,-49873,25071,92256,21167,71040,30227,5156
2003-11-11,-49526,24115,91880,20773,70299,29492,5377
2003-11-18,-62883,37354,109720,20147,83030,42567,5213
2003-11-25,-65820,39577,107762,24955,90775,41236,1659
2003-12-02,-69979,45142,104077,19115,89094,47798,2656
2003-12-09,-71678,47213,103100,14714,86392,50808,3595
2003-12-16,-74343,49468,104093,12072,86415,53237,3769
2003-12-22,-73363,48970,102585,11507,84870,52468,3498
2003-12-30,-76605,51525,102784,9077,85682,54889,3364
2004-01-06,-81066,55501,107665,7628,88694,59543,4042
2004-01-13,-81400,52612,108724,8085,89485,57364,4752
2004-01-20,-75933,47182,107814,9315,85248,54925,7743
2004-01-27,-85902,56445,114036,9031,94933,61066,4621
2004-02-03,-79000,50556,107432,10457,89457,53206,2650
2004-02-10,-79258,50132,112587,13702,92960,54115,3983
2004-02-17,-84402,53175,119070,14237,98639,57144,3969
2004-02-24,-83978,53699,118149,10984,94962,56131,2432
2004-03-02,-82003,54304,113485,11316,93319,58087,3783
2004-03-09,-87299,58686,116299,9544,96843,63135,4449
2004-03-16,-85577,56261,117659,11804,97381,61444,5183
2004-03-23,-86891,56347,119976,10670,97561,61720,5373
2004-03-30,-85400,56091,119147,10230,95630,59587,3496
2004-04-06,-82979,51737,120507,11965,94944,57433,5696
2004-04-12,-82918,51716,119901,11989,94907,55444,3728
2004-04-20,-74820,43303,110293,14364,89184,46589,3286
2004-04-27,-66868,34631,106516,16276,83144,39078,4447
2004-05-04,-61967,33048,93166,13877,75844,37178,4130
2004-05-11,-56087,28264,91879,15172,71259,33653,5389
2004-05-18,-53324,26183,89376,13769,67093,32998,6815
2004-05-25,-49121,23340,88330,13654,62775,30587,7247
2004-06-01,-49915,22868,85891,13271,63186,30077,7209
2004-06-08,-45507,20275,83809,12943,58450,29672,9397
2004-06-15,-45582,21028,85796,15132,60714,29651,8623
2004-06-22,-45345,20849,90502,16743,62088,29109,8260
2004-06-29,-49756,25448,90221,18812,68568,30613,5165
2004-07-06,-48292,23976,82761,12576,60868,30389,6413
2004-07-13,-57857,33936,87162,10362,68219,36761,2825
2004-07-20,-62938,39999,92456,9777,72715,43271,3272
2004-07-27,-57511,35456,91991,12793,70304,40184,4728
2004-08-03,-62139,40509,94715,10658,72797,44765,4256
2004-08-10,-67304,44344,97251,11239,78543,48019,3675
2004-08-17,-66252,43540,96119,11578,77830,46370,2830
2004-08-24,-69389,46432,102711,13122,82511,48506,2074
2004-08-31,-67538,45571,95230,12778,80316,48118,2547
2004-09-07,-57849,34677,87139,12019,69868,38898,4221
2004-09-14,-47449,23189,82028,15141,62590,30554,7365
2004-09-21,-47756,23840,82327,15058,62814,30798,6958
2004-09-28,-51446,27215,83896,15111,66557,32046,4831
2004-10-05,-67291,46281,99518,12655,79946,50369,4088
2004-10-12,-74142,53453,107869,10961,85103,58594,5141
2004-10-19,-75860,55487,111307,11935,87795,60545,5058
2004-10-26,-76780,56093,116815,13474,90254,62746,6653
2004-11-02,-74356,54332,114494,14859,89215,58504,4172
2004-11-09,-77945,57221,123564,14924,92869,64181,6960
2004-11-16,-78663,57177,124272,14310,92973,64251,7074
2004-11-23,-86800,65758,121720,11541,98341,69820,4062
2004-11-30,-87174,67224,116958,13545,100719,70987,3763
2004-12-07,-91212,70118,125722,18752,109964,73786,3668
2004-12-14,-66962,43225,101771,20074,87036,46556,3331
2004-12-21,-60895,37664,98426,21338,82233,42217,4553
2004-12-28,-61244,37706,99266,21040,82284,42318,4612
2005-01-04,-58794,38350,96882,18843,77637,43147,4797
2005-01-11,-54511,33118,98189,19423,73934,42170,9052
2005-01-18,-53609,32646,98962,20620,74229,42288,9642
2005-01-25,-52087,30226,96891,18862,70949,40809,10583
2005-02-01,-50415,30232,95173,18725,69140,40985,10753
2005-02-08,-47227,27763,95344,19194,66421,39463,11700
2005-02-15,-54425,36974,96899,17551,71976,43664,6690
2005-02-22,-60280,42314,102103,16025,76305,47471,5157
2005-03-01,-62274,42484,99341,14986,77260,47371,4887
2005-03-08,-66447,44739,101960,13903,80350,49415,4676
2005-03-15,-65908,44445,102305,15054,80962,47955,3510
2005-03-22,-62122,39552,103328,17765,79887,45798,6246
2005-03-29,-55412,32971,96568,19560,74972,37645,4674
2005-04-05,-55633,34598,98663,22778,78411,39261,4663
2005-04-12,-57252,36684,102168,22874,80126,40952,4268
2005-04-19,-58284,37636,104305,25083,83367,40909,3273
2005-04-26,-62898,40365,111987,23703,86601,44601,4236
2005-05-03,-42693,19858,105261,29004,71697,37887,18029
2005-05-10,-43185,22511,104114,27294,70479,37632,15121
2005-05-17,-43768,24690,102869,26752,70520,38777,14087
2005-05-24,-44204,24954,105219,28656,72860,38526,13572
2005-05-31,-63216,42801,113358,22521,85737,52757,9956
2005-06-07,-76872,57469,121857,17790,94662,64948,7479
2005-06-14,-73950,53947,128442,24633,98583,59725,5778
2005-06-21,-72471,51291,130474,25676,98147,57072,5781
2005-06-28,-68648,46647,124362,27220,95868,52982,6335
2005-07-05,-46510,24557,122624,35021,81531,42886,18329
2005-07-12,-43532,22860,123279,37284,80816,41751,18891
2005-07-19,-42526,21902,128213,38382,80908,43198,21296
2005-07-26,-42451,21918,123485,36453,78904,41302,19384
2005-08-02,-54347,33403,122020,32724,87071,43043,9640
2005-08-09,-50541,29238,123818,35010,85551,41925,12687
2005-08-16,-46857,24338,121306,34168,81025,40199,15861
2005-08-23,-46674,24677,116131,29796,76470,40167,15490
2005-08-30,-32105,11650,120303,35083,67188,43817,32167
2005-09-06,-35112,14566,112175,33429,68541,39225,24659
2005-09-13,-35284,15509,115435,34098,69382,42004,26495
2005-09-20,-53899,33460,117718,27885,81784,49008,15548
2005-09-27,-58682,37299,118954,25821,84503,50616,13317
2005-10-04,-63464,42782,125742,26807,90271,55195,12413
2005-10-11,-70596,51367,134435,26038,96634,62883,11516
2005-10-18,-73193,54246,142530,26591,99784,66282,12036
2005-10-25,-75516,54121,138960,25901,101417,66256,12135
2005-11-01,-72392,51548,137967,28578,100970,60685,9137
2005-11-08,-71928,51076,143966,31933,103861,62257,11181
2005-11-15,-72485,51722,150342,32637,105122,65215,13493
2005-11-22,-78324,60560,149698,29449,107773,73548,12988
2005-11-29,-82231,63151,145136,30527,112758,75230,12079
2005-12-06,-87195,66730,141571,23195,110390,79031,12301
2005-12-13,-82745,62787,137249,24426,107171,72934,10147
2005-12-20,-82670,60976,133600,26152,108822,68903,7927
2005-12-27,-83580,61193,135028,26004,109584,69081,7888
2006-01-03,-82589,59380,131555,25456,108045,66488,7108
2006-01-10,-82452,58971,130725,24497,106949,64551,5580
2006-01-17,-83449,58847,131701,23658,107107,64299,5452
2006-01-24,-81115,59832,131185,21056,102171,66946,7114
2006-01-31,-78695,56256,133259,19688,98383,66502,10246
2006-02-07,-75880,52788,130754,19361,95241,62794,10006
2006-02-14,-72867,50588,127737,21658,94525,59275,8687
2006-02-21,-73921,51847,132532,22009,95930,59943,8096
2006-02-28,-65210,44622,127839,23583,88793,56871,12249
2006-03-07,-73865,51956,132341,22142,96007,61688,9732
2006-03-14,-73334,51189,127834,21128,94462,59251,8062
2006-03-21,-75631,53901,132347,19905,95536,62687,8786
2006-03-28,-74152,52363,134579,20856,95008,63054,10691
2006-04-04,-75991,51846,140419,21029,97020,62676,10830
2006-04-11,-71786,46139,141906,22847,94633,60028,13889
2006-04-18,-69957,42176,140408,20866,90823,56968,14792
2006-04-25,-60098,36055,127250,24842,84940,43242,7187
2006-05-02,-54558,31211,112421,20888,75446,41659,10448
2006-05-09,-52289,29826,110968,21432,73721,38664,8838
2006-05-16,-48820,26070,110184,21968,70788,35419,9349
2006-05-23,-47878,26241,110443,23353,71231,34795,8554
2006-05-30,-48925,26372,109388,19930,68855,35169,8797
2006-06-06,-43606,22934,112351,24724,68330,32662,9728
2006-06-13,-43878,24468,112993,25567,69445,33080,8612
2006-06-20,-40508,22473,112485,27978,68486,32276,9803
2006-06-27,-37970,19840,109024,31229,69199,30746,10906
2006-07-03,-41744,24001,97874,24618,66362,31220,7219
2006-07-11,-41862,24391,99551,23466,65328,31855,7464
2006-07-18,-40724,23187,99954,23009,63733,31264,8077
2006-07-25,-41650,23822,97539,20804,62454,31142,7320
2006-08-01,-44341,24339,98685,18452,62793,32228,7889
2006-08-08,-47896,28570,108463,18336,66232,37564,8994
2006-08-15,-47095,27741,111358,21360,68455,36719,8978
2006-08-22,-49254,29553,114877,22594,71848,38914,9361
2006-08-29,-48760,29461,112346,21262,70022,38861,9400
2006-09-05,-50548,29820,108132,19816,70364,40920,11100
2006-09-12,-40108,22373,101450,24162,64270,32926,10553
2006-09-19,-35888,19081,100314,26450,62338,29367,10286
2006-09-26,-35855,18467,100272,27140,62995,28267,9800
2006-10-03,-35886,19213,98967,26222,62108,27302,8089
2006-10-10,-35806,19480,100304,27313,63119,27850,8370
2006-10-17,-40057,22407,106890,26641,66698,31433,9026
2006-10-24,-43104,26355,109100,25365,68469,34851,8496
2006-10-31,-46682,28102,110237,23248,69930,36672,8570
2006-11-07,-49892,30317,113697,23035,72927,38784,8467
2006-11-14,-54265,35094,117486,25283,79548,43634,8540
2006-11-21,-57164,37466,116375,23322,80486,44371,6905
2006-11-28,-58397,39044,109864,21989,80386,46095,7051
2006-12-05,-60767,41660,106839,21287,82054,49012,7352
2006-12-12,-62962,43604,110084,21075,84037,51968,8364
2006-12-19,-54338,36786,103358,23977,78315,43218,6432
2006-12-26,-51231,34503,101141,24528,75759,41044,6541
2007-01-03,-50831,32281,103703,23649,74480,40337,8056
2007-01-09,-49373,33632,101420,23402,72775,40894,7262
2007-01-16,-49923,32772,101830,22897,72820,39984,7212
2007-01-23,-54249,35653,108484,23868,78117,43051,7398
2007-01-30,-58456,38997,112320,23938,82394,47120,8123
2007-02-06,-60989,41127,116607,24398,85387,49943,8816
2007-02-13,-63607,43562,123596,25753,89360,53943,10381
2007-02-20,-64390,46428,127032,26339,90729,56923,10495
2007-02-27,-73053,54389,125249,22636,95689,63891,9502
2007-03-06,-56680,37040,115412,28039,84719,44348,7308
2007-03-13,-51393,33284,112728,29756,81149,40204,6920
2007-03-20,-50730,31564,113072,30335,81065,38039,6475
2007-03-27,-51955,32078,111348,28630,80585,38443,6365
2007-04-03,-51377,31660,112120,25973,77350,39399,7739
2007-04-10,-55791,33730,118004,26167,81958,43105,9375
2007-04-17,-58305,37033,122313,26140,84445,47030,9997
2007-04-24,-58656,38416,123627,27432,86088,48794,10378
2007-05-01,-53537,31725,109108,22005,75542,43129,11404
2007-05-08,-50692,29661,108852,23074,73766,41590,11929
2007-05-15,-50479,29756,108698,23602,74081,41376,11620
2007-05-22,-44471,25327,108612,24336,68807,39806,14479
2007-05-29,-46930,27692,111742,24132,71062,41409,13717
2007-06-05,-53116,32481,115097,22250,75366,44461,11980
2007-06-12,-50832,31680,119583,24552,75384,44174,12494
2007-06-19,-54809,34696,124252,27269,82078,44649,9953
2007-06-26,-47922,27852,120288,28444,76366,40565,12713
2007-07-03,-42054,24003,117290,29864,71918,40070,16067
2007-07-10,-44707,26478,116724,29107,73814,40880,14402
2007-07-17,-46920,27940,115546,27296,74216,39986,12046
2007-07-24,-52288,32343,119064,25919,78207,42754,10411
2007-07-31,-46935,27369,118550,29692,76627,38580,11211
2007-08-07,-47560,28940,122787,31888,79448,39317,10377
2007-08-14,-46432,26947,122912,33866,80298,36203,9256
2007-08-21,-35422,19798,117914,35312,70734,32607,12809
2007-08-28,-26982,9662,111791,35002,61984,25712,16050
2007-09-04,-24833,9277,107814,33683,58516,25965,16688
2007-09-11,-26427,10844,108199,31369,57796,27426,16582
2007-09-18,-29221,13209,109750,31931,61152,28450,15241
2007-09-25,-42160,24763,116537,26429,68589,37848,13085
2007-10-02,-44849,26598,117498,25629,70478,39347,12749
2007-10-09,-46998,28249,120478,26687,73685,41278,13029
2007-10-16,-48607,28896,124780,27425,76032,41936,13040
2007-10-23,-47155,28520,122842,28464,75619,40818,12298
2007-10-30,-51188,30489,133518,29344,80532,44222,13733
2007-11-06,-54966,34077,150120,33988,88954,48322,14245
2007-11-13,-54632,31227,146205,33634,88266,45951,14724
2007-11-20,-52885,29548,146852,37480,90365,44350,14802
2007-11-27,-51700,30874,144601,36684,88384,42438,11564
2007-12-04,-49575,28368,138128,35611,85186,39409,11041
2007-12-11,-53139,31020,147922,38941,92080,42254,11234
2007-12-18,-47927,26123,148157,40362,88289,38234,12111
2007-12-24,-52419,31490,150953,40229,92648,40310,8820
2007-12-31,-56498,35128,152888,37371,93869,43450,8322
2008-01-08,-63755,41083,168508,37921,101676,51774,10691
2008-01-15,-65342,43017,177544,38336,103678,55869,12852
2008-01-22,-68942,46588,179362,39040,107982,58504,11916
2008-01-29,-69505,46112,183056,40907,110412,57683,11571
2008-02-05,-70099,49750,184677,43255,113354,58807,9057
2008-02-12,-71968,51990,187309,46904,118872,62875,10885
2008-02-19,-75790,53138,189151,47210,123000,63733,10595
2008-02-26,-73149,53917,173340,40554,113703,63537,9620
2008-03-04,-70913,50617,166625,40419,111332,62211,11594
2008-03-11,-70902,51010,162481,38872,109774,59926,8916
2008-03-18,-71188,50455,160860,37413,108601,59944,9489
2008-03-25,-59121,40038,148918,40801,99922,48579,8541
2008-04-01,-58292,41264,145358,39781,98073,47457,6193
2008-04-08,-57627,39936,145698,40437,98064,47194,7258
2008-04-15,-58192,40537,149199,42771,100963,46916,6379
2008-04-22,-59675,41322,153234,45072,104747,47548,6226
2008-04-29,-60207,42557,126504,32510,92717,48978,6421
2008-05-06,-58748,41179,121057,27698,86446,48779,7600
2008-05-13,-59053,40041,122802,27010,86063,49456,9415
2008-05-20,-62240,43069,125838,25630,87870,54227,11158
2008-05-27,-64561,44838,126583,25034,89595,55747,10909
2008-06-03,-60665,41953,123200,26410,87075,51098,9145
2008-06-10,-59109,40921,128241,30053,89162,51259,10338
2008-06-17,-59269,40022,130931,33211,92480,49452,9430
2008-06-24,-58410,39000,128720,30744,89154,49195,10195
2008-07-01,-65322,46489,130495,27495,92817,56414,9925
2008-07-08,-68556,48138,135835,27542,96098,59095,10957
2008-07-15,-71151,49285,143386,30013,101164,60062,10777
2008-07-22,-69041,46960,140089,29884,98925,57762,10802
2008-07-29,-59857,39844,132854,33211,93068,50265,10421
2008-08-05,-55461,37200,133255,35217,90678,46849,9649
2008-08-12,-50650,36026,140094,41559,92209,45941,9915
2008-08-19,-46868,31564,135028,43891,90759,42525,10961
2008-08-26,-43108,27584,125075,37361,80469,39453,11869
2008-09-02,-38848,27009,116628,31721,70569,40310,13301
2008-09-09,-37503,24750,116403,31065,68568,38840,14090
2008-09-16,-37235,23501,112340,29032,66267,38161,14660
2008-09-23,-33372,21157,104403,26895,60267,34169,13012
2008-09-30,-28783,18336,103812,30397,59180,30405,12069
2008-10-07,-29829,17099,99883,30780,60609,28882,11783
2008-10-14,-27171,16922,98596,30987,58158,28140,11218
2008-10-21,-22268,13641,95873,33648,55916,27104,13463
2008-10-28,-23512,15068,95716,32678,56190,27822,12754
2008-11-04,-27908,17507,94365,29460,57368,29015,11508
2008-11-11,-27964,19626,94494,26743,54707,30913,11287
2008-11-18,-27458,19075,91853,27064,54522,29678,10603
2008-11-25,-23682,14159,86878,29610,53292,24915,10756
2008-12-02,-24894,16053,82434,27282,52176,24263,8210
2008-12-09,-24751,16883,83476,26936,51687,24501,7618
2008-12-16,-29183,19321,87384,26648,55831,26737,7416
2008-12-22,-30680,20240,85219,25634,56314,26817,6577
2008-12-30,-30244,19795,85312,25545,55789,27106,7311
2009-01-06,-30920,20189,86788,25818,56738,26767,6578
2009-01-13,-27680,18356,85916,26028,53708,25899,7543
2009-01-20,-28930,19066,86349,26347,55277,26663,7597
2009-01-27,-32195,20958,89185,26230,58425,28760,7802
2009-02-03,-33173,22415,93813,28118,61291,29430,7015
2009-02-10,-35037,24122,96019,28945,63982,30842,6720
2009-02-17,-36051,24717,99325,30435,66486,30954,6237
2009-02-24,-38231,25207,101629,33232,71463,30975,5768
2009-03-03,-38704,26685,93051,28264,66968,32391,5706
2009-03-10,-35767,25282,92260,28649,64416,30549,5267
2009-03-17,-35760,24415,92796,29155,64915,29437,5022
2009-03-24,-33601,22731,93147,30854,64455,27711,4980
2009-03-31,-33103,20587,94506,29827,62930,27232,6645
2009-04-07,-29581,17641,93101,29430,59011,26198,8557
2009-04-14,-28858,16806,94568,30683,59541,24462,7656
2009-04-21,-25171,13998,96277,31095,56266,24516,10518
2009-04-28,-27460,15719,90687,30037,57497,24121,8402
2009-05-05,-31923,20804,89477,26480,58403,27385,6581
2009-05-12,-37051,24500,96546,26221,63272,32432,7932
2009-05-19,-41547,28225,96079,23327,64874,34189,5964
2009-05-26,-42779,28034,98120,23168,65947,33982,5948
2009-06-02,-42974,28668,104986,26072,69046,35789,7121
2009-06-09,-46950,30884,106447,26514,73464,36330,5446
2009-06-16,-45602,29395,103981,27200,72802,33876,4481
2009-06-23,-41993,26205,105699,27673,69666,30838,4633
2009-06-30,-40484,24778,104594,31610,72094,30233,5455
2009-07-07,-37432,24126,100376,29798,67230,29641,5515
2009-07-14,-34625,21085,99662,29870,64495,28690,7605
2009-07-21,-33201,18540,98269,29821,63022,28351,9811
2009-07-28,-35886,21326,97761,29678,65564,30181,8855
2009-08-04,-39041,23849,99477,29767,68808,32434,8585
2009-08-11,-42346,27810,104790,29940,72286,36581,8771
2009-08-18,-43121,27851,103527,29631,72752,35138,7287
2009-08-25,-42718,29130,101539,28320,71038,35667,6537
2009-09-01,-48056,34429,106671,27994,76050,42244,7815
2009-09-08,-56401,40902,116421,26175,82576,48685,7783
2009-09-15,-61926,46469,123873,24923,86849,54995,8526
2009-09-22,-64355,47234,128184,25922,90277,56756,9522
2009-09-29,-64106,47410,128695,26732,90838,54966,7556
2009-10-06,-65188,47300,131801,26535,91723,54614,7314
2009-10-13,-65426,48275,136015,27902,93328,55532,7257
2009-10-20,-66004,48138,135456,28261,94265,55740,7602
2009-10-27,-64362,44140,132843,29343,93705,51014,6874
2009-11-03,-58983,39798,129240,32697,91680,45742,5944
2009-11-09,-58746,37954,141794,34800,93546,43862,5908
2009-11-17,-58381,40480,142200,35903,94284,47597,7117
2009-11-24,-64445,45648,136162,30971,95416,48870,3222
2009-12-01,-63824,45199,131899,28360,92184,49798,4599
2009-12-08,-61822,42536,125999,27039,88861,46575,4039
2009-12-15,-57908,38677,121787,27450,85358,42440,3763
2009-12-22,-57160,39678,122294,26982,84142,42528,2850
2009-12-29,-57350,38721,124334,27360,84710,41886,3165
2010-01-05,-57390,39499,125391,26098,83488,44312,4813
2010-01-12,-61746,44528,128675,26124,87870,48703,4175
2010-01-19,-61690,44301,131385,26749,88439,49357,5056
2010-01-26,-54711,37069,124895,29036,83747,41473,4404
2010-02-02,-46563,30877,122261,32572,79135,36924,6047
2010-02-09,-37800,23365,118593,34830,72630,32438,9073
2010-02-16,-38226,25378,120166,35553,73779,34615,9237
2010-02-23,-39770,27816,117376,36528,76298,35495,7679
2010-03-02,-40940,31058,108248,31034,71974,36721,5663
2010-03-09,-45799,35165,112130,29220,75019,40051,4886
2010-03-16,-48008,34856,114192,29779,77787,40126,5270
2010-03-23,-45698,32301,112520,29886,75584,38105,5804
2010-03-30,-46317,32981,113405,31259,77576,38734,5753
2010-04-06,-51686,37523,118712,29839,81525,44052,6529
2010-04-13,-55389,39605,123661,30927,86316,47495,7890
2010-04-20,-54317,38862,126679,32605,86922,46960,8098
2010-04-27,-56421,40567,124157,29762,86183,48462,7895
2010-05-04,-55388,38660,123448,32069,87457,47287,8627
2010-05-11,-52518,37590,122669,30697,83215,47848,10258
2010-05-18,-59218,42790,125228,30235,89453,51664,8874
2010-05-25,-51449,34832,120120,31781,83230,42146,7314
2010-06-01,-51955,35885,122368,33716,85671,41797,5912
2010-06-08,-52044,35003,122536,33856,85900,40478,5475
2010-06-15,-53781,37516,131070,34328,88109,43464,5948
2010-06-22,-55576,40051,139019,35668,91244,46666,6615
2010-06-29,-58509,41910,128065,30402,88911,47455,5545
2010-07-06,-52367,35044,118962,29776,82143,39876,4832
2010-07-13,-51214,35182,117959,30751,81965,39176,3994
2010-07-20,-47960,31634,117531,31904,79864,37827,6193
2010-07-27,-46768,30337,117370,32835,79603,38480,8143
2010-08-03,-52543,36455,123464,31537,84080,43185,6730
2010-08-10,-52753,35734,123370,31676,84429,42597,6863
2010-08-17,-53744,35572,128848,33949,87693,43251,7679
2010-08-24,-50852,34807,124185,31306,82158,42255,7448
2010-08-31,-59377,44813,130813,27884,87261,54472,9659
2010-09-07,-61798,47203,139522,28855,90653,59112,11909
2010-09-14,-65061,48791,144798,29764,94825,60696,11905
2010-09-21,-65303,49371,146767,28973,94276,62013,12642
2010-09-28,-65413,51481,154219,29034,94447,66066,14585
2010-10-05,-62127,48483,156096,30023,92150,63681,15198
2010-10-12,-61504,45352,153970,29899,91403,59615,14263
2010-10-19,-58150,43297,151104,28601,86751,56278,12981
2010-10-26,-57866,40509,152980,30157,88023,53018,12509
2010-11-02,-56048,39791,158633,31152,87200,52625,12834
2010-11-09,-50485,32583,156418,33976,84461,46004,13421
2010-11-16,-45654,28104,146693,37001,82655,40243,12139
2010-11-23,-46853,30426,147685,37420,84273,40307,9881
2010-11-30,-49770,34034,133139,29791,79561,40818,6784
2010-12-07,-48825,32969,137675,29245,78070,42606,9637
2010-12-14,-48136,30232,130145,28454,76590,39450,9218
2010-12-21,-47057,30295,133135,30852,77909,39180,8885
2010-12-28,-50891,32119,137918,30286,81177,41539,9420
2011-01-04,-49751,30035,136931,29598,79349,40483,10448
2011-01-11,-46750,29269,136331,30787,77537,38570,9301
2011-01-18,-45368,29653,135675,30663,76031,40010,10357
2011-01-25,-43146,28226,125229,29818,72964,38699,10473
2011-02-01,-44801,30680,125287,31966,76767,37883,7203
2011-02-08,-51117,37063,135797,31150,82267,44915,7852
2011-02-15,-55047,40937,147113,34051,89098,50718,9781
2011-02-22,-57793,39223,145070,31935,89728,50937,11714
2011-03-01,-56460,37902,135802,31676,88136,49750,11848
2011-03-08,-55350,38494,133485,30841,86191,50394,11900
2011-03-15,-53421,34954,134914,31210,84631,47290,12336
2011-03-22,-55182,36775,135988,31526,86708,47552,10777
2011-03-29,-55295,37139,138486,32587,87882,47764,10625
2011-04-05,-56414,36785,143013,33413,89827,48890,12105
2011-04-12,-51279,32722,144670,34794,86073,46305,13583
2011-04-19,-52692,33766,144981,34043,86735,48325,14559
2011-04-26,-42534,24995,143341,35763,78297,43078,18083
2011-05-03,-42460,23354,131907,30743,73203,42751,19397
2011-05-10,-41336,23486,123537,33266,74602,34239,10753
2011-05-17,-34017,17435,120227,36082,70099,30936,13501
2011-05-24,-34959,17583,121395,33663,68622,31754,14171
2011-05-31,-34323,17582,120853,36702,71025,28870,11288
2011-06-07,-33328,16999,121191,37428,70756,28761,11762
2011-06-14,-33224,16587,118846,38561,71785,29261,12674
2011-06-21,-35564,19323,120238,35382,70946,30454,11131
2011-06-28,-29166,15998,114330,36894,66060,27439,11441
2011-07-05,-33451,18835,111251,33548,66999,28131,9296
2011-07-12,-37490,20503,112795,30712,68202,29967,9464
2011-07-19,-39513,20749,115999,31009,70522,34248,13499
2011-07-26,-42773,23913,119563,29990,72763,37358,13445
2011-08-02,-44588,24851,120385,30441,75029,38265,13414
2011-08-09,-35341,18388,115939,36394,71735,32101,13713
2011-08-16,-40681,21928,116007,34555,75236,32697,10769
2011-08-23,-47099,27011,122543,34281,81380,38756,11745
2011-08-30,-45148,26843,112375,31944,77092,36537,9694
2011-09-06,-47306,27207,113449,30563,77869,37185,9978
2011-09-13,-45387,26287,112726,31851,77238,36588,10301
2011-09-20,-40708,22538,112103,32373,73081,33947,11409
2011-09-27,-24262,15425,102014,38025,62287,25153,9728
2011-10-04,-18923,11900,101102,39584,58507,23859,11959
2011-10-11,-20828,11948,99698,37590,58418,23571,11623
2011-10-18,-18774,10352,103357,40121,58895,23005,12653
2011-10-25,-23516,11022,107066,38176,61692,23660,12638
2011-11-01,-22842,12174,108675,39207,62049,24084,11910
2011-11-08,-24711,12940,111841,41455,66166,24414,11474
2011-11-15,-26292,14447,110513,38950,65242,25822,11375
2011-11-22,-21731,12624,108548,40241,61972,23577,10953
2011-11-29,-20688,12094,98959,38884,59572,23816,11722
2011-12-06,-22519,12630,95684,35493,58012,23211,10581
2011-12-13,-20305,13667,98311,35629,55934,25572,11905
2011-12-20,-14825,7428,101165,40017,54842,24302,16874
2011-12-27,-14132,6855,103993,41224,55356,24026,17171
2012-01-03,-15916,9638,107101,41300,57216,26629,16991
2012-01-10,-19062,11071,104345,38959,58021,26208,15137
2012-01-17,-20382,13393,103668,39029,59411,26209,12816
2012-01-24,-25021,16117,103025,35283,60304,27051,10934
2012-01-31,-28729,19091,101747,33693,62422,28465,9374
2012-02-07,-34650,23587,106008,31795,66445,32239,8652
2012-02-14,-37310,25668,104872,31427,68737,32860,7192
2012-02-21,-39188,26665,110583,31735,70923,34819,8154
2012-02-28,-44593,30003,115866,33802,78395,38012,8009
2012-03-06,-35796,23192,111023,36329,72125,30635,7443
2012-03-13,-35631,21816,111730,35341,70972,28459,6643
2012-03-20,-32126,21169,111422,37622,69748,28489,7320
2012-03-27,-29678,18655,109859,38722,68400,26897,8242
2012-04-03,-31336,20055,116434,39894,71230,29242,9187
2012-04-10,-26386,18186,114469,42151,68537,28154,9968
2012-04-17,-26497,18407,121448,44523,71020,28051,9644
2012-04-24,-22353,16471,122325,48344,70697,28913,12442
2012-05-01,-23743,15584,110862,42450,66193,26855,11271
2012-05-08,-17899,12563,113549,45482,63381,28008,15445
2012-05-15,-15908,11474,114208,45565,61473,27251,15777
2012-05-22,-15222,10797,113647,44547,59769,28018,17221
2012-05-29,-14334,8558,113961,45817,60151,26499,17941
2012-06-05,-16525,9794,116809,44927,61452,27809,18015
2012-06-12,-17919,9609,122080,46701,64620,26716,17107
2012-06-19,-16954,10102,122508,47447,64401,27767,17665
2012-06-26,-12011,6222,126164,48591,60602,28362,22140
2012-07-03,-17354,9706,122128,45803,63157,28662,18956
2012-07-10,-14107,8782,124109,48371,62478,28434,19652
2012-07-17,-15135,7656,121819,48214,63349,28431,20775
2012-07-24,-15455,8159,123661,47198,62653,30291,22132
2012-07-31,-21362,13036,121809,43698,65060,31394,18358
2012-08-07,-21852,13680,124276,44595,66447,31421,17741
2012-08-14,-23402,15587,128993,47797,71199,32317,16730
2012-08-21,-32477,21200,127776,43146,75623,35646,14446
2012-08-28,-38574,28638,121777,38039,76613,39708,11070
2012-09-04,-44920,32430,119504,32297,77217,42283,9853
2012-09-11,-47272,31482,121050,32206,79478,41371,9889
2012-09-18,-50474,32555,127032,31884,82358,43205,10650
2012-09-25,-51659,34010,133163,34451,86110,44778,10768
2012-10-02,-57840,38118,139117,35788,93628,47236,9118
2012-10-09,-57004,39825,140426,36184,93188,49398,9573
2012-10-16,-57094,40128,141405,36221,93315,49041,8913
2012-10-23,-55499,38136,140643,35786,91285,47463,9327
2012-10-30,-53732,36217,137585,36939,90671,46782,10565
2012-11-06,-49678,34119,139313,38726,88404,44230,10111
2012-11-13,-50961,34410,144567,41797,92758,45185,10775
2012-11-20,-55186,37961,150335,43419,98605,47308,9347
2012-11-27,-59334,41275,150727,42544,101878,51084,9809
2012-12-04,-58514,41272,141738,38410,96924,50204,8932
2012-12-11,-57923,39500,142085,39515,97438,48548,9048
2012-12-18,-55339,35989,141423,40347,95686,44889,8900
2012-12-24,-46708,30643,140751,44302,91010,39620,8977
2012-12-31,-45336,29187,141489,45415,90751,38291,9104
2013-01-08,-41265,28094,137542,44977,86242,37257,9163
2013-01-15,-42032,28572,140433,46337,88369,38382,9810
2013-01-22,-47398,31093,142279,44790,92188,41282,10189
2013-01-29,-50267,34804,148532,45404,95671,43089,8285
2013-02-05,-51946,35861,151512,46293,98239,42449,6588
2013-02-12,-46797,32072,152817,52182,98979,40205,8133
2013-02-19,-37956,26456,155353,54208,92164,39057,12601
2013-02-26,-30886,21737,145625,52509,83395,37753,16016
2013-03-05,-29183,18603,147100,52774,81957,38449,19846
2013-03-12,-29423,18108,148283,51929,81352,38637,20529
2013-03-19,-26439,15051,151521,55014,81453,38707,23656
2013-03-26,-24041,11404,151568,55564,79605,37548,26144
2013-04-02,-18503,8146,155755,57847,76350,38201,30055
2013-04-09,-17924,7915,162241,61060,78984,38492,30577
2013-04-16,-22498,17598,157302,61641,84139,39701,22103
2013-04-23,-17164,15001,158970,68258,85422,38817,23816
2013-04-30,-14230,12190,143477,65685,79915,35720,23530
2013-05-07,-14456,13651,144156,65703,80159,35834,22183
2013-05-14,-13218,10794,144666,66717,79935,35690,24896
2013-05-21,-11926,8815,148619,67754,79680,35533,26718
2013-05-28,-8334,4591,145299,66428,74762,34059,29468
2013-06-04,-8399,5356,145734,66857,75256,35051,29695
2013-06-11,-5020,3703,147175,68438,73458,35509,31806
2013-06-18,-5952,3904,149891,68245,74197,35474,31570
2013-06-25,-4093,837,140639,66478,70571,34505,33668
2013-07-02,-7769,4647,136146,63219,70988,36175,31528
2013-07-09,-6898,5021,133851,62307,69205,36560,31539
2013-07-16,-11322,6635,133445,61325,72647,36775,30140
2013-07-23,-10113,5681,131748,60950,71063,35440,29759
2013-07-30,-8307,4975,132831,60510,68817,35628,30653
2013-08-06,-10300,5467,132053,58203,68503,34627,29160
2013-08-13,-20276,12709,135226,60196,80472,36945,24236
2013-08-20,-23274,18508,131076,59439,82713,37308,18800
2013-08-27,-24374,16380,122271,54973,79347,33147,16767
2013-09-03,-27363,18847,115644,49643,77006,34616,15769
2013-09-10,-23498,15834,112276,48979,72477,32644,16810
2013-09-17,-22254,13806,112757,49729,71983,30889,17083
2013-09-24,-19621,12652,112317,52271,71892,29357,16705
2013-10-01,-16645,12775,115238,54294,70939,31235,18460
2013-10-08,-21266,15006,116098,52815,74081,31887,16881
2013-10-15,-19273,14768,116207,52976,72249,33368,18600
2013-10-22,-24885,18208,116767,51120,76005,35706,17498
2013-10-29,-26136,18449,117934,51321,77457,36674,18225
2013-11-05,-25834,18903,118718,51669,77503,36134,17231
2013-11-12,-22629,13036,129525,55623,78252,37380,24344
2013-11-19,-17464,10031,138809,60926,78390,38586,28555
2013-11-26,-16428,6622,133287,56669,73097,39270,32648
2013-12-03,-12165,2901,133109,56666,68831,40438,37537
2013-12-10,-17532,9953,133086,56471,74003,42551,32598
2013-12-17,-19245,11548,133306,55860,75105,41916,30368
2013-12-24,-19686,12098,132501,56157,75843,42097,29999
2013-12-31,-24772,14681,132475,54280,79052,42083,27402
2014-01-07,-25529,17335,131294,53875,79404,41285,23950
2014-01-14,-24809,16489,136158,58869,83678,41287,24798
2014-01-21,-23951,15868,139468,60600,84551,42334,26466
2014-01-28,-21033,10492,144244,62077,83110,40816,30324
2014-02-04,-14852,6988,149163,65457,80309,41321,34333
2014-02-11,-22417,12634,147988,61524,83941,41279,28645
2014-02-18,-32853,23535,147035,63221,96074,40506,16971
2014-02-25,-38985,28937,144305,59225,98210,44848,15911
2014-03-04,-39769,27909,133550,54619,94388,44297,16388
2014-03-11,-37634,26664,136625,55639,93273,43886,17222
2014-03-18,-35900,24372,144578,60632,96532,44744,20372
2014-03-25,-31755,19013,147597,60091,91846,45500,26487
2014-04-01,-28442,14504,150361,61104,89546,44145,29641
2014-04-08,-28905,16262,159316,67545,96450,45042,28780
2014-04-15,-23294,13099,164158,74713,98007,45957,32858
2014-04-22,-22773,14117,157687,71987,94760,45868,31751
2014-04-29,-23356,12051,149341,63507,86863,46103,34052
2014-05-06,-20349,10379,149495,63588,83937,45772,35393
2014-05-13,-19434,11537,149922,63645,83079,46625,35088
2014-05-20,-17597,8076,150164,63691,81288,45967,37891
2014-05-27,-14230,5088,156319,64976,79206,48126,43038
2014-06-03,-9640,766,161062,65523,75163,49778,49012
2014-06-10,-14322,4106,161532,63087,77409,48592,44486
2014-06-17,-22838,13337,164576,66461,89299,48333,34996
2014-06-24,-42897,29330,158093,58728,101625,54160,24830
2014-07-01,-51955,40299,156698,52495,104450,60392,20093
2014-07-08,-58018,47881,162879,51053,109071,67029,19148
2014-07-15,-58696,49278,162447,49410,108106,65907,16629
2014-07-22,-58347,47525,162485,49553,107900,64277,16752
2014-07-29,-56583,44112,158558,51091,107674,59030,14918
2014-08-05,-48203,34363,157578,52922,101125,54165,19802
2014-08-12,-43726,29697,158219,57024,100750,53942,24245
2014-08-19,-37383,24151,164893,60527,97910,53677,29526
2014-08-26,-37319,22524,164262,60343,97662,55545,33021
2014-09-02,-32295,19555,162307,57555,89850,59472,39917
2014-09-09,-29953,16537,165281,59823,89776,58910,42373
2014-09-16,-23559,10912,171260,64619,88178,58536,47624
2014-09-23,-16767,8822,170393,67047,83814,55602,46780
2014-09-30,-15461,6626,173222,68945,84406,58730,52104
2014-10-07,-16240,8942,171283,67816,84056,58526,49584
2014-10-14,-16260,7737,169329,66900,83160,58188,50451
2014-10-21,-14591,6831,170192,70098,84689,57236,50405
2014-10-28,-14155,5932,173733,71215,85370,57469,51537
2014-11-04,-12408,6942,176463,73977,86385,58088,51146
2014-11-11,-17612,10432,170684,69712,87324,57465,47033
2014-11-18,-18367,11754,173075,74136,92503,56831,45077
2014-11-25,-22043,15456,156984,65268,87311,52883,37427
2014-12-02,-26586,21591,148422,62023,88609,50686,29095
2014-12-09,-35357,28459,148195,59448,94805,52129,23670
2014-12-16,-33997,26489,150199,62195,96192,52921,26432
2014-12-23,-33732,26313,149149,62444,96176,52057,25744
2014-12-30,-38636,30022,149594,60612,99248,54126,24104
2015-01-06,-39609,32039,152879,62455,102064,54911,22872
2015-01-13,-46804,39939,157282,61363,108167,59808,19869
2015-01-20,-55641,46274,159904,60587,116228,62203,15929
2015-01-27,-61593,53347,162440,59964,121557,65722,12375
2015-02-03,-56199,50573,168486,65063,121262,64166,13593
2015-02-10,-53457,46864,168146,64438,117895,62034,15170
2015-02-17,-47721,41323,175193,68694,116415,61145,19822
2015-02-24,-42147,37339,166676,67267,109414,57348,20009
2015-03-03,-39712,31207,164018,63453,103165,56342,25135
2015-03-10,-33263,25972,169125,65853,99116,57966,31994
2015-03-17,-30210,24411,178524,72202,102412,61649,37238
2015-03-24,-39242,32123,172659,67276,106518,62332,30209
2015-03-31,-49861,43112,170105,63225,113086,65426,22314
2015-04-07,-50438,42081,169700,64592,115030,63241,21160
2015-04-14,-43865,34545,177877,67026,110891,61417,26872
2015-04-21,-33836,24325,182633,73151,106987,60848,36523
2015-04-28,-33999,22930,179461,69451,103450,64340,41410
2015-05-05,-37250,27623,175694,67908,105158,65383,37760
2015-05-12,-38103,29338,174919,68337,106440,65302,35964
2015-05-19,-62485,51280,174337,62550,125035,68171,16891
2015-05-26,-61502,50981,173629,63321,124823,66592,15611
2015-06-02,-57569,46845,178343,67193,124762,63573,16728
2015-06-09,-35941,22546,189524,71347,107288,65881,43335
2015-06-16,-28855,15672,191774,74139,102994,67315,51643
2015-06-23,-29477,15557,200273,73843,103320,74254,58697
2015-06-30,-21160,9881,196724,76246,97406,71886,62005
2015-07-07,-14319,6793,197092,78158,92477,70786,63993
2015-07-14,-15589,9553,185716,75946,91535,66392,56839
2015-07-21,-11167,4245,190226,79791,90958,66576,62331
2015-07-28,-12073,6296,190322,79630,91703,67125,60829
2015-08-04,-13756,8405,185848,76161,89917,66772,58367
2015-08-11,-22227,16837,177902,68255,90482,65566,48729
2015-08-18,-23393,14034,173545,71220,94613,59535,45501
2015-08-25,-23970,15558,167243,71182,95152,58687,43129
2015-09-01,-22566,17472,157013,63067,85633,57866,40394
2015-09-08,-25560,18741,155615,60995,86555,58761,40020
2015-09-15,-21357,14263,158007,61170,82527,60443,46180
2015-09-22,-31314,24859,152140,56244,87558,60413,35554
2015-09-29,-30106,23103,156905,56932,87038,61556,38453
2015-10-06,-49502,40786,156226,48944,98446,68838,28052
2015-10-13,-58626,51710,161346,45022,103648,74575,22865
2015-10-20,-66800,57298,167574,42189,108989,79449,22151
2015-10-27,-69373,62445,169757,41050,110423,82023,19578
2015-11-03,-67141,58377,166942,41512,108653,77220,18843
2015-11-10,-50129,38990,162435,48381,98510,72304,33314
2015-11-17,-35524,25254,170721,57596,93120,72282,47028
2015-11-24,-28725,19393,170092,58718,87443,70210,50817
2015-12-01,-29821,21890,163286,53239,83060,72909,51019
2015-12-08,-31027,21260,162758,52285,83312,70591,49331
2015-12-15,-23542,15577,166864,54707,78249,71479,55902
2015-12-22,-31162,23391,161116,51148,82310,68584,45193
2015-12-29,-29878,20704,165006,52149,82027,68450,47746
2016-01-05,-28799,21626,167520,52680,81479,69779,48153
2016-01-12,-30562,22483,166172,50690,81252,71255,48772
2016-01-19,-36034,28958,159521,49508,85542,68196,39238
2016-01-26,-45124,37586,154734,46228,91352,68920,31334
2016-02-02,-45474,38588,157934,47967,93441,70685,32097
2016-02-09,-61709,52682,164664,44437,106146,78108,25426
2016-02-16,-70062,58717,166645,44638,114700,80249,21532
2016-02-23,-73677,61927,174697,45040,118717,83189,21262
2016-03-01,-65237,55480,162293,48025,113262,78607,23127
2016-03-08,-70815,59884,169875,47434,118249,79879,19995
2016-03-15,-70024,58073,166180,46447,116471,76606,18533
2016-03-22,-77242,63429,175775,47743,124985,82933,19504
2016-03-29,-68104,54507,175255,47675,115779,79493,24986
2016-04-05,-59665,52011,179913,51291,110956,79942,27931
2016-04-12,-72416,62468,184800,52108,124524,87892,25424
2016-04-19,-84084,71428,194510,53952,138036,94988,23560
2016-04-26,-91302,78773,206748,56700,148002,99774,21001
2016-05-03,-90594,75875,198237,55731,146325,100401,24526
2016-05-10,-91732,80271,205391,53870,145602,107844,27573
2016-05-17,-89895,77202,207394,54759,144654,105988,28786
2016-05-24,-78293,65884,203682,59097,137390,97242,31358
2016-05-31,-75965,61631,198118,59970,135935,89815,28184
2016-06-07,-71834,57041,192376,56476,128310,86676,29635
2016-06-14,-81744,69639,199111,56766,138510,97370,27731
2016-06-21,-89936,80243,205618,55836,145772,106942,26699
2016-06-28,-95201,83661,211396,56671,151872,107555,23894
2016-07-05,-98768,85754,211347,55718,154486,111348,25594
2016-07-12,-100120,87652,214617,54035,154155,114376,26724
2016-07-19,-106255,94390,219206,50379,156634,120839,26449
2016-07-26,-107123,96077,218299,48115,155238,123737,27660
2016-08-02,-109121,93434,224540,49123,158244,122676,29242
2016-08-09,-103311,91064,210647,47020,150331,122165,31101
2016-08-16,-100594,84989,205905,49176,149770,118988,33999
2016-08-23,-98069,83203,206264,47602,145671,118356,35153
2016-08-30,-95678,84354,189416,44378,140056,114230,29876
2016-09-06,-99582,88028,199197,45970,145552,118059,30031
2016-09-13,-96675,81568,193953,45479,142154,113792,32224
2016-09-20,-96945,82635,193501,45909,142854,113567,30932
2016-09-27,-100818,84862,201486,48161,148979,116948,32086
2016-10-04,-90896,75803,198747,48885,139781,110764,34961
2016-10-11,-77635,62893,187469,52174,129809,97527,34634
2016-10-18,-74911,59286,189229,53771,128682,94230,34944
2016-10-25,-73396,57073,196311,57120,130516,92213,35140
2016-11-01,-76917,62136,196912,58595,135512,89233,27097
2016-11-08,-82261,65269,188265,53861,136122,89360,24091
2016-11-15,-78521,62606,174831,51359,129880,85575,22969
2016-11-22,-78232,60167,169661,46804,125036,81835,21668
2016-11-29,-75445,59040,156626,41906,117351,79485,20445
2016-12-06,-75740,59365,159337,43081,118821,81495,22130
2016-12-13,-81131,66933,163556,41867,122998,87040,20107
2016-12-20,-73948,60894,159697,42097,116045,83529,22635
2016-12-27,-74007,58911,163097,41974,115981,84330,25419
2017-01-03,-75814,61291,163812,42493,118307,86821,25530
2017-01-10,-78937,64601,165040,41425,120362,88430,23829
2017-01-17,-81736,69482,172056,45028,126764,90838,21356
2017-01-24,-83084,71021,177601,47195,130279,92319,21298
2017-01-31,-89413,75974,186839,49265,138678,96909,20935
2017-02-07,-92712,78277,193936,50072,142784,98560,20283
2017-02-14,-99027,84812,195338,48659,147686,104765,19953
2017-02-21,-102233,88017,208147,51934,154167,108848,20831
2017-02-28,-108010,95423,197629,50081,158091,115229,19806
2017-03-07,-105862,93453,192398,46774,152636,113437,19984
2017-03-14,-97999,82878,186936,46747,144746,102675,19797
2017-03-21,-93734,79112,190819,48468,142202,100337,21225
2017-03-28,-101767,90688,201829,48127,149894,112197,21509
2017-04-04,-112346,101382,219160,47639,159985,126524,25142
2017-04-11,-114414,105515,220172,46900,161314,131969,26454
2017-04-18,-116832,103887,227984,46878,163710,128378,24491
2017-04-25,-108089,93613,214782,43415,151504,121018,27405
2017-05-02,-86574,71367,189240,43731,130305,101538,30171
2017-05-09,-69269,53655,196083,48400,117669,94982,41327
2017-05-16,-57337,43004,215127,55612,112949,100142,57138
2017-05-23,-63987,51173,203459,53195,117182,96531,45358
2017-05-30,-71082,61414,205235,52861,123943,96568,35154
2017-06-06,-75624,65941,208967,52429,128053,101713,35772
2017-06-13,-71913,60658,201214,51617,123530,102702,42044
2017-06-20,-58834,46681,199929,56301,115135,96000,49319
2017-06-27,-50208,35532,204637,59720,109928,93869,58337
2017-07-03,-39228,26275,203541,61561,100789,91996,65721
2017-07-11,-24567,14005,207592,65517,90084,91174,77169
2017-07-18,-21914,9376,209689,66398,88312,90776,81400
2017-07-25,-29532,19417,206347,63775,93307,90865,71448
2017-08-01,-39667,30759,207258,60593,100260,92259,61500
2017-08-08,-39561,33864,195163,59273,98834,91345,57481
2017-08-15,-48088,38851,187955,55918,104006,91596,52745
2017-08-22,-55049,44546,187227,55060,110109,91305,46759
2017-08-29,-65588,53645,182823,51479,117067,92930,39285
2017-09-05,-76688,64171,183276,47489,124177,96374,32203
2017-09-12,-84681,74987,188207,45932,130613,102243,27256
2017-09-19,-78408,67803,192994,47905,126313,99687,31884
2017-09-26,-72266,60260,186906,49345,121611,91812,31552
2017-10-03,-68717,59179,183494,46546,115263,91097,31918
2017-10-10,-70608,59108,188258,46444,117052,92195,33087
2017-10-17,-74913,63915,191928,46960,121873,94825,30910
2017-10-24,-76505,65120,193899,49309,125814,95413,30293
2017-10-31,-71028,60152,198853,51632,122660,95382,35230
2017-11-07,-81641,68902,203330,52183,133824,99872,30970
2017-11-14,-80448,69173,199899,51730,132178,98070,28897
2017-11-21,-80436,67641,199402,52431,132867,98144,30503
2017-11-28,-73075,58782,186272,52073,125148,90138,31356
2017-12-05,-46354,31426,192970,61774,108128,84905,53479
2017-12-12,-24829,9914,202797,75352,100181,77169,67255
2017-12-19,-18621,2469,203703,76696,95317,77575,75106
2017-12-26,-20739,4648,200321,77046,97785,74013,69365
2018-01-02,-37192,22750,192423,70480,107672,75127,52377
2018-01-09,-49942,38035,195009,67973,117915,84313,46278
2018-01-16,-50143,37212,196511,68356,118499,79866,42654
2018-01-23,-41497,29081,199985,72086,113583,76193,47112
2018-01-30,-47291,32422,198358,68278,115569,72145,39723
2018-02-06,-30641,16540,205470,75255,105896,63729,47189
2018-02-13,-21948,8711,194056,80026,101974,64816,56105
2018-02-20,-19445,5320,203629,86061,105506,63200,57880
2018-02-27,-14463,-1508,193343,82138,96601,63023,64531
2018-03-06,-21810,6186,196590,74760,96570,68686,62500
2018-03-13,-19273,2947,200094,75362,94635,66707,63760
2018-03-20,-3709,-12516,216042,84080,87789,63813,76329
2018-03-27,-7352,-13657,219518,82087,89439,60786,74443
2018-04-03,-2637,-16965,232682,86416,89053,65969,82934
2018-04-10,-4578,-14833,227175,83340,87918,65033,79866
2018-04-17,-16955,-87,214297,76300,93255,66609,66696
2018-04-24,-31565,11967,201707,75386,106951,67802,55835
2018-05-01,-11978,-7196,194685,78011,89989,68528,75724
2018-05-08,-17077,-121,195865,77127,94204,72713,72834
2018-05-15,-18066,658,198065,78406,96472,72663,72005
2018-05-22,-31423,15225,198248,76516,107939,78007,62782
2018-05-29,-35297,17453,207610,77447,112744,83066,65613
2018-06-05,-37547,19434,211605,75763,113310,85070,65636
2018-06-12,-67382,49730,230163,70970,138352,101133,51403
2018-06-19,-58541,40902,218814,71799,130340,95323,54421
2018-06-26,-49031,34221,218492,73397,122428,93565,59344
2018-07-03,-38555,24682,205622,72877,111432,92678,67996
2018-07-10,-38600,23699,207701,72068,110668,90598,66899
2018-07-17,-25065,8882,212527,74948,100013,87176,78294
2018-07-24,-20025,3538,214596,76088,96113,88025,84487
2018-07-31,-24149,5864,226512,77534,101683,89616,83752
2018-08-07,-22118,4341,235440,79490,101608,93016,88675
2018-08-14,-12376,-2836,240038,84657,97033,93346,96182
2018-08-21,-7418,-7158,244196,91362,98780,91428,98586
2018-08-28,1417,-16598,227329,87538,86121,86540,103138
2018-09-04,14613,-28974,212391,81421,66808,83061,112035
2018-09-11,12374,-27403,208969,78140,65766,81095,108498
2018-09-18,8834,-25516,205469,77147,68313,80024,105540
2018-09-25,5386,-23255,204508,76039,70653,79198,102453
2018-10-02,-1012,-17498,200173,76734,77746,75937,93435
2018-10-09,3555,-22250,199853,78165,74610,72135,94385
2018-10-16,-4824,-14827,199398,77622,82446,72203,87030
2018-10-23,-13262,-5179,199746,76579,89841,75016,80195
2018-10-30,-9760,-8470,208976,82398,92158,76053,84523
2018-11-06,-19291,-2470,213566,78778,98069,73117,75587
2018-11-13,-4947,-17145,224346,82163,87110,74618,91763
2018-11-20,-6894,-10728,223049,83855,90749,71646,82374
2018-11-27,-8841,-10966,199783,80490,89331,67813,78779
2018-12-04,-15418,-635,179909,67785,83203,69314,69949
2018-12-11,-27879,11256,174071,64282,92161,71136,59880
2018-12-18,-35476,19831,172860,61045,96521,74023,54192
2018-12-24,-39869,25550,173685,59612,99481,77314,51764
2018-12-31,-57854,44959,176159,56481,114335,83022,38063
2019-01-08,-68791,54023,186506,60851,129642,86786,32763
2019-01-15,-71690,52175,191922,63464,135154,85959,33784
2019-01-22,-64932,48156,188674,64325,129257,83303,35147
2019-01-29,-72462,54283,194895,65398,137860,86074,31791
2019-02-05,-78204,57095,207101,68031,146235,89868,32773
2019-02-12,-75494,53203,217925,79633,155127,89722,36519
2019-02-19,-73874,50269,220822,80913,154787,89135,38866
2019-02-26,-78169,58313,206447,72192,150361,90971,32658
2019-03-05,-52241,32521,190024,70314,122555,76954,44433
2019-03-12,-46261,27082,189768,69170,115431,76183,49101
2019-03-19,-43700,23310,189124,70131,113831,75196,51886
2019-03-26,-46716,26677,192676,70719,117435,76541,49864
2019-04-02,-34358,16783,199592,72376,106734,78993,62210
2019-04-09,-37762,16418,208784,78785,116547,76410,59992
2019-04-16,-23672,5885,224783,94236,117908,76033,70148
2019-04-23,-19992,-110,219113,90400,110392,75889,75999
2019-04-30,-21360,2136,196610,75855,97215,77120,74984
2019-05-07,-16659,-957,199467,77749,94408,77346,78303
2019-05-14,-12778,-2209,203788,79189,91967,77542,79751
2019-05-21,-5183,-14662,210356,83301,88484,75482,90144
2019-05-28,1115,-22409,217605,87083,85968,73663,96072
2019-06-04,-12289,-8443,216145,82484,94773,76653,85096
2019-06-11,-25191,2660,226513,85922,111113,85225,82565
2019-06-18,-34487,14516,239466,90242,124729,93275,78759
2019-06-25,-53552,30565,229007,80049,133601,97573,67008
2019-07-02,-52063,30455,221224,75576,127639,99739,69284
2019-07-09,-45277,25151,218493,75714,120991,96080,70929
2019-07-16,-59357,37425,229465,75284,134641,100449,63024
2019-07-23,-76138,54761,234735,71168,147306,110129,55368
2019-07-30,-83916,64297,239059,73649,157565,111282,46985
2019-08-06,-75266,49832,239290,77974,153240,106034,56202
2019-08-13,-65233,39269,233839,85877,151110,97520,58251
2019-08-20,-70863,46714,238086,84338,155201,95987,49273
2019-08-27,-81681,59852,239970,79050,160731,103488,43636
2019-09-03,-84678,62125,225688,73728,158406,104977,42852
2019-09-10,-84768,60231,217433,71511,156279,100413,40182
2019-09-17,-77547,55978,212514,73993,151540,94625,38647
2019-09-24,-75779,50729,215217,74207,149986,94002,43273
2019-10-01,-73781,49815,212266,73357,147138,89967,40152
2019-10-08,-76906,50754,213968,73677,150583,90092,39338
2019-10-15,-70487,43989,210916,74855,145342,85088,41099
2019-10-22,-72023,46743,214529,75366,147389,89747,43004
2019-10-29,-68045,53678,221384,74038,142083,95368,41690
2019-11-05,-74982,47997,227509,75937,150919,97174,49177
2019-11-12,-61892,37364,222122,81555,143447,89327,51963
2019-11-19,-66549,44716,221707,78576,145125,89898,45182
2019-11-26,-73873,52510,209603,69422,143295,90895,38385
2019-12-03,-74299,50227,205807,66399,140698,89241,39014
2019-12-10,-63147,40742,202258,67583,130730,85617,44875
2019-12-17,-70958,45781,206302,67638,138596,88215,42434
2019-12-24,-85327,62422,223046,68772,154099,101030,38608
2019-12-31,-96652,69728,229680,64730,161382,106310,36582
2020-01-07,-91174,67253,234324,66666,157840,109224,41971
2020-01-14,-92357,67373,234639,64104,156461,110762,43389
2020-01-21,-94228,68875,233858,63830,158058,109144,40269
2020-01-28,-89171,63417,231933,65248,154419,105637,42220
2020-02-04,-91356,67803,224936,66390,157746,97078,29275
2020-02-11,-92457,67637,221858,68930,161387,96395,28758
2020-02-18,-100781,77877,238077,69992,170773,107940,30063
2020-02-25,-99360,74793,238970,70697,170057,107490,32697
2020-03-03,-68444,48303,196909,69143,137587,82570,34267
2020-03-10,-60336,44947,187060,71377,131713,75117,30170
2020-03-17,-54647,41968,166682,66031,120678,61215,19247
2020-03-24,-44680,33687,150700,64915,109595,53077,19390
2020-03-31,-41300,30878,139256,64811,106111,47050,16172
2020-04-07,-42987,29717,138974,63121,106108,46471,16754
2020-04-14,-43456,30554,143477,64266,107722,48003,17449
2020-04-21,-39335,28508,139607,63216,102551,46688,18180
2020-04-28,-36857,25505,138349,62881,99738,45020,19515
2020-05-05,-33948,22915,132573,60917,94865,44052,21137
2020-05-12,-40681,25773,135987,59195,99876,44757,18984
2020-05-19,-44889,30928,151890,64331,109220,54391,23463
2020-05-26,-50592,37189,158185,63923,114515,61525,24336
2020-06-02,-53947,37224,169670,67850,121797,64997,27773
2020-06-09,-50171,33365,175240,69696,119867,65660,32295
2020-06-16,-49030,36622,174386,70308,119338,66664,30042
2020-06-23,-50837,37923,183444,69758,120595,71859,33936
2020-06-30,-50274,37601,169418,56406,106680,78746,41145
2020-07-07,-52642,37825,169513,52444,105086,80741,42916
2020-07-14,-60195,43869,178367,52696,112891,85679,41810
2020-07-21,-61969,46755,185745,54095,116064,90010,43255
2020-07-28,-47484,27308,184020,60398,107882,74401,47093
2020-08-04,-51170,29889,205527,64304,115474,75498,45609
2020-08-11,-45660,23568,198069,67658,113318,67428,43860
2020-08-18,-44128,26556,194897,69141,113269,71283,44727
2020-08-25,-47782,31337,187631,61444,109226,74311,42974
2020-09-01,-51784,33472,166449,55051,106835,76346,42874
2020-09-08,-49119,33480,158991,53676,102795,73019,39539
2020-09-15,-56007,38349,162397,51418,107425,77004,38655
2020-09-22,-53234,38947,157908,50232,103466,75009,36062
2020-09-29,-53199,40730,157308,51503,104702,74631,33901
2020-10-06,-56196,41257,155484,49407,105603,75358,34101
2020-10-13,-56948,40788,158203,49700,106648,76920,36132
2020-10-20,-59500,44726,157845,49016,108516,76946,32220
2020-10-27,-59086,44631,160550,50389,109475,76652,32021
2020-11-03,-59331,45341,153267,47860,107191,72516,27175
2020-11-10,-59542,45828,155011,49658,109200,72544,26716
2020-11-17,-61676,45614,160972,49095,110771,75632,30018
2020-11-24,-60160,45680,162092,49577,109737,74771,29091
2020-12-01,-61885,47892,152372,45567,107452,77023,29131
2020-12-08,-66922,48376,154821,41771,108693,79310,30934
2020-12-15,-68990,49512,158268,41702,110692,80689,31177
2020-12-21,-77158,57289,171398,42591,119749,90473,33184
2020-12-29,-75826,54779,170057,42244,118070,88868,34089
2021-01-05,-77514,55551,176005,42825,120339,90777,35226
2021-01-12,-69986,52792,170033,42147,112133,87905,35113
2021-01-19,-70316,52002,166896,41109,111425,84009,32007
2021-01-26,-73412,54460,167880,41135,114547,84444,29984
2021-02-02,-73854,51409,179786,45782,119636,80634,29225
2021-02-09,-72820,49543,179288,48818,121638,80133,30590
2021-02-16,-71388,49824,183544,50829,122217,81648,31824
2021-02-23,-70442,47643,172392,46268,116710,78710,31067
2021-03-02,-59200,39616,158349,45896,105096,74925,35309
2021-03-09,-55168,36149,155425,47998,103166,71445,35296
2021-03-16,-52777,33609,159092,50087,102864,70658,37049
2021-03-23,-49602,31079,160437,51442,101044,70257,39178
2021-03-30,-45161,28970,154987,52310,97471,66502,37532
2021-04-06,-50585,32315,154593,49415,100000,67245,34930
2021-04-13,-55502,36424,164066,51505,107007,69429,33005
2021-04-20,-61117,41681,169420,53628,114745,75167,33486
2021-04-27,-63752,42841,172470,54556,118308,76380,33539
2021-05-04,-68545,47867,167073,49532,118077,78858,30991
2021-05-11,-73275,52843,178250,50873,124148,86397,33554
2021-05-18,-74361,50981,181606,50722,125083,86640,35659
2021-05-25,-72274,50482,180830,51487,123761,86013,35531
2021-06-01,-71482,47517,182312,52300,123782,84400,36883
2021-06-08,-70113,49806,184841,54818,124931,83378,33572
2021-06-15,-71004,52064,194268,61399,132403,88591,36527
2021-06-22,-57682,39871,175703,59243,116925,73841,33970
2021-06-29,-57108,41477,157119,48274,105382,71855,30378
2021-07-06,-63097,44488,157216,43915,107012,76790,32302
2021-07-13,-60868,43689,154699,43326,104194,74247,30558
2021-07-20,-52542,37475,151763,43900,96442,70286,32811
2021-07-27,-46909,31217,150814,45816,92725,66733,35516
2021-08-03,-52169,36139,146196,42659,94828,66192,30053
2021-08-10,-39848,24474,154491,51825,91673,64379,39905
2021-08-17,-35490,21220,153825,55831,91321,63390,42170
2021-08-24,-36126,21861,149847,50674,86800,63311,41450
2021-08-31,-37967,22331,140937,45248,83215,62935,40604
2021-09-07,-43252,28556,139187,42561,85813,63879,35323
2021-09-14,-40156,26676,140540,42909,83065,64827,38151
2021-09-21,-28055,15635,145537,45282,73337,66708,51073
2021-09-28,-28648,16705,142163,44202,72850,64490,47785
2021-10-05,-27778,16379,139763,43573,71351,63957,47578
2021-10-12,-30292,17987,139403,43055,73347,63488,45501
2021-10-19,-44580,30356,143664,40556,85136,66572,36216
2021-10-26,-51504,37532,141581,39289,90793,66677,29145
2021-11-02,-48860,33115,141394,41473,90333,64502,31387
2021-11-09,-53669,36915,144370,43811,97480,65013,28098
2021-11-16,-66148,45625,152404,40998,107146,73944,28319
2021-11-23,-56998,40105,149642,41120,98118,68478,28373
2021-11-30,-52009,38434,138003,40107,92116,62678,24244
2021-12-07,-43148,29833,136572,39369,82517,62930,33097
2021-12-14,-35855,21984,142384,43477,79332,63669,41685
2021-12-21,-36399,20926,141119,42742,79141,62070,41144
2021-12-28,-41928,26458,141246,41386,83314,63873,37415
2022-01-04,-43973,30919,139521,39892,83865,65108,34189
2022-01-11,-37360,27548,144442,46451,83811,66193,38645
2022-01-18,-41540,29700,148737,50331,91871,65985,36285
2022-01-25,-47684,32141,151779,50135,97819,63923,31782
2022-02-01,-35263,22118,149136,52970,88233,60723,38605
2022-02-08,-32571,19299,147379,52943,85514,56905,37606
2022-02-15,-36348,23556,156968,56394,92742,56911,33355
2022-02-22,-43720,30302,163745,55747,99467,58830,28528
2022-03-01,-57150,44948,157391,51440,108590,71235,26287
2022-03-08,-69609,52297,168283,48816,118425,76565,24268
2022-03-15,-67579,51554,159571,44324,111903,74044,22490
2022-03-22,-64557,47947,155456,44270,108827,69279,21332
2022-03-29,-61372,48240,147370,44589,105961,65917,17677
2022-04-05,-60036,45034,148526,45922,105958,64936,19902
2022-04-12,-63690,45986,158813,51139,114829,66356,20370
2022-04-19,-63288,46429,170577,54719,118007,69088,22659
2022-04-26,-48783,35406,145538,50176,98959,56782,21376
2022-05-03,-39317,28068,137692,50184,89501,56764,28696
2022-05-10,-30519,19082,142752,52637,83156,59829,40747
2022-05-17,-24841,16114,144534,54287,79128,59857,43743
2022-05-24,-23297,14103,146456,56910,80207,58748,44645
2022-05-31,-23861,13997,147301,56447,80308,55545,41548
2022-06-07,-27990,17404,148294,54707,82697,54899,37495
2022-06-14,-22047,14005,151978,60161,82208,57216,43211
2022-06-21,-27250,18419,145356,54828,82078,54451,36032
2022-06-28,-18485,10891,135775,55406,73891,52932,42041
2022-07-05,-11622,5139,140463,56137,67759,54841,49702
2022-07-12,-9612,3204,142259,57865,67477,54744,51540
2022-07-19,-8213,1360,145247,58430,66643,56187,54827
2022-07-26,-2653,-4500,147784,62080,64733,54671,59171
2022-08-02,-9064,974,136267,55536,64600,49220,48246
2022-08-09,-13574,2879,141093,56876,70450,48864,45985
2022-08-16,-12451,3508,144314,59753,72204,47851,44343
2022-08-23,-4319,-4500,144357,63429,67748,49151,53651
2022-08-30,265,-8271,138714,58592,58327,49468,57739
2022-09-06,5055,-12784,138300,55823,50768,51714,64498
2022-09-13,-2551,-4640,135530,51822,54373,53373,58013
2022-09-20,-5629,-1640,132107,50661,56290,52323,53963
2022-09-27,-6860,758,129000,48993,55853,49984,49226
2022-10-04,-17617,8708,129524,47755,65372,51926,43218
2022-10-11,-15603,7389,125623,47603,63206,47939,40550
2022-10-18,-9085,1267,136055,50956,60041,51541,50274
2022-10-25,-8857,-101,139085,52952,61809,51163,51264
2022-11-01,-10363,1524,138875,51802,62165,51286,49762
2022-11-08,-22088,13003,140437,47451,69539,53651,40648
2022-11-15,-29424,17607,141623,48393,77817,52692,35085
2022-11-22,-27642,16766,128907,45351,72993,50540,33774
2022-11-29,-28997,17483,121258,46270,75267,48441,30958
2022-12-06,-32262,19208,122558,44757,77019,48954,29746
2022-12-13,-35806,22819,125555,44913,80719,51405,28586
2022-12-20,-40309,29762,129278,44388,84697,56164,26402
2022-12-27,-42917,31027,128467,44044,86961,55870,24843
2023-01-03,-44211,30934,131990,44229,88440,57801,26867
2023-01-10,-42925,29013,129961,42599,85524,56770,27757
2023-01-17,-45367,31468,131862,42668,88035,57439,25971
2023-01-24,-39461,25684,134922,47359,86820,55595,29911
2023-01-31,-40434,27316,138263,47997,88431,54867,27551
2023-02-07,-29679,13531,133601,47750,77429,48121,34590
2023-02-14,-25822,11506,132132,48772,74594,46028,34522
2023-02-21,-23050,9902,123906,45388,68438,44985,35083
2023-02-28,-13152,-54,123900,47645,60797,44202,44256
2023-03-07,-5613,-7782,127503,50301,55914,42903,50685
2023-03-14,-9237,-1219,121772,48543,57780,42227,43446
2023-03-21,-12681,3462,119082,48685,61366,41325,37863
2023-03-28,-21875,13361,117395,44970,66845,42254,28893
2023-04-04,-31435,21283,131210,44936,76371,50327,29044
2023-04-11,-36255,23718,142699,47629,83884,55583,31865
2023-04-18,-38656,26595,158371,51891,90547,62968,36373
2023-04-25,-41523,30603,149692,45907,87430,66145,35542
2023-05-02,-45174,31952,142538,41363,86537,68219,36267
2023-05-09,-46190,32360,145445,41636,87826,69166,36806
2023-05-16,-37067,23815,140139,43026,80093,60440,36625
2023-05-23,-34972,21958,135740,42194,77166,56686,34728
2023-05-30,-34536,21124,133619,41602,76138,54837,33713
2023-06-06,-34065,21475,137871,42785,76850,53149,31674
2023-06-13,-38470,23736,153853,42908,81378,55054,31318
2023-06-20,-36210,20058,152633,45941,82151,52547,32489
2023-06-27,-29327,19052,123491,42723,72050,45983,26931
2023-07-03,-29569,17990,114421,37784,67353,46433,28443
2023-07-11,-31649,20292,120282,38238,69887,51305,31013
2023-07-18,-55983,43862,146863,38710,94693,76420,32558
2023-07-25,-49718,36925,146898,39197,88915,72786,35861
2023-08-01,-44012,30831,144138,38959,82971,68463,37632
2023-08-08,-30349,13324,137631,41636,71985,53781,40457
2023-08-15,-23264,7861,138215,47240,70504,50692,42831
2023-08-22,-23804,12877,136680,46446,70250,52967,40090
2023-08-29,-35776,27133,134993,42894,78670,61744,34611
2023-09-05,-37708,26804,128279,40052,77760,57558,30754
2023-09-12,-32040,18033,125292,40030,72070,52963,34930
2023-09-19,-29787,15231,125749,40917,70704,50699,35468
2023-09-26,-33080,20105,126206,40346,73426,51539,31434
2023-10-03,-30358,15344,125847,37769,68127,51405,36061
2023-10-10,-26218,12299,126971,39790,66008,50337,38038
2023-10-17,-31626,19746,123640,37663,69289,50749,31003
2023-10-24,-34570,24332,123980,38321,72891,51860,27528
2023-10-31,-33139,20211,126549,40441,73580,48025,27814
2023-11-07,-30722,18253,131073,42249,72971,47196,28943
2023-11-14,-31634,22398,134826,45551,77185,50291,27893
2023-11-21,-40944,27452,134333,43514,84458,53372,25920
2023-11-28,-47855,34280,139144,40287,88142,62880,28600
2023-12-05,-52014,36303,139753,40974,92988,63241,26938
2023-12-12,-47496,28458,134281,37850,85346,55684,27226
2023-12-19,-48791,29751,127549,36520,85311,52631,22880
2023-12-26,-52622,31863,131408,36389,89011,54559,22696
2024-01-02,-50547,32570,134725,38107,88654,57634,25064
2024-01-09,-43755,26362,131992,38495,82250,52886,26524
2024-01-16,-43759,25593,131956,36482,80241,54001,28408
2024-01-23,-34071,17737,138617,41949,76020,53121,35384
2024-01-30,-37778,21426,136544,41387,79165,52778,31352
2024-02-06,-33483,16880,147333,46446,79929,55335,38455
2024-02-13,-29688,12425,152544,47556,77244,56785,44360
2024-02-20,-37945,22377,146584,45507,83452,57582,35205
2024-02-27,-32448,14499,144382,49112,81560,54546,40047
2024-03-05,-45025,28315,141026,42874,87899,58885,30570
2024-03-12,-55130,40978,144534,40997,96127,67094,26116
2024-03-19,-64017,52435,153154,39876,103893,77632,25197
2024-03-26,-65077,50836,160327,42250,107327,80721,29885
2024-04-02,-67706,53147,166823,42938,110644,83565,30418
2024-04-09,-71275,53212,174397,44362,115637,84826,31614
2024-04-16,-74028,53359,175784,46442,120470,82415,29056
2024-04-23,-77409,59340,175740,43245,120654,86178,26838
2024-04-30,-75196,54494,166315,40745,115941,83094,28600
2024-05-07,-74415,53652,161868,39225,113640,81650,27998
2024-05-14,-81422,59461,171371,41532,122954,87936,28475
2024-05-21,-83094,59644,186945,47423,130517,94141,34497
2024-05-28,-81072,57183,184846,45930,127002,91730,34547
2024-06-04,-81520,56403,179854,41280,122800,88604,32201
2024-06-11,-78337,51692,176036,42496,120833,84193,32501
2024-06-18,-78602,51901,176605,43591,122193,81859,29958
2024-06-25,-80718,55978,166470,39375,120093,81366,25388
2024-07-02,-79955,55834,154724,33532,113487,79771,23937
2024-07-09,-84790,61056,163245,33496,118286,84351,23295
2024-07-16,-83735,60165,166641,33181,116916,85005,24840
2024-07-23,-73816,51380,157106,34503,108319,75473,24093
2024-07-30,-70370,49061,151437,33703,104073,67416,18355
2024-08-06,-69631,49081,147537,34304,103935,64574,15493
2024-08-13,-66776,45289,147859,38079,104855,61458,16169
2024-08-20,-71228,49324,146986,35699,106927,63930,14606
2024-08-27,-72140,52186,141613,36444,108584,65715,13529
2024-09-03,-64529,46059,130928,30538,95067,64099,18040
2024-09-10,-62086,44742,128959,30386,92472,61649,16907
2024-09-17,-77306,58298,140605,28131,105437,74978,16680
2024-09-24,-81832,62198,150071,29339,111171,81029,18831
2024-10-01,-79220,56924,144757,29018,108238,75588,18664
2024-10-08,-76715,54715,142839,29717,106432,72113,17398
2024-10-15,-75758,54032,141898,29913,105671,70024,15992
2024-10-22,-85358,66355,157264,29291,114649,82139,15784
2024-10-29,-82212,60431,156320,30224,112436,79649,19218
2024-11-05,-74243,53346,151126,30347,104590,73980,20634
2024-11-12,-67407,47642,147526,33197,100604,68951,21309
2024-11-19,-65081,46323,141287,34466,99547,65939,19616
2024-11-26,-61158,42783,134590,33100,94258,63076,20293
2024-12-03,-62019,43260,134074,32688,94707,64285,21025
2024-12-10,-59843,41165,151096,36376,96219,72515,31350
2024-12-17,-57510,40264,146938,35135,92645,68183,27919
2024-12-24,-55021,40163,145618,35192,90213,67851,27688
2024-12-31,-52407,37889,151013,36850,89257,67007,29118
2025-01-07,-56174,40948,151590,35032,91206,68892,27944
2025-01-14,-59676,46080,150364,32379,92055,71511,25431
2025-01-21,-62977,47480,159899,33476,96453,75660,28180
2025-01-28,-60268,44368,165135,36404,96672,74656,30288
2025-02-04,-69007,50361,170726,29564,98571,83120,32759
2025-02-11,-68250,49710,164251,32501,100751,79112,29402
2025-02-18,-71960,54454,170107,35237,107197,84814,30360
2025-02-25,-70188,52862,163681,38149,108337,78469,25607
2025-03-04,-70944,53316,145935,30890,101834,73315,19999
2025-03-11,-77356,59526,155263,29463,106819,79965,20439
2025-03-18,-81655,62298,170566,31479,113134,87601,25303
2025-03-25,-80705,60950,169628,32304,113009,85712,24762
2025-04-01,-76405,57258,170197,34641,111046,85609,28351
2025-04-08,-64022,46516,154289,35320,99342,68426,21910
2025-04-15,-62750,43949,144400,40181,102931,65068,21119
2025-04-22,-64374,44726,146923,40479,104853,64693,19967
2025-04-29,-69264,49943,152669,41240,110504,70299,20356
2025-05-06,-67803,49252,140261,32146,99949,70335,21083
2025-05-13,-66180,47754,138262,33164,99344,67944,20190
2025-05-20,-66779,50042,141451,33798,100577,70891,20849
2025-05-27,-70277,53012,147555,34318,104595,73240,20228
2025-06-03,-79141,60770,163347,32689,111830,81981,21211
2025-06-10,-85661,66650,174281,34871,120532,85192,18542
2025-06-17,-85948,67174,184831,39948,125896,88994,21820
2025-06-24,-82477,62947,174613,40422,122899,84491,21544
2025-07-01,-84540,63400,163567,36203,120743,82747,19347
2025-07-08,-79595,58521,162803,37094,116689,80779,22258
2025-07-15,-79648,59448,171474,35466,115114,85022,25574
2025-07-22,-79227,60620,173679,36803,116030,85678,25058
2025-07-29,-78929,59407,170329,37879,116808,80493,21086
2025-08-05,-72228,50658,161262,37347,109575,71234,20576
2025-08-12,-66421,44268,156432,41331,107752,66252,21984
2025-08-19,-66675,46549,158477,45127,111802,68102,21553
2025-08-26,-68285,46466,158630,46134,114419,68227,21761
2025-09-02,-74197,55923,158368,40121,114318,74466,18543
2025-09-09,-73402,53937,156703,40163,113565,72450,18513
2025-09-16,-71389,51538,162954,43118,114507,71623,20085
2025-09-23,-72755,52276,165805,42281,115036,72318,20042
2025-09-30,-71090,49739,163837,41780,112870,70062,20323
2025-10-07,-68686,46217,166474,44862,113548,67668,21451
2025-10-14,-64655,43181,172415,46432,111087,67041,23860
2025-10-21,-57237,37259,169418,45199,102436,60904,23645
2025-10-28,-55585,37119,158187,43371,98956,55959,18840
2025-11-04,-52664,33221,155257,42218,94882,54166,20945
2025-11-10,-52216,32986,159649,45569,97785,55038,22052
2025-11-18,-53426,34016,153295,47076,100502,54535,20519
2025-11-25,-53268,32188,144541,45480,98748,52002,19814
2025-12-02,-56639,38519,150832,44313,100952,59575,21056
2025-12-09,-60827,44709,154762,42995,103822,65958,21249
2025-12-16,-55191,36352,152921,45998,101189,56034,19682
2025-12-23,-54267,35884,155710,46775,101042,55243,19359
2025-12-30,-50262,30063,157391,50323,100585,50506,20443
2026-01-06,-51691,29271,153240,47989,99680,47384,18113
2026-01-13,-55292,32060,151513,42595,97887,47337,15277
2026-01-20,-46389,25214,152020,43723,90112,42965,17751
2026-01-27,-44056,23703,156637,44788,88844,43475,19772
2026-02-03,-45725,25877,143180,35248,80973,38883,13006
2026-02-10,-42163,22955,133641,37295,79458,36660,13705
2026-02-17,-42347,24003,131496,36729,79076,36626,12623
2026-02-24,-41080,22260,125454,35475,76555,32500,10240
2026-03-03,-39966,23338,113326,30893,70859,34226,10888
2026-03-10,-41577,24578,115458,31789,73366,33306,8728
2026-03-17,-38358,21881,114758,31938,70296,31125,9244
2026-03-24,-40288,24673,113164,29511,69799,33938,9265
2026-03-31,-38857,23904,115169,29892,68749,33463,9559
2026-04-07,-38915,23417,115138,28211,67126,32810,9393
2026-04-14,-40133,23562,116983,32338,72471,32391,8829
2026-04-21,-40985,23720,115462,32357,73342,33233,9513
2026-04-28,-40452,24160,101275,29676,70128,31314,7154
2026-05-05,-40535,23892,96932,26094,66629,32965,9073
2026-05-12,-43646,26111,103800,27341,70987,36569,10458
2026-05-19,-42668,24671,100751,27108,69776,34591,9920
2026-05-26,-40893,22223,101744,27605,68498,32758,10535
2026-06-02,-42661,23926,102809,25782,68443,33933,10007
