ts,sym,decision_epoch,digit,sigma,ctype,barrier,model_p,model_ev,rtt_ms,cid,status,pnl,exit_lag_s
16:47:40,JD100,1781628458,,3.673,DIGITOVER,5,0.4402,0.0683,169,2354612639,won,0.48,1
16:47:42,JD100,1781628459,,3.687,DIGITOVER,6,0.3352,0.0742,160,2354614279,lost,-0.35,1
16:47:44,JD100,1781628460,,3.687,DIGITOVER,2,0.7285,0.0228,160,2354615419,won,0.12,1
16:47:46,JD100,1781628461,,3.685,DIGITUNDER,7,0.7285,0.0229,175,2354616419,won,0.12,1
16:47:48,JD100,1781628462,,3.683,DIGITUNDER,5,0.5354,0.0456,142,2354617439,won,0.31,1
16:47:50,JD100,1781628463,,3.682,DIGITUNDER,7,0.7287,0.0231,167,2354618739,lost,-0.35,1
16:47:52,JD100,1781628464,,3.683,DIGITOVER,7,0.2245,0.0588,157,2354620839,lost,-0.35,1
16:47:54,JD100,1781628465,,3.684,DIGITOVER,2,0.7286,0.0230,174,2354622059,won,0.12,1
16:47:56,JD100,1781628466,,3.687,DIGITOVER,7,0.2243,0.0582,151,2354623099,lost,-0.35,1
16:47:59,JD100,1781628467,,3.685,DIGITUNDER,2,0.2244,0.0585,138,2354624419,lost,-0.35,1
16:48:01,JD100,1781628468,,3.684,DIGITOVER,6,0.3354,0.0749,163,2354625659,lost,-0.35,1
16:48:03,JD100,1781628469,,3.684,DIGITUNDER,4,0.4395,0.0667,159,2354627239,won,0.48,1
16:48:05,JD100,1781628470,,3.691,DIGITUNDER,2,0.2242,0.0575,188,2354628259,lost,-0.35,1
16:48:07,JD100,1781628471,,3.690,DIGITOVER,5,0.4392,0.0659,171,2354629659,lost,-0.35,1
16:48:09,JD100,1781628472,,3.690,DIGITUNDER,2,0.2242,0.0577,167,2354630659,lost,-0.35,1
16:48:11,JD100,1781628473,,3.688,DIGITOVER,7,0.2243,0.0580,161,2354632079,lost,-0.35,1
16:48:13,JD100,1781628474,,3.688,DIGITOVER,2,0.7284,0.0227,154,2354632759,lost,-0.35,1
16:48:15,JD100,1781628475,,3.688,DIGITUNDER,3,0.3351,0.0741,218,2354634139,lost,-0.35,1
16:48:17,JD100,1781628476,,3.689,DIGITOVER,2,0.7284,0.0227,141,2354635239,won,0.12,1
16:48:19,JD100,1781628477,,3.688,DIGITOVER,6,0.3351,0.0741,160,2354636359,won,0.75,1
16:48:21,JD100,1781628478,,3.686,DIGITOVER,7,0.2243,0.0582,186,2354637319,lost,-0.35,1
16:48:24,JD100,1781628479,,3.687,DIGITOVER,2,0.7285,0.0228,128,2354639159,lost,-0.35,1
16:48:26,JD100,1781628480,,3.688,DIGITUNDER,2,0.2243,0.0579,150,2354640579,lost,-0.35,1
16:48:28,JD100,1781628481,,3.687,DIGITOVER,6,0.3352,0.0743,148,2354642059,won,0.75,1
16:48:30,JD100,1781628482,,3.701,DIGITOVER,5,0.4385,0.0643,382,2354644019,won,0.48,1
16:48:32,JD100,1781628483,,3.700,DIGITOVER,6,0.3346,0.0723,205,2354644859,lost,-0.35,1
16:48:34,JD100,1781628484,,3.698,DIGITOVER,4,0.5346,0.0441,145,2354645859,lost,-0.35,1
16:48:36,JD100,1781628485,,3.697,DIGITUNDER,7,0.7281,0.0222,139,2354647339,won,0.12,1
16:48:38,JD100,1781628486,,3.697,DIGITUNDER,2,0.2240,0.0564,157,2354648579,won,1.3,1
16:48:40,JD100,1781628487,,3.709,DIGITUNDER,2,0.2236,0.0546,165,2354649919,lost,-0.35,1
16:48:42,JD100,1781628488,,3.708,DIGITOVER,5,0.4382,0.0634,158,2354651459,lost,-0.35,1
16:48:44,JD100,1781628489,,3.708,DIGITUNDER,3,0.3341,0.0709,143,2354652899,lost,-0.35,1
16:48:46,JD100,1781628490,,3.708,DIGITOVER,6,0.3342,0.0710,164,2354653979,won,0.75,1
16:48:48,JD100,1781628491,,3.706,DIGITOVER,7,0.2237,0.0550,145,2354655219,lost,-0.35,1
16:48:50,JD100,1781628492,,3.705,DIGITUNDER,3,0.3343,0.0714,180,2354656379,lost,-0.35,1
16:48:53,JD100,1781628493,,3.704,DIGITOVER,7,0.2237,0.0554,178,2354657779,lost,-0.35,1
16:48:55,JD100,1781628494,,3.702,DIGITUNDER,2,0.2238,0.0557,176,2354658899,won,1.3,1
16:48:57,JD100,1781628495,,3.700,DIGITUNDER,3,0.3345,0.0722,147,2354660479,lost,-0.35,1
16:48:59,JD100,1781628496,,3.699,DIGITUNDER,5,0.5346,0.0441,139,2354661339,won,0.31,1
16:49:01,JD100,1781628497,,3.697,DIGITUNDER,7,0.7280,0.0222,174,2354662599,won,0.12,1
16:49:03,JD100,1781628498,,3.696,DIGITUNDER,4,0.4388,0.0651,187,2354663939,won,0.48,1
16:49:05,JD100,1781628499,,3.694,DIGITUNDER,4,0.4389,0.0653,246,2354665919,won,0.48,1
16:49:07,JD100,1781628500,,3.693,DIGITUNDER,3,0.3349,0.0734,147,2354666939,lost,-0.35,1
16:49:09,JD100,1781628501,,3.693,DIGITOVER,2,0.7282,0.0224,152,2354668399,won,0.12,1
16:49:11,JD100,1781628502,,3.692,DIGITOVER,5,0.4391,0.0657,160,2354669599,won,0.48,1
16:49:13,JD100,1781628503,,3.690,DIGITOVER,7,0.2242,0.0576,152,2354670859,lost,-0.35,1
16:49:15,JD100,1781628504,,3.691,DIGITUNDER,5,0.5350,0.0449,190,2354671759,lost,-0.35,1
16:49:17,JD100,1781628505,,3.690,DIGITOVER,4,0.5350,0.0449,153,2354673339,lost,-0.35,1
16:49:20,JD100,1781628506,,3.697,DIGITUNDER,7,0.7281,0.0222,143,2354674479,lost,-0.35,1
16:49:22,JD100,1781628507,,3.697,DIGITOVER,6,0.3347,0.0727,141,2354675959,lost,-0.35,1
16:49:24,JD100,1781628508,,3.696,DIGITUNDER,2,0.2240,0.0567,146,2354676939,lost,-0.35,1
16:49:26,JD100,1781628509,,3.696,DIGITUNDER,7,0.7281,0.0223,147,2354678599,won,0.12,1
16:49:28,JD100,1781628510,,3.694,DIGITUNDER,5,0.5348,0.0445,138,2354679919,won,0.31,1
16:49:30,JD100,1781628511,,3.693,DIGITUNDER,5,0.5349,0.0447,149,2354681379,lost,-0.35,1
16:49:32,JD100,1781628512,,3.695,DIGITOVER,5,0.4389,0.0651,174,2354682279,lost,-0.35,1
16:49:34,JD100,1781628513,,3.696,DIGITUNDER,3,0.3348,0.0729,153,2354683599,lost,-0.35,1
16:49:36,JD100,1781628514,,3.697,DIGITOVER,4,0.5347,0.0442,169,2354684599,lost,-0.35,1
16:49:38,JD100,1781628515,,3.696,DIGITUNDER,7,0.7281,0.0223,183,2354686219,won,0.12,1
16:49:40,JD100,1781628516,,3.702,DIGITUNDER,4,0.4385,0.0642,166,2354687359,lost,-0.35,1
16:49:42,JD100,1781628517,,3.702,DIGITOVER,2,0.7279,0.0219,173,2354688319,won,0.12,1
16:49:44,JD100,1781628518,,3.700,DIGITOVER,2,0.7279,0.0220,153,2354689459,lost,-0.35,1
16:49:46,JD100,1781628519,,3.702,DIGITUNDER,2,0.2238,0.0557,153,2354691139,lost,-0.35,1
16:49:48,JD100,1781628520,,3.706,DIGITOVER,5,0.4383,0.0637,184,2354692219,won,0.48,1
16:49:51,JD100,1781628521,,3.704,DIGITOVER,5,0.4384,0.0639,173,2354693679,lost,-0.35,1
16:49:53,JD100,1781628522,,3.705,DIGITUNDER,5,0.5343,0.0435,184,2354694719,won,0.31,1
16:49:55,JD100,1781628523,,3.703,DIGITUNDER,3,0.3344,0.0717,167,2354695979,won,0.75,1
16:49:57,JD100,1781628524,,3.712,DIGITUNDER,4,0.4380,0.0629,178,2354697159,won,0.48,1
16:49:59,JD100,1781628525,,3.710,DIGITUNDER,4,0.4380,0.0631,154,2354698619,won,0.48,1
16:50:01,JD100,1781628526,,3.708,DIGITUNDER,5,0.5341,0.0431,173,2354699779,won,0.31,1
16:50:03,JD100,1781628527,,3.707,DIGITUNDER,4,0.4382,0.0636,153,2354701319,lost,-0.35,1
16:50:05,JD100,1781628528,,3.706,DIGITUNDER,7,0.7277,0.0217,145,2354702459,won,0.12,1
16:50:07,JD100,1781628529,,3.704,DIGITUNDER,7,0.7278,0.0218,164,2354703679,won,0.12,1
16:50:09,JD100,1781628530,,3.702,DIGITOVER,2,0.7278,0.0219,172,2354704899,won,0.12,1
16:50:11,JD100,1781628531,,3.709,DIGITUNDER,5,0.5341,0.0431,140,2354706619,lost,-0.35,1
16:50:13,JD100,1781628532,,3.711,DIGITOVER,7,0.2235,0.0541,139,2354707979,lost,-0.35,1
16:50:15,JD100,1781628533,,3.713,DIGITUNDER,7,0.7274,0.0213,209,2354709459,won,0.12,1
16:50:17,JD100,1781628534,,3.712,DIGITOVER,4,0.5340,0.0428,180,2354710319,lost,-0.35,1
16:50:19,JD100,1781628535,,3.716,DIGITUNDER,5,0.5337,0.0424,142,2354711879,lost,-0.35,1
16:50:22,JD100,1781628536,,3.719,DIGITOVER,5,0.4376,0.0620,185,2354713179,lost,-0.35,1
16:50:24,JD100,1781628537,,3.722,DIGITUNDER,5,0.5335,0.0418,159,2354714879,lost,-0.35,1
16:50:26,JD100,1781628538,,3.720,DIGITOVER,2,0.7271,0.0209,147,2354716279,won,0.12,1
16:50:28,JD100,1781628539,,3.719,DIGITOVER,5,0.4375,0.0619,130,2354717979,lost,-0.35,1
16:50:30,JD100,1781628540,,3.720,DIGITUNDER,4,0.4375,0.0617,175,2354719359,won,0.48,1
16:50:32,JD100,1781628541,,3.719,DIGITUNDER,2,0.2232,0.0528,157,2354720799,lost,-0.35,1
16:50:34,JD100,1781628542,,3.719,DIGITUNDER,5,0.5336,0.0421,243,2354721819,lost,-0.35,1
16:50:36,JD100,1781628543,,3.719,DIGITOVER,7,0.2232,0.0529,157,2354723359,lost,-0.35,1
16:50:38,JD100,1781628544,,3.722,DIGITOVER,2,0.7271,0.0208,163,2354724579,lost,-0.35,1
16:50:40,JD100,1781628545,,3.721,DIGITUNDER,4,0.4374,0.0617,149,2354725999,won,0.48,1
16:50:42,JD100,1781628546,,3.720,DIGITUNDER,2,0.2232,0.0528,140,2354727139,won,1.3,1
16:50:44,JD100,1781628547,,3.718,DIGITUNDER,3,0.3336,0.0693,173,2354728519,lost,-0.35,1
16:50:46,JD100,1781628548,,3.717,DIGITUNDER,5,0.5337,0.0423,180,2354729759,won,0.31,1
16:50:49,JD100,1781628549,,3.715,DIGITUNDER,7,0.7273,0.0211,171,2354731259,won,0.12,1
16:50:51,JD100,1781628550,,3.714,DIGITUNDER,4,0.4378,0.0626,171,2354732079,won,0.48,1
16:50:53,JD100,1781628551,,3.713,DIGITUNDER,2,0.2234,0.0538,165,2354733719,lost,-0.35,1
16:50:55,JD100,1781628552,,3.714,DIGITOVER,2,0.7274,0.0212,159,2354734559,lost,-0.35,1
16:50:57,JD100,1781628553,,3.716,DIGITUNDER,2,0.2233,0.0534,137,2354735979,lost,-0.35,1
16:50:59,JD100,1781628554,,3.715,DIGITUNDER,4,0.4378,0.0625,137,2354737119,lost,-0.35,1
16:51:01,JD100,1781628555,,3.716,DIGITOVER,5,0.4377,0.0623,133,2354738719,lost,-0.35,1
16:51:03,JD100,1781628556,,3.715,DIGITUNDER,2,0.2233,0.0535,147,2354739659,lost,-0.35,1
16:51:05,JD100,1781628557,,3.715,DIGITUNDER,5,0.5338,0.0425,162,2354741099,won,0.31,1
16:51:07,JD100,1781628558,,3.714,DIGITUNDER,2,0.2234,0.0537,167,2354742059,won,1.3,1
16:51:09,JD100,1781628559,,3.713,DIGITUNDER,2,0.2234,0.0539,138,2354743599,lost,-0.35,1
16:51:11,JD100,1781628560,,3.714,DIGITOVER,2,0.7274,0.0212,237,2354744599,won,0.12,1
16:51:13,JD100,1781628561,,3.717,DIGITOVER,7,0.2233,0.0533,158,2354745919,won,1.3,1
16:51:15,JD100,1781628562,,3.715,DIGITOVER,7,0.2234,0.0535,185,2354746999,won,1.3,1
16:51:18,JD100,1781628563,,3.713,DIGITOVER,6,0.3339,0.0701,155,2354748379,won,0.75,1
16:51:20,JD100,1781628564,,3.712,DIGITOVER,6,0.3340,0.0703,175,2354749559,lost,-0.35,1
16:51:22,JD100,1781628565,,3.712,DIGITUNDER,7,0.7275,0.0213,164,2354750779,lost,-0.35,1
16:51:24,JD100,1781628566,,3.712,DIGITOVER,6,0.3339,0.0702,204,2354751959,lost,-0.35,1
16:51:26,JD100,1781628567,,3.718,DIGITOVER,4,0.5336,0.0422,144,2354753599,lost,-0.35,1
16:51:28,JD100,1781628568,,3.718,DIGITUNDER,5,0.5336,0.0422,202,2354754639,won,0.31,1
16:51:30,JD100,1781628569,,3.717,DIGITUNDER,2,0.2233,0.0532,141,2354756179,lost,-0.35,1
16:51:32,JD100,1781628570,,3.716,DIGITOVER,6,0.3337,0.0696,154,2354757339,won,0.75,1
16:51:34,JD100,1781628571,,3.714,DIGITOVER,5,0.4378,0.0626,226,2354759099,won,0.48,1
16:51:36,JD100,1781628572,,3.713,DIGITOVER,4,0.5339,0.0427,182,2354760119,won,0.31,1
16:51:38,JD100,1781628573,,3.717,DIGITOVER,7,0.2233,0.0532,159,2354761859,lost,-0.35,1
16:51:40,JD100,1781628574,,3.716,DIGITOVER,5,0.4377,0.0624,144,2354762759,lost,-0.35,1
16:51:42,JD100,1781628575,,3.715,DIGITUNDER,7,0.7273,0.0212,141,2354764499,won,0.12,1
16:51:45,JD100,1781628576,,3.714,DIGITUNDER,4,0.4378,0.0626,130,2354765639,lost,-0.35,1
16:51:47,JD100,1781628577,,3.714,DIGITOVER,2,0.7274,0.0212,136,2354766919,won,0.12,1
16:51:49,JD100,1781628578,,3.720,DIGITUNDER,5,0.5336,0.0420,190,2354767999,won,0.31,1
16:51:51,JD100,1781628579,,3.718,DIGITUNDER,5,0.5336,0.0422,146,2354769759,lost,-0.35,1
16:51:53,JD100,1781628580,,3.718,DIGITOVER,7,0.2232,0.0530,186,2354770699,lost,-0.35,1
16:51:55,JD100,1781628581,,3.718,DIGITOVER,4,0.5337,0.0422,151,2354771919,won,0.31,1
16:51:57,JD100,1781628582,,3.717,DIGITOVER,7,0.2233,0.0532,229,2354773079,lost,-0.35,1
16:51:59,JD100,1781628583,,3.717,DIGITOVER,2,0.7272,0.0210,155,2354774839,won,0.12,1
16:52:01,JD100,1781628584,,3.716,DIGITUNDER,7,0.7273,0.0211,181,2354775679,won,0.12,1
16:52:03,JD100,1781628585,,3.715,DIGITUNDER,3,0.3338,0.0698,157,2354776979,won,0.75,1
16:52:05,JD100,1781628586,,3.714,DIGITUNDER,3,0.3339,0.0700,277,2354778139,won,0.75,1
16:52:07,JD100,1781628587,,3.712,DIGITUNDER,4,0.4379,0.0629,170,2354779719,lost,-0.35,1
16:52:09,JD100,1781628588,,3.715,DIGITOVER,6,0.3338,0.0698,187,2354780799,lost,-0.35,1
16:52:12,JD100,1781628589,,3.714,DIGITOVER,4,0.5339,0.0426,141,2354781999,won,0.31,1
16:52:14,JD100,1781628590,,3.712,DIGITOVER,5,0.4379,0.0629,259,2354783379,lost,-0.35,1
16:52:16,JD100,1781628591,,3.718,DIGITOVER,2,0.7272,0.0210,144,2354784919,lost,-0.35,1
16:52:18,JD100,1781628592,,3.717,DIGITUNDER,4,0.4376,0.0622,171,2354785799,won,0.48,1
16:52:20,JD100,1781628593,,3.716,DIGITUNDER,3,0.3337,0.0697,163,2354787179,won,0.75,1
16:52:22,JD100,1781628594,,3.714,DIGITUNDER,4,0.4378,0.0626,164,2354788179,won,0.48,1
16:52:24,JD100,1781628595,,3.713,DIGITUNDER,5,0.5339,0.0427,169,2354789639,won,0.31,1
16:52:26,JD100,1781628596,,3.711,DIGITUNDER,5,0.5340,0.0428,248,2354790639,won,0.31,1
16:52:28,JD100,1781628597,,3.710,DIGITUNDER,3,0.3340,0.0706,164,2354792259,lost,-0.35,1
16:52:30,JD100,1781628598,,3.713,DIGITOVER,2,0.7274,0.0213,167,2354793319,won,0.12,1
16:52:32,JD100,1781628599,,3.711,DIGITOVER,4,0.5340,0.0428,146,2354794899,won,0.31,1
16:52:34,JD100,1781628600,,3.711,DIGITOVER,7,0.2235,0.0542,231,2354796119,lost,-0.35,1
16:52:36,JD100,1781628601,,3.715,DIGITUNDER,4,0.4378,0.0625,215,2354797999,won,0.48,1
16:52:38,JD100,1781628602,,3.721,DIGITUNDER,2,0.2232,0.0526,343,2354799419,won,1.3,1
16:52:41,JD100,1781628603,,3.719,DIGITUNDER,2,0.2232,0.0529,188,2354800599,won,1.3,1
16:52:43,JD100,1781628604,,3.718,DIGITUNDER,3,0.3337,0.0694,182,2354801839,lost,-0.35,1
16:52:45,JD100,1781628605,,3.716,DIGITUNDER,5,0.5337,0.0423,198,2354803039,lost,-0.35,1
16:52:47,JD100,1781628606,,3.719,DIGITOVER,5,0.4376,0.0619,138,2354804399,lost,-0.35,1
16:52:49,JD100,1781628607,,3.718,DIGITUNDER,2,0.2232,0.0530,162,2354805699,lost,-0.35,1
16:52:51,JD100,1781628608,,3.717,DIGITOVER,6,0.3337,0.0694,177,2354806459,lost,-0.35,1
16:52:53,JD100,1781628609,,3.717,DIGITOVER,2,0.7273,0.0211,140,2354808019,lost,-0.35,1
16:52:55,JD100,1781628610,,3.716,DIGITUNDER,4,0.4377,0.0623,380,2354809279,won,0.48,1
16:52:57,JD100,1781628611,,3.715,DIGITUNDER,3,0.3338,0.0698,163,2354810659,won,0.75,1
16:52:59,JD100,1781628612,,3.713,DIGITUNDER,3,0.3339,0.0701,180,2354811859,lost,-0.35,1
16:53:01,JD100,1781628613,,3.713,DIGITOVER,2,0.7274,0.0213,134,2354813299,won,0.12,1
16:53:03,JD100,1781628614,,3.712,DIGITUNDER,5,0.5339,0.0428,153,2354814299,won,0.31,1
16:53:05,JD100,1781628615,,3.711,DIGITUNDER,4,0.4380,0.0631,120,2354815799,lost,-0.35,1
16:53:07,JD100,1781628616,,3.710,DIGITOVER,2,0.7275,0.0214,148,2354816999,lost,-0.35,1
16:53:10,JD100,1781628617,,3.711,DIGITUNDER,2,0.2235,0.0541,140,2354818219,won,1.3,1
16:53:12,JD100,1781628618,,3.710,DIGITUNDER,2,0.2235,0.0544,170,2354819299,lost,-0.35,1
16:53:14,JD100,1781628619,,3.714,DIGITOVER,5,0.4378,0.0626,181,2354820919,won,0.48,1
16:53:16,JD100,1781628620,,3.712,DIGITOVER,5,0.4379,0.0628,218,2354822079,lost,-0.35,1
16:53:18,JD100,1781628621,,3.713,DIGITUNDER,5,0.5339,0.0427,144,2354823219,won,0.31,1
16:53:20,JD100,1781628622,,3.711,DIGITUNDER,3,0.3340,0.0704,140,2354824359,won,0.75,1
16:53:22,JD100,1781628623,,3.710,DIGITUNDER,4,0.4381,0.0632,164,2354825959,lost,-0.35,1
16:53:24,JD100,1781628624,,3.710,DIGITOVER,4,0.5340,0.0429,157,2354827079,won,0.31,1
16:53:26,JD100,1781628625,,3.710,DIGITOVER,7,0.2235,0.0544,154,2354828459,won,1.3,1
16:53:28,JD100,1781628626,,3.708,DIGITOVER,6,0.3341,0.0709,139,2354829979,lost,-0.35,1
16:53:30,JD100,1781628627,,3.710,DIGITUNDER,5,0.5341,0.0430,162,2354831439,won,0.31,1
16:53:32,JD100,1781628628,,3.709,DIGITUNDER,2,0.2236,0.0545,136,2354832539,won,1.3,1
16:53:34,JD100,1781628629,,3.707,DIGITUNDER,2,0.2236,0.0548,132,2354833759,lost,-0.35,1
16:53:37,JD100,1781628630,,3.707,DIGITOVER,5,0.4382,0.0636,165,2354834619,won,0.48,1
16:53:39,JD100,1781628631,,3.705,DIGITOVER,6,0.3343,0.0713,151,2354836059,lost,-0.35,1
16:53:41,JD100,1781628632,,3.704,DIGITOVER,4,0.5343,0.0435,162,2354837019,lost,-0.35,1
16:53:43,JD100,1781628633,,3.708,DIGITUNDER,5,0.5341,0.0431,173,2354838419,won,0.31,1
16:53:45,JD100,1781628634,,3.707,DIGITUNDER,3,0.3342,0.0710,150,2354839419,won,0.75,1
16:53:47,JD100,1781628635,,3.706,DIGITUNDER,3,0.3343,0.0713,131,2354841159,lost,-0.35,1
16:53:49,JD100,1781628636,,3.705,DIGITUNDER,7,0.7277,0.0217,138,2354842039,lost,-0.35,1
16:53:51,JD100,1781628637,,3.705,DIGITOVER,5,0.4384,0.0639,158,2354843179,lost,-0.35,1
16:53:53,JD100,1781628638,,3.705,DIGITUNDER,5,0.5343,0.0435,153,2354844179,won,0.31,1
16:53:55,JD100,1781628639,,3.703,DIGITUNDER,7,0.7278,0.0218,198,2354845399,lost,-0.35,1
16:53:57,JD100,1781628640,,3.706,DIGITOVER,6,0.3342,0.0713,161,2354846399,won,0.75,1
16:53:59,JD100,1781628641,,3.704,DIGITOVER,6,0.3343,0.0715,194,2354847679,lost,-0.35,1
16:54:01,JD100,1781628642,,3.704,DIGITOVER,2,0.7278,0.0218,253,2354848439,won,0.12,1
16:54:03,JD100,1781628643,,3.704,DIGITOVER,7,0.2237,0.0553,270,2354849839,won,1.3,1
16:54:05,JD100,1781628644,,3.703,DIGITOVER,6,0.3344,0.0718,158,2354850939,lost,-0.35,1
16:54:08,JD100,1781628645,,3.705,DIGITUNDER,7,0.7277,0.0217,164,2354852119,won,0.12,1
16:54:10,JD100,1781628646,,3.704,DIGITOVER,4,0.5343,0.0436,177,2354853439,won,0.31,1
16:54:12,JD100,1781628647,,3.703,DIGITOVER,6,0.3344,0.0717,180,2354854999,lost,-0.35,1
16:54:14,JD100,1781628648,,3.702,DIGITOVER,4,0.5344,0.0438,142,2354856019,won,0.31,1
16:54:16,JD100,1781628649,,3.700,DIGITOVER,4,0.5345,0.0439,234,2354857219,won,0.31,1
16:54:18,JD100,1781628650,,3.704,DIGITOVER,7,0.2237,0.0553,215,2354858139,won,1.3,1
16:54:20,JD100,1781628651,,3.703,DIGITOVER,7,0.2238,0.0555,147,2354859319,lost,-0.35,1
16:54:22,JD100,1781628652,,3.704,DIGITUNDER,7,0.7278,0.0218,179,2354860439,won,0.12,1
16:54:24,JD100,1781628653,,3.703,DIGITUNDER,5,0.5344,0.0437,133,2354861779,lost,-0.35,1
16:54:26,JD100,1781628654,,3.701,DIGITOVER,2,0.7279,0.0219,187,2354863139,lost,-0.35,1
16:54:28,JD100,1781628655,,3.703,DIGITUNDER,2,0.2238,0.0555,209,2354864319,won,1.3,1
16:54:30,JD100,1781628656,,3.701,DIGITUNDER,2,0.2238,0.0558,181,2354865439,lost,-0.35,1
16:54:32,JD100,1781628657,,3.702,DIGITOVER,2,0.7278,0.0219,141,2354866519,won,0.12,1
16:54:34,JD100,1781628658,,3.708,DIGITUNDER,5,0.5341,0.0432,144,2354867539,lost,-0.35,1
16:54:37,JD100,1781628659,,3.711,DIGITOVER,5,0.4380,0.0631,244,2354869239,won,0.48,1
16:54:39,JD100,1781628660,,3.709,DIGITOVER,4,0.5341,0.0430,180,2354870499,lost,-0.35,1
16:54:41,JD100,1781628661,,3.708,DIGITUNDER,7,0.7276,0.0216,215,2354871919,won,0.12,1
16:54:43,JD100,1781628662,,3.716,DIGITOVER,2,0.7273,0.0211,172,2354873039,won,0.12,1
16:54:45,JD100,1781628663,,3.714,DIGITUNDER,7,0.7274,0.0212,165,2354874419,won,0.12,1
16:54:47,JD100,1781628664,,3.713,DIGITOVER,2,0.7274,0.0213,152,2354875439,won,0.12,1
16:54:49,JD100,1781628665,,3.715,DIGITOVER,7,0.2233,0.0535,157,2354876819,lost,-0.35,1
16:54:51,JD100,1781628666,,3.714,DIGITUNDER,2,0.2234,0.0537,156,2354877779,lost,-0.35,1
16:54:53,JD100,1781628667,,3.716,DIGITUNDER,7,0.7273,0.0211,153,2354878999,won,0.12,1
16:54:55,JD100,1781628668,,3.719,DIGITUNDER,2,0.2232,0.0529,210,2354880139,lost,-0.35,1
16:54:57,JD100,1781628669,,3.718,DIGITOVER,6,0.3337,0.0694,151,2354881579,won,0.75,1
16:54:59,JD100,1781628670,,3.716,DIGITOVER,5,0.4377,0.0623,333,2354882659,lost,-0.35,1
16:55:01,JD100,1781628671,,3.720,DIGITUNDER,2,0.2232,0.0527,163,2354883819,lost,-0.35,1
16:55:04,JD100,1781628672,,3.720,DIGITOVER,5,0.4375,0.0619,167,2354884919,lost,-0.35,1
16:55:06,JD100,1781628673,,3.721,DIGITUNDER,4,0.4375,0.0617,167,2354886279,lost,-0.35,1
16:55:08,JD100,1781628674,,3.722,DIGITOVER,5,0.4374,0.0615,167,2354887099,lost,-0.35,1
16:55:10,JD100,1781628675,,3.722,DIGITUNDER,2,0.2231,0.0525,140,2354888659,lost,-0.35,1
16:55:12,JD100,1781628676,,3.720,DIGITUNDER,4,0.4375,0.0618,150,2354890099,lost,-0.35,1
16:55:14,JD100,1781628677,,3.724,DIGITOVER,7,0.2230,0.0520,158,2354891539,won,1.3,1
16:55:16,JD100,1781628678,,3.723,DIGITOVER,6,0.3334,0.0685,195,2354893339,lost,-0.35,1
16:55:18,JD100,1781628679,,3.725,DIGITUNDER,7,0.7269,0.0206,211,2354894519,won,0.12,1
16:55:20,JD100,1781628680,,3.731,DIGITOVER,4,0.5330,0.0410,308,2354895579,lost,-0.35,1
16:55:22,JD100,1781628681,,3.730,DIGITUNDER,5,0.5330,0.0410,152,2354896819,lost,-0.35,1
16:55:25,JD100,1781628682,,3.731,DIGITOVER,6,0.3330,0.0672,141,2354897779,lost,-0.35,1
16:55:27,JD100,1781628683,,3.730,DIGITUNDER,2,0.2228,0.0511,154,2354899299,lost,-0.35,1
16:55:29,JD100,1781628684,,3.731,DIGITUNDER,7,0.7267,0.0203,160,2354900419,won,0.12,1
16:55:31,JD100,1781628685,,3.730,DIGITOVER,4,0.5331,0.0411,154,2354901599,won,0.31,1
16:55:33,JD100,1781628686,,3.729,DIGITOVER,7,0.2229,0.0513,193,2354902859,lost,-0.35,1
16:55:35,JD100,1781628687,,3.730,DIGITUNDER,7,0.7267,0.0203,199,2354903919,won,0.12,1
16:55:37,JD100,1781628688,,3.729,DIGITUNDER,4,0.4370,0.0606,192,2354904879,lost,-0.35,1
16:55:39,JD100,1781628689,,3.729,DIGITOVER,7,0.2229,0.0514,147,2354906239,lost,-0.35,1
16:55:41,JD100,1781628690,,3.729,DIGITOVER,2,0.7268,0.0204,165,2354907239,won,0.12,1
16:55:43,JD100,1781628691,,3.728,DIGITOVER,6,0.3331,0.0677,144,2354908719,won,0.75,1
16:55:45,JD100,1781628692,,3.727,DIGITOVER,6,0.3332,0.0679,150,2354909679,won,0.75,1
16:55:47,JD100,1781628693,,3.725,DIGITOVER,6,0.3333,0.0682,166,2354911079,lost,-0.35,1
16:55:49,JD100,1781628694,,3.724,DIGITOVER,4,0.5333,0.0416,148,2354912159,won,0.31,1
16:55:52,JD100,1781628695,,3.728,DIGITOVER,7,0.2229,0.0514,135,2354913579,lost,-0.35,1
16:55:54,JD100,1781628696,,3.729,DIGITUNDER,7,0.7268,0.0204,179,2354914379,won,0.12,1
16:55:56,JD100,1781628697,,3.729,DIGITUNDER,3,0.3331,0.0676,168,2354915499,won,0.75,1
16:55:58,JD100,1781628698,,3.727,DIGITUNDER,2,0.2229,0.0516,132,2354916599,lost,-0.35,1
16:56:00,JD100,1781628699,,3.728,DIGITUNDER,7,0.7268,0.0205,138,2354917899,won,0.12,1
16:56:02,JD100,1781628700,,3.728,DIGITUNDER,2,0.2229,0.0515,174,2354918739,won,1.3,1
16:56:04,JD100,1781628701,,3.726,DIGITUNDER,2,0.2230,0.0517,168,2354920219,won,1.3,1
16:56:06,JD100,1781628702,,3.725,DIGITUNDER,2,0.2230,0.0520,162,2354921039,won,1.3,1
16:56:08,JD100,1781628703,,3.723,DIGITUNDER,2,0.2231,0.0522,174,2354922479,lost,-0.35,1
16:56:10,JD100,1781628704,,3.727,DIGITOVER,5,0.4371,0.0609,168,2354923539,lost,-0.35,1
16:56:12,JD100,1781628705,,3.727,DIGITUNDER,2,0.2230,0.0517,149,2354925119,lost,-0.35,1
16:56:14,JD100,1781628706,,3.726,DIGITUNDER,5,0.5332,0.0414,196,2354926059,won,0.31,1
16:56:16,JD100,1781628707,,3.725,DIGITUNDER,7,0.7269,0.0206,166,2354927139,lost,-0.35,1
16:56:18,JD100,1781628708,,3.725,DIGITOVER,6,0.3333,0.0682,177,2354928079,lost,-0.35,1
16:56:20,JD100,1781628709,,3.724,DIGITOVER,4,0.5334,0.0416,195,2354929559,won,0.31,1
16:56:23,JD100,1781628710,,3.723,DIGITOVER,7,0.2231,0.0522,242,2354930619,lost,-0.35,1
16:56:25,JD100,1781628711,,3.724,DIGITUNDER,7,0.7270,0.0206,152,2354931919,won,0.12,1
16:56:27,JD100,1781628712,,3.723,DIGITOVER,4,0.5334,0.0417,150,2354932979,lost,-0.35,1
16:56:29,JD100,1781628713,,3.726,DIGITUNDER,4,0.4372,0.0610,127,2354934379,won,0.48,1
16:56:31,JD100,1781628714,,3.724,DIGITUNDER,4,0.4373,0.0612,156,2354935359,lost,-0.35,1
16:56:33,JD100,1781628715,,3.725,DIGITOVER,6,0.3333,0.0683,145,2354936579,won,0.75,1
16:56:35,JD100,1781628716,,3.723,DIGITOVER,5,0.4373,0.0614,144,2354937919,lost,-0.35,1
16:56:37,JD100,1781628717,,3.723,DIGITUNDER,3,0.3334,0.0685,1034,2354940119,lost,-0.35,2
16:56:39,JD100,1781628718,,3.722,DIGITUNDER,2,0.2231,0.0524,151,2354940319,lost,-0.35,1
16:56:41,JD100,1781628719,,3.721,DIGITOVER,5,0.4374,0.0616,146,2354942039,won,0.48,1
16:56:43,JD100,1781628720,,3.720,DIGITOVER,6,0.3335,0.0690,153,2354943339,lost,-0.35,1
16:56:46,JD100,1781628721,,3.720,DIGITUNDER,3,0.3336,0.0691,130,2354944839,lost,-0.35,1
16:56:48,JD100,1781628722,,3.721,DIGITOVER,4,0.5335,0.0419,144,2354946059,won,0.31,1
16:56:50,JD100,1781628723,,3.719,DIGITOVER,4,0.5336,0.0421,462,2354948019,lost,-0.35,1
16:56:52,JD100,1781628724,,3.723,DIGITUNDER,5,0.5334,0.0417,161,2354948739,won,0.31,1
16:56:54,JD100,1781628725,,3.722,DIGITUNDER,5,0.5335,0.0418,181,2354950219,won,0.31,1
16:56:56,JD100,1781628726,,3.720,DIGITUNDER,4,0.4375,0.0618,221,2354951159,lost,-0.35,1
16:56:58,JD100,1781628727,,3.719,DIGITUNDER,7,0.7272,0.0209,167,2354952539,lost,-0.35,1
16:57:00,JD100,1781628728,,3.720,DIGITOVER,7,0.2232,0.0527,179,2354953699,lost,-0.35,1
16:57:02,JD100,1781628729,,3.720,DIGITOVER,4,0.5335,0.0420,194,2354955279,lost,-0.35,1
16:57:04,JD100,1781628730,,3.721,DIGITUNDER,3,0.3335,0.0688,145,2354956179,won,0.75,1
16:57:07,JD100,1781628731,,3.720,DIGITUNDER,2,0.2232,0.0528,152,2354957639,lost,-0.35,1
16:57:09,JD100,1781628732,,3.736,DIGITUNDER,5,0.5328,0.0405,155,2354958499,won,0.31,1
16:57:11,JD100,1781628733,,3.735,DIGITUNDER,4,0.4367,0.0599,121,2354959759,won,0.48,1
16:57:13,JD100,1781628734,,3.734,DIGITUNDER,2,0.2227,0.0506,148,2354960719,lost,-0.35,1
16:57:15,JD100,1781628735,,3.732,DIGITOVER,7,0.2228,0.0508,139,2354962359,lost,-0.35,1
16:57:17,JD100,1781628736,,3.731,DIGITUNDER,2,0.2228,0.0510,150,2354963359,lost,-0.35,1
16:57:19,JD100,1781628737,,3.730,DIGITOVER,5,0.4369,0.0604,139,2354964699,won,0.48,1
16:57:21,JD100,1781628738,,3.729,DIGITOVER,7,0.2229,0.0512,161,2354965699,lost,-0.35,1
16:57:23,JD100,1781628739,,3.728,DIGITOVER,5,0.4370,0.0607,166,2354967139,lost,-0.35,1
16:57:25,JD100,1781628740,,3.729,DIGITUNDER,4,0.4370,0.0606,300,2354968199,won,0.48,1
16:57:27,JD100,1781628741,,3.728,DIGITUNDER,4,0.4371,0.0607,174,2354969439,won,0.48,1
16:57:30,JD100,1781628742,,3.727,DIGITUNDER,5,0.5332,0.0414,235,2354970599,lost,-0.35,1
16:57:32,JD100,1781628743,,3.727,DIGITOVER,5,0.4371,0.0609,138,2354971899,won,0.48,1
16:57:34,JD100,1781628744,,3.726,DIGITOVER,6,0.3333,0.0681,141,2354972759,lost,-0.35,1
16:57:36,JD100,1781628745,,3.724,DIGITUNDER,2,0.2230,0.0520,123,2354974119,lost,-0.35,1
16:57:38,JD100,1781628746,,3.726,DIGITOVER,2,0.7269,0.0206,151,2354975179,lost,-0.35,1
16:57:40,JD100,1781628747,,3.725,DIGITUNDER,4,0.4372,0.0611,137,2354976679,won,0.48,1
16:57:42,JD100,1781628748,,3.724,DIGITUNDER,3,0.3334,0.0684,174,2354977719,lost,-0.35,1
16:57:44,JD100,1781628749,,3.725,DIGITOVER,4,0.5333,0.0415,130,2354979139,won,0.31,1
16:57:46,JD100,1781628750,,3.724,DIGITOVER,6,0.3333,0.0684,135,2354980079,lost,-0.35,1
16:57:48,JD100,1781628751,,3.724,DIGITUNDER,4,0.4373,0.0613,169,2354981139,lost,-0.35,1
16:57:50,JD100,1781628752,,3.724,DIGITOVER,2,0.7270,0.0207,131,2354982039,won,0.12,1
16:57:52,JD100,1781628753,,3.723,DIGITOVER,5,0.4374,0.0615,164,2354983319,won,0.48,1
16:57:54,JD100,1781628754,,3.721,DIGITOVER,4,0.5335,0.0419,149,2354984419,won,0.31,1
16:57:56,JD100,1781628755,,3.726,DIGITOVER,6,0.3332,0.0680,128,2354985959,won,0.75,1
16:57:58,JD100,1781628756,,3.725,DIGITOVER,7,0.2230,0.0519,194,2354987179,lost,-0.35,1
16:58:01,JD100,1781628757,,3.729,DIGITUNDER,4,0.4370,0.0606,178,2354989299,won,0.48,1
16:58:03,JD100,1781628758,,3.728,DIGITUNDER,2,0.2229,0.0515,134,2354990279,lost,-0.35,1
16:58:05,JD100,1781628759,,3.726,DIGITOVER,7,0.2230,0.0517,160,2354991419,won,1.3,1
16:58:07,JD100,1781628760,,3.725,DIGITOVER,7,0.2230,0.0519,186,2354992599,lost,-0.35,1
16:58:09,JD100,1781628761,,3.724,DIGITUNDER,2,0.2231,0.0521,140,2354994159,lost,-0.35,1
16:58:11,JD100,1781628762,,3.723,DIGITOVER,6,0.3334,0.0686,144,2354994999,won,0.75,1
16:58:13,JD100,1781628763,,3.721,DIGITOVER,5,0.4374,0.0616,180,2354996759,lost,-0.35,1
16:58:15,JD100,1781628764,,3.720,DIGITOVER,2,0.7271,0.0209,146,2354997759,won,0.12,1
16:58:18,JD100,1781628765,,3.719,DIGITOVER,2,0.7272,0.0210,129,2354998979,won,0.12,1
16:58:20,JD100,1781628766,,3.718,DIGITOVER,5,0.4376,0.0621,171,2355000059,lost,-0.35,1
16:58:22,JD100,1781628767,,3.717,DIGITOVER,2,0.7273,0.0211,126,2355001399,lost,-0.35,1
16:58:24,JD100,1781628768,,3.716,DIGITUNDER,4,0.4377,0.0623,134,2355002359,won,0.48,1
16:58:26,JD100,1781628769,,3.715,DIGITUNDER,3,0.3338,0.0698,140,2355003639,won,0.75,1
16:58:28,JD100,1781628770,,3.714,DIGITUNDER,4,0.4378,0.0626,160,2355004639,lost,-0.35,1
16:58:30,JD100,1781628771,,3.716,DIGITOVER,4,0.5337,0.0424,141,2355006059,won,0.31,1
16:58:32,JD100,1781628772,,3.715,DIGITOVER,6,0.3338,0.0698,218,2355007119,lost,-0.35,1
16:58:34,JD100,1781628773,,3.714,DIGITOVER,4,0.5338,0.0426,207,2355008499,won,0.31,1
16:58:36,JD100,1781628774,,3.713,DIGITOVER,2,0.7274,0.0213,183,2355009819,won,0.12,1
16:58:38,JD100,1781628775,,3.716,DIGITOVER,6,0.3337,0.0696,141,2355011459,lost,-0.35,1
16:58:40,JD100,1781628776,,3.716,DIGITOVER,2,0.7273,0.0211,166,2355012339,lost,-0.35,1
16:58:42,JD100,1781628777,,3.715,DIGITUNDER,4,0.4378,0.0624,146,2355013999,lost,-0.35,1
16:58:44,JD100,1781628778,,3.716,DIGITOVER,6,0.3338,0.0697,156,2355016639,lost,-0.35,1
16:58:46,JD100,1781628779,,3.715,DIGITUNDER,2,0.2234,0.0536,143,2355018419,lost,-0.35,1
16:58:48,JD100,1781628780,,3.713,DIGITOVER,7,0.2234,0.0538,164,2355019579,won,1.3,1
16:58:51,JD100,1781628781,,3.712,DIGITOVER,7,0.2235,0.0540,152,2355021359,lost,-0.35,1
16:58:53,JD100,1781628782,,3.712,DIGITOVER,2,0.7274,0.0213,229,2355022299,won,0.12,1
16:58:55,JD100,1781628783,,3.711,DIGITOVER,2,0.7275,0.0214,186,2355023919,won,0.12,1
16:58:57,JD100,1781628784,,3.714,DIGITOVER,6,0.3338,0.0699,142,2355024999,won,0.75,1
16:58:59,JD100,1781628785,,3.713,DIGITOVER,7,0.2234,0.0539,208,2355026399,lost,-0.35,1
16:59:01,JD100,1781628786,,3.712,DIGITUNDER,2,0.2235,0.0541,149,2355027239,lost,-0.35,1
16:59:03,JD100,1781628787,,3.711,DIGITUNDER,5,0.5340,0.0429,141,2355028699,lost,-0.35,1
16:59:05,JD100,1781628788,,3.711,DIGITOVER,4,0.5340,0.0429,137,2355029659,won,0.31,1
16:59:07,JD100,1781628789,,3.710,DIGITOVER,7,0.2235,0.0543,128,2355031039,lost,-0.35,1
16:59:09,JD100,1781628790,,3.710,DIGITOVER,4,0.5340,0.0430,240,2355032339,won,0.31,1
16:59:11,JD100,1781628791,,3.709,DIGITOVER,7,0.2235,0.0545,123,2355033819,lost,-0.35,1
16:59:13,JD100,1781628792,,3.713,DIGITUNDER,4,0.4379,0.0628,128,2355034799,lost,-0.35,1
16:59:15,JD100,1781628793,,3.715,DIGITOVER,6,0.3338,0.0698,138,2355036359,lost,-0.35,1
16:59:18,JD100,1781628794,,3.715,DIGITOVER,2,0.7273,0.0212,136,2355037699,won,0.12,1
16:59:20,JD100,1781628795,,3.714,DIGITOVER,5,0.4379,0.0627,187,2355039359,won,0.48,1
16:59:22,JD100,1781628796,,3.712,DIGITOVER,5,0.4379,0.0629,142,2355040279,lost,-0.35,1
16:59:24,JD100,1781628797,,3.712,DIGITUNDER,7,0.7275,0.0214,145,2355041599,lost,-0.35,1
16:59:26,JD100,1781628798,,3.712,DIGITOVER,6,0.3339,0.0703,141,2355042459,won,0.75,1
16:59:28,JD100,1781628799,,3.711,DIGITOVER,5,0.4380,0.0631,136,2355043959,lost,-0.35,1
16:59:30,JD100,1781628800,,3.712,DIGITUNDER,4,0.4380,0.0629,210,2355045239,won,0.48,1
16:59:32,JD100,1781628801,,3.710,DIGITUNDER,5,0.5340,0.0429,139,2355046679,won,0.31,1
16:59:34,JD100,1781628802,,3.709,DIGITUNDER,7,0.7276,0.0215,129,2355047719,won,0.12,1
16:59:36,JD100,1781628803,,3.709,DIGITUNDER,2,0.2235,0.0544,137,2355049479,lost,-0.35,1
16:59:38,JD100,1781628804,,3.714,DIGITOVER,6,0.3338,0.0699,141,2355050399,lost,-0.35,1
16:59:40,JD100,1781628805,,3.719,DIGITOVER,4,0.5336,0.0420,131,2355051579,lost,-0.35,1
16:59:42,JD100,1781628806,,3.718,DIGITUNDER,7,0.7272,0.0210,140,2355052579,won,0.12,1
16:59:44,JD100,1781628807,,3.718,DIGITOVER,4,0.5337,0.0422,132,2355054159,lost,-0.35,1
16:59:47,JD100,1781628808,,3.717,DIGITUNDER,7,0.7273,0.0211,185,2355055339,lost,-0.35,1
16:59:49,JD100,1781628809,,3.719,DIGITOVER,6,0.3336,0.0692,156,2355056959,lost,-0.35,1
16:59:51,JD100,1781628810,,3.718,DIGITUNDER,2,0.2233,0.0531,193,2355057959,lost,-0.35,1
16:59:53,JD100,1781628811,,3.717,DIGITOVER,5,0.4376,0.0622,140,2355059099,won,0.48,1
16:59:56,JD100,1781628812,,3.716,DIGITOVER,4,0.5337,0.0424,146,2355060439,won,0.31,1
16:59:58,JD100,1781628813,,3.715,DIGITOVER,5,0.4378,0.0625,128,2355061819,lost,-0.35,1
17:00:00,JD100,1781628814,,3.714,DIGITUNDER,2,0.2234,0.0537,176,2355062959,lost,-0.35,1
17:00:02,JD100,1781628815,,3.714,DIGITUNDER,7,0.7274,0.0212,165,2355064519,won,0.12,1
17:00:04,JD100,1781628816,,3.713,DIGITOVER,2,0.7274,0.0213,142,2355065579,lost,-0.35,1
17:00:06,JD100,1781628817,,3.714,DIGITUNDER,2,0.2234,0.0536,148,2355066979,won,1.3,1
17:00:08,JD100,1781628818,,3.713,DIGITUNDER,3,0.3339,0.0701,180,2355068399,lost,-0.35,1
17:00:10,JD100,1781628819,,3.713,DIGITOVER,2,0.7274,0.0213,142,2355069799,won,0.12,1
17:00:12,JD100,1781628820,,3.712,DIGITUNDER,5,0.5339,0.0427,158,2355070739,lost,-0.35,1
17:00:15,JD100,1781628821,,3.712,DIGITOVER,4,0.5339,0.0428,135,2355071919,lost,-0.35,1
17:00:17,JD100,1781628822,,3.713,DIGITUNDER,3,0.3339,0.0701,168,2355072899,lost,-0.35,1
17:00:19,JD100,1781628823,,3.712,DIGITUNDER,7,0.7274,0.0213,186,2355074379,won,0.12,1
17:00:21,JD100,1781628824,,3.711,DIGITUNDER,5,0.5340,0.0428,165,2355075559,won,0.31,1
17:00:23,JD100,1781628825,,3.711,DIGITUNDER,2,0.2235,0.0542,173,2355077039,lost,-0.35,1
17:00:25,JD100,1781628826,,3.711,DIGITUNDER,7,0.7275,0.0214,188,2355077999,won,0.12,1
17:00:27,JD100,1781628827,,3.721,DIGITUNDER,5,0.5335,0.0419,174,2355079319,lost,-0.35,1
17:00:29,JD100,1781628828,,3.722,DIGITOVER,7,0.2231,0.0525,174,2355080439,lost,-0.35,1
17:00:31,JD100,1781628829,,3.721,DIGITOVER,5,0.4375,0.0617,158,2355081899,won,0.48,1
17:00:33,JD100,1781628830,,3.720,DIGITOVER,7,0.2232,0.0528,190,2355082979,lost,-0.35,1
17:00:35,JD100,1781628831,,3.719,DIGITOVER,5,0.4376,0.0620,163,2355084539,lost,-0.35,1
17:00:37,JD100,1781628832,,3.721,DIGITUNDER,3,0.3335,0.0688,336,2355085639,won,0.75,1
17:00:39,JD100,1781628833,,3.720,DIGITUNDER,4,0.4375,0.0618,142,2355086919,lost,-0.35,1
17:00:41,JD100,1781628834,,3.720,DIGITOVER,6,0.3335,0.0690,171,2355087859,won,0.75,1
17:00:43,JD100,1781628835,,3.719,DIGITOVER,5,0.4376,0.0620,195,2355089159,lost,-0.35,1
17:00:45,JD100,1781628836,,3.721,DIGITUNDER,5,0.5335,0.0419,173,2355090239,won,0.31,1
17:00:48,JD100,1781628837,,3.719,DIGITUNDER,5,0.5336,0.0420,171,2355091839,won,0.31,1
17:00:50,JD100,1781628838,,3.718,DIGITUNDER,5,0.5336,0.0422,173,2355092919,won,0.31,1
17:00:52,JD100,1781628839,,3.723,DIGITUNDER,3,0.3334,0.0685,138,2355094739,lost,-0.35,1
17:00:54,JD100,1781628840,,3.724,DIGITOVER,4,0.5333,0.0416,174,2355095979,lost,-0.35,1
17:00:56,JD100,1781628841,,3.724,DIGITUNDER,5,0.5334,0.0416,172,2355097719,won,0.31,1
17:00:58,JD100,1781628842,,3.723,DIGITUNDER,2,0.2231,0.0522,193,2355098659,won,1.3,1
17:01:00,JD100,1781628843,,3.722,DIGITUNDER,3,0.3334,0.0687,191,2355100279,won,0.75,1
17:01:02,JD100,1781628844,,3.721,DIGITUNDER,4,0.4375,0.0617,162,2355101359,lost,-0.35,1
17:01:04,JD100,1781628845,,3.720,DIGITOVER,7,0.2232,0.0527,140,2355102579,lost,-0.35,1
17:01:06,JD100,1781628846,,3.720,DIGITUNDER,5,0.5335,0.0420,149,2355103819,won,0.31,1
17:01:08,JD100,1781628847,,3.719,DIGITUNDER,5,0.5336,0.0421,161,2355105799,lost,-0.35,1
17:01:11,JD100,1781628848,,3.720,DIGITOVER,6,0.3335,0.0690,189,2355106599,lost,-0.35,1
17:01:13,JD100,1781628849,,3.720,DIGITUNDER,3,0.3336,0.0691,161,2355108199,won,0.75,1
17:01:15,JD100,1781628850,,3.726,DIGITUNDER,4,0.4372,0.0610,178,2355109399,lost,-0.35,1
17:01:17,JD100,1781628851,,3.727,DIGITOVER,5,0.4371,0.0608,230,2355110919,won,0.48,1
17:01:19,JD100,1781628852,,3.726,DIGITOVER,7,0.2230,0.0517,138,2355112039,lost,-0.35,1
17:01:21,JD100,1781628853,,3.727,DIGITUNDER,7,0.7268,0.0205,165,2355113519,won,0.12,1
17:01:23,JD100,1781628854,,3.726,DIGITOVER,2,0.7269,0.0205,159,2355114759,lost,-0.35,1
17:01:25,JD100,1781628855,,3.727,DIGITUNDER,2,0.2229,0.0516,180,2355116319,lost,-0.35,1
17:01:27,JD100,1781628856,,3.729,DIGITOVER,4,0.5331,0.0411,244,2355118039,lost,-0.35,1
17:01:29,JD100,1781628857,,3.729,DIGITUNDER,5,0.5331,0.0412,164,2355119719,lost,-0.35,1
17:01:31,JD100,1781628858,,3.729,DIGITOVER,5,0.4370,0.0606,169,2355120979,lost,-0.35,1
17:01:33,JD100,1781628859,,3.729,DIGITUNDER,3,0.3331,0.0676,198,2355122319,won,0.75,1
17:01:35,JD100,1781628860,,3.728,DIGITUNDER,4,0.4371,0.0607,248,2355123499,lost,-0.35,1
17:01:37,JD100,1781628861,,3.728,DIGITOVER,7,0.2229,0.0515,141,2355125059,lost,-0.35,1
17:01:39,JD100,1781628862,,3.729,DIGITUNDER,7,0.7268,0.0204,174,2355125899,won,0.12,1
17:01:41,JD100,1781628863,,3.729,DIGITUNDER,3,0.3331,0.0677,163,2355127499,lost,-0.35,1
17:01:44,JD100,1781628864,,3.730,DIGITOVER,4,0.5331,0.0411,166,2355128739,lost,-0.35,1
17:01:46,JD100,1781628865,,3.731,DIGITUNDER,3,0.3330,0.0673,217,2355130599,won,0.75,1
17:01:48,JD100,1781628866,,3.729,DIGITUNDER,4,0.4370,0.0605,236,2355131919,won,0.48,1
17:01:50,JD100,1781628867,,3.728,DIGITUNDER,3,0.3331,0.0677,149,2355133239,lost,-0.35,1
17:01:52,JD100,1781628868,,3.729,DIGITOVER,4,0.5331,0.0411,161,2355134299,lost,-0.35,1
17:01:54,JD100,1781628869,,3.730,DIGITUNDER,3,0.3330,0.0674,140,2355135799,lost,-0.35,1
17:01:56,JD100,1781628870,,3.729,DIGITOVER,7,0.2229,0.0512,159,2355137659,won,1.3,1
17:01:58,JD100,1781628871,,3.728,DIGITOVER,7,0.2229,0.0514,153,2355139739,lost,-0.35,1
17:02:00,JD100,1781628872,,3.727,DIGITUNDER,3,0.3332,0.0679,220,2355140599,won,0.75,1
17:02:02,JD100,1781628873,,3.726,DIGITUNDER,2,0.2230,0.0518,151,2355141839,lost,-0.35,1
17:02:04,JD100,1781628874,,3.726,DIGITOVER,4,0.5332,0.0414,1036,2355144499,lost,-0.35,2
17:02:06,JD100,1781628876,,3.725,DIGITUNDER,3,0.3333,0.0683,170,2355145499,lost,-0.35,1
17:02:08,JD100,1781628877,,3.727,DIGITOVER,2,0.7269,0.0205,196,2355147219,lost,-0.35,1
17:02:10,JD100,1781628878,,3.730,DIGITUNDER,4,0.4369,0.0605,140,2355148139,won,0.48,1
17:02:13,JD100,1781628879,,3.729,DIGITUNDER,4,0.4370,0.0606,157,2355149639,lost,-0.35,1
17:02:15,JD100,1781628880,,3.730,DIGITOVER,5,0.4370,0.0605,154,2355150739,won,0.48,1
17:02:17,JD100,1781628881,,3.729,DIGITOVER,7,0.2229,0.0513,149,2355152199,lost,-0.35,1
17:02:19,JD100,1781628882,,3.729,DIGITOVER,2,0.7268,0.0204,155,2355153179,won,0.12,1
17:02:21,JD100,1781628883,,3.728,DIGITOVER,4,0.5331,0.0412,158,2355154639,won,0.31,1
17:02:23,JD100,1781628884,,3.727,DIGITOVER,4,0.5332,0.0414,155,2355155839,lost,-0.35,1
17:02:25,JD100,1781628885,,3.729,DIGITUNDER,4,0.4370,0.0607,159,2355157119,won,0.48,1
17:02:27,JD100,1781628886,,3.727,DIGITUNDER,4,0.4371,0.0608,189,2355158359,won,0.48,1
17:02:29,JD100,1781628887,,3.726,DIGITUNDER,5,0.5332,0.0414,168,2355160039,lost,-0.35,1
17:02:31,JD100,1781628888,,3.725,DIGITOVER,2,0.7269,0.0206,161,2355161139,won,0.12,1
17:02:33,JD100,1781628889,,3.724,DIGITOVER,4,0.5333,0.0416,149,2355162799,won,0.31,1
17:02:35,JD100,1781628890,,3.732,DIGITOVER,4,0.5329,0.0408,250,2355163979,won,0.31,1
17:02:37,JD100,1781628891,,3.731,DIGITOVER,5,0.4369,0.0604,225,2355165479,lost,-0.35,1
17:02:39,JD100,1781628892,,3.730,DIGITUNDER,7,0.7267,0.0203,184,2355166619,lost,-0.35,1
17:02:42,JD100,1781628893,,3.731,DIGITOVER,6,0.3330,0.0673,167,2355168059,won,0.75,1
17:02:44,JD100,1781628894,,3.737,DIGITOVER,7,0.2226,0.0500,155,2355169099,lost,-0.35,1
17:02:46,JD100,1781628895,,3.736,DIGITOVER,4,0.5327,0.0404,187,2355170299,lost,-0.35,1
17:02:48,JD100,1781628896,,3.736,DIGITUNDER,5,0.5328,0.0405,147,2355171699,won,0.31,1
17:02:50,JD100,1781628897,,3.735,DIGITUNDER,4,0.4367,0.0599,152,2355173119,won,0.48,1
17:02:52,JD100,1781628898,,3.734,DIGITUNDER,3,0.3329,0.0669,143,2355174079,won,0.75,1
17:02:54,JD100,1781628899,,3.732,DIGITUNDER,3,0.3329,0.0671,201,2355175759,won,0.75,1
17:02:56,JD100,1781628900,,3.731,DIGITUNDER,3,0.3330,0.0673,140,2355176839,lost,-0.35,1
17:02:58,JD100,1781628901,,3.736,DIGITOVER,7,0.2227,0.0502,218,2355178379,lost,-0.35,1
17:03:00,JD100,1781628902,,3.740,DIGITOVER,5,0.4364,0.0591,178,2355179639,lost,-0.35,1
17:03:02,JD100,1781628903,,3.739,DIGITOVER,2,0.7264,0.0198,148,2355181199,won,0.12,1
17:03:04,JD100,1781628904,,3.738,DIGITUNDER,5,0.5326,0.0402,163,2355182759,won,0.31,1
17:03:06,JD100,1781628905,,3.737,DIGITUNDER,3,0.3327,0.0663,204,2355185419,lost,-0.35,1
17:03:08,JD100,1781628906,,3.737,DIGITOVER,7,0.2226,0.0501,145,2355186539,lost,-0.35,1
17:03:11,JD100,1781628907,,3.735,DIGITUNDER,2,0.2227,0.0503,142,2355188159,lost,-0.35,1
17:03:13,JD100,1781628908,,3.734,DIGITOVER,6,0.3328,0.0667,359,2355192659,won,0.75,1
17:03:15,JD100,1781628909,,3.733,DIGITOVER,6,0.3329,0.0669,145,2355194019,lost,-0.35,1
17:03:17,JD100,1781628910,,3.733,DIGITUNDER,3,0.3329,0.0670,195,2355195119,lost,-0.35,1
17:03:19,JD100,1781628911,,3.734,DIGITOVER,4,0.5329,0.0407,181,2355196719,lost,-0.35,1
17:03:21,JD100,1781628912,,3.734,DIGITUNDER,2,0.2227,0.0505,165,2355197739,lost,-0.35,1
17:03:23,JD100,1781628913,,3.734,DIGITUNDER,7,0.7266,0.0201,155,2355199579,won,0.12,1
17:03:25,JD100,1781628914,,3.733,DIGITOVER,4,0.5329,0.0407,230,2355200779,lost,-0.35,1
17:03:27,JD100,1781628915,,3.732,DIGITUNDER,7,0.7266,0.0202,207,2355202299,lost,-0.35,1
17:03:29,JD100,1781628916,,3.733,DIGITOVER,7,0.2227,0.0506,167,2355203459,lost,-0.35,1
17:03:31,JD100,1781628917,,3.733,DIGITOVER,2,0.7266,0.0201,182,2355204939,lost,-0.35,1
17:03:33,JD100,1781628918,,3.733,DIGITUNDER,4,0.4368,0.0601,152,2355205839,won,0.48,1
17:03:35,JD100,1781628919,,3.732,DIGITUNDER,3,0.3330,0.0671,179,2355207579,won,0.75,1
17:03:37,JD100,1781628920,,3.731,DIGITUNDER,3,0.3330,0.0673,185,2355209599,won,0.75,1
17:03:40,JD100,1781628921,,3.729,DIGITUNDER,3,0.3331,0.0675,234,2355211439,lost,-0.35,1
17:03:42,JD100,1781628922,,3.730,DIGITOVER,4,0.5330,0.0410,164,2355212639,won,0.31,1
17:03:44,JD100,1781628923,,3.729,DIGITOVER,5,0.4370,0.0606,207,2355214159,won,0.48,1
17:03:46,JD100,1781628924,,3.728,DIGITOVER,5,0.4371,0.0608,156,2355215099,lost,-0.35,1
17:03:48,JD100,1781628925,,3.729,DIGITUNDER,4,0.4370,0.0606,186,2355216499,won,0.48,1
17:03:50,JD100,1781628926,,3.728,DIGITUNDER,5,0.5332,0.0413,182,2355217639,won,0.31,1
17:03:52,JD100,1781628927,,3.727,DIGITUNDER,2,0.2229,0.0516,159,2355219199,lost,-0.35,1
17:03:54,JD100,1781628928,,3.732,DIGITUNDER,4,0.4369,0.0602,175,2355220219,lost,-0.35,1
17:03:56,JD100,1781628929,,3.732,DIGITOVER,4,0.5329,0.0409,198,2355221699,won,0.31,1
17:03:58,JD100,1781628930,,3.731,DIGITOVER,2,0.7267,0.0203,167,2355222939,won,0.12,1
17:04:00,JD100,1781628931,,3.735,DIGITUNDER,5,0.5328,0.0405,178,2355224579,lost,-0.35,1
17:04:02,JD100,1781628932,,3.736,DIGITOVER,6,0.3327,0.0664,186,2355225979,won,0.75,1
17:04:04,JD100,1781628933,,3.735,DIGITOVER,7,0.2227,0.0503,149,2355227399,won,1.3,1
17:04:06,JD100,1781628934,,3.734,DIGITOVER,6,0.3329,0.0668,172,2355228599,won,0.75,1
17:04:09,JD100,1781628935,,3.733,DIGITOVER,5,0.4368,0.0601,166,2355230299,won,0.48,1
17:04:11,JD100,1781628936,,3.732,DIGITOVER,4,0.5330,0.0409,170,2355231319,lost,-0.35,1
17:04:13,JD100,1781628937,,3.731,DIGITUNDER,5,0.5330,0.0409,207,2355232919,lost,-0.35,1
17:04:15,JD100,1781628938,,3.731,DIGITOVER,7,0.2228,0.0509,179,2355234199,lost,-0.35,1
17:04:17,JD100,1781628939,,3.731,DIGITOVER,4,0.5330,0.0409,136,2355235639,lost,-0.35,1
17:04:19,JD100,1781628940,,3.731,DIGITUNDER,2,0.2228,0.0509,189,2355236879,won,1.3,1
17:04:21,JD100,1781628941,,3.730,DIGITUNDER,3,0.3331,0.0674,189,2355238459,lost,-0.35,1
17:04:23,JD100,1781628942,,3.730,DIGITOVER,5,0.4369,0.0605,183,2355239319,lost,-0.35,1
17:04:25,JD100,1781628943,,3.730,DIGITUNDER,3,0.3330,0.0674,179,2355240819,won,0.75,1
17:04:27,JD100,1781628944,,3.729,DIGITUNDER,2,0.2229,0.0513,144,2355242159,lost,-0.35,1
17:04:29,JD100,1781628945,,3.729,DIGITUNDER,5,0.5331,0.0412,146,2355243979,won,0.31,1
17:04:31,JD100,1781628946,,3.738,DIGITUNDER,4,0.4365,0.0594,174,2355245119,won,0.48,1
17:04:33,JD100,1781628947,,3.743,DIGITUNDER,2,0.2224,0.0491,133,2355246599,lost,-0.35,1
17:04:35,JD100,1781628948,,3.743,DIGITOVER,4,0.5324,0.0398,209,2355248179,lost,-0.35,1
17:04:37,JD100,1781628949,,3.743,DIGITUNDER,5,0.5324,0.0398,147,2355249919,lost,-0.35,1
17:04:39,JD100,1781628950,,3.745,DIGITOVER,7,0.2224,0.0488,194,2355251859,won,1.3,1
17:04:42,JD100,1781628951,,3.743,DIGITOVER,7,0.2224,0.0490,166,2355253319,lost,-0.35,1
17:04:44,JD100,1781628952,,3.742,DIGITUNDER,2,0.2224,0.0492,181,2355254739,won,1.3,1
17:04:46,JD100,1781628953,,3.741,DIGITUNDER,2,0.2225,0.0494,169,2355255999,won,1.3,1
17:04:48,JD100,1781628954,,3.740,DIGITUNDER,2,0.2225,0.0496,195,2355257239,lost,-0.35,1
17:04:50,JD100,1781628955,,3.739,DIGITOVER,7,0.2226,0.0498,173,2355258639,lost,-0.35,1
17:04:52,JD100,1781628956,,3.738,DIGITUNDER,3,0.3327,0.0662,155,2355259859,lost,-0.35,1
17:04:54,JD100,1781628957,,3.737,DIGITOVER,6,0.3327,0.0663,193,2355261459,lost,-0.35,1
17:04:56,JD100,1781628958,,3.739,DIGITUNDER,4,0.4365,0.0593,160,2355262899,lost,-0.35,1
17:04:58,JD100,1781628959,,3.741,DIGITOVER,6,0.3325,0.0657,168,2355264679,lost,-0.35,1
17:05:00,JD100,1781628960,,3.742,DIGITUNDER,5,0.5325,0.0399,212,2355265899,won,0.31,1
17:05:02,JD100,1781628961,,3.741,DIGITUNDER,7,0.7263,0.0197,202,2355267499,won,0.12,1
17:05:04,JD100,1781628962,,3.740,DIGITOVER,2,0.7264,0.0198,359,2355269299,won,0.12,1
17:05:07,JD100,1781628963,,3.739,DIGITOVER,5,0.4365,0.0593,229,2355270699,lost,-0.35,1
17:05:09,JD100,1781628964,,3.741,DIGITUNDER,3,0.3325,0.0657,192,2355271719,won,0.75,1
17:05:11,JD100,1781628965,,3.740,DIGITUNDER,4,0.4364,0.0592,168,2355273219,won,0.48,1
17:05:13,JD100,1781628966,,3.739,DIGITUNDER,2,0.2225,0.0497,190,2355275639,lost,-0.35,1
17:05:15,JD100,1781628967,,3.738,DIGITUNDER,4,0.4365,0.0594,160,2355277099,won,0.48,1
17:05:17,JD100,1781628968,,3.742,DIGITUNDER,2,0.2224,0.0492,158,2355278099,lost,-0.35,1
17:05:19,JD100,1781628969,,3.743,DIGITOVER,2,0.7262,0.0196,162,2355279579,lost,-0.35,1
17:05:21,JD100,1781628970,,3.743,DIGITUNDER,4,0.4363,0.0588,174,2355280539,lost,-0.35,1
17:05:23,JD100,1781628971,,3.742,DIGITOVER,2,0.7262,0.0197,170,2355281719,won,0.12,1
17:05:25,JD100,1781628972,,3.742,DIGITUNDER,5,0.5325,0.0399,171,2355282979,lost,-0.35,1
17:05:27,JD100,1781628973,,3.741,DIGITOVER,4,0.5325,0.0400,174,2355284399,lost,-0.35,1
17:05:29,JD100,1781628974,,3.743,DIGITUNDER,2,0.2224,0.0491,174,2355285739,won,1.3,1
17:05:31,JD100,1781628975,,3.742,DIGITUNDER,2,0.2224,0.0493,148,2355287239,won,1.3,1
17:05:33,JD100,1781628976,,3.741,DIGITUNDER,2,0.2225,0.0495,157,2355288119,lost,-0.35,1
17:05:35,JD100,1781628977,,3.740,DIGITOVER,5,0.4364,0.0591,188,2355289459,lost,-0.35,1
17:05:38,JD100,1781628978,,3.740,DIGITUNDER,5,0.5325,0.0401,214,2355290599,won,0.31,1
17:05:40,JD100,1781628979,,3.740,DIGITUNDER,2,0.2225,0.0496,189,2355292099,lost,-0.35,1
17:05:42,JD100,1781628980,,3.739,DIGITUNDER,4,0.4365,0.0593,164,2355293359,lost,-0.35,1
17:05:44,JD100,1781628981,,3.738,DIGITUNDER,7,0.7264,0.0199,154,2355294819,won,0.12,1
17:05:46,JD100,1781628982,,3.738,DIGITUNDER,2,0.2226,0.0498,154,2355296219,lost,-0.35,1
17:05:48,JD100,1781628983,,3.739,DIGITOVER,2,0.7264,0.0198,151,2355297859,won,0.12,1
17:05:50,JD100,1781628984,,3.738,DIGITUNDER,7,0.7264,0.0199,168,2355299299,lost,-0.35,1
17:05:52,JD100,1781628985,,3.738,DIGITOVER,5,0.4365,0.0595,155,2355301139,lost,-0.35,1
17:05:54,JD100,1781628986,,3.737,DIGITUNDER,2,0.2226,0.0500,165,2355302479,lost,-0.35,1
17:05:56,JD100,1781628987,,3.737,DIGITUNDER,7,0.7264,0.0199,161,2355303879,won,0.12,1
17:05:58,JD100,1781628988,,3.737,DIGITOVER,4,0.5327,0.0404,162,2355305139,lost,-0.35,1
17:06:00,JD100,1781628989,,3.736,DIGITUNDER,7,0.7265,0.0200,154,2355306839,won,0.12,1
17:06:03,JD100,1781628990,,3.734,DIGITUNDER,7,0.7266,0.0201,163,2355307659,lost,-0.35,1
17:06:05,JD100,1781628991,,3.734,DIGITOVER,5,0.4367,0.0599,134,2355309199,lost,-0.35,1
17:06:07,JD100,1781628992,,3.737,DIGITUNDER,2,0.2226,0.0500,177,2355310739,lost,-0.35,1
17:06:09,JD100,1781628993,,3.737,DIGITUNDER,5,0.5327,0.0404,153,2355312499,won,0.31,1
17:06:11,JD100,1781628994,,3.736,DIGITUNDER,2,0.2226,0.0501,154,2355313579,lost,-0.35,1
17:06:13,JD100,1781628995,,3.737,DIGITOVER,2,0.7265,0.0199,184,2355314939,won,0.12,1
17:06:15,JD100,1781628996,,3.736,DIGITUNDER,7,0.7265,0.0200,160,2355316179,won,0.12,1
17:06:17,JD100,1781628997,,3.736,DIGITUNDER,3,0.3328,0.0666,179,2355317819,lost,-0.35,1
17:06:19,JD100,1781628998,,3.735,DIGITOVER,7,0.2227,0.0504,186,2355318619,won,1.3,1
17:06:21,JD100,1781628999,,3.734,DIGITOVER,6,0.3329,0.0669,157,2355320459,lost,-0.35,1
17:06:23,JD100,1781629000,,3.735,DIGITUNDER,5,0.5328,0.0406,160,2355321539,lost,-0.35,1
17:06:25,JD100,1781629001,,3.739,DIGITOVER,2,0.7264,0.0198,168,2355322919,lost,-0.35,1
17:06:27,JD100,1781629002,,3.740,DIGITUNDER,2,0.2225,0.0496,154,2355324799,lost,-0.35,1
17:06:29,JD100,1781629003,,3.744,DIGITOVER,6,0.3324,0.0652,143,2355326939,lost,-0.35,1
17:06:31,JD100,1781629004,,3.745,DIGITUNDER,5,0.5323,0.0396,183,2355328619,lost,-0.35,1
17:06:34,JD100,1781629005,,3.745,DIGITOVER,7,0.2223,0.0487,152,2355330519,won,1.3,1
17:06:36,JD100,1781629006,,3.744,DIGITOVER,6,0.3324,0.0652,312,2355333859,won,0.75,1
17:06:38,JD100,1781629007,,3.743,DIGITOVER,6,0.3324,0.0654,171,2355335759,lost,-0.35,1
17:06:40,JD100,1781629008,,3.743,DIGITOVER,2,0.7262,0.0196,213,2355336739,won,0.12,1
17:06:42,JD100,1781629009,,3.741,DIGITOVER,2,0.7263,0.0197,165,2355338099,won,0.12,1
17:06:44,JD100,1781629010,,3.740,DIGITUNDER,7,0.7263,0.0198,183,2355339139,lost,-0.35,1
17:06:46,JD100,1781629011,,3.742,DIGITOVER,6,0.3325,0.0655,158,2355340459,won,0.75,1
17:06:48,JD100,1781629012,,3.741,DIGITOVER,6,0.3325,0.0657,181,2355341559,lost,-0.35,1
17:06:50,JD100,1781629013,,3.743,DIGITUNDER,4,0.4363,0.0588,170,2355343199,won,0.48,1
17:06:52,JD100,1781629014,,3.742,DIGITUNDER,4,0.4363,0.0590,200,2355344239,won,0.48,1
17:06:54,JD100,1781629015,,3.746,DIGITUNDER,2,0.2223,0.0486,163,2355345539,lost,-0.35,1
17:06:56,JD100,1781629016,,3.748,DIGITOVER,4,0.5322,0.0394,186,2355347219,won,0.31,1
17:06:58,JD100,1781629017,,3.747,DIGITOVER,6,0.3322,0.0648,183,2355348559,won,0.75,1
17:07:01,JD100,1781629018,,3.746,DIGITOVER,5,0.4361,0.0584,185,2355349599,won,0.48,1
17:07:03,JD100,1781629019,,3.745,DIGITOVER,4,0.5323,0.0397,196,2355351739,won,0.31,1
17:07:05,JD100,1781629020,,3.744,DIGITOVER,7,0.2224,0.0489,184,2355352739,lost,-0.35,1
17:07:07,JD100,1781629021,,3.755,DIGITUNDER,3,0.3318,0.0635,215,2355354179,lost,-0.35,1
17:07:09,JD100,1781629022,,3.755,DIGITOVER,7,0.2220,0.0473,297,2355355179,lost,-0.35,1
17:07:11,JD100,1781629023,,3.754,DIGITOVER,4,0.5319,0.0388,169,2355356539,won,0.31,1
17:07:13,JD100,1781629024,,3.753,DIGITOVER,4,0.5319,0.0389,186,2355357679,won,0.31,1
17:07:15,JD100,1781629025,,3.752,DIGITOVER,5,0.4358,0.0576,212,2355359239,won,0.48,1
17:07:17,JD100,1781629026,,3.761,DIGITOVER,6,0.3316,0.0627,140,2355360879,lost,-0.35,1
17:07:19,JD100,1781629027,,3.774,DIGITUNDER,3,0.3310,0.0607,161,2355362359,won,0.75,1
17:07:21,JD100,1781629028,,3.773,DIGITUNDER,3,0.3310,0.0609,179,2355363679,won,0.75,1
17:07:23,JD100,1781629029,,3.772,DIGITUNDER,2,0.2215,0.0447,151,2355364999,won,1.3,1
17:07:25,JD100,1781629030,,3.770,DIGITUNDER,2,0.2215,0.0449,158,2355366179,lost,-0.35,1
17:07:27,JD100,1781629031,,3.771,DIGITOVER,2,0.7251,0.0181,173,2355367899,lost,-0.35,1
17:07:30,JD100,1781629032,,3.772,DIGITUNDER,2,0.2215,0.0446,156,2355369259,lost,-0.35,1
17:07:32,JD100,1781629033,,3.772,DIGITUNDER,5,0.5311,0.0372,186,2355370699,won,0.31,1
17:07:34,JD100,1781629034,,3.771,DIGITUNDER,7,0.7252,0.0181,176,2355371939,won,0.12,1
17:07:36,JD100,1781629035,,3.770,DIGITUNDER,5,0.5312,0.0374,164,2355373319,won,0.31,1
17:07:38,JD100,1781629036,,3.769,DIGITUNDER,4,0.4349,0.0555,156,2355374299,won,0.48,1
17:07:40,JD100,1781629037,,3.767,DIGITUNDER,5,0.5313,0.0376,214,2355375759,lost,-0.35,1
17:07:42,JD100,1781629038,,3.769,DIGITOVER,7,0.2216,0.0451,216,2355376739,lost,-0.35,1
17:07:44,JD100,1781629039,,3.768,DIGITUNDER,3,0.3312,0.0616,168,2355378379,lost,-0.35,1
17:07:46,JD100,1781629040,,3.769,DIGITOVER,4,0.5312,0.0374,262,2355380179,lost,-0.35,1
17:07:48,JD100,1781629041,,3.768,DIGITUNDER,7,0.7253,0.0183,180,2355381639,won,0.12,1
17:07:50,JD100,1781629042,,3.768,DIGITUNDER,3,0.3312,0.0616,170,2355382479,lost,-0.35,1
17:07:52,JD100,1781629043,,3.767,DIGITUNDER,5,0.5313,0.0376,180,2355383859,lost,-0.35,1
17:07:54,JD100,1781629044,,3.768,DIGITOVER,6,0.3312,0.0616,163,2355384839,won,0.75,1
17:07:56,JD100,1781629045,,3.767,DIGITOVER,5,0.4350,0.0557,190,2355386059,won,0.48,1
17:07:59,JD100,1781629046,,3.766,DIGITOVER,4,0.5313,0.0377,154,2355387099,lost,-0.35,1
17:08:01,JD100,1781629047,,3.770,DIGITUNDER,7,0.7252,0.0182,143,2355388839,won,0.12,1
17:08:03,JD100,1781629048,,3.769,DIGITOVER,2,0.7252,0.0182,150,2355389779,lost,-0.35,1
17:08:05,JD100,1781629049,,3.769,DIGITUNDER,3,0.3312,0.0615,151,2355391459,won,0.75,1
17:08:07,JD100,1781629050,,3.768,DIGITUNDER,3,0.3313,0.0617,154,2355392619,won,0.75,1
17:08:09,JD100,1781629051,,3.767,DIGITUNDER,2,0.2216,0.0454,158,2355394239,lost,-0.35,1
17:08:11,JD100,1781629052,,3.767,DIGITUNDER,7,0.7253,0.0183,175,2355395539,lost,-0.35,1
17:08:13,JD100,1781629053,,3.768,DIGITOVER,7,0.2216,0.0453,158,2355397119,lost,-0.35,1
17:08:15,JD100,1781629054,,3.767,DIGITUNDER,3,0.3313,0.0618,195,2355398319,won,0.75,1
17:08:17,JD100,1781629055,,3.774,DIGITUNDER,3,0.3310,0.0607,182,2355399919,lost,-0.35,1
17:08:19,JD100,1781629056,,3.775,DIGITOVER,4,0.5309,0.0369,176,2355401079,lost,-0.35,1
17:08:21,JD100,1781629057,,3.774,DIGITUNDER,7,0.7250,0.0180,227,2355402399,won,0.12,1
17:08:23,JD100,1781629058,,3.773,DIGITOVER,4,0.5310,0.0370,139,2355403379,lost,-0.35,1
17:08:25,JD100,1781629059,,3.775,DIGITUNDER,2,0.2214,0.0442,167,2355404799,lost,-0.35,1
17:08:27,JD100,1781629060,,3.777,DIGITOVER,3,0.6345,0.0367,556,2355406419,lost,-0.35,1
17:08:30,JD100,1781629061,,3.778,DIGITUNDER,3,0.3308,0.0602,143,2355407279,lost,-0.35,1
17:08:32,JD100,1781629062,,3.777,DIGITUNDER,6,0.6345,0.0367,148,2355408299,lost,-0.35,1
17:08:34,JD100,1781629063,,3.779,DIGITOVER,7,0.2212,0.0436,216,2355410339,won,1.3,1
17:08:36,JD100,1781629064,,3.778,DIGITOVER,7,0.2213,0.0438,146,2355411779,won,1.3,1
17:08:38,JD100,1781629065,,3.776,DIGITOVER,7,0.2213,0.0440,145,2355412979,lost,-0.35,1
17:08:40,JD100,1781629066,,3.780,DIGITUNDER,3,0.3307,0.0598,159,2355413959,lost,-0.35,1
17:08:42,JD100,1781629067,,3.780,DIGITOVER,7,0.2212,0.0435,170,2355415619,lost,-0.35,1
17:08:44,JD100,1781629068,,3.779,DIGITOVER,3,0.6343,0.0365,139,2355416739,lost,-0.35,1
17:08:46,JD100,1781629069,,3.781,DIGITUNDER,2,0.2212,0.0433,148,2355418059,lost,-0.35,1
17:08:48,JD100,1781629070,,3.781,DIGITOVER,5,0.4343,0.0540,237,2355418999,lost,-0.35,1
17:08:50,JD100,1781629071,,3.780,DIGITOVER,2,0.7248,0.0177,133,2355420659,lost,-0.35,1
17:08:52,JD100,1781629072,,3.779,DIGITUNDER,4,0.4343,0.0542,176,2355422599,lost,-0.35,1
17:08:54,JD100,1781629073,,3.778,DIGITUNDER,7,0.7249,0.0177,155,2355423879,won,0.12,1
17:08:57,JD100,1781629074,,3.778,DIGITOVER,3,0.6344,0.0367,134,2355424919,won,0.2,1
17:08:59,JD100,1781629075,,3.777,DIGITOVER,7,0.2213,0.0439,177,2355426519,won,1.3,1
17:09:01,JD100,1781629076,,3.776,DIGITOVER,6,0.3309,0.0604,181,2355427599,won,0.75,1
17:09:03,JD100,1781629077,,3.775,DIGITOVER,7,0.2214,0.0442,252,2355429199,lost,-0.35,1
17:09:05,JD100,1781629078,,3.774,DIGITUNDER,3,0.3310,0.0607,147,2355430879,won,0.75,1
17:09:07,JD100,1781629079,,3.773,DIGITUNDER,4,0.4347,0.0549,136,2355432639,lost,-0.35,1
17:09:09,JD100,1781629080,,3.772,DIGITUNDER,7,0.7251,0.0181,202,2355433959,won,0.12,1
17:09:11,JD100,1781629081,,3.778,DIGITOVER,2,0.7249,0.0178,168,2355435479,lost,-0.35,1
17:09:13,JD100,1781629082,,3.778,DIGITUNDER,3,0.3308,0.0602,216,2355437079,lost,-0.35,1
17:09:15,JD100,1781629083,,3.777,DIGITOVER,6,0.3308,0.0603,147,2355438719,lost,-0.35,1
17:09:17,JD100,1781629084,,3.781,DIGITUNDER,2,0.2212,0.0432,156,2355439959,won,1.3,1
17:09:20,JD100,1781629085,,3.780,DIGITUNDER,3,0.3307,0.0598,163,2355441299,lost,-0.35,1
17:09:22,JD100,1781629086,,3.779,DIGITUNDER,6,0.6343,0.0365,164,2355442399,won,0.2,1
17:09:24,JD100,1781629087,,3.779,DIGITOVER,2,0.7249,0.0177,151,2355444079,won,0.12,1
17:09:26,JD100,1781629088,,3.778,DIGITOVER,3,0.6344,0.0367,169,2355445259,lost,-0.35,1
17:09:28,JD100,1781629089,,3.778,DIGITUNDER,4,0.4344,0.0544,161,2355446639,won,0.48,1
17:09:30,JD100,1781629090,,3.777,DIGITUNDER,6,0.6345,0.0367,162,2355447859,won,0.2,1
17:09:32,JD100,1781629091,,3.776,DIGITUNDER,3,0.3309,0.0605,153,2355449319,lost,-0.35,1
17:09:34,JD100,1781629092,,3.775,DIGITUNDER,5,0.5309,0.0369,183,2355450439,lost,-0.35,1
17:09:36,JD100,1781629093,,3.776,DIGITOVER,6,0.3309,0.0605,171,2355451739,won,0.75,1
17:09:38,JD100,1781629094,,3.775,DIGITOVER,6,0.3309,0.0606,413,2355455199,lost,-0.35,1
17:09:40,JD100,1781629095,,3.776,DIGITUNDER,7,0.7250,0.0178,144,2355456799,won,0.12,1
17:09:42,JD100,1781629096,,3.776,DIGITOVER,3,0.6345,0.0368,156,2355462459,won,0.2,1
17:09:44,JD100,1781629097,,3.774,DIGITOVER,4,0.5309,0.0369,169,2355464259,lost,-0.35,1
17:09:46,JD100,1781629098,,3.774,DIGITUNDER,5,0.5310,0.0370,182,2355465259,won,0.31,1
17:09:48,JD100,1781629099,,3.774,DIGITUNDER,2,0.2214,0.0444,195,2355466679,lost,-0.35,1
17:09:50,JD100,1781629100,,3.773,DIGITUNDER,5,0.5310,0.0370,157,2355467639,won,0.31,1
17:09:53,JD100,1781629101,,3.772,DIGITUNDER,7,0.7251,0.0181,201,2355468979,won,0.12,1
17:09:55,JD100,1781629102,,3.772,DIGITUNDER,2,0.2215,0.0446,228,2355470179,lost,-0.35,1
17:09:57,JD100,1781629103,,3.774,DIGITOVER,4,0.5310,0.0370,148,2355471579,won,0.31,1
17:09:59,JD100,1781629104,,3.779,DIGITOVER,2,0.7248,0.0177,164,2355472499,won,0.12,1
17:10:01,JD100,1781629105,,3.778,DIGITOVER,2,0.7249,0.0177,175,2355474159,won,0.12,1
17:10:03,JD100,1781629106,,3.778,DIGITOVER,6,0.3308,0.0602,195,2355475079,won,0.75,1
17:10:05,JD100,1781629107,,3.777,DIGITOVER,7,0.2213,0.0439,164,2355476599,lost,-0.35,1
17:10:07,JD100,1781629108,,3.776,DIGITOVER,5,0.4345,0.0546,161,2355477519,won,0.48,1
17:10:09,JD100,1781629109,,3.775,DIGITOVER,4,0.5309,0.0369,143,2355479099,won,0.31,1
17:10:11,JD100,1781629110,,3.774,DIGITOVER,7,0.2214,0.0443,163,2355480079,lost,-0.35,1
17:10:13,JD100,1781629111,,3.775,DIGITUNDER,7,0.7250,0.0179,157,2355481619,won,0.12,1
17:10:15,JD100,1781629112,,3.774,DIGITOVER,4,0.5309,0.0369,155,2355482779,lost,-0.35,1
17:10:17,JD100,1781629113,,3.774,DIGITUNDER,5,0.5310,0.0370,169,2355484199,won,0.31,1
17:10:19,JD100,1781629114,,3.773,DIGITUNDER,3,0.3310,0.0609,176,2355485139,lost,-0.35,1
17:10:22,JD100,1781629115,,3.776,DIGITUNDER,7,0.7250,0.0179,166,2355486479,won,0.12,1
17:10:24,JD100,1781629116,,3.775,DIGITUNDER,7,0.7250,0.0179,140,2355487559,won,0.12,1
17:10:26,JD100,1781629117,,3.775,DIGITUNDER,2,0.2214,0.0442,163,2355488859,lost,-0.35,1
17:10:28,JD100,1781629118,,3.774,DIGITUNDER,4,0.4346,0.0548,185,2355490419,lost,-0.35,1
17:10:30,JD100,1781629119,,3.774,DIGITOVER,6,0.3309,0.0607,151,2355491559,lost,-0.35,1
17:10:32,JD100,1781629120,,3.776,DIGITUNDER,4,0.4345,0.0546,206,2355492679,lost,-0.35,1
17:10:34,JD100,1781629121,,3.776,DIGITOVER,6,0.3309,0.0604,156,2355493859,lost,-0.35,1
17:10:36,JD100,1781629122,,3.775,DIGITUNDER,2,0.2214,0.0441,171,2355494879,lost,-0.35,1
17:10:38,JD100,1781629123,,3.775,DIGITUNDER,4,0.4346,0.0547,174,2355496039,lost,-0.35,1
17:10:40,JD100,1781629124,,3.774,DIGITOVER,7,0.2214,0.0443,156,2355497199,lost,-0.35,1
17:10:42,JD100,1781629125,,3.773,DIGITUNDER,2,0.2214,0.0445,160,2355498699,lost,-0.35,1
17:10:44,JD100,1781629126,,3.775,DIGITOVER,4,0.5309,0.0369,187,2355500499,won,0.31,1
17:10:46,JD100,1781629127,,3.774,DIGITOVER,5,0.4346,0.0548,144,2355501719,won,0.48,1
17:10:48,JD100,1781629128,,3.773,DIGITOVER,4,0.5310,0.0371,160,2355502599,won,0.31,1
17:10:51,JD100,1781629129,,3.772,DIGITOVER,5,0.4347,0.0551,175,2355503859,won,0.48,1
17:10:53,JD100,1781629130,,3.771,DIGITOVER,4,0.5311,0.0373,225,2355505139,lost,-0.35,1
17:10:55,JD100,1781629131,,3.771,DIGITUNDER,2,0.2215,0.0448,138,2355506319,lost,-0.35,1
17:10:57,JD100,1781629132,,3.770,DIGITOVER,7,0.2215,0.0450,166,2355507239,lost,-0.35,1
17:10:59,JD100,1781629133,,3.773,DIGITOVER,4,0.5310,0.0371,225,2355508539,won,0.31,1
17:11:01,JD100,1781629134,,3.772,DIGITOVER,6,0.3311,0.0611,152,2355509459,won,0.75,1
17:11:03,JD100,1781629135,,3.777,DIGITOVER,7,0.2213,0.0439,159,2355511039,lost,-0.35,1
17:11:05,JD100,1781629136,,3.777,DIGITOVER,3,0.6345,0.0367,153,2355512199,lost,-0.35,1
17:11:07,JD100,1781629137,,3.777,DIGITUNDER,3,0.3308,0.0602,152,2355513739,won,0.75,1
17:11:09,JD100,1781629138,,3.776,DIGITUNDER,4,0.4345,0.0545,136,2355514699,lost,-0.35,1
17:11:11,JD100,1781629139,,3.777,DIGITOVER,5,0.4345,0.0544,137,2355516359,lost,-0.35,1
17:11:13,JD100,1781629140,,3.777,DIGITUNDER,7,0.7249,0.0178,188,2355517359,lost,-0.35,1
17:11:15,JD100,1781629141,,3.778,DIGITOVER,7,0.2213,0.0438,173,2355518879,lost,-0.35,1
17:11:17,JD100,1781629142,,3.777,DIGITUNDER,4,0.4345,0.0544,728,2355521479,lost,-0.35,1
17:11:20,JD100,1781629143,,3.777,DIGITOVER,3,0.6344,0.0367,193,2355522239,lost,-0.35,1
17:11:22,JD100,1781629144,,3.777,DIGITUNDER,2,0.2213,0.0438,182,2355523239,lost,-0.35,1
17:11:24,JD100,1781629145,,3.778,DIGITOVER,2,0.7249,0.0177,151,2355525179,won,0.12,1
17:11:26,JD100,1781629146,,3.778,DIGITOVER,6,0.3308,0.0602,174,2355526479,won,0.75,1
17:11:28,JD100,1781629147,,3.777,DIGITOVER,7,0.2213,0.0439,156,2355527819,lost,-0.35,1
17:11:30,JD100,1781629148,,3.778,DIGITUNDER,7,0.7249,0.0178,201,2355529139,won,0.12,1
17:11:32,JD100,1781629149,,3.777,DIGITUNDER,4,0.4345,0.0545,157,2355530759,won,0.48,1
17:11:34,JD100,1781629150,,3.776,DIGITUNDER,3,0.3309,0.0605,221,2355531739,won,0.75,1
17:11:36,JD100,1781629151,,3.775,DIGITUNDER,2,0.2214,0.0442,159,2355533059,lost,-0.35,1
17:11:38,JD100,1781629152,,3.776,DIGITOVER,2,0.7250,0.0179,159,2355534219,lost,-0.35,1
17:11:40,JD100,1781629153,,3.777,DIGITUNDER,2,0.2213,0.0440,158,2355535659,lost,-0.35,1
17:11:42,JD100,1781629154,,3.777,DIGITOVER,2,0.7249,0.0178,130,2355536559,lost,-0.35,1
17:11:44,JD100,1781629155,,3.780,DIGITUNDER,4,0.4343,0.0541,143,2355538019,won,0.48,1
17:11:46,JD100,1781629156,,3.779,DIGITUNDER,3,0.3307,0.0600,144,2355538919,won,0.75,1
17:11:49,JD100,1781629157,,3.778,DIGITUNDER,4,0.4344,0.0543,152,2355540479,won,0.48,1
17:11:51,JD100,1781629158,,3.777,DIGITUNDER,3,0.3308,0.0603,175,2355541739,won,0.75,1
17:11:53,JD100,1781629159,,3.776,DIGITUNDER,2,0.2213,0.0440,147,2355543239,lost,-0.35,1
17:11:55,JD100,1781629160,,3.779,DIGITUNDER,6,0.6344,0.0366,257,2355544419,won,0.2,1
17:11:57,JD100,1781629161,,3.778,DIGITUNDER,3,0.3308,0.0602,153,2355545919,lost,-0.35,1
17:11:59,JD100,1781629162,,3.778,DIGITOVER,2,0.7249,0.0178,153,2355547199,won,0.12,1
17:12:01,JD100,1781629163,,3.777,DIGITUNDER,7,0.7249,0.0178,224,2355548579,won,0.12,1
17:12:03,JD100,1781629164,,3.779,DIGITUNDER,2,0.2213,0.0436,198,2355549739,won,1.3,1
17:12:05,JD100,1781629165,,3.778,DIGITUNDER,2,0.2213,0.0438,168,2355551179,lost,-0.35,1
17:12:07,JD100,1781629166,,3.776,DIGITOVER,7,0.2213,0.0440,156,2355552239,lost,-0.35,1
17:12:09,JD100,1781629167,,3.776,DIGITOVER,3,0.6345,0.0368,139,2355553519,won,0.2,1
17:12:11,JD100,1781629168,,3.775,DIGITOVER,6,0.3309,0.0606,153,2355554679,lost,-0.35,1
17:12:13,JD100,1781629169,,3.776,DIGITUNDER,6,0.6345,0.0368,133,2355556159,won,0.2,1
17:12:15,JD100,1781629170,,3.775,DIGITUNDER,4,0.4346,0.0547,189,2355558119,won,0.48,1
17:12:18,JD100,1781629171,,3.774,DIGITUNDER,3,0.3310,0.0607,1129,2355560559,lost,-0.35,2
17:12:20,JD100,1781629173,,3.780,DIGITOVER,6,0.3307,0.0598,170,2355562499,won,0.75,1
17:12:22,JD100,1781629174,,3.779,DIGITOVER,6,0.3307,0.0600,156,2355563199,won,0.75,1
17:12:24,JD100,1781629175,,3.778,DIGITOVER,7,0.2213,0.0437,166,2355564859,lost,-0.35,1
17:12:26,JD100,1781629176,,3.777,DIGITOVER,5,0.4344,0.0544,292,2355566219,won,0.48,1
17:12:28,JD100,1781629177,,3.776,DIGITOVER,6,0.3309,0.0604,153,2355567359,lost,-0.35,1
17:12:30,JD100,1781629178,,3.778,DIGITUNDER,7,0.7249,0.0178,153,2355568279,lost,-0.35,1
17:12:32,JD100,1781629179,,3.778,DIGITOVER,5,0.4344,0.0544,148,2355569759,lost,-0.35,1
17:12:34,JD100,1781629180,,3.777,DIGITOVER,2,0.7249,0.0178,181,2355570999,lost,-0.35,1
17:12:37,JD100,1781629181,,3.777,DIGITUNDER,3,0.3308,0.0603,158,2355572319,won,0.75,1
17:12:41,JD100,1781629182,,3.776,DIGITUNDER,2,0.2213,0.0440,165,2355573899,lost,-0.35,1
17:12:43,JD100,1781629183,,3.775,DIGITOVER,7,0.2214,0.0442,728,2355579579,lost,-0.35,1
17:12:45,JD100,1781629184,,3.775,DIGITOVER,4,0.5309,0.0369,177,2355583099,won,0.31,1
17:12:47,JD100,1781629185,,3.773,DIGITOVER,4,0.5310,0.0370,165,2355584519,won,0.31,1
17:12:50,JD100,1781629186,,3.772,DIGITOVER,4,0.5310,0.0371,1025,2355586899,won,0.31,2
17:12:52,JD100,1781629188,,3.774,DIGITOVER,7,0.2214,0.0444,155,2355587919,won,1.3,1
17:12:55,JD100,1781629189,,3.773,DIGITOVER,7,0.2214,0.0446,140,2355589939,won,1.3,1
17:12:57,JD100,1781629190,,3.771,DIGITOVER,6,0.3311,0.0611,146,2355590939,lost,-0.35,1
17:13:00,JD100,1781629191,,3.771,DIGITOVER,4,0.5311,0.0373,184,2355592239,won,0.31,1
17:13:02,JD100,1781629192,,3.770,DIGITOVER,2,0.7252,0.0182,142,2355593099,won,0.12,1
17:13:04,JD100,1781629193,,3.774,DIGITOVER,5,0.4346,0.0549,155,2355595019,won,0.48,1
17:13:07,JD100,1781629194,,3.772,DIGITOVER,5,0.4347,0.0550,173,2355596019,lost,-0.35,1
17:13:09,JD100,1781629195,,3.773,DIGITUNDER,3,0.3310,0.0610,155,2355597659,lost,-0.35,1
17:13:11,JD100,1781629196,,3.772,DIGITUNDER,5,0.5311,0.0372,199,2355598499,lost,-0.35,1
17:13:14,JD100,1781629197,,3.771,DIGITOVER,4,0.5311,0.0372,136,2355599839,lost,-0.35,1
17:13:17,JD100,1781629198,,3.772,DIGITUNDER,2,0.2215,0.0447,158,2355600599,lost,-0.35,1
17:13:19,JD100,1781629199,,3.771,DIGITOVER,6,0.3311,0.0612,136,2355602659,won,0.75,1
17:13:21,JD100,1781629200,,3.770,DIGITOVER,7,0.2215,0.0450,166,2355605039,lost,-0.35,1
17:13:23,JD100,1781629201,,3.772,DIGITOVER,4,0.5310,0.0371,147,2355606599,lost,-0.35,1
17:13:25,JD100,1781629202,,3.788,DIGITUNDER,3,0.3303,0.0586,202,2355607559,lost,-0.35,1
17:13:27,JD100,1781629203,,3.788,DIGITUNDER,6,0.6339,0.0358,136,2355608759,won,0.2,1
17:13:30,JD100,1781629204,,3.787,DIGITUNDER,7,0.7246,0.0173,156,2355609999,won,0.12,1
17:13:32,JD100,1781629205,,3.785,DIGITUNDER,7,0.7246,0.0174,187,2355611999,won,0.12,1
17:13:34,JD100,1781629206,,3.785,DIGITUNDER,4,0.4341,0.0535,327,2355613099,lost,-0.35,1
17:13:36,JD100,1781629207,,3.784,DIGITOVER,2,0.7247,0.0174,162,2355614239,won,0.12,1
17:13:38,JD100,1781629208,,3.783,DIGITOVER,2,0.7247,0.0175,231,2355615459,lost,-0.35,1
17:13:40,JD100,1781629209,,3.784,DIGITUNDER,2,0.2211,0.0428,172,2355617079,lost,-0.35,1
17:13:42,JD100,1781629210,,3.783,DIGITUNDER,4,0.4341,0.0537,162,2355618179,lost,-0.35,1
17:13:45,JD100,1781629211,,3.784,DIGITOVER,5,0.4341,0.0536,157,2355620239,won,0.48,1
17:13:47,JD100,1781629212,,3.783,DIGITOVER,7,0.2211,0.0429,161,2355621119,lost,-0.35,1
17:13:49,JD100,1781629213,,3.782,DIGITUNDER,2,0.2211,0.0431,145,2355622579,lost,-0.35,1
17:13:51,JD100,1781629214,,3.784,DIGITUNDER,7,0.7247,0.0175,170,2355623739,won,0.12,1
17:13:53,JD100,1781629215,,3.783,DIGITUNDER,6,0.6342,0.0362,210,2355625299,lost,-0.35,1
17:13:55,JD100,1781629216,,3.784,DIGITOVER,6,0.3305,0.0593,150,2355626499,lost,-0.35,1
17:13:57,JD100,1781629217,,3.783,DIGITUNDER,2,0.2211,0.0430,157,2355628099,lost,-0.35,1
17:14:00,JD100,1781629218,,3.785,DIGITOVER,3,0.6341,0.0361,245,2355628939,lost,-0.35,1
17:14:02,JD100,1781629219,,3.784,DIGITUNDER,6,0.6341,0.0361,157,2355630239,lost,-0.35,1
17:14:04,JD100,1781629220,,3.786,DIGITOVER,7,0.2210,0.0426,182,2355632139,won,1.3,1
17:14:06,JD100,1781629221,,3.791,DIGITOVER,6,0.3302,0.0583,186,2355633819,lost,-0.35,1
17:14:08,JD100,1781629222,,3.790,DIGITOVER,3,0.6338,0.0356,168,2355634759,won,0.2,1
17:14:10,JD100,1781629223,,3.802,DIGITOVER,7,0.2205,0.0403,145,2355636699,lost,-0.35,1
17:14:12,JD100,1781629224,,3.804,DIGITUNDER,4,0.4331,0.0511,178,2355637619,lost,-0.35,1
17:14:14,JD100,1781629225,,3.804,DIGITOVER,7,0.2205,0.0399,170,2355639119,lost,-0.35,1
17:14:16,JD100,1781629226,,3.805,DIGITUNDER,7,0.7239,0.0164,166,2355640379,won,0.12,1
17:14:18,JD100,1781629227,,3.804,DIGITOVER,2,0.7240,0.0164,163,2355641679,lost,-0.35,1
17:14:20,JD100,1781629228,,3.804,DIGITUNDER,2,0.2204,0.0399,192,2355642639,lost,-0.35,1
17:14:22,JD100,1781629229,,3.805,DIGITOVER,2,0.7239,0.0164,127,2355644339,won,0.12,1
17:14:24,JD100,1781629230,,3.804,DIGITOVER,3,0.6331,0.0345,143,2355646119,lost,-0.35,1
17:14:27,JD100,1781629231,,3.804,DIGITUNDER,6,0.6331,0.0345,152,2355647559,won,0.2,1
17:14:29,JD100,1781629232,,3.803,DIGITUNDER,2,0.2205,0.0400,142,2355648459,lost,-0.35,1
17:14:31,JD100,1781629233,,3.803,DIGITOVER,3,0.6331,0.0345,163,2355649919,won,0.2,1
17:14:33,JD100,1781629234,,3.808,DIGITOVER,2,0.7238,0.0162,204,2355650719,lost,-0.35,1
17:14:35,JD100,1781629235,,3.808,DIGITUNDER,3,0.3294,0.0558,175,2355652459,lost,-0.35,1
17:14:37,JD100,1781629236,,3.808,DIGITOVER,7,0.2203,0.0394,138,2355653639,lost,-0.35,1
17:14:39,JD100,1781629237,,3.807,DIGITUNDER,3,0.3295,0.0560,144,2355655419,lost,-0.35,1
17:14:41,JD100,1781629238,,3.808,DIGITOVER,3,0.6329,0.0342,162,2355656239,won,0.2,1
17:14:43,JD100,1781629239,,3.807,DIGITOVER,7,0.2204,0.0394,191,2355657579,won,1.3,1
17:14:45,JD100,1781629240,,3.806,DIGITOVER,7,0.2204,0.0396,188,2355658839,lost,-0.35,1
17:14:47,JD100,1781629241,,3.807,DIGITUNDER,7,0.7238,0.0163,163,2355660399,won,0.12,1
17:14:49,JD100,1781629242,,3.811,DIGITUNDER,4,0.4328,0.0503,182,2355661619,won,0.48,1
17:14:51,JD100,1781629243,,3.810,DIGITUNDER,3,0.3294,0.0556,161,2355663379,won,0.75,1
17:14:54,JD100,1781629244,,3.809,DIGITUNDER,4,0.4329,0.0506,143,2355664599,lost,-0.35,1
17:14:56,JD100,1781629245,,3.810,DIGITOVER,3,0.6328,0.0340,154,2355666319,lost,-0.35,1
17:14:58,JD100,1781629246,,3.812,DIGITUNDER,2,0.2202,0.0388,160,2355668059,lost,-0.35,1
17:15:00,JD100,1781629247,,3.814,DIGITUNDER,6,0.6326,0.0337,162,2355669719,lost,-0.35,1
17:15:02,JD100,1781629248,,3.814,DIGITOVER,3,0.6326,0.0337,188,2355670719,won,0.2,1
17:15:04,JD100,1781629249,,3.813,DIGITOVER,6,0.3292,0.0551,181,2355672239,lost,-0.35,1
17:15:06,JD100,1781629250,,3.812,DIGITOVER,3,0.6327,0.0338,238,2355673239,lost,-0.35,1
17:15:08,JD100,1781629251,,3.812,DIGITUNDER,4,0.4327,0.0501,168,2355675099,won,0.48,1
17:15:10,JD100,1781629252,,3.811,DIGITUNDER,6,0.6327,0.0339,187,2355676059,won,0.2,1
17:15:12,JD100,1781629253,,3.821,DIGITOVER,2,0.7233,0.0156,202,2355677319,won,0.12,1
17:15:14,JD100,1781629254,,3.820,DIGITOVER,5,0.4323,0.0492,150,2355678599,lost,-0.35,1
17:15:16,JD100,1781629255,,3.820,DIGITUNDER,6,0.6323,0.0332,139,2355680259,won,0.2,1
17:15:18,JD100,1781629256,,3.819,DIGITUNDER,7,0.7234,0.0157,191,2355681079,won,0.12,1
17:15:20,JD100,1781629257,,3.818,DIGITOVER,3,0.6324,0.0333,141,2355682799,won,0.2,1
17:15:22,JD100,1781629258,,3.818,DIGITUNDER,7,0.7235,0.0157,158,2355683919,lost,-0.35,1
17:15:25,JD100,1781629259,,3.818,DIGITOVER,5,0.4324,0.0495,144,2355685559,lost,-0.35,1
17:15:27,JD100,1781629260,,3.820,DIGITUNDER,3,0.3289,0.0542,214,2355686779,lost,-0.35,1
17:15:29,JD100,1781629261,,3.821,DIGITOVER,5,0.4322,0.0490,156,2355688879,lost,-0.35,1
17:15:31,JD100,1781629262,,3.822,DIGITUNDER,7,0.7233,0.0155,211,2355689859,won,0.12,1
17:15:33,JD100,1781629263,,3.822,DIGITUNDER,4,0.4322,0.0490,176,2355691679,won,0.48,1
17:15:35,JD100,1781629264,,3.822,DIGITUNDER,2,0.2199,0.0373,284,2355692839,lost,-0.35,1
17:15:37,JD100,1781629265,,3.822,DIGITOVER,6,0.3288,0.0539,169,2355694899,lost,-0.35,1
17:15:39,JD100,1781629266,,3.823,DIGITUNDER,6,0.6322,0.0329,190,2355696219,won,0.2,1
17:15:41,JD100,1781629267,,3.823,DIGITUNDER,6,0.6322,0.0330,138,2355697999,won,0.2,1
17:15:43,JD100,1781629268,,3.822,DIGITOVER,2,0.7233,0.0155,145,2355699579,won,0.12,1
17:15:45,JD100,1781629269,,3.822,DIGITUNDER,6,0.6322,0.0331,179,2355701359,won,0.2,1
17:15:47,JD100,1781629270,,3.822,DIGITUNDER,2,0.2199,0.0373,164,2355702499,lost,-0.35,1
17:15:49,JD100,1781629271,,3.822,DIGITUNDER,4,0.4322,0.0490,216,2355704339,lost,-0.35,1
17:15:51,JD100,1781629272,,3.821,DIGITOVER,3,0.6323,0.0331,160,2355705239,won,0.2,1
17:15:54,JD100,1781629273,,3.821,DIGITOVER,3,0.6323,0.0331,132,2355706999,won,0.2,1
17:15:56,JD100,1781629274,,3.821,DIGITOVER,2,0.7234,0.0156,146,2355707979,lost,-0.35,1
17:15:58,JD100,1781629275,,3.823,DIGITUNDER,3,0.3288,0.0537,199,2355710279,won,0.75,1
17:16:00,JD100,1781629276,,3.823,DIGITUNDER,4,0.4322,0.0489,221,2355711479,lost,-0.35,1
17:16:02,JD100,1781629277,,3.824,DIGITOVER,6,0.3287,0.0536,178,2355713399,lost,-0.35,1
17:16:04,JD100,1781629278,,3.824,DIGITOVER,2,0.7232,0.0154,238,2355714819,lost,-0.35,1
17:16:06,JD100,1781629279,,3.826,DIGITUNDER,2,0.2198,0.0368,178,2355716839,won,1.3,1
17:16:08,JD100,1781629280,,3.824,DIGITUNDER,2,0.2199,0.0370,240,2355718359,won,1.3,1
17:16:10,JD100,1781629281,,3.832,DIGITUNDER,3,0.3284,0.0524,158,2355719659,lost,-0.35,1
17:16:12,JD100,1781629282,,3.837,DIGITUNDER,6,0.6315,0.0319,196,2355720679,lost,-0.35,1
17:16:14,JD100,1781629283,,3.837,DIGITOVER,7,0.2195,0.0352,174,2355722259,lost,-0.35,1
17:16:16,JD100,1781629284,,3.837,DIGITUNDER,3,0.3282,0.0517,160,2355723279,won,0.75,1
17:16:18,JD100,1781629285,,3.837,DIGITUNDER,2,0.2195,0.0352,160,2355724919,won,1.3,1
17:16:20,JD100,1781629286,,3.836,DIGITUNDER,2,0.2195,0.0353,176,2355726299,lost,-0.35,1
17:16:22,JD100,1781629287,,3.838,DIGITUNDER,6,0.6314,0.0318,139,2355727459,lost,-0.35,1
17:16:25,JD100,1781629288,,3.839,DIGITOVER,5,0.4314,0.0470,136,2355728779,lost,-0.35,1
17:16:27,JD100,1781629289,,3.839,DIGITOVER,2,0.7227,0.0147,143,2355730599,won,0.12,1
17:16:29,JD100,1781629290,,3.839,DIGITUNDER,7,0.7227,0.0147,140,2355731859,won,0.12,1
17:16:31,JD100,1781629291,,3.839,DIGITOVER,2,0.7227,0.0147,149,2355733619,won,0.12,1
17:16:33,JD100,1781629292,,3.839,DIGITOVER,6,0.3281,0.0516,187,2355734519,lost,-0.35,1
17:16:35,JD100,1781629293,,3.837,DIGITUNDER,6,0.6315,0.0319,138,2355736079,won,0.2,1
17:16:37,JD100,1781629294,,3.835,DIGITUNDER,4,0.4316,0.0474,165,2355737219,won,0.48,1
17:16:39,JD100,1781629295,,3.834,DIGITUNDER,2,0.2196,0.0357,154,2355738719,lost,-0.35,1
17:16:41,JD100,1781629296,,3.834,DIGITOVER,2,0.7229,0.0150,182,2355739699,won,0.12,1
17:16:43,JD100,1781629297,,3.833,DIGITOVER,3,0.6317,0.0321,231,2355741319,won,0.2,1
17:16:45,JD100,1781629298,,3.833,DIGITOVER,5,0.4317,0.0477,143,2355742519,lost,-0.35,1
17:16:47,JD100,1781629299,,3.832,DIGITOVER,2,0.7229,0.0150,249,2355744439,won,0.12,1
17:16:49,JD100,1781629300,,3.835,DIGITOVER,7,0.2195,0.0355,177,2355745699,lost,-0.35,1
17:16:51,JD100,1781629301,,3.835,DIGITUNDER,3,0.3283,0.0521,183,2355747379,won,0.75,1
17:16:54,JD100,1781629302,,3.835,DIGITUNDER,2,0.2195,0.0355,157,2355748519,lost,-0.35,1
17:16:56,JD100,1781629303,,3.835,DIGITOVER,7,0.2195,0.0355,162,2355750219,lost,-0.35,1
17:16:58,JD100,1781629304,,3.835,DIGITUNDER,6,0.6316,0.0320,227,2355751119,won,0.2,1
17:17:00,JD100,1781629305,,3.832,DIGITUNDER,3,0.3284,0.0525,157,2355752579,lost,-0.35,1
17:17:02,JD100,1781629306,,3.830,DIGITUNDER,6,0.6318,0.0324,173,2355753939,lost,-0.35,1
17:17:04,JD100,1781629307,,3.832,DIGITOVER,5,0.4318,0.0479,145,2355755779,lost,-0.35,1
17:17:06,JD100,1781629308,,3.831,DIGITUNDER,3,0.3284,0.0526,143,2355757459,won,0.75,1
17:17:08,JD100,1781629309,,3.830,DIGITUNDER,4,0.4318,0.0481,128,2355758959,lost,-0.35,1
17:17:10,JD100,1781629310,,3.830,DIGITOVER,7,0.2197,0.0361,244,2355760419,lost,-0.35,1
17:17:12,JD100,1781629311,,3.832,DIGITUNDER,7,0.7230,0.0150,170,2355762099,won,0.12,1
17:17:14,JD100,1781629312,,3.822,DIGITUNDER,6,0.6322,0.0330,146,2355763139,won,0.2,1
17:17:16,JD100,1781629313,,3.821,DIGITOVER,2,0.7233,0.0156,134,2355764879,lost,-0.35,1
17:17:19,JD100,1781629314,,3.823,DIGITUNDER,2,0.2199,0.0372,168,2355765999,lost,-0.35,1
17:17:21,JD100,1781629315,,3.822,DIGITOVER,5,0.4322,0.0490,157,2355767499,won,0.48,1
17:17:23,JD100,1781629316,,3.819,DIGITOVER,6,0.3289,0.0543,163,2355768439,lost,-0.35,1
17:17:25,JD100,1781629317,,3.820,DIGITUNDER,4,0.4323,0.0492,145,2355770199,won,0.48,1
17:17:27,JD100,1781629318,,3.820,DIGITUNDER,2,0.2200,0.0375,131,2355771319,won,1.3,1
17:17:29,JD100,1781629319,,3.820,DIGITUNDER,3,0.3289,0.0541,151,2355773239,won,0.75,1
17:17:31,JD100,1781629320,,3.820,DIGITUNDER,3,0.3289,0.0541,215,2355774519,lost,-0.35,1
17:17:33,JD100,1781629321,,3.822,DIGITOVER,2,0.7233,0.0155,133,2355776299,won,0.12,1
17:17:35,JD100,1781629322,,3.822,DIGITUNDER,7,0.7233,0.0155,207,2355777559,won,0.12,1
17:17:37,JD100,1781629323,,3.819,DIGITUNDER,7,0.7234,0.0157,196,2355779019,won,0.12,1
17:17:39,JD100,1781629324,,3.816,DIGITUNDER,6,0.6325,0.0335,178,2355780139,won,0.2,1
17:17:41,JD100,1781629325,,3.820,DIGITUNDER,2,0.2200,0.0377,164,2355782059,lost,-0.35,1
17:17:43,JD100,1781629326,,3.819,DIGITUNDER,7,0.7234,0.0157,217,2355783139,won,0.12,1
17:17:45,JD100,1781629327,,3.822,DIGITOVER,3,0.6322,0.0330,149,2355784659,won,0.2,1
17:17:47,JD100,1781629328,,3.822,DIGITOVER,2,0.7233,0.0155,176,2355785759,won,0.12,1
17:17:50,JD100,1781629329,,3.818,DIGITUNDER,7,0.7234,0.0157,165,2355787099,lost,-0.35,1
17:17:52,JD100,1781629330,,3.820,DIGITOVER,7,0.2200,0.0376,182,2355788079,won,1.3,1
17:17:54,JD100,1781629331,,3.820,DIGITOVER,7,0.2200,0.0376,141,2355789959,lost,-0.35,1
17:17:56,JD100,1781629332,,3.819,DIGITUNDER,3,0.3289,0.0542,158,2355790899,won,0.75,1
17:17:58,JD100,1781629333,,3.817,DIGITUNDER,3,0.3290,0.0545,147,2355792219,lost,-0.35,1
17:18:00,JD100,1781629334,,3.817,DIGITOVER,7,0.2200,0.0380,158,2355793399,won,1.3,1
17:18:02,JD100,1781629335,,3.817,DIGITOVER,6,0.3290,0.0545,168,2355795099,won,0.75,1
17:18:04,JD100,1781629336,,3.817,DIGITOVER,5,0.4324,0.0495,189,2355796159,lost,-0.35,1
17:18:06,JD100,1781629337,,3.819,DIGITUNDER,4,0.4324,0.0493,169,2355797559,won,0.48,1
17:18:08,JD100,1781629338,,3.819,DIGITUNDER,6,0.6324,0.0333,137,2355798599,won,0.2,1
17:18:10,JD100,1781629339,,3.819,DIGITOVER,2,0.7234,0.0157,161,2355800199,won,0.12,1
17:18:12,JD100,1781629340,,3.819,DIGITOVER,6,0.3289,0.0543,255,2355801679,won,0.75,1
17:18:14,JD100,1781629341,,3.819,DIGITOVER,5,0.4324,0.0493,182,2355803239,lost,-0.35,1
17:18:17,JD100,1781629342,,3.820,DIGITUNDER,3,0.3289,0.0541,191,2355804539,won,0.75,1
17:18:19,JD100,1781629343,,3.820,DIGITUNDER,3,0.3289,0.0542,147,2355806099,lost,-0.35,1
17:18:21,JD100,1781629344,,3.821,DIGITOVER,3,0.6322,0.0331,170,2355807659,won,0.2,1
17:18:23,JD100,1781629345,,3.822,DIGITOVER,6,0.3288,0.0539,151,2355809319,won,0.75,1
17:18:25,JD100,1781629346,,3.822,DIGITOVER,6,0.3288,0.0539,141,2355810519,lost,-0.35,1
17:18:27,JD100,1781629347,,3.815,DIGITUNDER,6,0.6326,0.0336,194,2355812059,lost,-0.35,1
17:18:29,JD100,1781629348,,3.815,DIGITOVER,3,0.6325,0.0336,198,2355813199,won,0.2,1
17:18:31,JD100,1781629349,,3.814,DIGITOVER,5,0.4326,0.0499,127,2355814359,lost,-0.35,1
17:18:33,JD100,1781629350,,3.814,DIGITOVER,2,0.7236,0.0159,156,2355815779,won,0.12,1
17:18:35,JD100,1781629351,,3.814,DIGITOVER,6,0.3292,0.0549,134,2355817739,lost,-0.35,1
17:18:37,JD100,1781629352,,3.818,DIGITUNDER,3,0.3290,0.0544,142,2355818759,lost,-0.35,1
17:18:39,JD100,1781629353,,3.820,DIGITOVER,2,0.7234,0.0156,136,2355820539,won,0.12,1
17:18:41,JD100,1781629354,,3.820,DIGITUNDER,6,0.6323,0.0332,138,2355821599,won,0.2,1
17:18:43,JD100,1781629355,,3.820,DIGITUNDER,7,0.7234,0.0156,113,2355822939,won,0.12,1
17:18:45,JD100,1781629356,,3.820,DIGITUNDER,6,0.6323,0.0332,224,2355823979,lost,-0.35,1
17:18:48,JD100,1781629357,,3.820,DIGITOVER,3,0.6323,0.0332,140,2355825499,won,0.2,1
17:18:50,JD100,1781629358,,3.820,DIGITOVER,5,0.4323,0.0492,164,2355826479,lost,-0.35,1
17:18:52,JD100,1781629359,,3.820,DIGITUNDER,2,0.2200,0.0375,140,2355828079,lost,-0.35,1
17:18:54,JD100,1781629360,,3.822,DIGITOVER,2,0.7233,0.0155,181,2355829359,won,0.12,1
17:18:56,JD100,1781629361,,3.822,DIGITUNDER,7,0.7233,0.0155,144,2355831379,lost,-0.35,1
17:18:58,JD100,1781629362,,3.818,DIGITOVER,5,0.4324,0.0494,179,2355832419,won,0.48,1
17:19:00,JD100,1781629363,,3.818,DIGITOVER,6,0.3290,0.0544,172,2355834059,won,0.75,1
17:19:02,JD100,1781629364,,3.818,DIGITOVER,6,0.3290,0.0544,149,2355835139,won,0.75,1
17:19:04,JD100,1781629365,,3.818,DIGITOVER,6,0.3290,0.0544,157,2355836799,lost,-0.35,1
17:19:06,JD100,1781629366,,3.823,DIGITOVER,3,0.6322,0.0330,143,2355838019,lost,-0.35,1
17:19:08,JD100,1781629367,,3.824,DIGITUNDER,4,0.4321,0.0488,161,2355839779,lost,-0.35,1
17:19:10,JD100,1781629368,,3.828,DIGITUNDER,7,0.7231,0.0152,133,2355840819,lost,-0.35,1
17:19:12,JD100,1781629369,,3.829,DIGITOVER,5,0.4319,0.0482,179,2355842479,won,0.48,1
17:19:15,JD100,1781629370,,3.824,DIGITOVER,6,0.3287,0.0536,186,2355843939,lost,-0.35,1
17:19:17,JD100,1781629371,,3.822,DIGITOVER,3,0.6322,0.0330,154,2355844999,won,0.2,1
17:19:19,JD100,1781629372,,3.823,DIGITOVER,7,0.2199,0.0372,161,2355846459,lost,-0.35,1
17:19:21,JD100,1781629373,,3.822,DIGITOVER,3,0.6322,0.0330,171,2355848039,won,0.2,1
17:19:23,JD100,1781629374,,3.821,DIGITOVER,3,0.6322,0.0331,190,2355848999,won,0.2,1
17:19:25,JD100,1781629375,,3.822,DIGITOVER,6,0.3288,0.0539,152,2355850359,won,0.75,1
17:19:27,JD100,1781629376,,3.818,DIGITOVER,6,0.3290,0.0544,196,2355851579,lost,-0.35,1
17:19:29,JD100,1781629377,,3.810,DIGITUNDER,7,0.7237,0.0161,138,2355853279,lost,-0.35,1
17:19:31,JD100,1781629378,,3.811,DIGITOVER,5,0.4328,0.0503,158,2355854719,won,0.48,1
17:19:33,JD100,1781629379,,3.811,DIGITOVER,5,0.4328,0.0503,146,2355856559,lost,-0.35,1
17:19:36,JD100,1781629380,,3.809,DIGITOVER,2,0.7238,0.0162,171,2355857699,won,0.12,1
17:19:38,JD100,1781629381,,3.810,DIGITOVER,5,0.4328,0.0505,158,2355859339,lost,-0.35,1
17:19:40,JD100,1781629382,,3.810,DIGITOVER,2,0.7237,0.0161,137,2355860539,won,0.12,1
17:19:42,JD100,1781629383,,3.810,DIGITOVER,5,0.4328,0.0504,155,2355861879,lost,-0.35,1
17:19:44,JD100,1781629384,,3.812,DIGITUNDER,4,0.4327,0.0502,176,2355862859,lost,-0.35,1
17:19:46,JD100,1781629385,,3.811,DIGITOVER,3,0.6328,0.0339,121,2355864439,won,0.2,1
17:19:48,JD100,1781629386,,3.808,DIGITOVER,3,0.6329,0.0341,194,2355865559,won,0.2,1
17:19:50,JD100,1781629387,,3.807,DIGITOVER,7,0.2204,0.0394,140,2355866479,lost,-0.35,1
17:19:52,JD100,1781629388,,3.810,DIGITOVER,2,0.7237,0.0161,235,2355867799,won,0.12,1
17:19:54,JD100,1781629389,,3.808,DIGITOVER,3,0.6329,0.0342,134,2355869339,won,0.2,1
17:19:56,JD100,1781629390,,3.808,DIGITOVER,6,0.3294,0.0558,1040,2355871659,lost,-0.35,2
17:19:58,JD100,1781629392,,3.806,DIGITUNDER,2,0.2204,0.0396,161,2355872659,lost,-0.35,1
17:20:01,JD100,1781629393,,3.806,DIGITOVER,6,0.3295,0.0561,196,2355874259,lost,-0.35,1
17:20:03,JD100,1781629394,,3.796,DIGITOVER,2,0.7242,0.0168,139,2355875239,won,0.12,1
17:20:05,JD100,1781629395,,3.794,DIGITOVER,3,0.6336,0.0353,199,2355876699,won,0.2,1
17:20:07,JD100,1781629396,,3.792,DIGITOVER,3,0.6337,0.0355,135,2355877839,lost,-0.35,1
17:20:09,JD100,1781629397,,3.792,DIGITUNDER,6,0.6337,0.0354,154,2355879439,won,0.2,1
17:20:11,JD100,1781629398,,3.801,DIGITUNDER,4,0.4332,0.0515,160,2355880819,lost,-0.35,1
17:20:13,JD100,1781629399,,3.795,DIGITOVER,5,0.4335,0.0522,266,2355882159,won,0.48,1
17:20:15,JD100,1781629400,,3.796,DIGITOVER,7,0.2207,0.0411,156,2355883379,won,1.3,1
17:20:17,JD100,1781629401,,3.804,DIGITOVER,6,0.3296,0.0563,132,2355885119,lost,-0.35,1
17:20:19,JD100,1781629402,,3.801,DIGITOVER,3,0.6332,0.0347,149,2355886239,lost,-0.35,1
17:20:21,JD100,1781629403,,3.801,DIGITUNDER,3,0.3297,0.0568,139,2355887739,lost,-0.35,1
17:20:24,JD100,1781629404,,3.801,DIGITOVER,7,0.2205,0.0403,256,2355889499,lost,-0.35,1
17:20:26,JD100,1781629405,,3.803,DIGITUNDER,7,0.7240,0.0165,156,2355890899,won,0.12,1
17:20:28,JD100,1781629406,,3.802,DIGITUNDER,4,0.4332,0.0514,172,2355892559,lost,-0.35,1
17:20:30,JD100,1781629407,,3.801,DIGITOVER,2,0.7240,0.0166,195,2355893639,won,0.12,1
17:20:32,JD100,1781629408,,3.806,DIGITOVER,2,0.7239,0.0163,138,2355894839,won,0.12,1
17:20:34,JD100,1781629409,,3.806,DIGITOVER,5,0.4330,0.0509,127,2355896399,lost,-0.35,1
17:20:36,JD100,1781629410,,3.810,DIGITOVER,2,0.7237,0.0161,185,2355897759,won,0.12,1
17:20:38,JD100,1781629411,,3.810,DIGITOVER,2,0.7237,0.0161,170,2355899319,lost,-0.35,1
17:20:40,JD100,1781629412,,3.811,DIGITUNDER,3,0.3293,0.0554,232,2355900579,lost,-0.35,1
17:20:42,JD100,1781629413,,3.812,DIGITOVER,2,0.7237,0.0160,163,2355901839,won,0.12,1
17:20:44,JD100,1781629414,,3.811,DIGITOVER,3,0.6328,0.0339,149,2355902979,lost,-0.35,1
17:20:46,JD100,1781629415,,3.812,DIGITUNDER,4,0.4327,0.0502,176,2355904759,lost,-0.35,1
17:20:48,JD100,1781629416,,3.813,DIGITOVER,2,0.7236,0.0160,139,2355905739,won,0.12,1
17:20:50,JD100,1781629417,,3.813,DIGITUNDER,7,0.7236,0.0160,143,2355907419,lost,-0.35,1
17:20:53,JD100,1781629418,,3.813,DIGITOVER,5,0.4326,0.0500,183,2355908599,lost,-0.35,1
17:20:55,JD100,1781629419,,3.815,DIGITUNDER,6,0.6325,0.0336,160,2355909999,won,0.2,1
17:20:57,JD100,1781629420,,3.813,DIGITUNDER,7,0.7236,0.0159,188,2355911339,lost,-0.35,1
17:20:59,JD100,1781629421,,3.815,DIGITOVER,7,0.2201,0.0383,180,2355913379,lost,-0.35,1
17:21:01,JD100,1781629422,,3.817,DIGITUNDER,7,0.7235,0.0158,153,2355914439,won,0.12,1
17:21:03,JD100,1781629423,,3.814,DIGITOVER,2,0.7236,0.0159,1033,2355916759,lost,-0.35,2
17:21:05,JD100,1781629425,,3.813,DIGITUNDER,2,0.2202,0.0386,147,2355918319,lost,-0.35,1
17:21:07,JD100,1781629426,,3.813,DIGITOVER,7,0.2202,0.0387,174,2355919699,lost,-0.35,1
17:21:09,JD100,1781629427,,3.815,DIGITUNDER,6,0.6326,0.0336,140,2355921759,won,0.2,1
17:21:11,JD100,1781629428,,3.815,DIGITUNDER,4,0.4326,0.0499,179,2355922999,won,0.48,1
17:21:13,JD100,1781629429,,3.812,DIGITUNDER,2,0.2202,0.0387,158,2355924219,lost,-0.35,1
17:21:15,JD100,1781629430,,3.813,DIGITOVER,2,0.7236,0.0159,253,2355925359,lost,-0.35,1
17:21:17,JD100,1781629431,,3.813,DIGITUNDER,2,0.2202,0.0385,122,2355926899,won,1.3,1
17:21:19,JD100,1781629432,,3.811,DIGITUNDER,3,0.3293,0.0554,176,2355927859,lost,-0.35,1
17:21:21,JD100,1781629433,,3.811,DIGITOVER,7,0.2202,0.0389,151,2355929299,lost,-0.35,1
17:21:24,JD100,1781629434,,3.811,DIGITUNDER,4,0.4328,0.0503,147,2355930379,lost,-0.35,1
17:21:26,JD100,1781629435,,3.812,DIGITOVER,5,0.4327,0.0501,154,2355931799,lost,-0.35,1
17:21:29,JD100,1781629436,,3.813,DIGITOVER,2,0.7236,0.0160,151,2355932999,won,0.12,1
17:21:31,JD100,1781629437,,3.813,DIGITOVER,5,0.4327,0.0501,153,2355934399,won,0.48,1
17:21:33,JD100,1781629438,,3.812,DIGITOVER,5,0.4327,0.0501,160,2355935319,lost,-0.35,1
17:21:35,JD100,1781629439,,3.812,DIGITUNDER,4,0.4327,0.0501,150,2355937239,lost,-0.35,1
17:21:37,JD100,1781629440,,3.816,DIGITOVER,2,0.7235,0.0158,187,2355938219,won,0.12,1
17:21:39,JD100,1781629441,,3.816,DIGITOVER,3,0.6325,0.0335,181,2355939839,won,0.2,1
17:21:41,JD100,1781629442,,3.816,DIGITUNDER,7,0.7235,0.0158,164,2355940979,won,0.12,1
17:21:43,JD100,1781629443,,3.812,DIGITUNDER,7,0.7237,0.0160,146,2355942559,won,0.12,1
17:21:45,JD100,1781629444,,3.809,DIGITUNDER,4,0.4329,0.0505,151,2355943719,lost,-0.35,1
17:21:47,JD100,1781629445,,3.810,DIGITOVER,3,0.6328,0.0340,168,2355945079,won,0.2,1
17:21:49,JD100,1781629446,,3.810,DIGITOVER,5,0.4328,0.0505,159,2355946319,lost,-0.35,1
17:21:51,JD100,1781629447,,3.814,DIGITOVER,2,0.7236,0.0159,138,2355948099,won,0.12,1
17:21:54,JD100,1781629448,,3.815,DIGITOVER,6,0.3291,0.0549,160,2355949039,lost,-0.35,1
17:21:56,JD100,1781629449,,3.816,DIGITUNDER,4,0.4325,0.0497,163,2355950499,lost,-0.35,1
17:21:58,JD100,1781629450,,3.818,DIGITOVER,5,0.4324,0.0495,147,2355951579,lost,-0.35,1
17:22:00,JD100,1781629451,,3.819,DIGITUNDER,6,0.6324,0.0333,164,2355953179,lost,-0.35,1
17:22:02,JD100,1781629452,,3.818,DIGITOVER,7,0.2200,0.0379,244,2355954219,lost,-0.35,1
17:22:04,JD100,1781629453,,3.818,DIGITUNDER,2,0.2200,0.0379,168,2355955939,won,1.3,1
17:22:06,JD100,1781629454,,3.818,DIGITUNDER,2,0.2200,0.0379,189,2355957019,lost,-0.35,1
17:22:08,JD100,1781629455,,3.819,DIGITOVER,3,0.6323,0.0333,148,2355958839,lost,-0.35,1
17:22:10,JD100,1781629456,,3.819,DIGITUNDER,2,0.2200,0.0377,156,2355960239,lost,-0.35,1
17:22:12,JD100,1781629457,,3.821,DIGITOVER,2,0.7234,0.0156,177,2355961879,won,0.12,1
17:22:14,JD100,1781629458,,3.818,DIGITUNDER,6,0.6324,0.0333,134,2355963079,lost,-0.35,1
17:22:16,JD100,1781629459,,3.820,DIGITOVER,6,0.3289,0.0541,133,2355964319,lost,-0.35,1
17:22:18,JD100,1781629460,,3.819,DIGITOVER,2,0.7234,0.0157,229,2355965399,won,0.12,1
17:22:21,JD100,1781629461,,3.819,DIGITUNDER,6,0.6324,0.0333,213,2355967179,won,0.2,1
17:22:23,JD100,1781629462,,3.819,DIGITUNDER,3,0.3290,0.0543,198,2355968299,lost,-0.35,1
17:22:25,JD100,1781629463,,3.819,DIGITUNDER,7,0.7234,0.0157,274,2355969919,won,0.12,1
17:22:27,JD100,1781629464,,3.819,DIGITUNDER,3,0.3289,0.0542,154,2355970979,won,0.75,1
17:22:29,JD100,1781629465,,3.819,DIGITUNDER,2,0.2200,0.0378,165,2355972379,lost,-0.35,1
17:22:31,JD100,1781629466,,3.819,DIGITUNDER,4,0.4324,0.0494,133,2355973419,won,0.48,1
17:22:33,JD100,1781629467,,3.825,DIGITUNDER,3,0.3287,0.0535,133,2355974819,won,0.75,1
17:22:35,JD100,1781629468,,3.824,DIGITUNDER,4,0.4321,0.0487,138,2355975979,lost,-0.35,1
17:22:37,JD100,1781629469,,3.826,DIGITOVER,5,0.4320,0.0485,137,2355977279,lost,-0.35,1
17:22:39,JD100,1781629470,,3.828,DIGITUNDER,4,0.4319,0.0483,196,2355978699,lost,-0.35,1
17:22:41,JD100,1781629471,,3.828,DIGITOVER,7,0.2197,0.0365,135,2355980579,lost,-0.35,1
17:22:43,JD100,1781629472,,3.828,DIGITOVER,3,0.6319,0.0326,151,2355981539,lost,-0.35,1
17:22:45,JD100,1781629473,,3.829,DIGITUNDER,3,0.3285,0.0529,244,2355983019,lost,-0.35,1
17:22:47,JD100,1781629474,,3.829,DIGITUNDER,6,0.6319,0.0325,138,2355984019,won,0.2,1
17:22:49,JD100,1781629475,,3.829,DIGITUNDER,6,0.6319,0.0325,164,2355985699,lost,-0.35,1
17:22:52,JD100,1781629476,,3.828,DIGITOVER,7,0.2197,0.0365,192,2355986659,lost,-0.35,1
17:22:54,JD100,1781629477,,3.828,DIGITOVER,3,0.6319,0.0325,129,2355987939,won,0.2,1
17:22:56,JD100,1781629478,,3.827,DIGITOVER,5,0.4320,0.0484,194,2355988939,lost,-0.35,1
17:22:58,JD100,1781629479,,3.829,DIGITUNDER,4,0.4319,0.0482,144,2355990379,lost,-0.35,1
17:23:00,JD100,1781629480,,3.829,DIGITOVER,5,0.4319,0.0481,163,2355991679,won,0.48,1
17:23:02,JD100,1781629481,,3.829,DIGITOVER,3,0.6319,0.0325,173,2355993499,lost,-0.35,1
17:23:04,JD100,1781629482,,3.829,DIGITUNDER,3,0.3285,0.0528,152,2355994299,lost,-0.35,1
17:23:06,JD100,1781629483,,3.830,DIGITOVER,5,0.4318,0.0480,140,2355995659,won,0.48,1
17:23:08,JD100,1781629484,,3.830,DIGITOVER,5,0.4318,0.0481,183,2355996619,lost,-0.35,1
17:23:10,JD100,1781629485,,3.831,DIGITUNDER,6,0.6318,0.0323,156,2355998039,won,0.2,1
17:23:12,JD100,1781629486,,3.831,DIGITOVER,2,0.7230,0.0151,281,2355999239,lost,-0.35,1
17:23:14,JD100,1781629487,,3.834,DIGITUNDER,4,0.4317,0.0476,147,2356000759,lost,-0.35,1
17:23:17,JD100,1781629488,,3.835,DIGITOVER,5,0.4316,0.0474,133,2356001859,lost,-0.35,1
17:23:19,JD100,1781629489,,3.838,DIGITUNDER,6,0.6315,0.0318,157,2356003439,lost,-0.35,1
17:23:21,JD100,1781629490,,3.839,DIGITOVER,6,0.3281,0.0515,239,2356004579,won,0.75,1
17:23:23,JD100,1781629491,,3.830,DIGITOVER,7,0.2197,0.0361,174,2356005699,lost,-0.35,1
17:23:25,JD100,1781629492,,3.833,DIGITOVER,2,0.7229,0.0150,170,2356007079,won,0.12,1
17:23:27,JD100,1781629493,,3.833,DIGITUNDER,6,0.6317,0.0322,209,2356008599,won,0.2,1
17:23:29,JD100,1781629494,,3.832,DIGITUNDER,7,0.7230,0.0150,178,2356009539,lost,-0.35,1
17:23:31,JD100,1781629495,,3.829,DIGITOVER,5,0.4319,0.0482,135,2356010699,won,0.48,1
17:23:33,JD100,1781629496,,3.829,DIGITOVER,7,0.2197,0.0363,188,2356012039,won,1.3,1
17:23:35,JD100,1781629497,,3.823,DIGITOVER,7,0.2199,0.0371,157,2356013519,lost,-0.35,1
17:23:37,JD100,1781629498,,3.824,DIGITOVER,2,0.7232,0.0154,184,2356014619,won,0.12,1
17:23:39,JD100,1781629499,,3.824,DIGITOVER,2,0.7232,0.0154,139,2356016499,won,0.12,1
17:23:41,JD100,1781629500,,3.824,DIGITUNDER,6,0.6321,0.0329,179,2356017639,won,0.2,1
17:23:43,JD100,1781629501,,3.822,DIGITUNDER,4,0.4322,0.0490,152,2356019059,won,0.48,1
17:23:45,JD100,1781629502,,3.822,DIGITUNDER,2,0.2199,0.0373,171,2356020419,lost,-0.35,1
17:23:47,JD100,1781629503,,3.823,DIGITOVER,3,0.6322,0.0329,168,2356021919,lost,-0.35,1
17:23:50,JD100,1781629504,,3.824,DIGITUNDER,2,0.2198,0.0370,180,2356023199,lost,-0.35,1
17:23:52,JD100,1781629505,,3.825,DIGITUNDER,7,0.7232,0.0154,156,2356024919,lost,-0.35,1
17:23:54,JD100,1781629506,,3.826,DIGITOVER,7,0.2198,0.0368,151,2356026019,lost,-0.35,1
17:23:56,JD100,1781629507,,3.827,DIGITUNDER,6,0.6320,0.0326,173,2356027519,lost,-0.35,1
17:23:58,JD100,1781629508,,3.826,DIGITOVER,3,0.6320,0.0327,161,2356028719,lost,-0.35,1
17:24:00,JD100,1781629509,,3.824,DIGITUNDER,4,0.4321,0.0488,178,2356029979,won,0.48,1
17:24:02,JD100,1781629510,,3.824,DIGITUNDER,2,0.2199,0.0371,196,2356031099,lost,-0.35,1
17:24:04,JD100,1781629511,,3.828,DIGITUNDER,4,0.4319,0.0483,141,2356032639,lost,-0.35,1
17:24:06,JD100,1781629512,,3.829,DIGITOVER,5,0.4319,0.0482,133,2356033699,won,0.48,1
17:24:08,JD100,1781629513,,3.834,DIGITOVER,7,0.2196,0.0357,151,2356035079,won,1.3,1
17:24:10,JD100,1781629514,,3.838,DIGITOVER,6,0.3281,0.0517,268,2356035939,lost,-0.35,1
17:24:13,JD100,1781629515,,3.840,DIGITUNDER,3,0.3280,0.0514,132,2356037439,lost,-0.35,1
17:24:15,JD100,1781629516,,3.840,DIGITUNDER,6,0.6313,0.0316,161,2356038279,lost,-0.35,1
17:24:17,JD100,1781629517,,3.841,DIGITOVER,5,0.4313,0.0467,147,2356039799,lost,-0.35,1
17:24:19,JD100,1781629518,,3.846,DIGITOVER,2,0.7225,0.0144,170,2356040759,won,0.12,1
17:24:21,JD100,1781629519,,3.846,DIGITOVER,6,0.3278,0.0505,179,2356042199,lost,-0.35,1
17:24:23,JD100,1781629520,,3.848,DIGITUNDER,6,0.6310,0.0310,353,2356043819,won,0.2,1
17:24:25,JD100,1781629521,,3.848,DIGITUNDER,6,0.6310,0.0310,164,2356045259,won,0.2,1
17:24:27,JD100,1781629522,,3.847,DIGITUNDER,4,0.4310,0.0460,165,2356046579,lost,-0.35,1
17:24:29,JD100,1781629523,,3.847,DIGITOVER,6,0.3278,0.0505,151,2356048019,lost,-0.35,1
17:24:31,JD100,1781629524,,3.850,DIGITUNDER,3,0.3276,0.0500,248,2356049099,lost,-0.35,1
17:24:33,JD100,1781629525,,3.851,DIGITUNDER,7,0.7223,0.0141,173,2356050339,won,0.12,1
17:24:35,JD100,1781629526,,3.849,DIGITUNDER,3,0.3276,0.0501,176,2356051319,won,0.75,1
17:24:37,JD100,1781629527,,3.848,DIGITUNDER,4,0.4310,0.0459,178,2356053039,won,0.48,1
17:24:39,JD100,1781629528,,3.848,DIGITUNDER,6,0.6310,0.0310,226,2356054079,lost,-0.35,1
17:24:42,JD100,1781629529,,3.850,DIGITOVER,6,0.3276,0.0500,172,2356056179,lost,-0.35,1
17:24:44,JD100,1781629530,,3.852,DIGITUNDER,7,0.7223,0.0141,165,2356057159,lost,-0.35,1
17:24:46,JD100,1781629531,,3.852,DIGITOVER,6,0.3275,0.0498,147,2356058739,lost,-0.35,1
17:24:48,JD100,1781629532,,3.850,DIGITOVER,2,0.7223,0.0142,150,2356059779,won,0.12,1
17:24:50,JD100,1781629533,,3.850,DIGITOVER,3,0.6309,0.0309,163,2356061219,lost,-0.35,1
17:24:52,JD100,1781629534,,3.851,DIGITUNDER,4,0.4308,0.0457,164,2356062279,won,0.48,1
17:24:54,JD100,1781629535,,3.851,DIGITUNDER,2,0.2191,0.0333,140,2356063759,lost,-0.35,1
17:24:56,JD100,1781629536,,3.852,DIGITUNDER,6,0.6308,0.0307,169,2356065119,lost,-0.35,1
17:24:58,JD100,1781629537,,3.853,DIGITOVER,5,0.4307,0.0454,142,2356066799,lost,-0.35,1
17:25:00,JD100,1781629538,,3.852,DIGITUNDER,6,0.6308,0.0307,155,2356067759,won,0.2,1
17:25:02,JD100,1781629539,,3.850,DIGITUNDER,4,0.4309,0.0457,154,2356069319,won,0.48,1
17:25:04,JD100,1781629540,,3.850,DIGITUNDER,2,0.2191,0.0334,158,2356070239,lost,-0.35,1
17:25:06,JD100,1781629541,,3.851,DIGITOVER,5,0.4308,0.0457,146,2356071739,won,0.48,1
17:25:08,JD100,1781629542,,3.850,DIGITOVER,5,0.4309,0.0457,125,2356073019,lost,-0.35,1
17:25:11,JD100,1781629543,,3.850,DIGITOVER,2,0.7223,0.0141,182,2356074579,won,0.12,1
17:25:13,JD100,1781629544,,3.849,DIGITOVER,3,0.6309,0.0310,145,2356075539,won,0.2,1
17:25:15,JD100,1781629545,,3.847,DIGITOVER,2,0.7224,0.0143,159,2356077259,won,0.12,1
17:25:17,JD100,1781629546,,3.848,DIGITOVER,7,0.2191,0.0337,162,2356078159,lost,-0.35,1
17:25:19,JD100,1781629547,,3.846,DIGITUNDER,2,0.2192,0.0340,142,2356079559,lost,-0.35,1
17:25:21,JD100,1781629548,,3.843,DIGITOVER,7,0.2193,0.0344,178,2356080599,lost,-0.35,1
17:25:23,JD100,1781629549,,3.843,DIGITOVER,2,0.7226,0.0145,170,2356082039,won,0.12,1
17:25:25,JD100,1781629550,,3.841,DIGITOVER,5,0.4313,0.0468,311,2356083239,won,0.48,1
17:25:27,JD100,1781629551,,3.834,DIGITOVER,5,0.4316,0.0476,891,2356085439,lost,-0.35,1
17:25:29,JD100,1781629552,,3.833,DIGITOVER,2,0.7229,0.0150,258,2356085759,won,0.12,1
17:25:31,JD100,1781629553,,3.837,DIGITUNDER,6,0.6315,0.0319,169,2356087239,won,0.2,1
17:25:33,JD100,1781629554,,3.837,DIGITUNDER,3,0.3282,0.0518,194,2356088419,lost,-0.35,1
17:25:35,JD100,1781629555,,3.838,DIGITOVER,2,0.7227,0.0147,143,2356089959,won,0.12,1
17:25:37,JD100,1781629556,,3.838,DIGITOVER,5,0.4314,0.0471,230,2356090959,won,0.48,1
17:25:39,JD100,1781629557,,3.838,DIGITOVER,5,0.4315,0.0471,198,2356092619,won,0.48,1
17:25:42,JD100,1781629558,,3.838,DIGITOVER,3,0.6315,0.0318,141,2356093879,won,0.2,1
17:25:44,JD100,1781629559,,3.837,DIGITOVER,5,0.4315,0.0473,151,2356095419,lost,-0.35,1
17:25:46,JD100,1781629560,,3.838,DIGITUNDER,3,0.3281,0.0517,153,2356096679,won,0.75,1
17:25:48,JD100,1781629561,,3.834,DIGITUNDER,2,0.2195,0.0356,175,2356098339,lost,-0.35,1
17:25:50,JD100,1781629562,,3.832,DIGITUNDER,6,0.6317,0.0322,380,2356099459,won,0.2,1
17:25:52,JD100,1781629563,,3.837,DIGITUNDER,3,0.3282,0.0518,152,2356100779,won,0.75,1
17:25:54,JD100,1781629564,,3.836,DIGITUNDER,3,0.3282,0.0519,177,2356101739,lost,-0.35,1
17:25:56,JD100,1781629565,,3.837,DIGITOVER,5,0.4315,0.0472,169,2356103039,lost,-0.35,1
17:25:58,JD100,1781629566,,3.837,DIGITOVER,2,0.7228,0.0148,168,2356104059,won,0.12,1
17:26:00,JD100,1781629567,,3.836,DIGITOVER,5,0.4315,0.0473,163,2356105439,won,0.48,1
17:26:02,JD100,1781629568,,3.830,DIGITOVER,5,0.4318,0.0480,154,2356106459,won,0.48,1
17:26:05,JD100,1781629569,,3.829,DIGITOVER,6,0.3285,0.0529,158,2356107859,lost,-0.35,1
17:26:07,JD100,1781629570,,3.830,DIGITUNDER,3,0.3285,0.0528,169,2356108919,won,0.75,1
17:26:09,JD100,1781629571,,3.829,DIGITUNDER,4,0.4319,0.0481,154,2356110539,won,0.48,1
17:26:11,JD100,1781629572,,3.835,DIGITUNDER,3,0.3283,0.0521,166,2356111579,lost,-0.35,1
17:26:13,JD100,1781629573,,3.837,DIGITOVER,5,0.4315,0.0472,146,2356112699,won,0.48,1
17:26:15,JD100,1781629574,,3.838,DIGITOVER,7,0.2194,0.0351,166,2356113539,lost,-0.35,1
17:26:17,JD100,1781629575,,3.838,DIGITUNDER,4,0.4315,0.0472,184,2356114999,lost,-0.35,1
17:26:19,JD100,1781629576,,3.838,DIGITOVER,7,0.2194,0.0351,141,2356116559,lost,-0.35,1
17:26:21,JD100,1781629577,,3.837,DIGITUNDER,4,0.4315,0.0472,149,2356117959,won,0.48,1
17:26:23,JD100,1781629578,,3.837,DIGITUNDER,2,0.2195,0.0353,175,2356119399,won,1.3,1
17:26:25,JD100,1781629579,,3.837,DIGITUNDER,3,0.3282,0.0518,155,2356120819,lost,-0.35,1
17:26:27,JD100,1781629580,,3.840,DIGITUNDER,7,0.7227,0.0146,310,2356122099,won,0.12,1
17:26:29,JD100,1781629581,,3.837,DIGITUNDER,6,0.6315,0.0319,167,2356123099,won,0.2,1
17:26:31,JD100,1781629582,,3.840,DIGITUNDER,2,0.2194,0.0349,210,2356124239,lost,-0.35,1
17:26:33,JD100,1781629583,,3.839,DIGITOVER,7,0.2194,0.0349,183,2356125599,lost,-0.35,1
17:26:35,JD100,1781629584,,3.841,DIGITUNDER,7,0.7226,0.0146,169,2356126679,lost,-0.35,1
17:26:38,JD100,1781629585,,3.843,DIGITOVER,7,0.2193,0.0344,181,2356128039,lost,-0.35,1
17:26:40,JD100,1781629586,,3.842,DIGITUNDER,3,0.3280,0.0511,164,2356128959,lost,-0.35,1
17:26:42,JD100,1781629587,,3.843,DIGITOVER,6,0.3279,0.0510,156,2356130259,won,0.75,1
17:26:44,JD100,1781629588,,3.841,DIGITOVER,5,0.4313,0.0468,134,2356131419,lost,-0.35,1
17:26:46,JD100,1781629589,,3.841,DIGITOVER,2,0.7226,0.0146,150,2356133019,won,0.12,1
17:26:48,JD100,1781629590,,3.839,DIGITOVER,3,0.6314,0.0317,168,2356133919,lost,-0.35,1
17:26:50,JD100,1781629591,,3.840,DIGITUNDER,6,0.6314,0.0316,143,2356135719,won,0.2,1
17:26:52,JD100,1781629592,,3.836,DIGITUNDER,4,0.4315,0.0473,193,2356137139,lost,-0.35,1
17:26:54,JD100,1781629593,,3.837,DIGITOVER,7,0.2195,0.0352,157,2356138299,lost,-0.35,1
17:26:56,JD100,1781629594,,3.837,DIGITOVER,2,0.7228,0.0148,143,2356139299,won,0.12,1
17:26:58,JD100,1781629595,,3.839,DIGITOVER,5,0.4314,0.0470,152,2356140699,won,0.48,1
17:27:00,JD100,1781629596,,3.839,DIGITOVER,3,0.6314,0.0317,139,2356141579,lost,-0.35,1
17:27:02,JD100,1781629597,,3.837,DIGITUNDER,2,0.2195,0.0352,149,2356142999,lost,-0.35,1
17:27:04,JD100,1781629598,,3.835,DIGITOVER,6,0.3283,0.0521,143,2356143899,won,0.75,1
17:27:07,JD100,1781629599,,3.830,DIGITOVER,5,0.4318,0.0480,147,2356145459,lost,-0.35,1
17:27:09,JD100,1781629600,,3.834,DIGITUNDER,7,0.7229,0.0149,153,2356146259,won,0.12,1
17:27:11,JD100,1781629601,,3.834,DIGITUNDER,2,0.2195,0.0356,133,2356147799,won,1.3,1
17:27:13,JD100,1781629602,,3.831,DIGITUNDER,2,0.2196,0.0361,148,2356148539,lost,-0.35,1
17:27:15,JD100,1781629603,,3.829,DIGITOVER,3,0.6319,0.0324,182,2356149939,won,0.2,1
17:27:17,JD100,1781629604,,3.829,DIGITOVER,6,0.3285,0.0529,174,2356150939,lost,-0.35,1
17:27:19,JD100,1781629605,,3.829,DIGITOVER,2,0.7231,0.0152,128,2356152599,won,0.12,1
17:27:21,JD100,1781629606,,3.830,DIGITOVER,7,0.2197,0.0362,169,2356153719,lost,-0.35,1
17:27:23,JD100,1781629607,,3.823,DIGITOVER,3,0.6321,0.0329,139,2356155019,won,0.2,1
17:27:25,JD100,1781629608,,3.824,DIGITOVER,7,0.2199,0.0371,151,2356156099,lost,-0.35,1
17:27:27,JD100,1781629609,,3.828,DIGITOVER,5,0.4319,0.0482,149,2356157439,lost,-0.35,1
17:27:29,JD100,1781629610,,3.829,DIGITUNDER,3,0.3285,0.0529,318,2356158739,won,0.75,1
17:27:31,JD100,1781629611,,3.831,DIGITUNDER,4,0.4318,0.0479,145,2356159959,lost,-0.35,1
17:27:33,JD100,1781629612,,3.832,DIGITOVER,7,0.2196,0.0359,159,2356160959,lost,-0.35,1
17:27:36,JD100,1781629613,,3.832,DIGITUNDER,4,0.4317,0.0478,183,2356162379,lost,-0.35,1
17:27:38,JD100,1781629614,,3.832,DIGITOVER,2,0.7230,0.0150,156,2356163519,won,0.12,1
17:27:40,JD100,1781629615,,3.832,DIGITOVER,6,0.3284,0.0525,156,2356164819,lost,-0.35,1
17:27:42,JD100,1781629616,,3.833,DIGITOVER,2,0.7229,0.0150,199,2356166379,won,0.12,1
17:27:44,JD100,1781629617,,3.833,DIGITOVER,7,0.2196,0.0358,148,2356167399,lost,-0.35,1
17:27:46,JD100,1781629618,,3.832,DIGITUNDER,3,0.3284,0.0525,142,2356168439,lost,-0.35,1
17:27:48,JD100,1781629619,,3.830,DIGITUNDER,6,0.6318,0.0324,140,2356169779,won,0.2,1
17:27:50,JD100,1781629620,,3.831,DIGITUNDER,2,0.2196,0.0361,166,2356170639,lost,-0.35,1
17:27:52,JD100,1781629621,,3.830,DIGITOVER,6,0.3284,0.0527,179,2356172059,won,0.75,1
17:27:54,JD100,1781629622,,3.830,DIGITOVER,5,0.4318,0.0480,223,2356173419,won,0.48,1
17:27:56,JD100,1781629623,,3.829,DIGITOVER,7,0.2197,0.0364,191,2356174719,won,1.3,1
17:27:58,JD100,1781629624,,3.827,DIGITOVER,7,0.2198,0.0366,168,2356175659,lost,-0.35,1
17:28:00,JD100,1781629625,,3.828,DIGITOVER,2,0.7231,0.0152,147,2356176679,lost,-0.35,1
17:28:02,JD100,1781629626,,3.830,DIGITUNDER,2,0.2197,0.0363,172,2356177699,lost,-0.35,1
17:28:05,JD100,1781629627,,3.827,DIGITOVER,5,0.4320,0.0484,169,2356178899,lost,-0.35,1
17:28:07,JD100,1781629628,,3.827,DIGITOVER,2,0.7231,0.0153,173,2356180219,won,0.12,1
17:28:09,JD100,1781629629,,3.827,DIGITOVER,5,0.4320,0.0484,172,2356181819,won,0.48,1
17:28:11,JD100,1781629630,,3.825,DIGITOVER,3,0.6321,0.0328,164,2356182859,won,0.2,1
17:28:13,JD100,1781629631,,3.825,DIGITOVER,2,0.7232,0.0154,145,2356184279,won,0.12,1
17:28:15,JD100,1781629632,,3.831,DIGITOVER,3,0.6318,0.0323,178,2356185159,won,0.2,1
17:28:17,JD100,1781629633,,3.830,DIGITUNDER,7,0.7230,0.0151,168,2356186479,lost,-0.35,1
17:28:19,JD100,1781629634,,3.832,DIGITOVER,7,0.2196,0.0359,156,2356187679,lost,-0.35,1
17:28:21,JD100,1781629635,,3.833,DIGITOVER,5,0.4317,0.0478,144,2356189319,lost,-0.35,1
17:28:23,JD100,1781629636,,3.833,DIGITUNDER,3,0.3283,0.0523,146,2356190299,lost,-0.35,1
17:28:25,JD100,1781629637,,3.831,DIGITUNDER,7,0.7230,0.0151,184,2356191699,won,0.12,1
17:28:27,JD100,1781629638,,3.830,DIGITOVER,3,0.6318,0.0324,175,2356193039,lost,-0.35,1
17:28:29,JD100,1781629639,,3.832,DIGITUNDER,3,0.3284,0.0524,164,2356194499,won,0.75,1
17:28:31,JD100,1781629640,,3.831,DIGITUNDER,3,0.3284,0.0526,220,2356195479,lost,-0.35,1
17:28:34,JD100,1781629641,,3.831,DIGITOVER,6,0.3284,0.0526,150,2356196699,lost,-0.35,1
17:28:36,JD100,1781629642,,3.836,DIGITOVER,3,0.6316,0.0320,159,2356197759,lost,-0.35,1
17:28:38,JD100,1781629643,,3.837,DIGITUNDER,4,0.4315,0.0473,137,2356199059,won,0.48,1
17:28:40,JD100,1781629644,,3.836,DIGITUNDER,3,0.3282,0.0519,169,2356199939,lost,-0.35,1
17:28:42,JD100,1781629645,,3.837,DIGITOVER,2,0.7228,0.0148,155,2356201499,won,0.12,1
17:28:44,JD100,1781629646,,3.837,DIGITOVER,7,0.2195,0.0352,152,2356202679,lost,-0.35,1
17:28:46,JD100,1781629647,,3.839,DIGITUNDER,7,0.7227,0.0147,181,2356203779,won,0.12,1
17:28:48,JD100,1781629648,,3.838,DIGITOVER,2,0.7227,0.0147,203,2356204759,won,0.12,1
17:28:50,JD100,1781629649,,3.839,DIGITOVER,6,0.3281,0.0515,123,2356206459,won,0.75,1
17:28:52,JD100,1781629650,,3.838,DIGITOVER,7,0.2194,0.0350,152,2356207779,lost,-0.35,1
17:28:54,JD100,1781629651,,3.839,DIGITOVER,2,0.7227,0.0147,158,2356209119,won,0.12,1
17:28:56,JD100,1781629652,,3.836,DIGITOVER,3,0.6315,0.0319,154,2356210079,won,0.2,1
17:28:58,JD100,1781629653,,3.833,DIGITOVER,2,0.7229,0.0150,152,2356211459,won,0.12,1
17:29:00,JD100,1781629654,,3.831,DIGITUNDER,7,0.7230,0.0151,135,2356212279,won,0.12,1
17:29:02,JD100,1781629655,,3.830,DIGITUNDER,7,0.7230,0.0151,130,2356213979,lost,-0.35,1
17:29:05,JD100,1781629656,,3.831,DIGITOVER,6,0.3284,0.0525,146,2356215139,lost,-0.35,1
17:29:07,JD100,1781629657,,3.831,DIGITUNDER,6,0.6318,0.0323,132,2356216659,won,0.2,1
17:29:09,JD100,1781629658,,3.831,DIGITUNDER,4,0.4318,0.0480,143,2356217539,lost,-0.35,1
17:29:11,JD100,1781629659,,3.832,DIGITOVER,2,0.7230,0.0150,172,2356218959,won,0.12,1
17:29:13,JD100,1781629660,,3.835,DIGITOVER,6,0.3282,0.0520,143,2356219799,lost,-0.35,1
17:29:15,JD100,1781629661,,3.839,DIGITOVER,2,0.7227,0.0147,128,2356221059,lost,-0.35,1
17:29:17,JD100,1781629662,,3.841,DIGITUNDER,3,0.3280,0.0512,148,2356221959,lost,-0.35,1
17:29:19,JD100,1781629663,,3.842,DIGITUNDER,6,0.6313,0.0315,135,2356223779,won,0.2,1
17:29:21,JD100,1781629664,,3.842,DIGITUNDER,2,0.2193,0.0345,171,2356224799,lost,-0.35,1
17:29:23,JD100,1781629665,,3.842,DIGITOVER,7,0.2193,0.0345,146,2356226599,lost,-0.35,1
17:29:25,JD100,1781629666,,3.842,DIGITOVER,3,0.6313,0.0315,175,2356227519,won,0.2,1
17:29:27,JD100,1781629667,,3.842,DIGITOVER,7,0.2193,0.0345,179,2356228999,lost,-0.35,1
17:29:29,JD100,1781629668,,3.845,DIGITUNDER,6,0.6311,0.0313,144,2356230339,lost,-0.35,1
17:29:31,JD100,1781629669,,3.847,DIGITOVER,7,0.2192,0.0338,148,2356231799,lost,-0.35,1
17:29:34,JD100,1781629670,,3.851,DIGITUNDER,4,0.4308,0.0457,251,2356232799,won,0.48,1
17:29:36,JD100,1781629671,,3.847,DIGITUNDER,4,0.4310,0.0461,147,2356234299,lost,-0.35,1
17:29:38,JD100,1781629672,,3.847,DIGITOVER,7,0.2192,0.0338,149,2356235019,lost,-0.35,1
17:29:40,JD100,1781629673,,3.850,DIGITUNDER,3,0.3276,0.0500,183,2356236399,won,0.75,1
17:29:42,JD100,1781629674,,3.850,DIGITUNDER,3,0.3276,0.0500,148,2356237479,lost,-0.35,1
17:29:44,JD100,1781629675,,3.850,DIGITUNDER,6,0.6309,0.0309,158,2356238679,won,0.2,1
17:29:46,JD100,1781629676,,3.849,DIGITUNDER,4,0.4309,0.0459,166,2356239759,won,0.48,1
17:29:48,JD100,1781629677,,3.849,DIGITUNDER,2,0.2191,0.0336,173,2356241199,won,1.3,1
17:29:50,JD100,1781629678,,3.849,DIGITUNDER,3,0.3277,0.0502,151,2356242239,lost,-0.35,1
17:29:52,JD100,1781629679,,3.849,DIGITUNDER,6,0.6309,0.0309,138,2356244059,won,0.2,1
17:29:54,JD100,1781629680,,3.849,DIGITUNDER,6,0.6309,0.0309,176,2356245039,won,0.2,1
17:29:56,JD100,1781629681,,3.848,DIGITUNDER,2,0.2191,0.0336,144,2356246359,lost,-0.35,1
17:29:58,JD100,1781629682,,3.849,DIGITOVER,5,0.4309,0.0459,143,2356247539,lost,-0.35,1
17:30:00,JD100,1781629683,,3.849,DIGITOVER,2,0.7224,0.0142,168,2356248759,won,0.12,1
17:30:03,JD100,1781629684,,3.847,DIGITOVER,2,0.7224,0.0143,227,2356249739,lost,-0.35,1
17:30:05,JD100,1781629685,,3.847,DIGITUNDER,4,0.4310,0.0461,192,2356251199,won,0.48,1
17:30:07,JD100,1781629686,,3.845,DIGITUNDER,3,0.3278,0.0507,258,2356252319,won,0.75,1
17:30:09,JD100,1781629687,,3.845,DIGITUNDER,4,0.4311,0.0463,175,2356253619,lost,-0.35,1
17:30:11,JD100,1781629688,,3.849,DIGITUNDER,7,0.7224,0.0142,188,2356254659,won,0.12,1
17:30:13,JD100,1781629689,,3.848,DIGITUNDER,6,0.6310,0.0310,137,2356255919,lost,-0.35,1
17:30:15,JD100,1781629690,,3.850,DIGITOVER,6,0.3276,0.0500,195,2356256859,won,0.75,1
17:30:17,JD100,1781629691,,3.849,DIGITOVER,6,0.3277,0.0501,168,2356258419,won,0.75,1
17:30:19,JD100,1781629692,,3.849,DIGITOVER,7,0.2191,0.0335,151,2356259239,lost,-0.35,1
17:30:21,JD100,1781629693,,3.849,DIGITUNDER,3,0.3276,0.0501,150,2356260679,lost,-0.35,1
17:30:23,JD100,1781629694,,3.854,DIGITUNDER,6,0.6307,0.0305,183,2356262099,won,0.2,1
17:30:25,JD100,1781629695,,3.854,DIGITUNDER,7,0.7222,0.0140,219,2356263459,won,0.12,1
17:30:27,JD100,1781629696,,3.854,DIGITUNDER,7,0.7222,0.0140,174,2356264239,lost,-0.35,1
17:30:29,JD100,1781629697,,3.854,DIGITOVER,7,0.2190,0.0329,290,2356265739,lost,-0.35,1
17:30:31,JD100,1781629698,,3.854,DIGITOVER,2,0.7222,0.0140,203,2356266819,won,0.12,1
17:30:33,JD100,1781629699,,3.854,DIGITOVER,2,0.7222,0.0140,131,2356268059,won,0.12,1
17:30:36,JD100,1781629700,,3.854,DIGITUNDER,6,0.6307,0.0305,152,2356269079,won,0.2,1
17:30:38,JD100,1781629701,,3.853,DIGITOVER,2,0.7223,0.0140,149,2356270599,won,0.12,1
17:30:40,JD100,1781629702,,3.852,DIGITOVER,3,0.6308,0.0307,150,2356271539,won,0.2,1
17:30:42,JD100,1781629703,,3.851,DIGITOVER,3,0.6308,0.0308,157,2356272959,lost,-0.35,1
17:30:44,JD100,1781629704,,3.851,DIGITUNDER,4,0.4308,0.0456,169,2356274039,won,0.48,1
17:30:46,JD100,1781629705,,3.851,DIGITUNDER,6,0.6308,0.0308,148,2356275279,lost,-0.35,1
17:30:48,JD100,1781629706,,3.852,DIGITOVER,7,0.2190,0.0331,171,2356276199,lost,-0.35,1
17:30:50,JD100,1781629707,,3.852,DIGITOVER,2,0.7223,0.0141,911,2356278459,won,0.12,1
17:30:52,JD100,1781629708,,3.852,DIGITOVER,5,0.4308,0.0455,152,2356278559,lost,-0.35,1
17:30:54,JD100,1781629709,,3.850,DIGITUNDER,7,0.7223,0.0142,160,2356279779,won,0.12,1
17:30:56,JD100,1781629710,,3.849,DIGITUNDER,3,0.3276,0.0501,247,2356280779,won,0.75,1
17:30:58,JD100,1781629711,,3.849,DIGITUNDER,3,0.3276,0.0501,218,2356282239,lost,-0.35,1
17:31:00,JD100,1781629712,,3.850,DIGITOVER,5,0.4309,0.0458,163,2356283139,lost,-0.35,1
17:31:02,JD100,1781629713,,3.852,DIGITUNDER,4,0.4308,0.0455,177,2356284439,won,0.48,1
17:31:05,JD100,1781629714,,3.851,DIGITUNDER,3,0.3276,0.0498,137,2356285259,won,0.75,1
17:31:07,JD100,1781629715,,3.849,DIGITUNDER,3,0.3277,0.0502,130,2356286619,won,0.75,1
17:31:09,JD100,1781629716,,3.849,DIGITUNDER,2,0.2191,0.0336,145,2356287839,lost,-0.35,1
17:31:11,JD100,1781629717,,3.848,DIGITOVER,6,0.3277,0.0503,167,2356289479,won,0.75,1
17:31:13,JD100,1781629718,,3.847,DIGITOVER,7,0.2192,0.0338,181,2356290759,won,1.3,1
17:31:15,JD100,1781629719,,3.847,DIGITOVER,7,0.2192,0.0339,149,2356291939,lost,-0.35,1
17:31:17,JD100,1781629720,,3.844,DIGITUNDER,2,0.2193,0.0342,194,2356292939,lost,-0.35,1
17:31:19,JD100,1781629721,,3.846,DIGITUNDER,7,0.7225,0.0143,151,2356294419,won,0.12,1
17:31:21,JD100,1781629722,,3.846,DIGITOVER,2,0.7225,0.0144,191,2356295439,won,0.12,1
17:31:23,JD100,1781629723,,3.850,DIGITOVER,3,0.6309,0.0309,147,2356296739,lost,-0.35,1
17:31:25,JD100,1781629724,,3.852,DIGITUNDER,4,0.4308,0.0455,136,2356297439,lost,-0.35,1
17:31:27,JD100,1781629725,,3.853,DIGITOVER,2,0.7222,0.0140,164,2356298739,lost,-0.35,1
17:31:29,JD100,1781629726,,3.854,DIGITUNDER,2,0.2190,0.0329,152,2356299479,lost,-0.35,1
17:31:31,JD100,1781629727,,3.851,DIGITOVER,7,0.2191,0.0333,168,2356301039,lost,-0.35,1
17:31:33,JD100,1781629728,,3.844,DIGITOVER,5,0.4312,0.0465,192,2356301779,lost,-0.35,1
17:31:36,JD100,1781629729,,3.844,DIGITUNDER,7,0.7226,0.0145,150,2356303199,lost,-0.35,1
17:31:38,JD100,1781629730,,3.845,DIGITOVER,7,0.2192,0.0341,227,2356304459,won,1.3,1
17:31:40,JD100,1781629731,,3.845,DIGITOVER,6,0.3278,0.0507,225,2356305879,lost,-0.35,1
17:31:42,JD100,1781629732,,3.850,DIGITUNDER,2,0.2191,0.0335,176,2356306779,lost,-0.35,1
17:31:44,JD100,1781629733,,3.849,DIGITOVER,6,0.3276,0.0501,190,2356308099,lost,-0.35,1
17:31:46,JD100,1781629734,,3.845,DIGITOVER,3,0.6311,0.0312,140,2356308899,lost,-0.35,1
17:31:48,JD100,1781629735,,3.846,DIGITUNDER,4,0.4311,0.0462,170,2356310439,won,0.48,1
17:31:50,JD100,1781629736,,3.846,DIGITUNDER,6,0.6311,0.0311,160,2356311139,lost,-0.35,1
17:31:52,JD100,1781629737,,3.848,DIGITOVER,6,0.3277,0.0503,184,2356312719,won,0.75,1
17:31:54,JD100,1781629738,,3.853,DIGITOVER,7,0.2190,0.0329,171,2356313799,lost,-0.35,1
17:31:56,JD100,1781629739,,3.852,DIGITUNDER,2,0.2190,0.0332,147,2356315479,lost,-0.35,1
17:31:58,JD100,1781629740,,3.850,DIGITOVER,3,0.6309,0.0309,295,2356316439,won,0.2,1
17:32:01,JD100,1781629741,,3.849,DIGITOVER,6,0.3277,0.0502,201,2356317979,lost,-0.35,1
17:32:03,JD100,1781629742,,3.851,DIGITUNDER,4,0.4308,0.0456,205,2356319039,lost,-0.35,1
17:32:05,JD100,1781629743,,3.853,DIGITOVER,5,0.4308,0.0454,170,2356320599,won,0.48,1
17:32:07,JD100,1781629744,,3.851,DIGITOVER,6,0.3276,0.0498,140,2356321559,lost,-0.35,1
17:32:09,JD100,1781629745,,3.852,DIGITUNDER,7,0.7223,0.0141,138,2356322919,won,0.12,1
17:32:11,JD100,1781629746,,3.852,DIGITUNDER,7,0.7223,0.0141,171,2356324159,won,0.12,1
17:32:13,JD100,1781629747,,3.852,DIGITUNDER,3,0.3275,0.0498,396,2356327759,lost,-0.35,1
17:32:15,JD100,1781629749,,3.853,DIGITOVER,3,0.6308,0.0306,151,2356330079,lost,-0.35,1
17:32:17,JD100,1781629750,,3.854,DIGITUNDER,4,0.4307,0.0453,177,2356330879,won,0.48,1
17:32:19,JD100,1781629751,,3.854,DIGITUNDER,6,0.6307,0.0306,160,2356332019,won,0.2,1
17:32:21,JD100,1781629752,,3.852,DIGITUNDER,3,0.3275,0.0497,154,2356333059,lost,-0.35,1
17:32:23,JD100,1781629753,,3.854,DIGITOVER,5,0.4307,0.0453,139,2356334719,won,0.48,1
17:32:25,JD100,1781629754,,3.852,DIGITOVER,7,0.2190,0.0332,184,2356336079,lost,-0.35,1
17:32:27,JD100,1781629755,,3.852,DIGITOVER,2,0.7223,0.0141,161,2356337259,won,0.12,1
17:32:30,JD100,1781629756,,3.846,DIGITOVER,2,0.7225,0.0143,186,2356338619,won,0.12,1
17:32:32,JD100,1781629757,,3.847,DIGITOVER,5,0.4310,0.0461,155,2356340039,lost,-0.35,1
17:32:34,JD100,1781629758,,3.850,DIGITUNDER,7,0.7223,0.0142,165,2356340999,won,0.12,1
17:32:36,JD100,1781629759,,3.850,DIGITUNDER,4,0.4309,0.0457,144,2356342739,won,0.48,1
17:32:38,JD100,1781629760,,3.849,DIGITUNDER,3,0.3277,0.0501,226,2356343679,lost,-0.35,1
17:32:40,JD100,1781629761,,3.851,DIGITOVER,3,0.6308,0.0308,154,2356345099,lost,-0.35,1
17:32:42,JD100,1781629762,,3.853,DIGITUNDER,6,0.6307,0.0306,134,2356346199,won,0.2,1
17:32:44,JD100,1781629763,,3.853,DIGITUNDER,7,0.7222,0.0140,143,2356347619,lost,-0.35,1
17:32:46,JD100,1781629764,,3.854,DIGITOVER,6,0.3275,0.0495,176,2356348579,lost,-0.35,1
17:32:48,JD100,1781629765,,3.856,DIGITUNDER,7,0.7221,0.0139,143,2356349999,lost,-0.35,1
17:32:50,JD100,1781629766,,3.856,DIGITOVER,6,0.3274,0.0492,175,2356351159,lost,-0.35,1
17:32:52,JD100,1781629767,,3.858,DIGITUNDER,6,0.6305,0.0302,158,2356352579,won,0.2,1
17:32:54,JD100,1781629768,,3.858,DIGITUNDER,3,0.3273,0.0489,145,2356353659,lost,-0.35,1
17:32:56,JD100,1781629769,,3.857,DIGITOVER,7,0.2189,0.0325,161,2356355119,lost,-0.35,1
17:32:59,JD100,1781629770,,3.857,DIGITUNDER,4,0.4305,0.0449,160,2356356179,lost,-0.35,1
17:33:01,JD100,1781629771,,3.858,DIGITOVER,5,0.4305,0.0448,132,2356357659,lost,-0.35,1
17:33:03,JD100,1781629772,,3.859,DIGITUNDER,6,0.6305,0.0302,158,2356358659,lost,-0.35,1
17:33:05,JD100,1781629773,,3.860,DIGITOVER,5,0.4304,0.0447,158,2356360279,lost,-0.35,1
17:33:07,JD100,1781629774,,3.864,DIGITOVER,2,0.7219,0.0135,156,2356361479,won,0.12,1
17:33:09,JD100,1781629775,,3.864,DIGITOVER,2,0.7219,0.0135,180,2356363139,won,0.12,1
17:33:11,JD100,1781629776,,3.863,DIGITOVER,2,0.7219,0.0135,165,2356364099,won,0.12,1
17:33:13,JD100,1781629777,,3.862,DIGITUNDER,7,0.7219,0.0136,153,2356365599,won,0.12,1
17:33:15,JD100,1781629778,,3.862,DIGITUNDER,7,0.7219,0.0136,145,2356366639,won,0.12,1
17:33:17,JD100,1781629779,,3.865,DIGITUNDER,3,0.3218,0.0315,154,2356367919,lost,-0.35,1
17:33:19,JD100,1781629780,,3.865,DIGITOVER,6,0.3270,0.0480,168,2356369099,won,0.75,1
17:33:21,JD100,1781629781,,3.865,DIGITOVER,6,0.3270,0.0480,145,2356370579,lost,-0.35,1
17:33:23,JD100,1781629782,,3.865,DIGITOVER,2,0.7218,0.0134,146,2356371679,won,0.12,1
17:33:25,JD100,1781629783,,3.865,DIGITOVER,3,0.6302,0.0297,136,2356373239,won,0.2,1
17:33:27,JD100,1781629784,,3.861,DIGITUNDER,7,0.7220,0.0136,144,2356374279,won,0.12,1
17:33:30,JD100,1781629785,,3.861,DIGITUNDER,7,0.7220,0.0136,140,2356375719,lost,-0.35,1
17:33:32,JD100,1781629786,,3.862,DIGITOVER,5,0.4303,0.0444,153,2356376859,won,0.48,1
17:33:34,JD100,1781629787,,3.862,DIGITOVER,6,0.3271,0.0484,141,2356378179,lost,-0.35,1
17:33:36,JD100,1781629788,,3.861,DIGITOVER,3,0.6304,0.0300,179,2356379219,won,0.2,1
17:33:38,JD100,1781629789,,3.859,DIGITOVER,5,0.4304,0.0447,157,2356380679,won,0.48,1
17:33:40,JD100,1781629790,,3.859,DIGITOVER,5,0.4305,0.0448,214,2356381779,lost,-0.35,1
17:33:42,JD100,1781629791,,3.859,DIGITUNDER,4,0.4305,0.0448,164,2356382999,lost,-0.35,1
17:33:44,JD100,1781629792,,3.857,DIGITOVER,6,0.3273,0.0491,157,2356384079,won,0.75,1
17:33:47,JD100,1781629793,,3.857,DIGITOVER,5,0.4306,0.0450,149,2356386199,lost,-0.35,1
17:33:49,JD100,1781629794,,3.853,DIGITUNDER,7,0.7223,0.0140,138,2356387319,lost,-0.35,1
17:33:51,JD100,1781629795,,3.853,DIGITOVER,5,0.4307,0.0454,139,2356388519,lost,-0.35,1
17:33:53,JD100,1781629796,,3.854,DIGITUNDER,2,0.2190,0.0329,162,2356389519,lost,-0.35,1
17:33:55,JD100,1781629797,,3.851,DIGITUNDER,7,0.7223,0.0141,210,2356391139,won,0.12,1
17:33:57,JD100,1781629798,,3.852,DIGITUNDER,2,0.2190,0.0332,182,2356392279,lost,-0.35,1
17:33:59,JD100,1781629799,,3.850,DIGITOVER,6,0.3276,0.0500,164,2356394099,lost,-0.35,1
17:34:01,JD100,1781629800,,3.851,DIGITUNDER,7,0.7223,0.0141,170,2356395459,won,0.12,1
17:34:03,JD100,1781629801,,3.850,DIGITUNDER,4,0.4309,0.0457,227,2356397199,won,0.48,1
17:34:05,JD100,1781629802,,3.849,DIGITUNDER,6,0.6309,0.0310,238,2356398239,won,0.2,1
17:34:07,JD100,1781629803,,3.845,DIGITOVER,2,0.7225,0.0144,170,2356399639,won,0.12,1
17:34:09,JD100,1781629804,,3.845,DIGITOVER,3,0.6311,0.0313,173,2356400819,won,0.2,1
17:34:11,JD100,1781629805,,3.844,DIGITOVER,5,0.4312,0.0464,206,2356402019,lost,-0.35,1
17:34:13,JD100,1781629806,,3.844,DIGITUNDER,2,0.2193,0.0343,156,2356403119,lost,-0.35,1
17:34:15,JD100,1781629807,,3.844,DIGITOVER,6,0.3279,0.0509,173,2356404719,won,0.75,1
17:34:18,JD100,1781629808,,3.841,DIGITOVER,7,0.2193,0.0346,157,2356405639,won,1.3,1
17:34:20,JD100,1781629809,,3.847,DIGITOVER,6,0.3277,0.0504,143,2356407079,lost,-0.35,1
17:34:22,JD100,1781629810,,3.851,DIGITUNDER,2,0.2190,0.0333,199,2356408139,lost,-0.35,1
17:34:24,JD100,1781629811,,3.855,DIGITOVER,5,0.4307,0.0452,141,2356409359,lost,-0.35,1
17:34:26,JD100,1781629812,,3.857,DIGITUNDER,4,0.4306,0.0450,177,2356410739,lost,-0.35,1
17:34:28,JD100,1781629813,,3.856,DIGITUNDER,7,0.7221,0.0139,150,2356412199,won,0.12,1
17:34:30,JD100,1781629814,,3.856,DIGITOVER,2,0.7221,0.0139,156,2356413319,won,0.12,1
17:34:32,JD100,1781629815,,3.856,DIGITOVER,2,0.7221,0.0139,150,2356414919,won,0.12,1
17:34:34,JD100,1781629816,,3.855,DIGITOVER,6,0.3274,0.0494,150,2356415919,lost,-0.35,1
17:34:36,JD100,1781629817,,3.855,DIGITOVER,2,0.7222,0.0139,146,2356417439,lost,-0.35,1
17:34:38,JD100,1781629818,,3.858,DIGITUNDER,4,0.4305,0.0448,186,2356418459,lost,-0.35,1
17:34:40,JD100,1781629819,,3.861,DIGITOVER,6,0.3272,0.0486,270,2356419739,won,0.75,1
17:34:42,JD100,1781629820,,3.857,DIGITOVER,6,0.3273,0.0490,231,2356420799,lost,-0.35,1
17:34:45,JD100,1781629821,,3.858,DIGITOVER,2,0.7221,0.0138,170,2356422379,won,0.12,1
17:34:47,JD100,1781629822,,3.857,DIGITUNDER,6,0.6305,0.0303,174,2356423379,won,0.2,1
17:34:49,JD100,1781629823,,3.857,DIGITUNDER,7,0.7221,0.0138,197,2356424799,won,0.12,1
17:34:51,JD100,1781629824,,3.857,DIGITUNDER,6,0.6305,0.0303,180,2356425659,won,0.2,1
17:34:53,JD100,1781629825,,3.858,DIGITUNDER,2,0.2189,0.0324,153,2356427219,lost,-0.35,1
17:34:55,JD100,1781629826,,3.858,DIGITOVER,6,0.3273,0.0490,134,2356428039,won,0.75,1
17:34:57,JD100,1781629827,,3.857,DIGITOVER,6,0.3273,0.0491,141,2356429539,lost,-0.35,1
17:34:59,JD100,1781629828,,3.857,DIGITOVER,2,0.7221,0.0138,173,2356430579,won,0.12,1
17:35:01,JD100,1781629829,,3.855,DIGITOVER,5,0.4306,0.0452,144,2356432119,lost,-0.35,1
17:35:03,JD100,1781629830,,3.856,DIGITUNDER,6,0.6306,0.0304,166,2356433099,lost,-0.35,1
17:35:05,JD100,1781629831,,3.858,DIGITOVER,7,0.2189,0.0324,175,2356435139,lost,-0.35,1
17:35:07,JD100,1781629832,,3.858,DIGITUNDER,7,0.7221,0.0138,147,2356436539,won,0.12,1
17:35:09,JD100,1781629833,,3.855,DIGITUNDER,6,0.6306,0.0305,156,2356438039,won,0.2,1
17:35:12,JD100,1781629834,,3.854,DIGITUNDER,6,0.6307,0.0306,142,2356439039,won,0.2,1
17:35:14,JD100,1781629835,,3.854,DIGITUNDER,3,0.3275,0.0495,146,2356440539,lost,-0.35,1
17:35:16,JD100,1781629836,,3.854,DIGITOVER,2,0.7222,0.0140,164,2356441399,lost,-0.35,1
17:35:18,JD100,1781629837,,3.855,DIGITUNDER,3,0.3274,0.0493,177,2356442859,won,0.75,1
17:35:20,JD100,1781629838,,3.861,DIGITUNDER,4,0.4304,0.0445,180,2356444179,lost,-0.35,1
17:35:22,JD100,1781629839,,3.862,DIGITOVER,6,0.3271,0.0485,139,2356445839,lost,-0.35,1
17:35:24,JD100,1781629840,,3.862,DIGITUNDER,7,0.7219,0.0136,181,2356446859,won,0.12,1
17:35:27,JD100,1781629841,,3.862,DIGITUNDER,3,0.3219,0.0318,150,2356448239,lost,-0.35,1
17:35:29,JD100,1781629842,,3.864,DIGITUNDER,7,0.7219,0.0135,236,2356449579,won,0.12,1
17:35:31,JD100,1781629843,,3.866,DIGITUNDER,3,0.3269,0.0478,200,2356451179,lost,-0.35,1
17:35:33,JD100,1781629844,,3.867,DIGITOVER,2,0.7218,0.0134,167,2356452239,won,0.12,1
17:35:35,JD100,1781629845,,3.866,DIGITOVER,2,0.7218,0.0134,151,2356453879,lost,-0.35,1
17:35:37,JD100,1781629846,,3.865,DIGITUNDER,4,0.4302,0.0441,144,2356455099,lost,-0.35,1
17:35:39,JD100,1781629847,,3.866,DIGITOVER,3,0.6301,0.0297,152,2356456779,lost,-0.35,1
17:35:41,JD100,1781629848,,3.867,DIGITUNDER,3,0.3269,0.0477,201,2356458119,lost,-0.35,1
17:35:43,JD100,1781629849,,3.867,DIGITOVER,6,0.3218,0.0312,144,2356460499,lost,-0.35,1
17:35:45,JD100,1781629850,,3.868,DIGITUNDER,4,0.4300,0.0437,234,2356461679,won,0.48,1
17:35:47,JD100,1781629851,,3.875,DIGITUNDER,4,0.4297,0.0430,162,2356463079,won,0.48,1
17:35:49,JD100,1781629852,,3.875,DIGITUNDER,4,0.4297,0.0430,140,2356464879,lost,-0.35,1
17:35:51,JD100,1781629853,,3.874,DIGITOVER,3,0.6298,0.0291,177,2356466579,lost,-0.35,1
17:35:53,JD100,1781629854,,3.875,DIGITUNDER,3,0.3266,0.0467,146,2356467699,won,0.75,1
17:35:56,JD100,1781629855,,3.875,DIGITUNDER,3,0.3266,0.0467,157,2356469539,lost,-0.35,1
17:35:58,JD100,1781629856,,3.876,DIGITOVER,5,0.4297,0.0428,176,2356470839,won,0.48,1
17:36:00,JD100,1781629857,,3.879,DIGITOVER,6,0.3214,0.0300,153,2356472359,lost,-0.35,1
17:36:02,JD100,1781629858,,3.881,DIGITOVER,2,0.7213,0.0127,144,2356473339,lost,-0.35,1
17:36:04,JD100,1781629859,,3.880,DIGITUNDER,4,0.4295,0.0424,135,2356475339,lost,-0.35,1
17:36:06,JD100,1781629860,,3.880,DIGITOVER,3,0.6295,0.0286,174,2356476339,won,0.2,1
17:36:08,JD100,1781629861,,3.880,DIGITOVER,5,0.4295,0.0423,1068,2356479319,lost,-0.35,2
17:36:10,JD100,1781629863,,3.882,DIGITUNDER,3,0.3263,0.0458,142,2356481139,lost,-0.35,1
17:36:12,JD100,1781629864,,3.881,DIGITOVER,6,0.3264,0.0460,140,2356482519,won,0.75,1
17:36:14,JD100,1781629865,,3.880,DIGITOVER,6,0.3214,0.0299,153,2356484219,won,0.75,1
17:36:16,JD100,1781629866,,3.880,DIGITOVER,6,0.3214,0.0299,184,2356485379,lost,-0.35,1
17:36:19,JD100,1781629867,,3.880,DIGITOVER,3,0.6295,0.0286,147,2356487079,won,0.2,1
17:36:21,JD100,1781629868,,3.875,DIGITUNDER,7,0.7215,0.0130,158,2356488099,lost,-0.35,1
17:36:23,JD100,1781629869,,3.878,DIGITOVER,6,0.3265,0.0464,192,2356489519,won,0.75,1
17:36:25,JD100,1781629870,,3.881,DIGITOVER,6,0.3263,0.0459,192,2356490839,lost,-0.35,1
17:36:27,JD100,1781629871,,3.883,DIGITUNDER,6,0.6294,0.0284,161,2356492759,won,0.2,1
17:36:29,JD100,1781629872,,3.882,DIGITUNDER,6,0.6294,0.0284,212,2356493759,won,0.2,1
17:36:31,JD100,1781629873,,3.880,DIGITOVER,2,0.7213,0.0128,167,2356495439,won,0.12,1
17:36:33,JD100,1781629874,,3.878,DIGITUNDER,7,0.7214,0.0129,178,2356496019,won,0.12,1
17:36:35,JD100,1781629875,,3.877,DIGITUNDER,7,0.7214,0.0129,210,2356497439,lost,-0.35,1
17:36:37,JD100,1781629876,,3.877,DIGITOVER,5,0.4296,0.0427,188,2356498739,lost,-0.35,1
17:36:39,JD100,1781629877,,3.878,DIGITUNDER,6,0.6296,0.0287,174,2356500639,won,0.2,1
17:36:41,JD100,1781629878,,3.878,DIGITUNDER,6,0.6296,0.0287,164,2356501779,lost,-0.35,1
17:36:43,JD100,1781629879,,3.875,DIGITOVER,3,0.6297,0.0290,157,2356503239,won,0.2,1
17:36:45,JD100,1781629880,,3.875,DIGITOVER,2,0.7215,0.0130,239,2356504319,won,0.12,1
17:36:48,JD100,1781629881,,3.875,DIGITOVER,3,0.6297,0.0290,164,2356505619,won,0.2,1
17:36:50,JD100,1781629882,,3.874,DIGITOVER,6,0.3266,0.0468,179,2356507299,lost,-0.35,1
17:36:52,JD100,1781629883,,3.875,DIGITUNDER,6,0.6297,0.0289,158,2356508639,won,0.2,1
17:36:54,JD100,1781629884,,3.875,DIGITUNDER,4,0.4297,0.0429,167,2356509779,lost,-0.35,1
17:36:56,JD100,1781629885,,3.875,DIGITOVER,2,0.7215,0.0130,177,2356511759,lost,-0.35,1
17:36:58,JD100,1781629886,,3.875,DIGITUNDER,3,0.3266,0.0468,171,2356512999,lost,-0.35,1
17:37:00,JD100,1781629887,,3.876,DIGITOVER,2,0.7215,0.0130,173,2356514559,won,0.12,1
17:37:02,JD100,1781629888,,3.876,DIGITUNDER,7,0.7215,0.0130,131,2356515719,lost,-0.35,1
17:37:04,JD100,1781629889,,3.876,DIGITOVER,5,0.4297,0.0428,159,2356517419,lost,-0.35,1
17:37:06,JD100,1781629890,,3.874,DIGITOVER,2,0.7215,0.0130,179,2356518539,won,0.12,1
17:37:08,JD100,1781629891,,3.879,DIGITUNDER,7,0.7214,0.0128,170,2356520179,lost,-0.35,1
17:37:11,JD100,1781629892,,3.882,DIGITOVER,6,0.3263,0.0458,180,2356521299,lost,-0.35,1
17:37:13,JD100,1781629893,,3.883,DIGITUNDER,3,0.3263,0.0457,160,2356522699,lost,-0.35,1
17:37:15,JD100,1781629894,,3.883,DIGITUNDER,7,0.7212,0.0126,155,2356523979,won,0.12,1
17:37:17,JD100,1781629895,,3.883,DIGITUNDER,7,0.7212,0.0126,156,2356525279,won,0.12,1
17:37:19,JD100,1781629896,,3.883,DIGITUNDER,7,0.7213,0.0126,157,2356526419,won,0.12,1
17:37:21,JD100,1781629897,,3.882,DIGITUNDER,6,0.6294,0.0284,168,2356528079,lost,-0.35,1
17:37:23,JD100,1781629898,,3.885,DIGITOVER,5,0.4293,0.0419,189,2356529299,lost,-0.35,1
17:37:25,JD100,1781629899,,3.885,DIGITUNDER,6,0.6292,0.0282,156,2356531259,won,0.2,1
17:37:27,JD100,1781629900,,3.885,DIGITUNDER,4,0.4293,0.0418,211,2356532279,lost,-0.35,1
17:37:29,JD100,1781629901,,3.886,DIGITOVER,6,0.3212,0.0293,173,2356533579,lost,-0.35,1
17:37:31,JD100,1781629902,,3.884,DIGITUNDER,4,0.4293,0.0420,171,2356534699,lost,-0.35,1
17:37:33,JD100,1781629903,,3.884,DIGITOVER,6,0.3212,0.0295,184,2356536459,lost,-0.35,1
17:37:35,JD100,1781629904,,3.884,DIGITUNDER,3,0.3212,0.0295,197,2356537559,lost,-0.35,1
17:37:37,JD100,1781629905,,3.881,DIGITUNDER,6,0.6294,0.0285,167,2356539359,won,0.2,1
17:37:39,JD100,1781629906,,3.881,DIGITUNDER,4,0.4294,0.0422,169,2356540359,lost,-0.35,1
17:37:42,JD100,1781629907,,3.882,DIGITOVER,2,0.7213,0.0127,171,2356541519,won,0.12,1
17:37:44,JD100,1781629908,,3.882,DIGITUNDER,6,0.6294,0.0284,164,2356542279,won,0.2,1
17:37:46,JD100,1781629909,,3.882,DIGITOVER,2,0.7213,0.0127,163,2356543819,won,0.12,1
17:37:48,JD100,1781629910,,3.882,DIGITOVER,5,0.4294,0.0421,258,2356545079,won,0.48,1
17:37:50,JD100,1781629911,,3.878,DIGITOVER,5,0.4296,0.0426,170,2356546739,won,0.48,1
17:37:52,JD100,1781629912,,3.878,DIGITOVER,3,0.6296,0.0288,156,2356547679,won,0.2,1
17:37:54,JD100,1781629913,,3.877,DIGITOVER,6,0.3265,0.0464,143,2356549299,lost,-0.35,1
17:37:56,JD100,1781629914,,3.882,DIGITOVER,3,0.6294,0.0284,163,2356550459,won,0.2,1
17:37:58,JD100,1781629915,,3.882,DIGITOVER,6,0.3213,0.0297,180,2356551679,won,0.75,1
17:38:00,JD100,1781629916,,3.882,DIGITOVER,5,0.4294,0.0421,153,2356552579,lost,-0.35,1
17:38:02,JD100,1781629917,,3.884,DIGITUNDER,3,0.3262,0.0456,189,2356554259,won,0.75,1
17:38:04,JD100,1781629918,,3.883,DIGITUNDER,3,0.3263,0.0457,293,2356555059,lost,-0.35,1
17:38:06,JD100,1781629919,,3.883,DIGITOVER,6,0.3262,0.0456,251,2356556899,won,0.75,1
17:38:09,JD100,1781629920,,3.883,DIGITOVER,5,0.4293,0.0420,307,2356558339,won,0.48,1
17:38:11,JD100,1781629921,,3.881,DIGITOVER,5,0.4294,0.0422,284,2356559999,lost,-0.35,1
17:38:13,JD100,1781629922,,3.883,DIGITUNDER,4,0.4294,0.0421,660,2356561679,lost,-0.35,1
17:38:15,JD100,1781629923,,3.883,DIGITOVER,6,0.3263,0.0457,140,2356562339,lost,-0.35,1
17:38:17,JD100,1781629924,,3.882,DIGITUNDER,3,0.3213,0.0297,181,2356563579,lost,-0.35,1
17:38:19,JD100,1781629925,,3.885,DIGITOVER,5,0.4293,0.0419,168,2356564959,won,0.48,1
17:38:21,JD100,1781629926,,3.885,DIGITOVER,6,0.3212,0.0294,183,2356566019,lost,-0.35,1
17:38:23,JD100,1781629927,,3.887,DIGITOVER,2,0.7211,0.0124,266,2356567559,won,0.12,1
17:38:25,JD100,1781629928,,3.887,DIGITUNDER,7,0.7211,0.0125,137,2356568539,won,0.12,1
17:38:27,JD100,1781629929,,3.887,DIGITOVER,3,0.6292,0.0281,160,2356570259,won,0.2,1
17:38:29,JD100,1781629930,,3.887,DIGITOVER,5,0.4292,0.0416,177,2356571139,won,0.48,1
17:38:31,JD100,1781629931,,3.886,DIGITOVER,6,0.3211,0.0292,178,2356572519,lost,-0.35,1
17:38:33,JD100,1781629932,,3.888,DIGITOVER,2,0.7211,0.0124,171,2356573919,won,0.12,1
17:38:35,JD100,1781629933,,3.888,DIGITOVER,5,0.4292,0.0416,196,2356575259,won,0.48,1
17:38:37,JD100,1781629934,,3.892,DIGITOVER,3,0.6289,0.0277,158,2356576019,won,0.2,1
17:38:39,JD100,1781629935,,3.892,DIGITOVER,2,0.7210,0.0122,154,2356577539,won,0.12,1
17:38:42,JD100,1781629936,,3.891,DIGITOVER,2,0.7210,0.0123,192,2356578799,won,0.12,1
17:38:44,JD100,1781629937,,3.893,DIGITOVER,6,0.3259,0.0444,221,2356580399,lost,-0.35,1
17:38:46,JD100,1781629938,,3.893,DIGITUNDER,3,0.3209,0.0286,165,2356581339,won,0.75,1
17:38:48,JD100,1781629939,,3.893,DIGITUNDER,4,0.4289,0.0410,210,2356583259,lost,-0.35,1
17:38:50,JD100,1781629940,,3.894,DIGITOVER,3,0.6289,0.0275,265,2356584439,won,0.2,1
17:38:52,JD100,1781629941,,3.894,DIGITOVER,3,0.6289,0.0276,154,2356585879,lost,-0.35,1
17:38:54,JD100,1781629942,,3.894,DIGITUNDER,4,0.4289,0.0408,139,2356587119,lost,-0.35,1
17:38:56,JD100,1781629943,,3.892,DIGITOVER,6,0.3210,0.0287,169,2356588339,lost,-0.35,1
17:38:58,JD100,1781629944,,3.892,DIGITUNDER,3,0.3259,0.0445,138,2356589479,lost,-0.35,1
17:39:00,JD100,1781629945,,3.894,DIGITOVER,2,0.7209,0.0121,179,2356590839,lost,-0.35,1
17:39:02,JD100,1781629946,,3.896,DIGITUNDER,3,0.3208,0.0282,155,2356591899,lost,-0.35,1
17:39:05,JD100,1781629947,,3.897,DIGITUNDER,7,0.7208,0.0120,164,2356593399,lost,-0.35,1
17:39:07,JD100,1781629948,,3.898,DIGITOVER,6,0.3208,0.0280,190,2356594739,won,0.75,1
17:39:09,JD100,1781629949,,3.898,DIGITOVER,6,0.3208,0.0280,143,2356596439,lost,-0.35,1
17:39:11,JD100,1781629950,,3.899,DIGITOVER,3,0.6287,0.0272,160,2356597519,won,0.2,1
17:39:13,JD100,1781629951,,3.898,DIGITOVER,3,0.6287,0.0273,150,2356599159,won,0.2,1
17:39:15,JD100,1781629952,,3.899,DIGITOVER,6,0.3207,0.0280,161,2356600139,lost,-0.35,1
17:39:17,JD100,1781629953,,3.897,DIGITOVER,3,0.6287,0.0273,170,2356601479,lost,-0.35,1
17:39:19,JD100,1781629954,,3.898,DIGITUNDER,3,0.3257,0.0437,172,2356602979,lost,-0.35,1
17:39:21,JD100,1781629955,,3.901,DIGITOVER,6,0.3255,0.0433,161,2356604639,won,0.75,1
17:39:23,JD100,1781629957,,3.897,DIGITUNDER,3,0.3208,0.0282,651,2356607479,lost,-0.35,1
17:39:25,JD100,1781629959,,3.887,DIGITOVER,5,0.4292,0.0416,1848,2356612699,lost,-0.35,3
17:39:27,JD100,1781629961,,3.889,DIGITUNDER,3,0.3260,0.0449,365,2356613459,won,0.75,1
17:39:29,JD100,1781629962,,3.888,DIGITUNDER,3,0.3211,0.0291,236,2356614139,won,0.75,1
17:39:31,JD100,1781629963,,3.887,DIGITUNDER,3,0.3211,0.0291,227,2356615099,lost,-0.35,1
17:39:33,JD100,1781629964,,3.889,DIGITOVER,2,0.7211,0.0124,172,2356616139,won,0.12,1
17:39:36,JD100,1781629966,,3.890,DIGITOVER,5,0.4290,0.0413,146,2356618719,lost,-0.35,1
17:39:38,JD100,1781629967,,3.887,DIGITUNDER,4,0.4292,0.0416,366,2356620099,lost,-0.35,1
17:39:40,JD100,1781629968,,3.887,DIGITUNDER,7,0.7211,0.0124,167,2356621059,won,0.12,1
17:39:42,JD100,1781629969,,3.886,DIGITUNDER,3,0.3211,0.0293,238,2356622539,lost,-0.35,1
17:39:44,JD100,1781629970,,3.886,DIGITOVER,6,0.3211,0.0292,357,2356623559,lost,-0.35,1
17:39:46,JD100,1781629971,,3.889,DIGITUNDER,4,0.4291,0.0414,165,2356625099,lost,-0.35,1
17:39:48,JD100,1781629973,,3.892,DIGITOVER,2,0.7210,0.0122,1190,2356627339,won,0.12,1
17:39:50,JD100,1781629975,,3.890,DIGITOVER,5,0.4290,0.0413,458,2356633079,lost,-0.35,1
17:39:52,JD100,1781629977,,3.890,DIGITOVER,6,0.3210,0.0289,238,2356639179,lost,-0.35,1
17:39:54,JD100,1781629978,,3.890,DIGITOVER,3,0.6290,0.0279,281,2356640519,won,0.2,1
17:39:56,JD100,1781629979,,3.891,DIGITOVER,6,0.3210,0.0288,135,2356642099,lost,-0.35,1
17:39:58,JD100,1781629981,,3.889,DIGITUNDER,7,0.7210,0.0123,276,2356644439,lost,-0.35,1
17:40:01,JD100,1781629982,,3.889,DIGITOVER,5,0.4291,0.0414,433,2356645779,won,0.48,1
17:40:03,JD100,1781629983,,3.889,DIGITOVER,6,0.3210,0.0289,300,2356646779,won,0.75,1
17:40:05,JD100,1781629984,,3.890,DIGITOVER,5,0.4291,0.0413,185,2356647739,won,0.48,1
17:40:08,JD100,1781629985,,3.890,DIGITOVER,6,0.3260,0.0448,137,2356649259,lost,-0.35,1
17:40:10,JD100,1781629986,,3.889,DIGITUNDER,4,0.4291,0.0414,300,2356650159,lost,-0.35,1
17:40:12,JD100,1781629988,,3.890,DIGITOVER,6,0.3260,0.0448,480,2356653259,won,0.75,1
17:40:14,JD100,1781629989,,3.889,DIGITOVER,6,0.3260,0.0448,153,2356654159,won,0.75,1
17:40:16,JD100,1781629990,,3.887,DIGITOVER,6,0.3261,0.0452,169,2356655079,lost,-0.35,1
17:40:18,JD100,1781629991,,3.887,DIGITUNDER,3,0.3261,0.0451,209,2356656499,lost,-0.35,1
17:40:20,JD100,1781629992,,3.888,DIGITOVER,3,0.6291,0.0280,361,2356657759,lost,-0.35,1
17:40:22,JD100,1781629993,,3.888,DIGITUNDER,6,0.6291,0.0280,232,2356658939,won,0.2,1
17:40:24,JD100,1781629994,,3.888,DIGITUNDER,6,0.6291,0.0280,399,2356660319,won,0.2,1
17:40:26,JD100,1781629995,,3.888,DIGITOVER,2,0.7211,0.0124,184,2356661339,won,0.12,1
17:40:28,JD100,1781629996,,3.888,DIGITOVER,6,0.3211,0.0291,141,2356662219,lost,-0.35,1
17:40:30,JD100,1781629997,,3.891,DIGITUNDER,4,0.4290,0.0412,161,2356663939,won,0.48,1
17:40:33,JD100,1781629998,,3.891,DIGITUNDER,3,0.3259,0.0446,243,2356665019,won,0.75,1
17:40:35,JD100,1781629999,,3.891,DIGITUNDER,3,0.3210,0.0288,371,2356666679,lost,-0.35,1
17:40:37,JD100,1781630000,,3.889,DIGITUNDER,6,0.6291,0.0279,162,2356667479,won,0.2,1
17:40:39,JD100,1781630001,,3.888,DIGITUNDER,6,0.6291,0.0280,183,2356669219,won,0.2,1
17:40:41,JD100,1781630002,,3.888,DIGITUNDER,4,0.4291,0.0415,156,2356670219,lost,-0.35,1
17:40:43,JD100,1781630003,,3.889,DIGITOVER,5,0.4291,0.0414,183,2356671379,lost,-0.35,1
17:40:45,JD100,1781630004,,3.888,DIGITOVER,2,0.7211,0.0124,153,2356672259,lost,-0.35,1
17:40:47,JD100,1781630005,,3.888,DIGITUNDER,4,0.4291,0.0415,424,2356674239,lost,-0.35,1
17:40:49,JD100,1781630006,,3.889,DIGITOVER,3,0.6291,0.0279,3422,2356679359,won,0.2,4
17:40:51,JD100,1781630010,,3.892,DIGITOVER,6,0.3259,0.0446,152,2356680239,lost,-0.35,1
17:40:53,JD100,1781630012,,3.894,DIGITOVER,6,0.3209,0.0284,382,2356682999,lost,-0.35,1
17:40:55,JD100,1781630013,,3.895,DIGITUNDER,6,0.6288,0.0275,217,2356684199,lost,-0.35,1
17:40:57,JD100,1781630014,,3.899,DIGITOVER,3,0.6287,0.0272,379,2356685779,lost,-0.35,1
17:40:59,JD100,1781630015,,3.899,DIGITUNDER,3,0.3207,0.0279,190,2356687159,lost,-0.35,1
17:41:01,JD100,1781630016,,3.901,DIGITUNDER,7,0.7207,0.0118,136,2356688279,won,0.12,1
17:41:04,JD100,1781630017,,3.901,DIGITOVER,3,0.6286,0.0271,199,2356689559,lost,-0.35,1
17:41:06,JD100,1781630018,,3.901,DIGITUNDER,3,0.3207,0.0277,136,2356690499,won,0.75,1
17:41:08,JD100,1781630019,,3.901,DIGITUNDER,3,0.3207,0.0278,1185,2356692839,lost,-0.35,2
17:41:10,JD100,1781630021,,3.898,DIGITOVER,2,0.7208,0.0119,162,2356694439,won,0.12,1
17:41:12,JD100,1781630022,,3.896,DIGITUNDER,7,0.7208,0.0121,563,2356696779,won,0.12,1
17:41:14,JD100,1781630025,,3.895,DIGITOVER,3,0.6288,0.0275,164,2356699519,won,0.2,1
17:41:16,JD100,1781630026,,3.895,DIGITOVER,5,0.4288,0.0407,151,2356700619,lost,-0.35,1
17:41:18,JD100,1781630027,,3.894,DIGITUNDER,7,0.7209,0.0121,159,2356701719,won,0.12,1
17:41:20,JD100,1781630028,,3.894,DIGITUNDER,6,0.6289,0.0276,411,2356703119,won,0.2,1
17:41:22,JD100,1781630029,,3.890,DIGITUNDER,7,0.7210,0.0123,514,2356703999,lost,-0.35,1
17:41:24,JD100,1781630030,,3.891,DIGITOVER,5,0.4290,0.0412,238,2356704959,lost,-0.35,1
17:41:26,JD100,1781630031,,3.893,DIGITUNDER,6,0.6289,0.0276,178,2356706279,won,0.2,1
17:41:28,JD100,1781630032,,3.893,DIGITUNDER,7,0.7209,0.0122,176,2356707479,won,0.12,1
17:41:30,JD100,1781630033,,3.894,DIGITUNDER,4,0.4289,0.0409,165,2356709419,won,0.48,1
17:41:32,JD100,1781630034,,3.893,DIGITUNDER,4,0.4289,0.0409,157,2356710539,won,0.48,1
17:41:35,JD100,1781630035,,3.893,DIGITUNDER,3,0.3258,0.0443,175,2356711839,lost,-0.35,1
17:41:37,JD100,1781630036,,3.893,DIGITUNDER,6,0.6289,0.0276,173,2356712899,won,0.2,1
17:41:39,JD100,1781630037,,3.891,DIGITUNDER,3,0.3259,0.0446,202,2356714459,lost,-0.35,1
17:41:41,JD100,1781630038,,3.891,DIGITOVER,6,0.3210,0.0287,174,2356715579,lost,-0.35,1
17:41:43,JD100,1781630039,,3.891,DIGITUNDER,3,0.3259,0.0446,913,2356718359,won,0.75,1
17:41:45,JD100,1781630040,,3.890,DIGITUNDER,3,0.3210,0.0289,129,2356718559,lost,-0.35,1
17:41:47,JD100,1781630041,,3.890,DIGITOVER,5,0.4291,0.0413,172,2356720239,won,0.48,1
17:41:49,JD100,1781630042,,3.890,DIGITOVER,6,0.3210,0.0289,175,2356721539,lost,-0.35,1
17:41:51,JD100,1781630043,,3.892,DIGITUNDER,4,0.4289,0.0410,165,2356723019,lost,-0.35,1
17:41:53,JD100,1781630044,,3.891,DIGITUNDER,7,0.7210,0.0122,172,2356724039,lost,-0.35,1
17:41:55,JD100,1781630045,,3.893,DIGITOVER,6,0.3209,0.0286,160,2356725739,won,0.75,1
17:41:57,JD100,1781630046,,3.897,DIGITOVER,5,0.4287,0.0405,173,2356727699,lost,-0.35,1
17:41:59,JD100,1781630047,,3.897,DIGITUNDER,7,0.7208,0.0120,160,2356729259,lost,-0.35,1
17:42:02,JD100,1781630048,,3.898,DIGITOVER,6,0.3257,0.0438,176,2356730279,lost,-0.35,1
17:42:04,JD100,1781630049,,3.899,DIGITUNDER,3,0.3256,0.0437,151,2356731859,won,0.75,1
17:42:06,JD100,1781630050,,3.898,DIGITUNDER,4,0.4287,0.0404,173,2356733079,won,0.48,1
17:42:08,JD100,1781630051,,3.898,DIGITUNDER,3,0.3208,0.0280,172,2356734919,won,0.75,1
17:42:10,JD100,1781630052,,3.897,DIGITUNDER,3,0.3208,0.0282,229,2356736019,won,0.75,1
17:42:12,JD100,1781630053,,3.902,DIGITUNDER,3,0.3206,0.0276,150,2356737459,lost,-0.35,1
17:42:14,JD100,1781630054,,3.900,DIGITOVER,2,0.7207,0.0118,250,2356738559,won,0.12,1
17:42:16,JD100,1781630055,,3.900,DIGITOVER,3,0.6286,0.0271,168,2356740179,won,0.2,1
17:42:18,JD100,1781630056,,3.903,DIGITOVER,6,0.3206,0.0275,204,2356741699,lost,-0.35,1
17:42:21,JD100,1781630057,,3.905,DIGITUNDER,7,0.7206,0.0117,160,2356743279,lost,-0.35,1
17:42:23,JD100,1781630058,,3.904,DIGITOVER,5,0.4284,0.0398,163,2356744219,lost,-0.35,1
17:42:25,JD100,1781630059,,3.901,DIGITUNDER,3,0.3207,0.0277,173,2356745559,lost,-0.35,1
17:42:27,JD100,1781630060,,3.902,DIGITOVER,5,0.4285,0.0400,317,2356746519,won,0.48,1
17:42:29,JD100,1781630061,,3.902,DIGITOVER,5,0.4285,0.0400,152,2356747699,lost,-0.35,1
17:42:31,JD100,1781630062,,3.902,DIGITUNDER,3,0.3206,0.0276,159,2356748959,won,0.75,1
17:42:33,JD100,1781630063,,3.902,DIGITUNDER,3,0.3206,0.0276,158,2356750619,won,0.75,1
17:42:35,JD100,1781630064,,3.905,DIGITUNDER,4,0.4284,0.0397,169,2356751639,lost,-0.35,1
17:42:37,JD100,1781630065,,3.906,DIGITOVER,6,0.3205,0.0273,159,2356753139,won,0.75,1
17:42:39,JD100,1781630066,,3.904,DIGITOVER,6,0.3206,0.0274,163,2356754379,lost,-0.35,1
17:42:41,JD100,1781630067,,3.903,DIGITUNDER,4,0.4285,0.0399,185,2356755719,lost,-0.35,1
17:42:43,JD100,1781630068,,3.904,DIGITOVER,3,0.6284,0.0269,155,2356756739,lost,-0.35,1
17:42:45,JD100,1781630069,,3.905,DIGITUNDER,3,0.3205,0.0273,152,2356758219,won,0.75,1
17:42:47,JD100,1781630070,,3.933,DIGITUNDER,3,0.3197,0.0245,148,2356759399,lost,-0.35,1
17:42:50,JD100,1781630071,,3.933,DIGITOVER,6,0.3197,0.0245,140,2356760699,lost,-0.35,1
17:42:52,JD100,1781630072,,3.937,DIGITUNDER,3,0.3242,0.0390,158,2356761759,won,0.75,1
17:42:54,JD100,1781630073,,3.937,DIGITUNDER,3,0.3242,0.0390,170,2356763119,lost,-0.35,1
17:42:56,JD100,1781630074,,3.937,DIGITOVER,5,0.4270,0.0364,160,2356763879,lost,-0.35,1
17:42:58,JD100,1781630075,,3.938,DIGITUNDER,6,0.6270,0.0245,150,2356765339,won,0.2,1
17:43:00,JD100,1781630076,,3.936,DIGITUNDER,3,0.3242,0.0391,168,2356766399,won,0.75,1
17:43:02,JD100,1781630077,,3.936,DIGITUNDER,4,0.4271,0.0365,172,2356767859,lost,-0.35,1
17:43:04,JD100,1781630078,,3.938,DIGITOVER,5,0.4270,0.0363,227,2356768699,lost,-0.35,1
17:43:06,JD100,1781630079,,3.940,DIGITUNDER,7,0.7194,0.0101,170,2356770199,won,0.12,1
17:43:08,JD100,1781630080,,3.940,DIGITUNDER,7,0.7195,0.0101,164,2356771299,lost,-0.35,1
17:43:10,JD100,1781630081,,3.940,DIGITOVER,5,0.4269,0.0361,171,2356772659,won,0.48,1
17:43:12,JD100,1781630082,,3.939,DIGITOVER,5,0.4269,0.0361,200,2356773299,won,0.48,1
17:43:15,JD100,1781630083,,3.940,DIGITOVER,3,0.6269,0.0244,176,2356774759,won,0.2,1
17:43:17,JD100,1781630084,,3.936,DIGITOVER,3,0.6270,0.0246,174,2356775659,won,0.2,1
17:43:19,JD100,1781630085,,3.936,DIGITOVER,6,0.3196,0.0242,157,2356777199,won,0.75,1
17:43:21,JD100,1781630086,,3.935,DIGITOVER,6,0.3196,0.0243,166,2356778699,lost,-0.35,1
17:43:23,JD100,1781630087,,3.939,DIGITUNDER,3,0.3241,0.0387,190,2356779919,won,0.75,1
17:43:25,JD100,1781630088,,3.943,DIGITUNDER,3,0.3194,0.0235,165,2356780939,lost,-0.35,1
17:43:27,JD100,1781630090,,3.942,DIGITUNDER,4,0.4268,0.0359,197,2356783399,won,0.48,1
17:43:29,JD100,1781630091,,3.940,DIGITUNDER,3,0.3240,0.0385,151,2356784779,lost,-0.35,1
17:43:31,JD100,1781630092,,3.939,DIGITOVER,6,0.3195,0.0240,185,2356786279,won,0.75,1
17:43:33,JD100,1781630093,,3.939,DIGITOVER,5,0.4269,0.0362,160,2356787559,won,0.48,1
17:43:35,JD100,1781630094,,3.939,DIGITOVER,6,0.3241,0.0387,168,2356788539,won,0.75,1
17:43:37,JD100,1781630095,,3.938,DIGITOVER,6,0.3241,0.0388,179,2356790019,won,0.75,1
17:43:39,JD100,1781630096,,3.937,DIGITOVER,6,0.3195,0.0241,166,2356791139,won,0.75,1
17:43:41,JD100,1781630097,,3.937,DIGITOVER,6,0.3242,0.0390,294,2356792479,lost,-0.35,1
17:43:44,JD100,1781630098,,3.938,DIGITUNDER,7,0.7195,0.0102,210,2356793519,won,0.12,1
17:43:46,JD100,1781630099,,3.937,DIGITUNDER,4,0.4270,0.0363,144,2356794899,won,0.48,1
17:43:48,JD100,1781630100,,3.935,DIGITUNDER,3,0.3242,0.0392,155,2356795979,won,0.75,1
17:43:50,JD100,1781630101,,3.935,DIGITUNDER,3,0.3196,0.0244,281,2356797819,lost,-0.35,1
17:43:52,JD100,1781630102,,3.933,DIGITOVER,6,0.3243,0.0394,206,2356798859,won,0.75,1
17:43:54,JD100,1781630103,,3.932,DIGITOVER,6,0.3197,0.0246,393,2356800639,lost,-0.35,1
17:43:56,JD100,1781630104,,3.934,DIGITUNDER,7,0.7196,0.0104,182,2356801739,lost,-0.35,1
17:43:58,JD100,1781630105,,3.934,DIGITOVER,5,0.4271,0.0366,127,2356802959,won,0.48,1
17:44:00,JD100,1781630106,,3.935,DIGITOVER,6,0.3196,0.0244,152,2356804219,lost,-0.35,1
17:44:02,JD100,1781630107,,3.935,DIGITOVER,2,0.7196,0.0103,158,2356805779,won,0.12,1
17:44:04,JD100,1781630108,,3.935,DIGITOVER,6,0.3196,0.0244,237,2356806819,lost,-0.35,1
17:44:06,JD100,1781630109,,3.938,DIGITUNDER,4,0.4270,0.0363,175,2356808339,won,0.48,1
17:44:08,JD100,1781630110,,3.941,DIGITUNDER,3,0.3194,0.0237,199,2356809299,lost,-0.35,1
17:44:10,JD100,1781630111,,3.944,DIGITOVER,3,0.6267,0.0241,145,2356811039,won,0.2,1
17:44:12,JD100,1781630112,,3.941,DIGITOVER,3,0.6268,0.0243,173,2356812059,lost,-0.35,1
17:44:15,JD100,1781630113,,3.942,DIGITUNDER,6,0.6268,0.0242,137,2356814079,lost,-0.35,1
17:44:17,JD100,1781630114,,3.942,DIGITOVER,6,0.3194,0.0237,191,2356814859,lost,-0.35,1
17:44:19,JD100,1781630117,,3.946,DIGITUNDER,3,0.3193,0.0233,168,2356818519,lost,-0.35,1
17:44:21,JD100,1781630119,,3.944,DIGITOVER,6,0.3239,0.0381,164,2356820839,lost,-0.35,1
17:44:23,JD100,1781630120,,3.945,DIGITUNDER,3,0.3193,0.0234,222,2356821979,lost,-0.35,1
17:44:25,JD100,1781630121,,3.947,DIGITOVER,5,0.4266,0.0354,162,2356823279,lost,-0.35,1
17:44:27,JD100,1781630123,,3.947,DIGITOVER,6,0.3238,0.0378,208,2356825719,won,0.75,1
17:44:29,JD100,1781630124,,3.944,DIGITOVER,6,0.3193,0.0234,165,2356827059,lost,-0.35,1
17:44:31,JD100,1781630126,,3.950,DIGITOVER,3,0.6265,0.0237,143,2356829659,won,0.2,1
17:44:33,JD100,1781630127,,3.948,DIGITOVER,3,0.6266,0.0238,133,2356831039,won,0.2,1
17:44:35,JD100,1781630128,,3.947,DIGITOVER,5,0.4266,0.0353,172,2356831759,won,0.48,1
17:44:37,JD100,1781630129,,3.947,DIGITOVER,3,0.6266,0.0239,148,2356833299,won,0.2,1
17:44:39,JD100,1781630130,,3.947,DIGITOVER,5,0.4266,0.0353,171,2356834399,lost,-0.35,1
17:44:41,JD100,1781630132,,3.947,DIGITUNDER,6,0.6266,0.0239,228,2356836759,won,0.2,1
17:44:44,JD100,1781630133,,3.946,DIGITUNDER,6,0.6266,0.0239,149,2356838459,lost,-0.35,1
17:44:46,JD100,1781630134,,3.947,DIGITOVER,6,0.3238,0.0377,177,2356839579,won,0.75,1
17:44:48,JD100,1781630135,,3.947,DIGITOVER,6,0.3192,0.0232,142,2356840679,lost,-0.35,1
17:44:50,JD100,1781630136,,3.947,DIGITOVER,3,0.6266,0.0239,355,2356841819,lost,-0.35,1
17:44:52,JD100,1781630137,,3.945,DIGITUNDER,6,0.6267,0.0240,207,2356843559,won,0.2,1
17:44:54,JD100,1781630138,,3.944,DIGITUNDER,3,0.3193,0.0235,155,2356844419,lost,-0.35,1
17:44:56,JD100,1781630139,,3.944,DIGITOVER,5,0.4267,0.0356,153,2356845939,lost,-0.35,1
17:44:58,JD100,1781630142,,3.943,DIGITUNDER,3,0.3239,0.0382,191,2356849639,lost,-0.35,1
17:45:00,JD100,1781630143,,3.943,DIGITOVER,5,0.4267,0.0357,219,2356851279,lost,-0.35,1
17:45:02,JD100,1781630144,,3.944,DIGITUNDER,6,0.6267,0.0240,194,2356852399,lost,-0.35,1
17:45:04,JD100,1781630145,,3.953,DIGITOVER,4,0.5301,0.0353,186,2356853999,won,0.31,1
17:45:06,JD100,1781630147,,3.954,DIGITOVER,5,0.4187,0.0161,159,2356856359,won,0.48,1
17:45:08,JD100,1781630148,,3.954,DIGITOVER,5,0.4187,0.0161,191,2356857679,won,0.48,1
17:45:10,JD100,1781630149,,3.954,DIGITOVER,3,0.6274,0.0251,249,2356858939,won,0.2,1
17:45:13,JD100,1781630151,,3.953,DIGITOVER,3,0.6274,0.0251,191,2356860819,won,0.2,1
17:45:15,JD100,1781630152,,3.952,DIGITOVER,4,0.5301,0.0353,181,2356861859,lost,-0.35,1
17:45:17,JD100,1781630153,,3.953,DIGITUNDER,5,0.5301,0.0353,171,2356863439,won,0.31,1
17:45:19,JD100,1781630154,,3.951,DIGITUNDER,7,0.7214,0.0128,171,2356864279,won,0.12,1
17:45:21,JD100,1781630157,,3.949,DIGITOVER,5,0.4265,0.0351,153,2356868399,won,0.48,1
17:45:23,JD100,1781630158,,3.945,DIGITOVER,3,0.6267,0.0240,154,2356869419,won,0.2,1
17:45:25,JD100,1781630160,,3.938,DIGITUNDER,7,0.7195,0.0102,229,2356872359,won,0.12,1
17:45:27,JD100,1781630161,,3.941,DIGITUNDER,3,0.3240,0.0385,164,2356873659,won,0.75,1
17:45:29,JD100,1781630162,,3.941,DIGITUNDER,3,0.3194,0.0238,189,2356874519,won,0.75,1
17:45:31,JD100,1781630163,,3.941,DIGITUNDER,3,0.3194,0.0238,171,2356875859,lost,-0.35,1
17:45:33,JD100,1781630164,,3.941,DIGITOVER,6,0.3240,0.0385,207,2356876979,lost,-0.35,1
17:45:35,JD100,1781630165,,3.942,DIGITUNDER,6,0.6268,0.0242,148,2356878199,lost,-0.35,1
17:45:37,JD100,1781630166,,3.943,DIGITOVER,6,0.3239,0.0382,147,2356879219,lost,-0.35,1
17:45:39,JD100,1781630167,,3.945,DIGITUNDER,6,0.6267,0.0240,182,2356880659,lost,-0.35,1
17:45:42,JD100,1781630168,,3.949,DIGITOVER,3,0.6265,0.0237,144,2356881499,won,0.2,1
17:45:44,JD100,1781630169,,3.948,DIGITOVER,5,0.4265,0.0352,227,2356882959,lost,-0.35,1
17:45:46,JD100,1781630171,,3.950,DIGITOVER,6,0.3237,0.0374,168,2356885399,lost,-0.35,1
17:45:48,JD100,1781630172,,3.950,DIGITUNDER,7,0.7214,0.0128,172,2356886259,lost,-0.35,1
17:45:50,JD100,1781630173,,3.951,DIGITUNDER,2,0.2178,0.0276,170,2356887719,lost,-0.35,1
17:45:52,JD100,1781630174,,3.950,DIGITUNDER,5,0.5301,0.0353,161,2356888899,lost,-0.35,1
17:45:54,JD100,1781630175,,3.953,DIGITOVER,5,0.4187,0.0161,153,2356890359,lost,-0.35,1
17:45:56,JD100,1781630176,,3.950,DIGITUNDER,3,0.3205,0.0273,169,2356891539,lost,-0.35,1
17:45:58,JD100,1781630177,,3.950,DIGITOVER,6,0.3192,0.0229,170,2356892879,lost,-0.35,1
17:46:00,JD100,1781630179,,3.956,DIGITOVER,5,0.4187,0.0161,138,2356895279,won,0.48,1
17:46:02,JD100,1781630180,,3.960,DIGITOVER,3,0.6274,0.0251,188,2356895959,won,0.2,1
17:46:04,JD100,1781630182,,3.959,DIGITOVER,3,0.6274,0.0251,170,2356898079,won,0.2,1
17:46:06,JD100,1781630183,,3.959,DIGITOVER,3,0.6274,0.0251,170,2356899359,lost,-0.35,1
17:46:09,JD100,1781630184,,3.960,DIGITUNDER,4,0.4247,0.0307,162,2356900419,lost,-0.35,1
17:46:11,JD100,1781630185,,3.955,DIGITUNDER,2,0.2178,0.0276,204,2356901839,lost,-0.35,1
17:46:13,JD100,1781630186,,3.953,DIGITOVER,4,0.5301,0.0353,166,2356902799,lost,-0.35,1
17:46:15,JD100,1781630187,,3.954,DIGITUNDER,7,0.7214,0.0128,159,2356904479,won,0.12,1
17:46:17,JD100,1781630188,,3.957,DIGITUNDER,4,0.4247,0.0307,168,2356905559,lost,-0.35,1
17:46:19,JD100,1781630189,,3.958,DIGITOVER,4,0.5301,0.0353,144,2356907239,won,0.31,1
17:46:21,JD100,1781630190,,3.958,DIGITOVER,4,0.5301,0.0353,153,2356908579,won,0.31,1
17:46:23,JD100,1781630193,,3.952,DIGITUNDER,4,0.4247,0.0307,157,2356912539,lost,-0.35,1
17:46:25,JD100,1781630194,,3.953,DIGITOVER,5,0.4187,0.0161,179,2356913659,won,0.48,1
17:46:27,JD100,1781630195,,3.949,DIGITOVER,3,0.6265,0.0238,152,2356915099,won,0.2,1
17:46:29,JD100,1781630196,,3.948,DIGITOVER,6,0.3238,0.0377,170,2356916319,lost,-0.35,1
17:46:31,JD100,1781630198,,3.953,DIGITUNDER,6,0.6301,0.0296,162,2356918779,lost,-0.35,1
17:46:33,JD100,1781630199,,3.953,DIGITOVER,5,0.4187,0.0161,136,2356920359,lost,-0.35,1
17:46:35,JD100,1781630200,,3.953,DIGITUNDER,4,0.4247,0.0307,247,2356921299,won,0.48,1
17:46:37,JD100,1781630201,,3.953,DIGITUNDER,5,0.5301,0.0353,173,2356922879,won,0.31,1
17:46:39,JD100,1781630202,,3.952,DIGITUNDER,4,0.4247,0.0307,164,2356923879,lost,-0.35,1
17:46:42,JD100,1781630203,,3.949,DIGITOVER,6,0.3192,0.0230,250,2356925179,won,0.75,1
17:46:44,JD100,1781630204,,3.947,DIGITOVER,6,0.3238,0.0377,263,2356926259,lost,-0.35,1
17:46:46,JD100,1781630205,,3.947,DIGITUNDER,3,0.3192,0.0231,143,2356927899,won,0.75,1
17:46:48,JD100,1781630206,,3.953,DIGITUNDER,4,0.4247,0.0307,990,2356930559,lost,-0.35,2
17:46:50,JD100,1781630207,,3.948,DIGITOVER,6,0.3238,0.0377,135,2356930719,won,0.75,1
17:46:52,JD100,1781630208,,3.947,DIGITOVER,6,0.3238,0.0377,172,2356931739,lost,-0.35,1
17:46:54,JD100,1781630209,,3.949,DIGITUNDER,6,0.6265,0.0237,171,2356933939,won,0.2,1
17:46:56,JD100,1781630210,,3.949,DIGITUNDER,3,0.3192,0.0230,265,2356934739,won,0.75,1
17:46:58,JD100,1781630211,,3.949,DIGITUNDER,3,0.3192,0.0230,159,2356935939,won,0.75,1
17:47:00,JD100,1781630212,,3.949,DIGITUNDER,3,0.3192,0.0230,270,2356937359,won,0.75,1
17:47:02,JD100,1781630213,,3.949,DIGITUNDER,3,0.3192,0.0230,474,2356940899,won,0.75,1
17:47:04,JD100,1781630214,,3.946,DIGITUNDER,4,0.4266,0.0354,172,2356941899,lost,-0.35,1
17:47:06,JD100,1781630215,,3.948,DIGITOVER,3,0.6266,0.0238,163,2356943659,won,0.2,1
17:47:08,JD100,1781630217,,3.943,DIGITUNDER,4,0.4267,0.0357,168,2356946179,won,0.48,1
17:47:11,JD100,1781630218,,3.942,DIGITUNDER,6,0.6268,0.0242,160,2356947979,won,0.2,1
17:47:13,JD100,1781630219,,3.943,DIGITUNDER,3,0.3194,0.0235,137,2356949719,lost,-0.35,1
17:47:15,JD100,1781630220,,3.943,DIGITOVER,6,0.3239,0.0382,150,2356950919,lost,-0.35,1
17:47:17,JD100,1781630222,,3.946,DIGITOVER,5,0.4266,0.0354,257,2356953739,lost,-0.35,1
17:47:19,JD100,1781630224,,3.945,DIGITOVER,3,0.6267,0.0240,199,2356956219,lost,-0.35,1
17:47:21,JD100,1781630225,,3.947,DIGITUNDER,4,0.4266,0.0353,171,2356957459,lost,-0.35,1
17:47:23,JD100,1781630228,,3.945,DIGITUNDER,4,0.4267,0.0355,161,2356961039,lost,-0.35,1
17:47:25,JD100,1781630230,,3.943,DIGITOVER,5,0.4268,0.0358,178,2356963759,lost,-0.35,1
17:47:27,JD100,1781630231,,3.943,DIGITUNDER,6,0.6268,0.0242,250,2356965179,won,0.2,1
17:47:29,JD100,1781630233,,3.945,DIGITOVER,5,0.4267,0.0356,223,2356967839,lost,-0.35,1
17:47:31,JD100,1781630235,,3.947,DIGITUNDER,3,0.3238,0.0378,256,2356969899,won,0.75,1
17:47:33,JD100,1781630236,,3.946,DIGITUNDER,3,0.3238,0.0378,186,2356970819,lost,-0.35,1
17:47:35,JD100,1781630237,,3.943,DIGITUNDER,6,0.6268,0.0241,161,2356972339,won,0.2,1
17:47:37,JD100,1781630238,,3.941,DIGITUNDER,6,0.6269,0.0243,187,2356973239,won,0.2,1
17:47:39,JD100,1781630239,,3.945,DIGITUNDER,3,0.3239,0.0380,188,2356974739,lost,-0.35,1
17:47:42,JD100,1781630240,,3.944,DIGITUNDER,6,0.6267,0.0240,264,2356975799,won,0.2,1
17:47:44,JD100,1781630241,,3.945,DIGITUNDER,3,0.3239,0.0380,152,2356976979,lost,-0.35,1
17:47:46,JD100,1781630242,,3.944,DIGITOVER,6,0.3193,0.0234,197,2356978079,lost,-0.35,1
17:47:48,JD100,1781630243,,3.940,DIGITUNDER,4,0.4269,0.0360,181,2356979459,lost,-0.35,1
17:47:50,JD100,1781630244,,3.941,DIGITOVER,2,0.7194,0.0101,242,2356981019,won,0.12,1
17:47:52,JD100,1781630245,,3.940,DIGITOVER,3,0.6269,0.0243,190,2356982059,won,0.2,1
17:47:54,JD100,1781630246,,3.940,DIGITOVER,6,0.3195,0.0238,163,2356983159,won,0.75,1
17:47:56,JD100,1781630247,,3.945,DIGITOVER,6,0.3239,0.0380,180,2356984519,lost,-0.35,1
17:47:58,JD100,1781630249,,3.948,DIGITUNDER,3,0.3237,0.0376,147,2356987999,won,0.75,1
17:48:00,JD100,1781630250,,3.946,DIGITUNDER,3,0.3238,0.0379,163,2356988759,won,0.75,1
17:48:02,JD100,1781630251,,3.949,DIGITUNDER,3,0.3192,0.0230,133,2356990379,won,0.75,1
17:48:04,JD100,1781630252,,3.949,DIGITUNDER,3,0.3237,0.0376,173,2356991479,lost,-0.35,1
17:48:06,JD100,1781630253,,3.949,DIGITUNDER,6,0.6265,0.0237,185,2356992979,won,0.2,1
17:48:08,JD100,1781630254,,3.948,DIGITUNDER,6,0.6265,0.0238,987,2356995979,won,0.2,2
17:48:11,JD100,1781630256,,3.951,DIGITUNDER,6,0.6301,0.0296,163,2356997179,won,0.2,1
17:48:13,JD100,1781630257,,3.957,DIGITUNDER,5,0.5301,0.0353,160,2356998759,lost,-0.35,1
17:48:15,JD100,1781630258,,3.957,DIGITOVER,5,0.4187,0.0161,212,2356999959,lost,-0.35,1
17:48:17,JD100,1781630259,,3.951,DIGITUNDER,6,0.6301,0.0296,158,2357001279,won,0.2,1
17:48:19,JD100,1781630260,,3.950,DIGITUNDER,7,0.7214,0.0128,191,2357002419,won,0.12,1
17:48:21,JD100,1781630261,,3.950,DIGITUNDER,6,0.6301,0.0296,178,2357004019,won,0.2,1
17:48:23,JD100,1781630263,,3.951,DIGITOVER,5,0.4187,0.0161,150,2357006339,won,0.48,1
17:48:25,JD100,1781630264,,3.949,DIGITOVER,6,0.3192,0.0230,182,2357007259,lost,-0.35,1
17:48:27,JD100,1781630265,,3.948,DIGITUNDER,3,0.3237,0.0376,153,2357008639,lost,-0.35,1
17:48:29,JD100,1781630268,,3.949,DIGITUNDER,3,0.3237,0.0375,149,2357011899,lost,-0.35,1
17:48:31,JD100,1781630269,,3.948,DIGITUNDER,6,0.6266,0.0238,167,2357013579,lost,-0.35,1
17:48:33,JD100,1781630270,,3.946,DIGITOVER,6,0.3193,0.0233,214,2357014619,won,0.75,1
17:48:35,JD100,1781630271,,3.946,DIGITOVER,5,0.4267,0.0355,157,2357016079,lost,-0.35,1
17:48:37,JD100,1781630272,,3.946,DIGITUNDER,3,0.3193,0.0233,176,2357017059,lost,-0.35,1
17:48:39,JD100,1781630273,,3.947,DIGITOVER,3,0.6266,0.0239,152,2357018599,won,0.2,1
17:48:42,JD100,1781630275,,3.946,DIGITOVER,6,0.3193,0.0232,156,2357021199,won,0.75,1
17:48:44,JD100,1781630276,,3.945,DIGITOVER,6,0.3238,0.0379,150,2357022159,lost,-0.35,1
17:48:46,JD100,1781630277,,3.945,DIGITUNDER,3,0.3193,0.0234,155,2357023499,lost,-0.35,1
17:48:48,JD100,1781630278,,3.946,DIGITOVER,5,0.4267,0.0355,176,2357024539,lost,-0.35,1
17:48:50,JD100,1781630280,,3.943,DIGITUNDER,6,0.6268,0.0241,186,2357027139,won,0.2,1
17:48:52,JD100,1781630281,,3.943,DIGITUNDER,3,0.3239,0.0382,151,2357028559,lost,-0.35,1
17:48:54,JD100,1781630282,,3.938,DIGITOVER,6,0.3241,0.0388,256,2357029599,lost,-0.35,1
17:48:56,JD100,1781630283,,3.939,DIGITUNDER,3,0.3241,0.0387,179,2357030899,lost,-0.35,1
17:48:58,JD100,1781630284,,3.939,DIGITUNDER,7,0.7195,0.0102,155,2357031979,won,0.12,1
17:49:00,JD100,1781630285,,3.940,DIGITUNDER,3,0.3195,0.0239,157,2357033659,lost,-0.35,1
17:49:02,JD100,1781630286,,3.939,DIGITOVER,6,0.3195,0.0240,164,2357034519,won,0.75,1
17:49:04,JD100,1781630287,,3.932,DIGITOVER,6,0.3197,0.0247,162,2357035899,won,0.75,1
17:49:06,JD100,1781630288,,3.931,DIGITOVER,6,0.3244,0.0396,201,2357036919,won,0.75,1
17:49:08,JD100,1781630289,,3.930,DIGITOVER,6,0.3244,0.0398,130,2357038439,lost,-0.35,1
17:49:11,JD100,1781630290,,3.930,DIGITOVER,2,0.7198,0.0105,185,2357039379,won,0.12,1
17:49:13,JD100,1781630291,,3.930,DIGITOVER,3,0.6273,0.0250,952,2357041499,lost,-0.35,1
17:49:15,JD100,1781630292,,3.931,DIGITUNDER,4,0.4273,0.0370,172,2357041599,won,0.48,1
17:49:17,JD100,1781630293,,3.931,DIGITUNDER,6,0.6273,0.0250,154,2357042899,won,0.2,1
17:49:19,JD100,1781630294,,3.931,DIGITUNDER,6,0.6273,0.0250,183,2357043699,lost,-0.35,1
17:49:21,JD100,1781630295,,3.933,DIGITOVER,5,0.4272,0.0368,230,2357045019,won,0.48,1
17:49:23,JD100,1781630296,,3.933,DIGITOVER,3,0.6272,0.0248,163,2357045999,won,0.2,1
17:49:25,JD100,1781630297,,3.936,DIGITOVER,6,0.3196,0.0242,163,2357047399,won,0.75,1
17:49:27,JD100,1781630298,,3.936,DIGITOVER,6,0.3242,0.0390,395,2357048659,lost,-0.35,1
17:49:29,JD100,1781630299,,3.936,DIGITOVER,3,0.6270,0.0246,155,2357049959,won,0.2,1
17:49:31,JD100,1781630300,,3.937,DIGITUNDER,7,0.7196,0.0103,262,2357050999,won,0.12,1
17:49:33,JD100,1781630301,,3.935,DIGITUNDER,7,0.7196,0.0103,173,2357052399,won,0.12,1
17:49:35,JD100,1781630302,,3.935,DIGITUNDER,7,0.7196,0.0103,172,2357053359,won,0.12,1
17:49:37,JD100,1781630303,,3.935,DIGITUNDER,6,0.6271,0.0247,158,2357054759,won,0.2,1
17:49:39,JD100,1781630304,,3.934,DIGITUNDER,3,0.3243,0.0393,199,2357055859,lost,-0.35,1
17:49:42,JD100,1781630305,,3.935,DIGITOVER,3,0.6271,0.0247,158,2357057399,lost,-0.35,1
17:49:44,JD100,1781630306,,3.934,DIGITUNDER,6,0.6271,0.0247,162,2357059599,won,0.2,1
17:49:46,JD100,1781630307,,3.933,DIGITUNDER,3,0.3243,0.0394,161,2357060839,won,0.75,1
17:49:48,JD100,1781630308,,3.933,DIGITUNDER,4,0.4272,0.0368,199,2357062939,won,0.48,1
17:49:50,JD100,1781630309,,3.932,DIGITUNDER,3,0.3243,0.0395,151,2357064239,lost,-0.35,1
17:49:52,JD100,1781630310,,3.933,DIGITUNDER,7,0.7197,0.0104,177,2357066539,lost,-0.35,1
17:49:54,JD100,1781630311,,3.933,DIGITOVER,5,0.4272,0.0367,154,2357070939,lost,-0.35,1
17:49:56,JD100,1781630312,,3.931,DIGITUNDER,3,0.3197,0.0247,190,2357071639,lost,-0.35,1
17:49:58,JD100,1781630313,,3.931,DIGITOVER,5,0.4273,0.0370,143,2357073099,lost,-0.35,1
17:50:00,JD100,1781630314,,3.931,DIGITUNDER,4,0.4273,0.0370,154,2357074919,won,0.48,1
17:50:02,JD100,1781630315,,3.935,DIGITUNDER,3,0.3196,0.0243,154,2357076499,lost,-0.35,1
17:50:04,JD100,1781630316,,3.932,DIGITOVER,2,0.7197,0.0104,161,2357077599,won,0.12,1
17:50:06,JD100,1781630317,,3.932,DIGITOVER,3,0.6272,0.0249,157,2357079559,won,0.2,1
17:50:09,JD100,1781630318,,3.932,DIGITOVER,5,0.4272,0.0369,208,2357080539,won,0.48,1
17:50:11,JD100,1781630319,,3.930,DIGITOVER,3,0.6273,0.0250,163,2357081959,won,0.2,1
17:50:13,JD100,1781630320,,3.927,DIGITOVER,6,0.3198,0.0251,186,2357083079,lost,-0.35,1
17:50:15,JD100,1781630321,,3.928,DIGITUNDER,3,0.3245,0.0401,185,2357084679,lost,-0.35,1
17:50:17,JD100,1781630322,,3.927,DIGITOVER,6,0.3199,0.0251,197,2357085659,lost,-0.35,1
17:50:19,JD100,1781630323,,3.927,DIGITUNDER,3,0.3199,0.0252,169,2357086839,lost,-0.35,1
17:50:21,JD100,1781630324,,3.921,DIGITOVER,6,0.3200,0.0257,155,2357087719,won,0.75,1
17:50:23,JD100,1781630325,,3.921,DIGITOVER,6,0.3200,0.0257,179,2357089239,won,0.75,1
17:50:25,JD100,1781630326,,3.921,DIGITOVER,6,0.3200,0.0257,176,2357090259,lost,-0.35,1
17:50:27,JD100,1781630327,,3.921,DIGITUNDER,3,0.3248,0.0409,161,2357091899,won,0.75,1
17:50:29,JD100,1781630328,,3.921,DIGITUNDER,3,0.3200,0.0257,166,2357092859,lost,-0.35,1
17:50:31,JD100,1781630329,,3.921,DIGITOVER,6,0.3248,0.0409,166,2357094579,won,0.75,1
17:50:33,JD100,1781630330,,3.921,DIGITOVER,6,0.3200,0.0257,193,2357095819,lost,-0.35,1
17:50:35,JD100,1781630331,,3.918,DIGITUNDER,7,0.7201,0.0110,159,2357097019,won,0.12,1
17:50:37,JD100,1781630332,,3.916,DIGITUNDER,4,0.4279,0.0385,216,2357098119,won,0.48,1
17:50:40,JD100,1781630333,,3.914,DIGITUNDER,4,0.4280,0.0387,213,2357099679,lost,-0.35,1
17:50:42,JD100,1781630334,,3.917,DIGITOVER,3,0.6279,0.0260,154,2357101119,won,0.2,1
17:50:44,JD100,1781630335,,3.913,DIGITOVER,2,0.7203,0.0113,159,2357102739,won,0.12,1
17:50:46,JD100,1781630336,,3.911,DIGITUNDER,6,0.6281,0.0264,159,2357104179,won,0.2,1
17:50:48,JD100,1781630337,,3.909,DIGITOVER,2,0.7204,0.0115,160,2357105619,won,0.12,1
17:50:50,JD100,1781630338,,3.915,DIGITOVER,2,0.7202,0.0112,176,2357106599,won,0.12,1
17:50:52,JD100,1781630339,,3.915,DIGITUNDER,7,0.7202,0.0112,386,2357110099,won,0.12,1
17:50:54,JD100,1781630340,,3.913,DIGITOVER,2,0.7203,0.0113,210,2357111379,won,0.12,1
17:50:56,JD100,1781630341,,3.913,DIGITUNDER,6,0.6280,0.0262,168,2357112779,won,0.2,1
17:50:58,JD100,1781630342,,3.913,DIGITUNDER,6,0.6280,0.0262,208,2357114139,won,0.2,1
17:51:00,JD100,1781630343,,3.912,DIGITOVER,2,0.7203,0.0113,155,2357115999,won,0.12,1
17:51:02,JD100,1781630344,,3.910,DIGITOVER,5,0.4282,0.0392,229,2357117119,won,0.48,1
17:51:05,JD100,1781630345,,3.909,DIGITOVER,3,0.6282,0.0265,170,2357118719,won,0.2,1
17:51:07,JD100,1781630346,,3.909,DIGITOVER,2,0.7204,0.0115,200,2357120259,won,0.12,1
17:51:09,JD100,1781630347,,3.910,DIGITOVER,6,0.3252,0.0423,149,2357121379,lost,-0.35,1
17:51:11,JD100,1781630348,,3.910,DIGITUNDER,7,0.7204,0.0114,200,2357122379,won,0.12,1
17:51:13,JD100,1781630349,,3.911,DIGITUNDER,3,0.3252,0.0421,189,2357124019,lost,-0.35,1
17:51:15,JD100,1781630350,,3.911,DIGITOVER,6,0.3251,0.0421,200,2357125439,lost,-0.35,1
17:51:17,JD100,1781630351,,3.911,DIGITUNDER,3,0.3203,0.0267,161,2357127079,lost,-0.35,1
17:51:19,JD100,1781630352,,3.910,DIGITOVER,6,0.3252,0.0423,173,2357127939,won,0.75,1
17:51:21,JD100,1781630353,,3.908,DIGITOVER,6,0.3253,0.0425,154,2357129439,won,0.75,1
17:51:23,JD100,1781630354,,3.908,DIGITOVER,6,0.3204,0.0270,162,2357130779,won,0.75,1
17:51:25,JD100,1781630355,,3.906,DIGITOVER,5,0.4283,0.0395,354,2357134279,won,0.48,1
17:51:27,JD100,1781630356,,3.906,DIGITOVER,6,0.3205,0.0272,150,2357135359,won,0.75,1
17:51:29,JD100,1781630357,,3.906,DIGITOVER,5,0.4284,0.0396,184,2357137399,won,0.48,1
17:51:31,JD100,1781630358,,3.905,DIGITOVER,3,0.6284,0.0268,213,2357139059,won,0.2,1
17:51:34,JD100,1781630359,,3.905,DIGITOVER,2,0.7205,0.0116,156,2357140959,won,0.12,1
17:51:36,JD100,1781630360,,3.903,DIGITOVER,2,0.7206,0.0117,218,2357142059,won,0.12,1
17:51:38,JD100,1781630361,,3.901,DIGITOVER,2,0.7207,0.0118,167,2357143619,won,0.12,1
17:51:40,JD100,1781630362,,3.901,DIGITOVER,6,0.3255,0.0433,198,2357144759,lost,-0.35,1
17:51:42,JD100,1781630363,,3.902,DIGITOVER,2,0.7206,0.0118,551,2357148219,won,0.12,1
17:51:44,JD100,1781630364,,3.902,DIGITOVER,3,0.6285,0.0270,180,2357149359,won,0.2,1
17:51:46,JD100,1781630365,,3.901,DIGITOVER,5,0.4286,0.0401,208,2357150719,won,0.48,1
17:51:48,JD100,1781630366,,3.900,DIGITOVER,3,0.6286,0.0271,177,2357151859,lost,-0.35,1
17:51:50,JD100,1781630367,,3.896,DIGITUNDER,6,0.6288,0.0274,187,2357153379,lost,-0.35,1
17:51:52,JD100,1781630368,,3.896,DIGITOVER,6,0.3208,0.0282,202,2357154599,won,0.75,1
17:51:54,JD100,1781630369,,3.896,DIGITOVER,6,0.3208,0.0283,152,2357156459,lost,-0.35,1
17:51:56,JD100,1781630370,,3.899,DIGITOVER,3,0.6286,0.0272,210,2357157499,lost,-0.35,1
17:51:59,JD100,1781630371,,3.900,DIGITUNDER,4,0.4286,0.0402,163,2357159499,won,0.48,1
17:52:01,JD100,1781630372,,3.906,DIGITUNDER,3,0.3254,0.0428,200,2357160699,won,0.75,1
17:52:03,JD100,1781630373,,3.902,DIGITUNDER,3,0.3255,0.0432,183,2357162199,lost,-0.35,1
17:52:05,JD100,1781630374,,3.902,DIGITUNDER,6,0.6285,0.0270,163,2357163319,lost,-0.35,1
17:52:07,JD100,1781630375,,3.903,DIGITOVER,6,0.3254,0.0431,161,2357164839,lost,-0.35,1
17:52:09,JD100,1781630376,,3.904,DIGITUNDER,4,0.4284,0.0398,298,2357166159,won,0.48,1
17:52:11,JD100,1781630377,,3.904,DIGITUNDER,3,0.3206,0.0274,253,2357167939,lost,-0.35,1
17:52:13,JD100,1781630378,,3.901,DIGITOVER,2,0.7207,0.0118,198,2357168699,won,0.12,1
17:52:15,JD100,1781630379,,3.901,DIGITUNDER,7,0.7207,0.0118,171,2357170439,lost,-0.35,1
17:52:17,JD100,1781630380,,3.901,DIGITOVER,6,0.3255,0.0433,194,2357171759,lost,-0.35,1
17:52:19,JD100,1781630381,,3.903,DIGITUNDER,4,0.4285,0.0399,151,2357173619,lost,-0.35,1
17:52:21,JD100,1781630382,,3.904,DIGITOVER,3,0.6284,0.0269,165,2357174739,lost,-0.35,1
17:52:23,JD100,1781630383,,3.905,DIGITUNDER,4,0.4284,0.0397,159,2357176579,lost,-0.35,1
17:52:26,JD100,1781630384,,3.909,DIGITOVER,2,0.7204,0.0115,189,2357177899,won,0.12,1
17:52:28,JD100,1781630385,,3.908,DIGITOVER,5,0.4282,0.0394,136,2357180079,won,0.48,1
17:52:30,JD100,1781630386,,3.908,DIGITOVER,5,0.4282,0.0394,191,2357181139,won,0.48,1
17:52:32,JD100,1781630387,,3.908,DIGITOVER,6,0.3204,0.0270,174,2357182459,lost,-0.35,1
17:52:34,JD100,1781630388,,3.907,DIGITOVER,2,0.7205,0.0115,195,2357183319,lost,-0.35,1
17:52:36,JD100,1781630389,,3.908,DIGITUNDER,3,0.3204,0.0270,178,2357184879,won,0.75,1
17:52:38,JD100,1781630390,,3.908,DIGITUNDER,3,0.3253,0.0424,265,2357186019,lost,-0.35,1
17:52:40,JD100,1781630391,,3.904,DIGITOVER,6,0.3206,0.0274,202,2357187899,lost,-0.35,1
17:52:42,JD100,1781630392,,3.906,DIGITOVER,2,0.7205,0.0116,197,2357188839,won,0.12,1
17:52:44,JD100,1781630393,,3.907,DIGITOVER,6,0.3253,0.0427,339,2357192259,lost,-0.35,1
17:52:46,JD100,1781630394,,3.908,DIGITUNDER,6,0.6282,0.0265,215,2357193339,lost,-0.35,1
17:52:49,JD100,1781630395,,3.909,DIGITOVER,5,0.4282,0.0392,175,2357194919,won,0.48,1
17:52:51,JD100,1781630396,,3.909,DIGITOVER,5,0.4282,0.0392,175,2357195659,won,0.48,1
17:52:53,JD100,1781630397,,3.909,DIGITOVER,3,0.6282,0.0265,179,2357196959,won,0.2,1
17:52:55,JD100,1781630398,,3.907,DIGITOVER,3,0.6283,0.0267,199,2357198279,won,0.2,1
17:52:57,JD100,1781630399,,3.907,DIGITOVER,6,0.3253,0.0426,177,2357200199,lost,-0.35,1
17:52:59,JD100,1781630400,,3.907,DIGITOVER,3,0.6283,0.0267,563,2357204099,won,0.2,1
17:53:01,JD100,1781630401,,3.903,DIGITOVER,2,0.7206,0.0117,184,2357206079,won,0.12,1
17:53:03,JD100,1781630402,,3.899,DIGITOVER,6,0.3256,0.0436,218,2357207379,lost,-0.35,1
17:53:05,JD100,1781630403,,3.899,DIGITOVER,3,0.6286,0.0272,169,2357209099,lost,-0.35,1
17:53:08,JD100,1781630404,,3.901,DIGITUNDER,4,0.4286,0.0402,191,2357210279,lost,-0.35,1
17:53:10,JD100,1781630405,,3.901,DIGITOVER,2,0.7207,0.0118,171,2357211879,won,0.12,1
17:53:12,JD100,1781630406,,3.899,DIGITOVER,6,0.3256,0.0436,185,2357213139,lost,-0.35,1
17:53:14,JD100,1781630407,,3.901,DIGITUNDER,7,0.7207,0.0118,163,2357214779,won,0.12,1
17:53:16,JD100,1781630408,,3.901,DIGITOVER,2,0.7207,0.0118,188,2357215599,won,0.12,1
17:53:18,JD100,1781630409,,3.904,DIGITOVER,6,0.3254,0.0431,163,2357217119,lost,-0.35,1
17:53:20,JD100,1781630410,,3.905,DIGITUNDER,6,0.6284,0.0268,184,2357219039,lost,-0.35,1
17:53:22,JD100,1781630411,,3.906,DIGITOVER,6,0.3253,0.0427,145,2357220659,lost,-0.35,1
17:53:24,JD100,1781630412,,3.909,DIGITUNDER,4,0.4282,0.0393,190,2357221619,lost,-0.35,1
17:53:26,JD100,1781630413,,3.909,DIGITOVER,6,0.3252,0.0424,154,2357223159,lost,-0.35,1
17:53:28,JD100,1781630414,,3.909,DIGITUNDER,3,0.3204,0.0269,160,2357224539,lost,-0.35,1
17:53:30,JD100,1781630415,,3.909,DIGITOVER,6,0.3204,0.0269,486,2357227699,won,0.75,1
17:53:32,JD100,1781630416,,3.908,DIGITOVER,6,0.3253,0.0424,156,2357228939,lost,-0.35,1
17:53:35,JD100,1781630417,,3.908,DIGITUNDER,4,0.4283,0.0394,154,2357230539,lost,-0.35,1
17:53:37,JD100,1781630418,,3.910,DIGITOVER,5,0.4282,0.0392,158,2357231599,lost,-0.35,1
17:53:39,JD100,1781630419,,3.906,DIGITOVER,2,0.7205,0.0116,128,2357233519,won,0.12,1
17:53:41,JD100,1781630420,,3.907,DIGITOVER,5,0.4283,0.0395,286,2357236919,won,0.48,1
17:53:43,JD100,1781630421,,3.905,DIGITOVER,5,0.4284,0.0396,211,2357239039,lost,-0.35,1
17:53:45,JD100,1781630422,,3.906,DIGITUNDER,3,0.3205,0.0272,179,2357240159,lost,-0.35,1
17:53:47,JD100,1781630423,,3.906,DIGITUNDER,6,0.6283,0.0267,166,2357241799,lost,-0.35,1
17:53:49,JD100,1781630424,,3.908,DIGITOVER,6,0.3204,0.0270,189,2357242979,lost,-0.35,1
17:53:51,JD100,1781630425,,3.910,DIGITOVER,2,0.7204,0.0114,144,2357244619,lost,-0.35,1
17:53:53,JD100,1781630426,,3.910,DIGITUNDER,4,0.4282,0.0391,195,2357245359,won,0.48,1
17:53:55,JD100,1781630427,,3.909,DIGITUNDER,4,0.4282,0.0393,174,2357246999,won,0.48,1
17:53:57,JD100,1781630428,,3.908,DIGITUNDER,4,0.4283,0.0394,150,2357248059,lost,-0.35,1
17:53:59,JD100,1781630429,,3.909,DIGITOVER,3,0.6282,0.0265,151,2357250119,won,0.2,1
17:54:02,JD100,1781630430,,3.908,DIGITOVER,5,0.4282,0.0393,260,2357251379,lost,-0.35,1
17:54:04,JD100,1781630431,,3.909,DIGITUNDER,7,0.7204,0.0115,132,2357252959,won,0.12,1
17:54:06,JD100,1781630432,,3.910,DIGITUNDER,3,0.3204,0.0268,178,2357254179,won,0.75,1
17:54:08,JD100,1781630433,,3.907,DIGITUNDER,4,0.4283,0.0395,183,2357255499,won,0.48,1
17:54:10,JD100,1781630434,,3.906,DIGITUNDER,4,0.4283,0.0395,164,2357256499,lost,-0.35,1
17:54:12,JD100,1781630435,,3.910,DIGITOVER,2,0.7204,0.0114,142,2357258099,lost,-0.35,1
17:54:14,JD100,1781630436,,3.913,DIGITUNDER,4,0.4280,0.0389,145,2357259139,lost,-0.35,1
17:54:16,JD100,1781630437,,3.913,DIGITOVER,2,0.7203,0.0113,158,2357261359,lost,-0.35,1
17:54:18,JD100,1781630438,,3.913,DIGITUNDER,3,0.3251,0.0419,169,2357262619,won,0.75,1
17:54:20,JD100,1781630439,,3.913,DIGITUNDER,4,0.4280,0.0389,146,2357264159,won,0.48,1
17:54:22,JD100,1781630440,,3.910,DIGITUNDER,3,0.3204,0.0268,192,2357265299,lost,-0.35,1
17:54:24,JD100,1781630441,,3.910,DIGITOVER,6,0.3204,0.0268,142,2357266859,won,0.75,1
17:54:26,JD100,1781630442,,3.910,DIGITOVER,5,0.4282,0.0391,177,2357268179,lost,-0.35,1
17:54:28,JD100,1781630443,,3.910,DIGITUNDER,7,0.7204,0.0114,155,2357269659,lost,-0.35,1
17:54:31,JD100,1781630444,,3.913,DIGITOVER,5,0.4280,0.0388,174,2357270659,lost,-0.35,1
17:54:33,JD100,1781630445,,3.911,DIGITUNDER,3,0.3203,0.0267,176,2357272179,lost,-0.35,1
17:54:35,JD100,1781630446,,3.913,DIGITOVER,3,0.6280,0.0262,172,2357273359,lost,-0.35,1
17:54:37,JD100,1781630447,,3.915,DIGITUNDER,3,0.3250,0.0416,148,2357274959,won,0.75,1
17:54:39,JD100,1781630448,,3.915,DIGITUNDER,4,0.4280,0.0387,145,2357275939,lost,-0.35,1
17:54:41,JD100,1781630449,,3.915,DIGITOVER,6,0.3202,0.0263,156,2357277379,won,0.75,1
17:54:43,JD100,1781630450,,3.912,DIGITOVER,6,0.3251,0.0420,171,2357278779,lost,-0.35,1
17:54:45,JD100,1781630451,,3.913,DIGITUNDER,7,0.7203,0.0113,185,2357280259,lost,-0.35,1
17:54:47,JD100,1781630452,,3.913,DIGITOVER,6,0.3203,0.0265,203,2357281639,lost,-0.35,1
17:54:49,JD100,1781630453,,3.914,DIGITUNDER,4,0.4280,0.0388,190,2357283339,lost,-0.35,1
17:54:51,JD100,1781630454,,3.916,DIGITOVER,3,0.6279,0.0260,168,2357284579,won,0.2,1
17:54:53,JD100,1781630455,,3.919,DIGITOVER,6,0.3249,0.0412,185,2357285999,lost,-0.35,1
17:54:55,JD100,1781630456,,3.920,DIGITUNDER,7,0.7201,0.0110,176,2357287059,lost,-0.35,1
17:54:57,JD100,1781630457,,3.922,DIGITOVER,5,0.4277,0.0380,174,2357288699,lost,-0.35,1
17:55:00,JD100,1781630458,,3.918,DIGITUNDER,3,0.3201,0.0261,138,2357289919,lost,-0.35,1
17:55:02,JD100,1781630459,,3.916,DIGITUNDER,6,0.6279,0.0260,136,2357291839,won,0.2,1
17:55:04,JD100,1781630460,,3.916,DIGITUNDER,3,0.3250,0.0415,175,2357293119,lost,-0.35,1
17:55:06,JD100,1781630461,,3.919,DIGITUNDER,7,0.7201,0.0110,206,2357295039,won,0.12,1
17:55:08,JD100,1781630462,,3.914,DIGITOVER,3,0.6280,0.0262,147,2357296039,won,0.2,1
17:55:10,JD100,1781630463,,3.914,DIGITOVER,6,0.3202,0.0264,184,2357297839,lost,-0.35,1
17:55:12,JD100,1781630464,,3.916,DIGITUNDER,7,0.7202,0.0112,170,2357298819,won,0.12,1
17:55:14,JD100,1781630465,,3.914,DIGITUNDER,3,0.3250,0.0417,166,2357300419,lost,-0.35,1
17:55:16,JD100,1781630466,,3.915,DIGITUNDER,7,0.7202,0.0112,174,2357301499,lost,-0.35,1
17:55:18,JD100,1781630467,,3.913,DIGITOVER,6,0.3251,0.0419,153,2357302999,lost,-0.35,1
17:55:20,JD100,1781630468,,3.912,DIGITUNDER,7,0.7203,0.0113,161,2357304179,lost,-0.35,1
17:55:22,JD100,1781630469,,3.912,DIGITOVER,5,0.4281,0.0389,162,2357305759,won,0.48,1
17:55:25,JD100,1781630470,,3.912,DIGITOVER,5,0.4281,0.0389,185,2357306719,lost,-0.35,1
17:55:27,JD100,1781630471,,3.910,DIGITUNDER,4,0.4282,0.0391,165,2357308739,won,0.48,1
17:55:29,JD100,1781630472,,3.910,DIGITUNDER,3,0.3204,0.0268,194,2357309799,lost,-0.35,1
17:55:31,JD100,1781630473,,3.909,DIGITOVER,3,0.6282,0.0265,177,2357311519,lost,-0.35,1
17:55:33,JD100,1781630474,,3.909,DIGITUNDER,3,0.3204,0.0270,164,2357312879,lost,-0.35,1
17:55:35,JD100,1781630475,,3.909,DIGITOVER,3,0.6282,0.0265,161,2357314359,lost,-0.35,1
17:55:37,JD100,1781630476,,3.910,DIGITUNDER,4,0.4282,0.0392,161,2357315379,lost,-0.35,1
17:55:39,JD100,1781630477,,3.908,DIGITOVER,5,0.4282,0.0393,154,2357316919,lost,-0.35,1
17:55:41,JD100,1781630478,,3.911,DIGITUNDER,3,0.3252,0.0421,149,2357318059,lost,-0.35,1
17:55:43,JD100,1781630479,,3.909,DIGITUNDER,7,0.7204,0.0115,161,2357319619,won,0.12,1
17:55:45,JD100,1781630480,,3.904,DIGITUNDER,6,0.6284,0.0268,262,2357320919,won,0.2,1
17:55:47,JD100,1781630481,,3.904,DIGITUNDER,4,0.4284,0.0398,159,2357322359,lost,-0.35,1
17:55:49,JD100,1781630482,,3.903,DIGITOVER,6,0.3255,0.0431,200,2357323539,won,0.75,1
17:55:51,JD100,1781630483,,3.903,DIGITOVER,6,0.3206,0.0275,174,2357325599,lost,-0.35,1
17:55:54,JD100,1781630484,,3.905,DIGITUNDER,4,0.4284,0.0397,188,2357326579,lost,-0.35,1
17:55:56,JD100,1781630485,,3.906,DIGITOVER,6,0.3205,0.0273,158,2357328459,won,0.75,1
17:55:58,JD100,1781630486,,3.910,DIGITOVER,5,0.4282,0.0392,161,2357329779,won,0.48,1
17:56:00,JD100,1781630487,,3.914,DIGITOVER,3,0.6280,0.0262,183,2357331259,won,0.2,1
17:56:02,JD100,1781630488,,3.913,DIGITOVER,2,0.7203,0.0113,1114,2357339379,lost,-0.35,2
17:56:04,JD100,1781630490,,3.912,DIGITUNDER,3,0.3251,0.0420,249,2357342659,lost,-0.35,1
17:56:06,JD100,1781630491,,3.912,DIGITUNDER,7,0.7203,0.0113,151,2357344079,lost,-0.35,1
17:56:08,JD100,1781630492,,3.913,DIGITOVER,5,0.4280,0.0389,173,2357345059,lost,-0.35,1
17:56:10,JD100,1781630493,,3.913,DIGITOVER,2,0.7203,0.0113,168,2357346659,lost,-0.35,1
17:56:12,JD100,1781630494,,3.915,DIGITUNDER,3,0.3202,0.0264,166,2357348099,lost,-0.35,1
17:56:14,JD100,1781630495,,3.911,DIGITOVER,6,0.3203,0.0267,177,2357350119,won,0.75,1
17:56:17,JD100,1781630496,,3.909,DIGITOVER,6,0.3204,0.0269,174,2357351839,won,0.75,1
17:56:19,JD100,1781630497,,3.909,DIGITOVER,5,0.4282,0.0393,163,2357353779,lost,-0.35,1
17:56:21,JD100,1781630498,,3.910,DIGITUNDER,3,0.3252,0.0422,147,2357354659,lost,-0.35,1
17:56:23,JD100,1781630499,,3.910,DIGITUNDER,7,0.7204,0.0114,159,2357355959,won,0.12,1
17:56:25,JD100,1781630500,,3.909,DIGITOVER,3,0.6282,0.0265,184,2357357259,lost,-0.35,1
17:56:27,JD100,1781630501,,3.910,DIGITUNDER,3,0.3204,0.0268,175,2357359099,lost,-0.35,1
17:56:29,JD100,1781630502,,3.910,DIGITUNDER,6,0.6281,0.0264,212,2357360479,won,0.2,1
17:56:31,JD100,1781630503,,3.911,DIGITUNDER,4,0.4281,0.0391,160,2357362079,lost,-0.35,1
17:56:33,JD100,1781630504,,3.907,DIGITUNDER,7,0.7205,0.0115,163,2357363899,won,0.12,1
17:56:35,JD100,1781630505,,3.907,DIGITOVER,3,0.6283,0.0266,163,2357366479,won,0.2,1
17:56:37,JD100,1781630506,,3.906,DIGITOVER,3,0.6283,0.0267,186,2357367779,lost,-0.35,1
17:56:39,JD100,1781630507,,3.909,DIGITUNDER,4,0.4282,0.0393,224,2357369179,won,0.48,1
17:56:41,JD100,1781630508,,3.908,DIGITUNDER,3,0.3204,0.0270,838,2357373559,lost,-0.35,1
17:56:43,JD100,1781630509,,3.908,DIGITUNDER,6,0.6282,0.0265,328,2357375039,won,0.2,1
17:56:45,JD100,1781630510,,3.908,DIGITUNDER,7,0.7204,0.0115,249,2357375919,won,0.12,1
17:56:48,JD100,1781630511,,3.906,DIGITOVER,2,0.7205,0.0116,194,2357377279,won,0.12,1
17:56:50,JD100,1781630512,,3.906,DIGITOVER,5,0.4283,0.0396,167,2357378679,lost,-0.35,1
17:56:52,JD100,1781630513,,3.904,DIGITOVER,2,0.7206,0.0117,165,2357380239,lost,-0.35,1
17:56:54,JD100,1781630514,,3.904,DIGITUNDER,4,0.4284,0.0397,157,2357381179,lost,-0.35,1
17:56:56,JD100,1781630515,,3.904,DIGITUNDER,7,0.7206,0.0117,167,2357382559,lost,-0.35,1
17:56:58,JD100,1781630516,,3.905,DIGITOVER,6,0.3205,0.0273,143,2357383639,won,0.75,1
17:57:00,JD100,1781630517,,3.904,DIGITOVER,6,0.3206,0.0274,173,2357385259,won,0.75,1
17:57:02,JD100,1781630518,,3.904,DIGITOVER,6,0.3206,0.0274,160,2357386499,lost,-0.35,1
17:57:04,JD100,1781630519,,3.906,DIGITOVER,2,0.7205,0.0116,144,2357388079,won,0.12,1
17:57:06,JD100,1781630520,,3.906,DIGITOVER,2,0.7205,0.0116,138,2357389519,won,0.12,1
17:57:09,JD100,1781630521,,3.905,DIGITOVER,3,0.6284,0.0267,179,2357391399,lost,-0.35,1
17:57:11,JD100,1781630522,,3.905,DIGITUNDER,3,0.3205,0.0274,215,2357392579,won,0.75,1
17:57:13,JD100,1781630523,,3.905,DIGITUNDER,4,0.4284,0.0397,173,2357394039,won,0.48,1
17:57:15,JD100,1781630524,,3.902,DIGITUNDER,4,0.4285,0.0401,179,2357395079,won,0.48,1
