ts,sym,digit,sigma,ct,bar,p,ev,stake,rtt_ms,cid,status,pnl,lag
11:39:59,JD100,,3.984,DIGITOVER,4,0.5219,0.0194,0.43,131,3617669599,won,0.35,1
11:40:01,JD100,,3.984,DIGITOVER,4,0.5239,0.0231,0.43,155,3617670379,lost,-0.43,1
11:40:03,JD100,,3.983,DIGITUNDER,5,0.5238,0.0231,0.43,128,3617671879,lost,-0.43,1
11:40:05,JD100,,3.982,DIGITUNDER,5,0.5205,0.0166,0.43,129,3617678619,won,0.35,1
11:40:07,JD100,,3.981,DIGITUNDER,5,0.5205,0.0166,0.43,157,3617679579,won,0.35,1
11:40:09,JD100,,3.988,DIGITUNDER,5,0.5205,0.0166,0.43,152,3617680759,won,0.35,1
11:40:11,JD100,,3.985,DIGITUNDER,5,0.5238,0.0230,0.43,157,3617681859,won,0.35,1
11:40:13,JD100,,3.982,DIGITOVER,4,0.5206,0.0167,0.43,132,3617684479,won,0.35,1
11:40:15,JD100,,3.982,DIGITOVER,4,0.5219,0.0193,0.43,133,3617685739,lost,-0.43,1
11:40:17,JD100,,3.984,DIGITUNDER,5,0.5206,0.0167,0.43,141,3617688059,lost,-0.43,1
11:40:20,JD100,,3.990,DIGITUNDER,5,0.5219,0.0193,0.44,111,3617690739,lost,-0.44,1
11:40:22,JD100,,3.989,DIGITUNDER,5,0.5205,0.0166,0.44,136,3617692999,lost,-0.44,1
11:40:24,JD100,,3.992,DIGITUNDER,5,0.5219,0.0192,0.43,120,3617695179,lost,-0.43,1
11:40:26,JD100,,3.992,DIGITUNDER,5,0.5219,0.0192,0.43,126,3617697779,lost,-0.43,1
11:40:28,JD100,,3.993,DIGITUNDER,5,0.5219,0.0192,0.43,128,3617700159,won,0.35,1
11:40:30,JD100,,3.994,DIGITOVER,4,0.5219,0.0192,0.43,186,3617702959,lost,-0.43,1
11:40:32,JD100,,3.991,DIGITUNDER,5,0.5219,0.0192,0.43,128,3617704939,won,0.35,1
11:40:34,JD100,,3.990,DIGITUNDER,5,0.5238,0.0231,0.43,161,3617705899,won,0.35,1
11:40:36,JD100,,3.990,DIGITUNDER,5,0.5219,0.0192,0.43,128,3617707579,lost,-0.43,1
11:40:38,JD100,,3.992,DIGITOVER,4,0.5219,0.0192,0.43,131,3617708699,lost,-0.43,1
11:40:40,JD100,,3.993,DIGITUNDER,5,0.5219,0.0192,0.43,147,3617710159,lost,-0.43,1
11:40:42,JD100,,3.996,DIGITOVER,4,0.5205,0.0165,0.43,193,3617711299,won,0.35,1
11:40:44,JD100,,3.996,DIGITOVER,4,0.5238,0.0230,0.43,125,3617712659,won,0.35,1
11:40:46,JD100,,4.001,DIGITOVER,4,0.5205,0.0166,0.43,147,3617713559,won,0.35,1
11:40:48,JD100,,4.001,DIGITOVER,4,0.5239,0.0231,0.43,132,3617715099,won,0.35,1
11:40:51,JD100,,4.007,DIGITOVER,4,0.5219,0.0193,0.43,148,3617716079,won,0.35,1
11:40:53,JD100,,4.007,DIGITOVER,4,0.5205,0.0166,0.43,154,3617717619,won,0.35,1
11:40:55,JD100,,4.006,DIGITOVER,4,0.5205,0.0166,0.43,149,3617718559,lost,-0.43,1
11:40:57,JD100,,4.009,DIGITUNDER,5,0.5239,0.0232,0.43,131,3617720939,lost,-0.43,1
11:40:59,JD100,,4.010,DIGITOVER,4,0.5205,0.0166,0.43,141,3617722779,won,0.35,1
11:41:01,JD100,,4.010,DIGITOVER,4,0.5239,0.0231,0.43,193,3617723999,lost,-0.43,1
11:41:03,JD100,,4.008,DIGITOVER,4,0.5205,0.0166,0.43,145,3617726339,lost,-0.43,1
11:41:05,JD100,,4.007,DIGITUNDER,5,0.5205,0.0166,0.43,139,3617727699,lost,-0.43,1
11:41:07,JD100,,4.008,DIGITOVER,4,0.5239,0.0231,0.43,150,3617728879,lost,-0.43,1
11:41:09,JD100,,4.008,DIGITUNDER,5,0.5218,0.0192,0.43,145,3617730019,lost,-0.43,1
11:41:11,JD100,,4.008,DIGITUNDER,5,0.5205,0.0165,0.43,122,3617732099,won,0.35,1
11:41:13,JD100,,4.005,DIGITUNDER,5,0.5218,0.0191,0.43,129,3617733419,lost,-0.43,1
11:41:15,JD100,,4.007,DIGITOVER,4,0.5238,0.0231,0.43,132,3617734919,lost,-0.43,1
11:41:17,JD100,,4.008,DIGITUNDER,5,0.5205,0.0165,0.43,159,3617736079,won,0.35,1
11:41:19,JD100,,4.006,DIGITUNDER,5,0.5205,0.0165,0.43,127,3617737639,lost,-0.43,1
11:41:21,JD100,,4.004,DIGITOVER,4,0.5205,0.0165,0.43,154,3617738759,lost,-0.43,1
11:41:23,JD100,,4.004,DIGITOVER,4,0.5205,0.0165,0.43,159,3617740599,lost,-0.43,1
11:41:26,JD100,,4.006,DIGITUNDER,5,0.5238,0.0231,0.43,121,3617741799,lost,-0.43,1
11:41:28,JD100,,4.007,DIGITOVER,4,0.5238,0.0230,0.43,136,3617743039,won,0.35,1
11:41:30,JD100,,4.005,DIGITOVER,4,0.5218,0.0190,0.43,132,3617744279,lost,-0.43,1
11:41:32,JD100,,4.007,DIGITOVER,4,0.5205,0.0165,0.43,148,3617747859,won,0.35,1
11:41:34,JD100,,4.007,DIGITOVER,4,0.5238,0.0231,0.43,149,3617749119,won,0.35,1
11:41:36,JD100,,4.008,DIGITUNDER,5,0.5205,0.0165,0.43,131,3617753279,lost,-0.43,1
11:41:38,JD100,,4.009,DIGITOVER,4,0.5239,0.0231,0.43,262,3617757599,lost,-0.43,1
11:41:40,JD100,,4.009,DIGITUNDER,5,0.5217,0.0189,0.43,133,3617758679,lost,-0.43,1
11:41:42,JD100,,4.001,DIGITOVER,4,0.5205,0.0165,0.43,127,3617759819,won,0.35,1
11:41:44,JD100,,3.997,DIGITOVER,4,0.5217,0.0189,0.43,156,3617760719,lost,-0.43,1
11:41:46,JD100,,3.995,DIGITUNDER,5,0.5217,0.0188,0.43,156,3617763339,lost,-0.43,1
11:41:48,JD100,,3.982,DIGITUNDER,5,0.5238,0.0230,0.43,140,3617765379,won,0.35,1
11:41:51,JD100,,3.981,DIGITUNDER,5,0.5217,0.0188,0.43,131,3617766499,lost,-0.43,1
11:41:53,JD100,,3.981,DIGITOVER,4,0.5216,0.0188,0.43,151,3617767699,lost,-0.43,1
11:41:55,JD100,,3.983,DIGITUNDER,5,0.5216,0.0187,0.43,128,3617768999,lost,-0.43,1
11:41:57,JD100,,3.984,DIGITOVER,4,0.5216,0.0187,0.43,152,3617769979,won,0.35,1
11:41:59,JD100,,3.984,DIGITOVER,4,0.5216,0.0187,0.43,144,3617771659,won,0.35,1
11:42:01,JD100,,3.984,DIGITOVER,4,0.5238,0.0230,0.43,150,3617773039,won,0.35,1
11:42:03,JD100,,3.974,DIGITOVER,4,0.5238,0.0230,0.43,138,3617774679,won,0.35,1
11:42:05,JD100,,3.973,DIGITOVER,4,0.5217,0.0188,0.42,153,3617776739,lost,-0.42,1
11:42:07,JD100,,3.974,DIGITUNDER,5,0.5238,0.0230,0.42,142,3617778059,lost,-0.42,1
11:42:09,JD100,,3.975,DIGITUNDER,5,0.5217,0.0188,0.42,180,3617780499,won,0.34,1
11:42:11,JD100,,3.975,DIGITUNDER,5,0.5217,0.0188,0.42,153,3617781579,won,0.34,1
11:42:13,JD100,,3.975,DIGITUNDER,5,0.5238,0.0231,0.42,122,3617782919,won,0.34,1
11:42:15,JD100,,3.977,DIGITUNDER,5,0.5217,0.0188,0.42,154,3617785239,lost,-0.42,1
11:42:17,JD100,,3.982,DIGITUNDER,5,0.5205,0.0166,0.42,150,3617791919,lost,-0.42,1
11:42:19,JD100,,3.982,DIGITOVER,4,0.5238,0.0231,0.42,141,3617793279,lost,-0.42,1
11:42:22,JD100,,3.985,DIGITUNDER,5,0.5216,0.0188,0.42,128,3617800959,lost,-0.42,1
11:42:24,JD100,,3.985,DIGITOVER,4,0.5216,0.0187,0.42,126,3617803299,lost,-0.42,1
11:42:26,JD100,,3.988,DIGITUNDER,5,0.5206,0.0167,0.42,111,3617804379,won,0.34,1
11:42:28,JD100,,3.990,DIGITUNDER,5,0.5216,0.0187,0.42,129,3617808339,lost,-0.42,1
11:42:30,JD100,,3.991,DIGITOVER,4,0.5238,0.0231,0.42,162,3617809319,won,0.34,1
11:42:32,JD100,,3.991,DIGITOVER,4,0.5239,0.0231,0.42,178,3617814239,won,0.34,1
11:42:34,JD100,,3.991,DIGITUNDER,5,0.5239,0.0231,0.42,127,3617816399,won,0.34,1
11:42:36,JD100,,3.999,DIGITUNDER,5,0.5206,0.0167,0.42,165,3617817819,lost,-0.42,1
11:42:38,JD100,,4.001,DIGITOVER,4,0.5206,0.0167,0.42,133,3617818919,lost,-0.42,1
11:42:40,JD100,,4.001,DIGITOVER,4,0.5216,0.0188,0.42,133,3617821039,lost,-0.42,1
11:42:42,JD100,,4.004,DIGITUNDER,5,0.5205,0.0166,0.42,156,3617822999,lost,-0.42,1
11:42:44,JD100,,4.005,DIGITOVER,4,0.5205,0.0166,0.42,113,3617823999,won,0.34,1
11:42:46,JD100,,4.006,DIGITUNDER,5,0.5238,0.0230,0.42,131,3617829439,won,0.34,1
11:42:49,JD100,,4.010,DIGITUNDER,5,0.5216,0.0186,0.42,156,3617833079,lost,-0.42,1
11:42:51,JD100,,4.009,DIGITOVER,4,0.5205,0.0166,0.42,128,3617835839,lost,-0.42,1
11:42:53,JD100,,4.010,DIGITOVER,4,0.5238,0.0230,0.42,131,3617840959,won,0.34,1
11:42:55,JD100,,4.009,DIGITOVER,4,0.5238,0.0230,0.42,146,3617841939,won,0.34,1
11:42:57,JD100,,4.003,DIGITUNDER,5,0.5216,0.0187,0.42,143,3617844639,won,0.34,1
11:42:59,JD100,,3.999,DIGITOVER,4,0.5216,0.0188,0.42,109,3617846839,lost,-0.42,1
11:43:01,JD100,,4.000,DIGITUNDER,5,0.5238,0.0231,0.42,150,3617848679,won,0.34,1
11:43:03,JD100,,4.000,DIGITUNDER,5,0.5239,0.0231,0.42,179,3617849799,won,0.34,1
11:43:05,JD100,,3.999,DIGITUNDER,5,0.5239,0.0231,0.42,128,3617851179,lost,-0.42,1
11:43:07,JD100,,4.000,DIGITOVER,4,0.5204,0.0164,0.42,224,3617853259,lost,-0.42,1
11:43:09,JD100,,4.001,DIGITUNDER,5,0.5238,0.0230,0.42,151,3617854279,won,0.34,1
11:43:11,JD100,,3.999,DIGITOVER,4,0.5205,0.0165,0.42,151,3617856799,won,0.34,1
11:43:13,JD100,,3.999,DIGITUNDER,5,0.5217,0.0188,0.42,146,3617859559,won,0.34,1
11:43:15,JD100,,3.996,DIGITUNDER,5,0.5217,0.0188,0.42,168,3617861179,won,0.34,1
11:43:17,JD100,,3.992,DIGITUNDER,5,0.5205,0.0165,0.42,175,3617862399,lost,-0.42,1
11:43:19,JD100,,3.990,DIGITOVER,4,0.5205,0.0165,0.41,146,3617867319,won,0.34,1
11:43:21,JD100,,3.994,DIGITOVER,4,0.5217,0.0188,0.42,112,3617868379,lost,-0.42,1
11:43:24,JD100,,3.996,DIGITUNDER,5,0.5205,0.0165,0.42,127,3617869959,won,0.34,1
11:43:26,JD100,,3.992,DIGITUNDER,5,0.5216,0.0188,0.42,125,3617871139,lost,-0.42,1
11:43:28,JD100,,3.992,DIGITOVER,4,0.5205,0.0166,0.42,130,3617872459,lost,-0.42,1
11:43:30,JD100,,3.989,DIGITUNDER,5,0.5216,0.0188,0.42,126,3617873499,lost,-0.42,1
11:43:32,JD100,,3.994,DIGITUNDER,5,0.5216,0.0187,0.42,124,3617876539,won,0.34,1
11:43:34,JD100,,3.993,DIGITOVER,4,0.5216,0.0187,0.42,146,3617880039,lost,-0.42,1
11:43:36,JD100,,3.995,DIGITUNDER,5,0.5239,0.0231,0.41,430,3617883399,lost,-0.41,1
11:43:38,JD100,,3.995,DIGITOVER,4,0.5205,0.0166,0.41,147,3617889199,lost,-0.41,1
11:43:40,JD100,,3.990,DIGITUNDER,5,0.5216,0.0187,0.41,120,3617890339,lost,-0.41,1
11:43:42,JD100,,3.990,DIGITOVER,4,0.5216,0.0187,0.41,144,3617893799,won,0.34,1
11:43:44,JD100,,3.986,DIGITOVER,4,0.5216,0.0187,0.41,138,3617894899,won,0.34,1
11:43:47,JD100,,3.978,DIGITUNDER,5,0.5217,0.0189,0.41,128,3617901519,lost,-0.41,1
11:43:49,JD100,,3.981,DIGITOVER,4,0.5206,0.0167,0.42,132,3617902539,lost,-0.42,1
11:43:51,JD100,,3.983,DIGITUNDER,5,0.5239,0.0232,0.42,150,3617903879,won,0.34,1
11:43:53,JD100,,3.982,DIGITUNDER,5,0.5217,0.0189,0.42,136,3617911039,lost,-0.42,1
11:43:55,JD100,,3.985,DIGITOVER,4,0.5217,0.0189,0.42,128,3617913259,won,0.34,1
11:43:57,JD100,,3.979,DIGITOVER,4,0.5217,0.0189,0.41,140,3617914279,won,0.34,1
11:43:59,JD100,,3.978,DIGITOVER,4,0.5217,0.0189,0.41,122,3617915499,lost,-0.41,1
11:44:01,JD100,,3.972,DIGITUNDER,5,0.5206,0.0167,0.42,146,3617920739,won,0.34,1
11:44:03,JD100,,3.971,DIGITUNDER,5,0.5240,0.0233,0.42,135,3617922279,lost,-0.42,1
11:44:06,JD100,,3.972,DIGITOVER,4,0.5240,0.0233,0.42,147,3617924159,lost,-0.42,1
11:44:08,JD100,,3.973,DIGITUNDER,5,0.5217,0.0189,0.42,139,3617926239,lost,-0.42,1
11:44:10,JD100,,3.973,DIGITOVER,4,0.5217,0.0189,0.42,123,3617928299,lost,-0.42,1
11:44:12,JD100,,3.976,DIGITUNDER,5,0.5206,0.0167,0.42,122,3617929339,lost,-0.42,1
11:44:14,JD100,,3.978,DIGITOVER,4,0.5217,0.0188,0.42,92,3617932839,won,0.34,1
11:44:16,JD100,,3.974,DIGITOVER,4,0.5217,0.0188,0.42,136,3617933799,won,0.34,1
11:44:18,JD100,,3.974,DIGITOVER,4,0.5206,0.0168,0.42,138,3617935239,lost,-0.42,1
11:44:20,JD100,,3.971,DIGITUNDER,5,0.5217,0.0189,0.42,122,3617937259,won,0.34,1
11:44:22,JD100,,3.971,DIGITUNDER,5,0.5206,0.0167,0.42,310,3617940219,won,0.34,1
11:44:24,JD100,,3.972,DIGITUNDER,5,0.5240,0.0234,0.41,121,3617941659,lost,-0.41,1
11:44:26,JD100,,3.973,DIGITOVER,4,0.5240,0.0233,0.41,150,3617942819,won,0.34,1
11:44:28,JD100,,3.970,DIGITOVER,4,0.5206,0.0168,0.41,144,3617944239,won,0.34,1
11:44:30,JD100,,3.970,DIGITOVER,4,0.5206,0.0168,0.41,148,3617945099,lost,-0.41,1
11:44:32,JD100,,3.967,DIGITUNDER,5,0.5218,0.0190,0.41,136,3617947039,won,0.34,1
11:44:35,JD100,,3.967,DIGITUNDER,5,0.5240,0.0234,0.41,141,3617948159,won,0.34,1
11:44:37,JD100,,3.967,DIGITUNDER,5,0.5240,0.0234,0.41,155,3617951539,lost,-0.41,1
11:44:39,JD100,,3.968,DIGITOVER,4,0.5206,0.0167,0.41,119,3617953059,lost,-0.41,1
11:44:41,JD100,,3.967,DIGITUNDER,5,0.5206,0.0167,0.41,126,3617955859,won,0.34,1
11:44:43,JD100,,3.965,DIGITUNDER,5,0.5206,0.0167,0.41,107,3617956499,lost,-0.41,1
11:44:45,JD100,,3.960,DIGITOVER,4,0.5218,0.0191,0.41,149,3617960459,won,0.34,1
11:44:47,JD100,,3.960,DIGITOVER,4,0.5206,0.0167,0.41,172,3617961859,won,0.34,1
11:44:49,JD100,,3.962,DIGITUNDER,5,0.5241,0.0235,0.41,120,3617965039,won,0.34,1
11:44:51,JD100,,3.961,DIGITUNDER,5,0.5218,0.0191,0.41,162,3617966219,won,0.34,1
11:44:53,JD100,,3.956,DIGITUNDER,5,0.5206,0.0167,0.41,158,3617967939,lost,-0.41,1
11:44:55,JD100,,3.956,DIGITOVER,4,0.5206,0.0167,0.41,146,3617968899,won,0.34,1
11:44:57,JD100,,3.957,DIGITUNDER,5,0.5218,0.0191,0.41,121,3617972259,lost,-0.41,1
11:44:59,JD100,,3.964,DIGITUNDER,5,0.5206,0.0167,0.41,146,3617974679,won,0.34,1
11:45:01,JD100,,3.963,DIGITUNDER,5,0.5206,0.0167,0.41,149,3617976079,lost,-0.41,1
11:45:03,JD100,,3.966,DIGITUNDER,5,0.5206,0.0167,0.41,157,3617984399,won,0.34,1
11:45:06,JD100,,3.966,DIGITUNDER,5,0.5217,0.0189,0.41,170,3617985899,won,0.34,1
11:45:08,JD100,,3.966,DIGITUNDER,5,0.5206,0.0167,0.41,144,3617987319,won,0.34,1
11:45:11,JD100,,3.962,DIGITUNDER,5,0.5217,0.0190,0.41,151,3617991779,won,0.34,1
11:45:13,JD100,,3.960,DIGITUNDER,5,0.5217,0.0190,0.41,134,3617993339,lost,-0.41,1
11:45:15,JD100,,3.960,DIGITOVER,4,0.5217,0.0190,0.41,639,3617999839,lost,-0.41,1
11:45:17,JD100,,3.959,DIGITUNDER,5,0.5241,0.0235,0.41,188,3618001099,lost,-0.41,1
11:45:19,JD100,,3.959,DIGITOVER,4,0.5206,0.0168,0.41,129,3618002939,lost,-0.41,1
11:45:21,JD100,,3.960,DIGITUNDER,5,0.5217,0.0189,0.41,128,3618004459,won,0.34,1
11:45:23,JD100,,3.960,DIGITUNDER,5,0.5206,0.0167,0.41,175,3618005959,won,0.34,1
11:45:25,JD100,,3.959,DIGITUNDER,5,0.5206,0.0167,0.41,148,3618007039,won,0.34,1
11:45:27,JD100,,3.956,DIGITUNDER,5,0.5241,0.0236,0.41,146,3618008819,lost,-0.41,1
11:45:29,JD100,,3.958,DIGITOVER,4,0.5241,0.0235,0.41,150,3618009939,won,0.34,1
11:45:31,JD100,,3.958,DIGITOVER,4,0.5241,0.0236,0.41,161,3618011619,lost,-0.41,1
11:45:33,JD100,,3.959,DIGITUNDER,5,0.5241,0.0235,0.41,108,3618013039,won,0.34,1
11:45:35,JD100,,3.959,DIGITUNDER,5,0.5218,0.0190,0.41,126,3618014439,won,0.34,1
11:45:37,JD100,,3.959,DIGITUNDER,5,0.5218,0.0190,0.41,154,3618015619,won,0.34,1
11:45:39,JD100,,3.957,DIGITOVER,4,0.5241,0.0236,0.41,143,3618023659,won,0.34,1
11:45:41,JD100,,3.952,DIGITOVER,4,0.5206,0.0168,0.41,104,3618030959,lost,-0.41,1
11:45:43,JD100,,3.951,DIGITUNDER,5,0.5218,0.0192,0.41,125,3618032279,lost,-0.41,1
11:45:45,JD100,,3.956,DIGITOVER,4,0.5218,0.0191,0.41,117,3618035099,won,0.34,1
11:45:48,JD100,,3.955,DIGITOVER,4,0.5206,0.0168,0.41,125,3618036499,won,0.34,1
11:45:50,JD100,,3.955,DIGITOVER,4,0.5242,0.0237,0.41,140,3618038019,lost,-0.41,1
11:45:52,JD100,,3.955,DIGITUNDER,5,0.5206,0.0168,0.41,104,3618039259,lost,-0.41,1
11:45:54,JD100,,3.954,DIGITOVER,4,0.5218,0.0192,0.41,137,3618040519,won,0.34,1
11:45:56,JD100,,3.957,DIGITUNDER,5,0.5206,0.0168,0.41,124,3618047339,won,0.34,1
11:45:58,JD100,,3.956,DIGITUNDER,5,0.5218,0.0191,0.41,144,3618048799,won,0.34,1
11:46:00,JD100,,3.956,DIGITUNDER,5,0.5242,0.0237,0.41,150,3618050019,won,0.34,1
11:46:02,JD100,,3.961,DIGITOVER,4,0.5242,0.0237,0.41,93,3618052399,lost,-0.41,1
11:46:04,JD100,,3.962,DIGITUNDER,5,0.5241,0.0237,0.41,127,3618053959,won,0.34,1
11:46:06,JD100,,3.961,DIGITUNDER,5,0.5206,0.0168,0.41,95,3618055059,lost,-0.41,1
11:46:08,JD100,,3.962,DIGITUNDER,5,0.5206,0.0167,0.41,135,3618057359,won,0.34,1
11:46:11,JD100,,3.961,DIGITUNDER,5,0.5218,0.0191,0.41,177,3618058939,won,0.34,1
11:46:13,JD100,,3.961,DIGITUNDER,5,0.5242,0.0237,0.41,154,3618060299,lost,-0.41,1
11:46:15,JD100,,3.963,DIGITOVER,4,0.5241,0.0237,0.41,130,3618061939,lost,-0.41,1
11:46:17,JD100,,3.965,DIGITUNDER,5,0.5241,0.0236,0.41,106,3618063179,won,0.34,1
11:46:19,JD100,,3.964,DIGITUNDER,5,0.5241,0.0237,0.41,111,3618064619,won,0.34,1
11:46:21,JD100,,3.963,DIGITUNDER,5,0.5242,0.0237,0.41,138,3618065719,lost,-0.41,1
11:46:23,JD100,,3.964,DIGITOVER,4,0.5218,0.0191,0.41,156,3618067099,lost,-0.41,1
11:46:25,JD100,,3.960,DIGITUNDER,5,0.5206,0.0168,0.41,123,3618068479,lost,-0.41,1
11:46:27,JD100,,3.960,DIGITOVER,4,0.5218,0.0191,0.41,142,3618071139,lost,-0.41,1
11:46:29,JD100,,3.961,DIGITUNDER,5,0.5218,0.0191,0.41,117,3618072819,won,0.34,1
11:46:32,JD100,,3.960,DIGITUNDER,5,0.5242,0.0237,0.41,139,3618073979,won,0.34,1
11:46:34,JD100,,3.966,DIGITUNDER,5,0.5242,0.0237,0.41,122,3618075819,lost,-0.41,1
11:46:36,JD100,,3.966,DIGITOVER,4,0.5241,0.0237,0.41,148,3618077319,lost,-0.41,1
11:46:38,JD100,,3.964,DIGITOVER,4,0.5206,0.0168,0.41,124,3618081819,won,0.34,1
11:46:40,JD100,,3.964,DIGITOVER,4,0.5218,0.0192,0.41,101,3618082959,lost,-0.41,1
11:46:42,JD100,,3.965,DIGITUNDER,5,0.5207,0.0168,0.41,125,3618084019,won,0.34,1
11:46:44,JD100,,3.964,DIGITUNDER,5,0.5242,0.0237,0.41,110,3618084819,won,0.34,1
11:46:46,JD100,,3.964,DIGITUNDER,5,0.5207,0.0169,0.41,160,3618086159,won,0.34,1
11:46:48,JD100,,3.963,DIGITUNDER,5,0.5242,0.0238,0.41,158,3618087199,lost,-0.41,1
11:46:50,JD100,,3.964,DIGITOVER,4,0.5242,0.0237,0.41,123,3618089039,lost,-0.41,1
11:46:52,JD100,,3.965,DIGITUNDER,5,0.5218,0.0191,0.41,102,3618090539,won,0.34,1
11:46:54,JD100,,3.963,DIGITUNDER,5,0.5218,0.0192,0.41,127,3618091879,won,0.34,1
11:46:56,JD100,,3.962,DIGITUNDER,5,0.5242,0.0237,0.41,106,3618093079,won,0.34,1
11:46:58,JD100,,3.962,DIGITUNDER,5,0.5219,0.0192,0.41,920,3618097179,lost,-0.41,2
11:47:01,JD100,,3.966,DIGITUNDER,5,0.5242,0.0238,0.41,92,3618100059,won,0.34,1
11:47:03,JD100,,3.967,DIGITOVER,4,0.5218,0.0191,0.41,143,3618103819,lost,-0.41,1
11:47:05,JD100,,3.962,DIGITOVER,4,0.5218,0.0191,0.41,143,3618106379,won,0.34,1
11:47:07,JD100,,3.961,DIGITOVER,4,0.5219,0.0192,0.41,131,3618109039,lost,-0.41,1
11:47:09,JD100,,3.961,DIGITOVER,4,0.5219,0.0192,0.41,126,3618113019,won,0.34,1
11:47:11,JD100,,3.961,DIGITOVER,4,0.5243,0.0240,0.41,114,3618113819,won,0.34,1
11:47:13,JD100,,3.962,DIGITUNDER,5,0.5219,0.0192,0.41,209,3618117659,won,0.34,1
11:47:15,JD100,,3.961,DIGITUNDER,5,0.5207,0.0170,0.41,108,3618120599,won,0.34,1
11:47:17,JD100,,3.962,DIGITUNDER,5,0.5219,0.0192,0.41,98,3618121779,won,0.34,1
11:47:19,JD100,,3.961,DIGITUNDER,5,0.5219,0.0192,0.41,131,3618123199,won,0.34,1
11:47:21,JD100,,3.960,DIGITUNDER,5,0.5243,0.0240,0.41,117,3618124159,won,0.34,1
11:47:23,JD100,,3.963,DIGITOVER,4,0.5219,0.0192,0.41,118,3618130659,lost,-0.41,1
11:47:25,JD100,,3.962,DIGITUNDER,5,0.5208,0.0170,0.41,127,3618132139,won,0.34,1
11:47:27,JD100,,3.955,DIGITUNDER,5,0.5243,0.0240,0.41,139,3618133699,won,0.34,1
11:47:29,JD100,,3.963,DIGITOVER,4,0.5207,0.0170,0.41,129,3618139419,won,0.34,1
11:47:32,JD100,,3.960,DIGITOVER,4,0.5218,0.0192,0.41,139,3618141099,lost,-0.41,1
11:47:34,JD100,,3.961,DIGITUNDER,5,0.5207,0.0170,0.41,119,3618142799,lost,-0.41,1
11:47:36,JD100,,3.954,DIGITUNDER,5,0.5207,0.0170,0.41,130,3618146499,won,0.34,1
11:47:38,JD100,,3.954,DIGITUNDER,5,0.5243,0.0240,0.41,142,3618147979,won,0.34,1
11:47:40,JD100,,3.955,DIGITOVER,4,0.5207,0.0170,0.41,130,3618151319,won,0.34,1
11:47:42,JD100,,3.950,DIGITOVER,4,0.5244,0.0241,0.41,101,3618153779,lost,-0.41,1
11:47:44,JD100,,3.952,DIGITUNDER,5,0.5207,0.0170,0.41,137,3618154939,won,0.34,1
11:47:46,JD100,,3.951,DIGITUNDER,5,0.5208,0.0170,0.41,122,3618159259,won,0.34,1
11:47:48,JD100,,3.947,DIGITOVER,4,0.5208,0.0170,0.41,133,3618161379,won,0.34,1
11:47:50,JD100,,3.946,DIGITUNDER,5,0.5208,0.0171,0.42,181,3618165059,lost,-0.42,1
11:47:52,JD100,,3.943,DIGITOVER,4,0.5218,0.0191,0.42,144,3618165739,lost,-0.42,1
11:47:54,JD100,,3.940,DIGITUNDER,5,0.5243,0.0240,0.41,140,3618168219,won,0.34,1
11:47:56,JD100,,3.940,DIGITUNDER,5,0.5208,0.0170,0.41,112,3618169539,lost,-0.41,1
11:47:59,JD100,,3.941,DIGITOVER,4,0.5207,0.0170,0.41,155,3618170679,lost,-0.41,1
11:48:01,JD100,,3.940,DIGITOVER,4,0.5218,0.0191,0.41,107,3618173339,lost,-0.41,1
11:48:03,JD100,,3.941,DIGITUNDER,5,0.5243,0.0239,0.41,133,3618174539,won,0.34,1
11:48:05,JD100,,3.943,DIGITOVER,4,0.5243,0.0240,0.41,112,3618179759,won,0.34,1
11:48:07,JD100,,3.943,DIGITOVER,4,0.5219,0.0192,0.41,97,3618180999,won,0.34,1
11:48:09,JD100,,3.942,DIGITUNDER,5,0.5219,0.0192,0.41,118,3618183859,won,0.34,1
11:48:11,JD100,,3.942,DIGITUNDER,5,0.5207,0.0169,0.41,113,3618184939,won,0.34,1
11:48:13,JD100,,3.942,DIGITUNDER,5,0.5219,0.0192,0.41,137,3618186339,won,0.34,1
11:48:15,JD100,,3.942,DIGITUNDER,5,0.5244,0.0241,0.41,162,3618188239,lost,-0.41,1
11:48:17,JD100,,3.943,DIGITOVER,4,0.5219,0.0192,0.41,144,3618189039,lost,-0.41,1
11:48:19,JD100,,3.942,DIGITUNDER,5,0.5207,0.0170,0.41,124,3618190119,won,0.34,1
11:48:21,JD100,,3.941,DIGITOVER,4,0.5207,0.0170,0.41,142,3618199799,won,0.34,1
11:48:23,JD100,,3.938,DIGITOVER,4,0.5208,0.0171,0.41,158,3618203159,won,0.34,1
11:48:25,JD100,,3.935,DIGITOVER,4,0.5208,0.0171,0.41,156,3618204919,lost,-0.41,1
11:48:27,JD100,,3.936,DIGITUNDER,5,0.5208,0.0171,0.41,165,3618206999,lost,-0.41,1
11:48:29,JD100,,3.941,DIGITOVER,4,0.5244,0.0241,0.41,151,3618209559,won,0.34,1
11:48:32,JD100,,3.942,DIGITUNDER,5,0.5219,0.0192,0.41,120,3618211879,lost,-0.41,1
11:48:34,JD100,,3.943,DIGITOVER,4,0.5243,0.0241,0.41,211,3618213879,won,0.34,1
11:48:36,JD100,,3.949,DIGITOVER,4,0.5219,0.0192,0.41,145,3618215059,won,0.34,1
11:48:38,JD100,,3.949,DIGITOVER,4,0.5208,0.0170,0.41,118,3618216859,won,0.34,1
11:48:40,JD100,,3.946,DIGITOVER,4,0.5219,0.0192,0.41,155,3618217859,won,0.34,1
11:48:42,JD100,,3.946,DIGITOVER,4,0.5244,0.0241,0.41,120,3618218739,won,0.34,1
11:48:44,JD100,,3.950,DIGITOVER,4,0.5219,0.0192,0.35,104,3618222279,lost,-0.35,1
11:48:46,JD100,,3.949,DIGITUNDER,5,0.5244,0.0242,0.35,128,3618223919,won,0.29,1
11:48:48,JD100,,3.945,DIGITUNDER,5,0.5244,0.0242,0.35,106,3618225599,lost,-0.35,1
11:48:50,JD100,,3.948,DIGITOVER,4,0.5208,0.0171,0.35,131,3618227059,lost,-0.35,1
11:48:52,JD100,,3.950,DIGITUNDER,5,0.5244,0.0242,0.35,148,3618228359,won,0.29,1
11:48:54,JD100,,3.948,DIGITUNDER,5,0.5244,0.0242,0.35,132,3618229659,won,0.29,1
11:48:57,JD100,,3.948,DIGITUNDER,5,0.5208,0.0172,0.35,161,3618230639,won,0.29,1
11:48:59,JD100,,3.944,DIGITUNDER,5,0.5244,0.0242,0.35,149,3618232299,won,0.29,1
11:49:01,JD100,,3.948,DIGITUNDER,5,0.5208,0.0172,0.35,119,3618234939,won,0.29,1
11:49:03,JD100,,3.948,DIGITUNDER,5,0.5245,0.0243,0.35,151,3618236459,lost,-0.35,1
11:49:05,JD100,,3.948,DIGITOVER,4,0.5208,0.0172,0.35,123,3618238699,lost,-0.35,1
11:49:07,JD100,,3.946,DIGITUNDER,5,0.5219,0.0193,0.35,153,3618240059,won,0.29,1
11:49:09,JD100,,3.942,DIGITUNDER,5,0.5244,0.0242,0.35,128,3618248059,lost,-0.35,1
11:49:11,JD100,,3.943,DIGITOVER,4,0.5244,0.0242,0.35,143,3618249419,lost,-0.35,1
11:49:13,JD100,,3.942,DIGITUNDER,5,0.5219,0.0193,0.35,162,3618250759,won,0.29,1
11:49:15,JD100,,3.942,DIGITUNDER,5,0.5208,0.0171,0.35,113,3618252319,lost,-0.35,1
11:49:17,JD100,,3.940,DIGITUNDER,5,0.5207,0.0170,0.35,122,3618254959,won,0.29,1
11:49:19,JD100,,3.941,DIGITOVER,4,0.5207,0.0170,0.35,109,3618260399,won,0.29,1
11:49:22,JD100,,3.941,DIGITOVER,4,0.5219,0.0192,0.35,151,3618261619,won,0.29,1
11:49:24,JD100,,3.944,DIGITUNDER,5,0.5244,0.0241,0.35,185,3618264279,won,0.29,1
11:49:26,JD100,,3.943,DIGITUNDER,5,0.5219,0.0193,0.35,146,3618265779,lost,-0.35,1
11:49:28,JD100,,3.945,DIGITOVER,4,0.5219,0.0193,0.35,126,3618267079,won,0.29,1
11:49:30,JD100,,3.945,DIGITOVER,4,0.5219,0.0193,0.35,135,3618268179,won,0.29,1
11:49:32,JD100,,3.945,DIGITOVER,4,0.5244,0.0241,0.35,107,3618269739,lost,-0.35,1
11:49:34,JD100,,3.947,DIGITUNDER,5,0.5244,0.0241,0.35,176,3618271819,lost,-0.35,1
11:49:36,JD100,,3.950,DIGITOVER,4,0.5244,0.0241,0.35,131,3618273939,won,0.29,1
11:49:38,JD100,,3.950,DIGITOVER,4,0.5244,0.0241,0.35,126,3618276619,lost,-0.35,1
11:49:40,JD100,,3.952,DIGITUNDER,5,0.5207,0.0169,0.35,135,3618277719,won,0.29,1
11:49:42,JD100,,3.953,DIGITOVER,4,0.5243,0.0240,0.35,134,3618282259,lost,-0.35,1
11:49:44,JD100,,3.954,DIGITUNDER,5,0.5207,0.0169,0.35,154,3618284219,won,0.29,1
11:49:46,JD100,,3.953,DIGITUNDER,5,0.5207,0.0169,0.35,128,3618285539,won,0.29,1
11:49:49,JD100,,3.945,DIGITOVER,4,0.5243,0.0240,0.35,137,3618289039,won,0.29,1
11:49:51,JD100,,3.945,DIGITOVER,4,0.5219,0.0192,0.35,152,3618290139,won,0.29,1
11:49:53,JD100,,3.942,DIGITOVER,4,0.5243,0.0240,0.35,122,3618291279,lost,-0.35,1
11:49:55,JD100,,3.943,DIGITUNDER,5,0.5219,0.0192,0.35,144,3618292259,won,0.29,1
11:49:57,JD100,,3.944,DIGITOVER,4,0.5207,0.0170,0.35,131,3618294679,won,0.29,1
11:49:59,JD100,,3.944,DIGITOVER,4,0.5243,0.0240,0.35,112,3618296139,won,0.29,1
11:50:01,JD100,,3.943,DIGITOVER,4,0.5243,0.0240,0.35,148,3618298339,won,0.29,1
11:50:04,JD100,,3.943,DIGITOVER,4,0.5243,0.0240,0.35,126,3618300459,won,0.29,1
11:50:06,JD100,,3.936,DIGITOVER,4,0.5243,0.0241,0.35,145,3618301539,won,0.29,1
11:50:08,JD100,,3.941,DIGITOVER,4,0.5219,0.0193,0.35,115,3618308919,lost,-0.35,1
11:50:10,JD100,,3.942,DIGITUNDER,5,0.5243,0.0240,0.35,138,3618309799,lost,-0.35,1
11:50:12,JD100,,3.941,DIGITOVER,4,0.5219,0.0192,0.35,200,3618314059,won,0.29,1
11:50:14,JD100,,3.936,DIGITOVER,4,0.5243,0.0240,0.35,147,3618318959,won,0.29,1
11:50:16,JD100,,3.936,DIGITOVER,4,0.5244,0.0241,0.35,206,3618320779,won,0.29,1
11:50:18,JD100,,3.935,DIGITOVER,4,0.5208,0.0171,0.35,124,3618321819,won,0.29,1
11:50:20,JD100,,3.928,DIGITOVER,4,0.5220,0.0194,0.35,217,3618328559,lost,-0.35,1
11:50:22,JD100,,3.931,DIGITOVER,4,0.5220,0.0194,0.35,166,3618331279,won,0.29,1
11:50:24,JD100,,3.930,DIGITOVER,4,0.5244,0.0241,0.35,138,3618335239,won,0.29,1
11:50:26,JD100,,3.929,DIGITOVER,4,0.5220,0.0194,0.35,156,3618336579,won,0.29,1
11:50:28,JD100,,3.929,DIGITOVER,4,0.5208,0.0172,0.35,105,3618337859,won,0.29,1
11:50:30,JD100,,3.929,DIGITUNDER,5,0.5220,0.0195,0.35,130,3618340019,won,0.29,1
11:50:32,JD100,,3.923,DIGITOVER,4,0.5220,0.0195,0.35,115,3618342439,won,0.29,1
11:50:35,JD100,,3.922,DIGITOVER,4,0.5208,0.0171,0.35,136,3618343879,won,0.29,1
11:50:37,JD100,,3.925,DIGITUNDER,5,0.5208,0.0171,0.35,137,3618346499,won,0.29,1
11:50:39,JD100,,3.921,DIGITUNDER,5,0.5220,0.0195,0.35,135,3618348919,won,0.29,1
11:50:41,JD100,,3.921,DIGITUNDER,5,0.5220,0.0196,0.35,191,3618350559,lost,-0.35,1
11:50:43,JD100,,3.922,DIGITOVER,4,0.5245,0.0243,0.35,146,3618351639,won,0.29,1
11:50:45,JD100,,3.921,DIGITOVER,4,0.5208,0.0172,0.35,119,3618353419,lost,-0.35,1
11:50:47,JD100,,3.922,DIGITOVER,4,0.5220,0.0195,0.35,108,3618356119,lost,-0.35,1
11:50:49,JD100,,3.926,DIGITUNDER,5,0.5208,0.0171,0.35,153,3618358639,won,0.29,1
11:50:51,JD100,,3.925,DIGITUNDER,5,0.5208,0.0172,0.35,151,3618363859,lost,-0.35,1
11:50:53,JD100,,3.924,DIGITOVER,4,0.5208,0.0171,0.35,120,3618367819,won,0.29,1
11:50:55,JD100,,3.923,DIGITOVER,4,0.5221,0.0196,0.35,142,3618368739,won,0.29,1
11:50:57,JD100,,3.923,DIGITOVER,4,0.5245,0.0244,0.35,139,3618371319,lost,-0.35,1
11:51:00,JD100,,3.922,DIGITUNDER,5,0.5221,0.0196,0.35,117,3618372219,won,0.29,1
11:51:02,JD100,,3.920,DIGITUNDER,5,0.5245,0.0244,0.35,145,3618373359,won,0.29,1
11:51:04,JD100,,3.917,DIGITOVER,4,0.5208,0.0172,0.35,153,3618375959,lost,-0.35,1
11:51:06,JD100,,3.919,DIGITUNDER,5,0.5208,0.0172,0.35,149,3618377099,won,0.29,1
11:51:08,JD100,,3.923,DIGITUNDER,5,0.5220,0.0195,0.35,114,3618378439,lost,-0.35,1
11:51:10,JD100,,3.924,DIGITOVER,4,0.5245,0.0244,0.35,120,3618379639,won,0.29,1
11:51:12,JD100,,3.920,DIGITOVER,4,0.5208,0.0172,0.35,154,3618380719,lost,-0.35,1
11:51:14,JD100,,3.918,DIGITOVER,4,0.5245,0.0244,0.35,129,3618384119,lost,-0.35,1
11:51:16,JD100,,3.918,DIGITUNDER,5,0.5208,0.0172,0.35,138,3618386239,won,0.29,1
11:51:18,JD100,,3.917,DIGITUNDER,5,0.5245,0.0244,0.35,103,3618387519,lost,-0.35,1
11:51:20,JD100,,3.915,DIGITOVER,4,0.5245,0.0244,0.35,115,3618388899,won,0.29,1
11:51:22,JD100,,3.912,DIGITOVER,4,0.5208,0.0172,0.35,109,3618390119,won,0.29,1
11:51:24,JD100,,3.908,DIGITOVER,4,0.5209,0.0172,0.35,153,3618391039,won,0.29,1
11:51:26,JD100,,3.907,DIGITOVER,4,0.5220,0.0195,0.35,130,3618393399,won,0.29,1
11:51:29,JD100,,3.914,DIGITOVER,4,0.5221,0.0196,0.35,156,3618396079,won,0.29,1
11:51:31,JD100,,3.921,DIGITOVER,4,0.5246,0.0245,0.35,139,3618397679,won,0.29,1
11:51:33,JD100,,3.921,DIGITOVER,4,0.5246,0.0245,0.35,156,3618398859,lost,-0.35,1
11:51:35,JD100,,3.919,DIGITUNDER,5,0.5246,0.0245,0.35,148,3618401519,won,0.29,1
11:51:37,JD100,,3.919,DIGITUNDER,5,0.5209,0.0173,0.35,137,3618403179,won,0.29,1
11:51:39,JD100,,3.924,DIGITUNDER,5,0.5246,0.0245,0.35,141,3618404139,lost,-0.35,1
11:51:41,JD100,,3.926,DIGITUNDER,5,0.5209,0.0173,0.35,135,3618408399,won,0.29,1
11:51:43,JD100,,3.925,DIGITUNDER,5,0.5209,0.0173,0.35,145,3618410859,lost,-0.35,1
11:51:45,JD100,,3.926,DIGITUNDER,5,0.5221,0.0197,0.35,138,3618413779,won,0.29,1
11:51:47,JD100,,3.925,DIGITOVER,4,0.5221,0.0197,0.35,127,3618416219,lost,-0.35,1
11:51:49,JD100,,3.923,DIGITUNDER,5,0.5208,0.0172,0.35,163,3618417239,lost,-0.35,1
11:51:51,JD100,,3.924,DIGITUNDER,5,0.5245,0.0244,0.35,169,3618422159,won,0.29,1
11:51:53,JD100,,3.924,DIGITUNDER,5,0.5222,0.0198,0.35,100,3618423439,lost,-0.35,1
11:51:55,JD100,,3.897,DIGITUNDER,5,0.5222,0.0198,0.35,416,3618428839,won,0.29,1
11:51:57,JD100,,3.897,DIGITUNDER,5,0.5222,0.0198,0.35,109,3618430139,won,0.29,1
11:51:59,JD100,,3.894,DIGITUNDER,5,0.5208,0.0172,0.35,170,3618431619,lost,-0.35,1
11:52:01,JD100,,3.896,DIGITUNDER,5,0.5208,0.0171,0.35,129,3618435819,lost,-0.35,1
11:52:04,JD100,,3.897,DIGITUNDER,5,0.5208,0.0171,0.35,111,3618438459,won,0.29,1
11:52:06,JD100,,3.902,DIGITUNDER,5,0.5246,0.0246,0.35,127,3618439319,lost,-0.35,1
11:52:08,JD100,,3.902,DIGITOVER,4,0.5208,0.0171,0.35,129,3618441559,lost,-0.35,1
11:52:10,JD100,,3.900,DIGITOVER,4,0.5246,0.0245,0.35,112,3618444779,won,0.29,1
11:52:12,JD100,,3.902,DIGITOVER,4,0.5222,0.0198,0.35,194,3618451199,won,0.29,1
11:52:14,JD100,,3.900,DIGITOVER,4,0.5208,0.0170,0.35,143,3618452179,lost,-0.35,1
11:52:16,JD100,,3.900,DIGITUNDER,5,0.5222,0.0199,0.35,124,3618453759,won,0.29,1
11:52:18,JD100,,3.899,DIGITUNDER,5,0.5222,0.0199,0.35,123,3618456199,won,0.29,1
11:52:20,JD100,,3.904,DIGITUNDER,5,0.5222,0.0199,0.35,139,3618457199,lost,-0.35,1
11:52:22,JD100,,3.904,DIGITOVER,4,0.5246,0.0245,0.35,129,3618460019,won,0.29,1
11:52:24,JD100,,3.911,DIGITOVER,4,0.5208,0.0171,0.35,160,3618462879,won,0.29,1
11:52:26,JD100,,3.911,DIGITOVER,4,0.5222,0.0198,0.35,107,3618464499,won,0.29,1
11:52:28,JD100,,3.914,DIGITOVER,4,0.5246,0.0245,0.35,112,3618467339,lost,-0.35,1
11:52:31,JD100,,3.915,DIGITUNDER,5,0.5222,0.0198,0.35,517,3618472119,won,0.29,1
11:52:33,JD100,,3.925,DIGITUNDER,5,0.5208,0.0171,0.35,133,3618473199,won,0.29,1
11:52:35,JD100,,3.921,DIGITUNDER,5,0.5246,0.0246,0.35,142,3618478879,lost,-0.35,1
11:52:37,JD100,,3.917,DIGITUNDER,5,0.5246,0.0245,0.35,144,3618481499,lost,-0.35,1
11:52:39,JD100,,3.917,DIGITOVER,4,0.5222,0.0199,0.35,125,3618483019,lost,-0.35,1
11:52:41,JD100,,3.916,DIGITUNDER,5,0.5246,0.0245,0.35,132,3618486619,lost,-0.35,1
11:52:43,JD100,,3.916,DIGITOVER,4,0.5222,0.0198,0.35,112,3618488279,won,0.29,1
11:52:45,JD100,,3.915,DIGITOVER,4,0.5246,0.0245,0.35,149,3618489379,won,0.29,1
11:52:47,JD100,,3.915,DIGITOVER,4,0.5208,0.0171,0.35,193,3618491419,won,0.29,1
11:52:49,JD100,,3.912,DIGITOVER,4,0.5246,0.0245,0.35,207,3618494359,lost,-0.35,1
11:52:51,JD100,,3.912,DIGITUNDER,5,0.5208,0.0171,0.35,184,3618497259,won,0.29,1
11:52:53,JD100,,3.911,DIGITUNDER,5,0.5208,0.0171,0.35,116,3618498639,lost,-0.35,1
11:52:55,JD100,,3.923,DIGITOVER,4,0.5222,0.0199,0.35,154,3618500619,won,0.29,1
11:52:57,JD100,,3.927,DIGITOVER,4,0.5208,0.0171,0.35,137,3618501919,lost,-0.35,1
11:52:59,JD100,,3.924,DIGITUNDER,5,0.5208,0.0170,0.35,110,3618509959,won,0.29,1
11:53:02,JD100,,3.922,DIGITUNDER,5,0.5246,0.0245,0.35,123,3618512759,lost,-0.35,1
11:53:04,JD100,,3.921,DIGITOVER,4,0.5207,0.0170,0.35,148,3618517139,lost,-0.35,1
11:53:06,JD100,,3.923,DIGITUNDER,5,0.5207,0.0170,0.35,123,3618518499,lost,-0.35,1
11:53:08,JD100,,3.923,DIGITOVER,4,0.5222,0.0199,0.35,127,3618519899,lost,-0.35,1
11:53:10,JD100,,3.924,DIGITOVER,4,0.5222,0.0198,0.35,136,3618524979,lost,-0.35,1
11:53:12,JD100,,3.928,DIGITUNDER,5,0.5207,0.0170,0.35,169,3618526819,won,0.29,1
11:53:14,JD100,,3.927,DIGITUNDER,5,0.5245,0.0244,0.35,125,3618527959,won,0.29,1
11:53:16,JD100,,3.925,DIGITUNDER,5,0.5222,0.0199,0.44,154,3618530199,lost,-0.44,1
11:53:18,JD100,,3.922,DIGITOVER,4,0.5208,0.0171,0.44,133,3618531199,lost,-0.44,1
11:53:20,JD100,,3.923,DIGITUNDER,5,0.5245,0.0244,0.58,147,3618532859,lost,-0.58,1
11:53:22,JD100,,3.925,DIGITOVER,4,0.5222,0.0198,0.58,140,3618534679,lost,-0.58,1
11:53:24,JD100,,3.924,DIGITUNDER,5,0.5208,0.0171,0.73,116,3618536779,won,0.6,1
11:53:26,JD100,,3.925,DIGITOVER,4,0.5208,0.0171,0.87,118,3618539839,lost,-0.87,1
11:53:28,JD100,,3.925,DIGITUNDER,5,0.5222,0.0198,0.87,272,3618540879,won,0.71,1
11:53:31,JD100,,3.929,DIGITUNDER,5,0.5207,0.0170,0.87,119,3618541979,won,0.71,1
11:53:33,JD100,,3.936,DIGITUNDER,5,0.5208,0.0170,0.87,480,3618544979,lost,-0.87,1
11:53:35,JD100,,3.936,DIGITOVER,4,0.5222,0.0198,0.87,115,3618547399,lost,-0.87,1
11:53:37,JD100,,3.935,DIGITUNDER,5,0.5245,0.0244,0.87,112,3618549999,lost,-0.87,1
11:53:39,JD100,,3.937,DIGITOVER,4,0.5208,0.0170,0.87,145,3618551139,lost,-0.87,1
11:53:41,JD100,,3.939,DIGITUNDER,5,0.5221,0.0197,0.88,120,3618555499,won,0.72,1
11:53:43,JD100,,3.939,DIGITUNDER,5,0.5208,0.0170,0.87,139,3618558119,won,0.71,1
11:53:45,JD100,,3.939,DIGITUNDER,5,0.5221,0.0197,0.87,129,3618559339,won,0.71,1
11:53:47,JD100,,3.939,DIGITUNDER,5,0.5245,0.0243,0.87,123,3618563159,lost,-0.87,1
11:53:49,JD100,,3.939,DIGITOVER,4,0.5222,0.0198,0.87,120,3618564519,lost,-0.87,1
11:53:51,JD100,,3.940,DIGITUNDER,5,0.5245,0.0243,0.87,141,3618567519,won,0.71,1
11:53:53,JD100,,3.941,DIGITUNDER,5,0.5221,0.0197,0.87,352,3618573659,lost,-0.87,1
11:53:55,JD100,,3.943,DIGITOVER,4,0.5245,0.0243,0.87,148,3618575279,won,0.71,1
11:53:57,JD100,,3.948,DIGITUNDER,5,0.5245,0.0243,0.87,149,3618577759,won,0.71,1
11:53:59,JD100,,3.947,DIGITOVER,4,0.5245,0.0244,0.88,122,3618582019,lost,-0.88,1
11:54:02,JD100,,3.948,DIGITUNDER,6,0.6224,0.0170,0.87,126,3618582959,lost,-0.87,1
11:54:04,JD100,,3.951,DIGITOVER,4,0.5222,0.0198,0.87,164,3618588399,won,0.71,1
11:54:06,JD100,,3.950,DIGITOVER,4,0.5222,0.0198,0.87,122,3618592619,won,0.71,1
11:54:08,JD100,,3.951,DIGITUNDER,5,0.5207,0.0170,0.87,133,3618595479,won,0.71,1
11:54:10,JD100,,3.954,DIGITOVER,4,0.5208,0.0170,0.88,139,3618598259,lost,-0.88,1
11:54:12,JD100,,3.951,DIGITOVER,4,0.5245,0.0243,0.87,127,3618601479,won,0.71,1
11:54:14,JD100,,3.948,DIGITOVER,4,0.5245,0.0244,0.87,132,3618606519,lost,-0.87,1
11:54:16,JD100,,3.950,DIGITUNDER,5,0.5245,0.0244,0.87,144,3618607979,lost,-0.87,1
11:54:18,JD100,,3.939,DIGITUNDER,5,0.5221,0.0197,0.87,117,3618611919,lost,-0.87,1
11:54:20,JD100,,3.940,DIGITOVER,4,0.5245,0.0243,0.87,150,3618613119,lost,-0.87,1
11:54:22,JD100,,3.934,DIGITUNDER,5,0.5221,0.0197,0.87,121,3618618019,won,0.71,1
11:54:25,JD100,,3.933,DIGITUNDER,5,0.5221,0.0197,0.87,152,3618619479,won,0.71,1
11:54:27,JD100,,3.932,DIGITUNDER,5,0.5221,0.0197,0.87,191,3618621499,lost,-0.87,1
11:54:29,JD100,,3.926,DIGITUNDER,5,0.5208,0.0171,0.88,139,3618625459,won,0.72,1
11:54:31,JD100,,3.922,DIGITUNDER,5,0.5208,0.0171,0.88,123,3618628779,won,0.72,1
11:54:33,JD100,,3.922,DIGITUNDER,5,0.5208,0.0172,0.88,380,3618635999,won,0.72,1
11:54:35,JD100,,3.921,DIGITUNDER,5,0.5245,0.0244,0.88,101,3618638499,won,0.72,1
11:54:37,JD100,,3.921,DIGITUNDER,5,0.5245,0.0244,0.88,149,3618639659,won,0.72,1
11:54:39,JD100,,3.918,DIGITUNDER,5,0.5209,0.0172,0.88,117,3618641399,lost,-0.88,1
11:54:41,JD100,,3.920,DIGITOVER,4,0.5245,0.0244,0.88,138,3618642739,won,0.72,1
11:54:43,JD100,,3.920,DIGITOVER,4,0.5222,0.0198,0.88,122,3618644099,won,0.72,1
11:54:45,JD100,,3.920,DIGITOVER,4,0.5246,0.0245,0.88,987,3618646719,won,0.72,2
11:54:47,JD100,,3.920,DIGITUNDER,5,0.5209,0.0173,0.88,117,3618650019,won,0.72,1
11:54:49,JD100,,3.919,DIGITOVER,4,0.5209,0.0173,0.88,118,3618655239,won,0.72,1
11:54:51,JD100,,3.918,DIGITOVER,4,0.5221,0.0197,0.88,290,3618656419,won,0.72,1
11:54:53,JD100,,3.918,DIGITOVER,4,0.5209,0.0173,0.88,139,3618658359,won,0.72,1
11:54:56,JD100,,3.918,DIGITOVER,4,0.5209,0.0173,0.88,128,3618659739,won,0.72,1
11:54:58,JD100,,3.918,DIGITOVER,4,0.5246,0.0245,0.88,152,3618660979,lost,-0.88,1
11:55:00,JD100,,3.917,DIGITUNDER,5,0.5246,0.0245,0.88,134,3618663819,lost,-0.88,1
11:55:02,JD100,,3.918,DIGITOVER,4,0.5222,0.0198,0.88,129,3618664839,lost,-0.88,1
11:55:04,JD100,,3.919,DIGITUNDER,5,0.5209,0.0172,0.88,142,3618665999,won,0.72,1
11:55:06,JD100,,3.919,DIGITOVER,4,0.5209,0.0173,0.88,149,3618668919,lost,-0.88,1
11:55:08,JD100,,3.920,DIGITUNDER,5,0.5209,0.0173,0.88,125,3618670299,won,0.72,1
11:55:10,JD100,,3.924,DIGITUNDER,5,0.5209,0.0173,0.88,136,3618673939,won,0.72,1
11:55:12,JD100,,3.923,DIGITUNDER,5,0.5245,0.0244,0.88,130,3618675359,lost,-0.88,1
11:55:14,JD100,,3.925,DIGITOVER,4,0.5209,0.0173,0.88,150,3618676979,won,0.72,1
11:55:16,JD100,,3.928,DIGITUNDER,5,0.5245,0.0243,0.88,145,3618683199,won,0.72,1
11:55:18,JD100,,3.927,DIGITUNDER,5,0.5209,0.0173,0.88,137,3618684779,lost,-0.88,1
11:55:20,JD100,,3.928,DIGITOVER,4,0.5245,0.0243,0.88,238,3618687299,won,0.72,1
11:55:22,JD100,,3.931,DIGITUNDER,5,0.5245,0.0243,0.88,132,3618690179,won,0.72,1
11:55:24,JD100,,3.931,DIGITUNDER,5,0.5209,0.0173,0.88,152,3618691219,lost,-0.88,1
11:55:26,JD100,,3.929,DIGITUNDER,5,0.5209,0.0173,0.87,128,3618696159,won,0.71,1
11:55:29,JD100,,3.929,DIGITOVER,4,0.5245,0.0243,0.88,109,3618698539,lost,-0.88,1
11:55:31,JD100,,3.929,DIGITUNDER,5,0.5220,0.0195,0.88,168,3618700959,lost,-0.88,1
11:55:33,JD100,,3.932,DIGITUNDER,5,0.5209,0.0173,0.88,99,3618702859,lost,-0.88,1
11:55:35,JD100,,3.933,DIGITOVER,4,0.5209,0.0173,0.88,114,3618705119,lost,-0.88,1
11:55:37,JD100,,3.932,DIGITOVER,4,0.5209,0.0173,0.88,177,3618707539,lost,-0.88,1
11:55:39,JD100,,3.934,DIGITOVER,4,0.5220,0.0194,0.88,112,3618709679,won,0.72,1
11:55:41,JD100,,3.931,DIGITOVER,4,0.5220,0.0195,0.88,124,3618710659,lost,-0.88,1
11:55:43,JD100,,3.931,DIGITUNDER,5,0.5244,0.0242,0.88,159,3618712199,won,0.72,1
11:55:45,JD100,,3.927,DIGITUNDER,5,0.5245,0.0243,0.88,121,3618713339,won,0.72,1
11:55:47,JD100,,3.931,DIGITUNDER,5,0.5209,0.0173,0.88,133,3618714639,won,0.72,1
11:55:50,JD100,,3.927,DIGITOVER,4,0.5209,0.0173,0.88,123,3618718059,lost,-0.88,1
11:55:52,JD100,,3.925,DIGITUNDER,5,0.5244,0.0242,0.88,123,3618719299,won,0.72,1
11:55:54,JD100,,3.925,DIGITUNDER,5,0.5244,0.0242,0.88,145,3618720199,lost,-0.88,1
11:55:56,JD100,,3.926,DIGITOVER,4,0.5220,0.0194,0.88,114,3618721459,lost,-0.88,1
11:55:58,JD100,,3.926,DIGITUNDER,5,0.5209,0.0173,0.88,133,3618722599,lost,-0.88,1
11:56:00,JD100,,3.927,DIGITOVER,4,0.5209,0.0173,0.88,148,3618724199,won,0.72,1
11:56:02,JD100,,3.929,DIGITOVER,4,0.5244,0.0241,0.88,129,3618727939,won,0.72,1
11:56:04,JD100,,3.929,DIGITOVER,4,0.5244,0.0241,0.88,134,3618729839,lost,-0.88,1
11:56:06,JD100,,3.929,DIGITUNDER,5,0.5220,0.0194,0.88,150,3618731479,lost,-0.88,1
11:56:08,JD100,,3.928,DIGITOVER,4,0.5244,0.0242,0.88,132,3618737599,won,0.72,1
11:56:10,JD100,,3.927,DIGITOVER,4,0.5244,0.0242,0.88,177,3618738959,won,0.72,1
11:56:13,JD100,,3.917,DIGITOVER,4,0.5244,0.0242,0.88,161,3618739999,lost,-0.88,1
11:56:15,JD100,,3.919,DIGITUNDER,5,0.5220,0.0194,0.88,111,3618741559,lost,-0.88,1
11:56:17,JD100,,3.920,DIGITOVER,4,0.5209,0.0174,0.88,143,3618743039,lost,-0.88,1
11:56:19,JD100,,3.920,DIGITUNDER,5,0.5220,0.0194,0.88,187,3618744439,lost,-0.88,1
11:56:21,JD100,,3.918,DIGITOVER,4,0.5219,0.0194,0.88,119,3618746879,won,0.72,1
11:56:23,JD100,,3.913,DIGITOVER,4,0.5220,0.0194,0.88,165,3618748119,lost,-0.88,1
11:56:25,JD100,,3.915,DIGITUNDER,5,0.5219,0.0194,0.88,128,3618749139,won,0.72,1
11:56:27,JD100,,3.915,DIGITUNDER,5,0.5244,0.0242,0.88,155,3618751039,won,0.72,1
11:56:29,JD100,,3.911,DIGITUNDER,5,0.5210,0.0174,0.88,133,3618754219,lost,-0.88,1
11:56:31,JD100,,3.913,DIGITOVER,4,0.5244,0.0242,0.88,137,3618755259,lost,-0.88,1
11:56:33,JD100,,3.913,DIGITUNDER,5,0.5220,0.0194,0.88,128,3618756179,won,0.72,1
11:56:35,JD100,,3.913,DIGITUNDER,5,0.5209,0.0173,0.88,118,3618757499,lost,-0.88,1
11:56:37,JD100,,3.904,DIGITUNDER,5,0.5220,0.0194,0.88,164,3618760979,lost,-0.88,1
11:56:39,JD100,,3.902,DIGITOVER,4,0.5244,0.0242,0.88,136,3618762379,won,0.72,1
11:56:42,JD100,,3.900,DIGITOVER,4,0.5220,0.0194,0.88,131,3618764959,lost,-0.88,1
11:56:44,JD100,,3.900,DIGITUNDER,5,0.5220,0.0194,0.88,178,3618765979,lost,-0.88,1
11:56:46,JD100,,3.901,DIGITOVER,4,0.5244,0.0242,0.88,127,3618767999,lost,-0.88,1
11:56:48,JD100,,3.900,DIGITUNDER,5,0.5209,0.0173,0.87,155,3618769959,lost,-0.87,1
11:56:50,JD100,,3.901,DIGITUNDER,5,0.5209,0.0173,0.87,139,3618773139,won,0.71,1
11:56:52,JD100,,3.906,DIGITUNDER,5,0.5219,0.0193,0.81,147,3618776059,won,0.66,1
11:56:54,JD100,,3.911,DIGITUNDER,5,0.5244,0.0241,0.67,136,3618777499,lost,-0.67,1
11:56:56,JD100,,3.910,DIGITOVER,4,0.5219,0.0192,0.78,158,3618780659,won,0.64,1
11:56:58,JD100,,3.909,DIGITOVER,4,0.5219,0.0193,0.78,138,3618781599,lost,-0.78,1
11:57:00,JD100,,3.909,DIGITUNDER,5,0.5244,0.0241,0.87,146,3618783419,won,0.71,1
11:57:03,JD100,,3.908,DIGITUNDER,5,0.5244,0.0241,0.87,134,3618784239,lost,-0.87,1
11:57:05,JD100,,3.910,DIGITOVER,4,0.5209,0.0174,0.75,142,3618785619,lost,-0.75,1
11:57:07,JD100,,3.911,DIGITOVER,4,0.5209,0.0173,0.61,108,3618788419,lost,-0.61,1
11:57:09,JD100,,3.910,DIGITUNDER,5,0.5218,0.0192,0.47,153,3618792219,won,0.38,1
11:57:11,JD100,,3.910,DIGITOVER,4,0.5209,0.0172,0.35,142,3618795299,lost,-0.35,1
11:57:13,JD100,,3.911,DIGITUNDER,5,0.5219,0.0192,0.44,121,3618797459,lost,-0.44,1
11:57:15,JD100,,3.905,DIGITOVER,4,0.5219,0.0192,0.42,120,3618802699,lost,-0.42,1
11:57:17,JD100,,3.909,DIGITOVER,4,0.5219,0.0192,0.53,116,3618805039,won,0.43,1
11:57:19,JD100,,3.909,DIGITOVER,4,0.5208,0.0172,0.53,151,3618806019,lost,-0.53,1
11:57:21,JD100,,3.910,DIGITUNDER,5,0.5219,0.0192,0.39,129,3618807119,won,0.32,1
11:57:23,JD100,,3.916,DIGITUNDER,5,0.5219,0.0192,0.39,183,3618807959,lost,-0.39,1
11:57:25,JD100,,3.917,DIGITUNDER,5,0.5219,0.0192,0.35,144,3618810279,lost,-0.35,1
11:57:27,JD100,,3.922,DIGITOVER,4,0.5243,0.0239,0.35,180,3618814759,won,0.29,1
11:57:30,JD100,,3.926,DIGITOVER,4,0.5219,0.0192,0.35,113,3618816419,won,0.29,1
11:57:32,JD100,,3.923,DIGITUNDER,5,0.5243,0.0239,0.35,121,3618819619,won,0.29,1
11:57:34,JD100,,3.921,DIGITUNDER,5,0.5243,0.0239,0.35,110,3618822459,won,0.29,1
11:57:36,JD100,,3.920,DIGITUNDER,5,0.5208,0.0172,0.35,144,3618823739,won,0.29,1
11:57:38,JD100,,3.917,DIGITUNDER,5,0.5219,0.0193,0.35,117,3618827539,lost,-0.35,1
11:57:40,JD100,,3.919,DIGITOVER,4,0.5243,0.0239,0.35,135,3618828459,won,0.29,1
11:57:42,JD100,,3.921,DIGITOVER,4,0.5243,0.0240,0.35,126,3618835239,won,0.29,1
11:57:44,JD100,,3.921,DIGITUNDER,5,0.5208,0.0172,0.35,142,3618837619,won,0.29,1
11:57:46,JD100,,3.926,DIGITOVER,4,0.5219,0.0192,0.35,147,3618840499,won,0.29,1
11:57:48,JD100,,3.926,DIGITOVER,4,0.5243,0.0240,0.35,139,3618841639,lost,-0.35,1
11:57:50,JD100,,3.927,DIGITUNDER,5,0.5208,0.0172,0.35,141,3618843239,won,0.29,1
11:57:52,JD100,,3.927,DIGITUNDER,5,0.5218,0.0192,0.35,133,3618846599,won,0.29,1
11:57:54,JD100,,3.925,DIGITUNDER,5,0.5243,0.0240,0.35,180,3618848159,won,0.29,1
11:57:56,JD100,,3.925,DIGITOVER,4,0.5243,0.0240,0.35,151,3618853739,lost,-0.35,1
11:57:58,JD100,,3.926,DIGITUNDER,5,0.5218,0.0192,0.35,131,3618855579,won,0.29,1
11:58:01,JD100,,3.926,DIGITUNDER,5,0.5219,0.0192,0.35,124,3618857359,lost,-0.35,1
11:58:03,JD100,,3.926,DIGITOVER,4,0.5243,0.0239,0.35,135,3618859879,lost,-0.35,1
11:58:05,JD100,,3.927,DIGITUNDER,5,0.5218,0.0191,0.35,126,3618861919,won,0.29,1
11:58:07,JD100,,3.928,DIGITUNDER,5,0.5209,0.0172,0.35,118,3618864539,won,0.29,1
11:58:09,JD100,,3.927,DIGITUNDER,5,0.5218,0.0191,0.35,134,3618867039,won,0.29,1
11:58:11,JD100,,3.926,DIGITUNDER,5,0.5218,0.0191,0.35,174,3618868559,won,0.29,1
11:58:13,JD100,,3.923,DIGITUNDER,5,0.5243,0.0240,0.35,163,3618869619,won,0.29,1
11:58:15,JD100,,3.923,DIGITUNDER,5,0.5209,0.0173,0.35,127,3618871099,lost,-0.35,1
11:58:17,JD100,,3.924,DIGITUNDER,5,0.5219,0.0192,0.35,135,3618873719,won,0.29,1
11:58:19,JD100,,3.923,DIGITUNDER,5,0.5219,0.0193,0.35,106,3618880459,lost,-0.35,1
11:58:21,JD100,,3.922,DIGITOVER,4,0.5244,0.0241,0.35,193,3618884039,lost,-0.35,1
11:58:23,JD100,,3.929,DIGITUNDER,5,0.5209,0.0172,0.35,133,3618887659,won,0.29,1
11:58:25,JD100,,3.925,DIGITOVER,4,0.5209,0.0173,0.35,153,3618891739,lost,-0.35,1
11:58:27,JD100,,3.920,DIGITUNDER,5,0.5244,0.0241,0.35,142,3618894659,won,0.29,1
11:58:29,JD100,,3.920,DIGITUNDER,5,0.5220,0.0194,0.35,133,3618895459,won,0.29,1
11:58:31,JD100,,3.920,DIGITUNDER,5,0.5244,0.0242,0.35,126,3618896639,won,0.29,1
11:58:34,JD100,,3.916,DIGITUNDER,5,0.5244,0.0242,0.35,121,3618899459,won,0.29,1
11:58:36,JD100,,3.916,DIGITUNDER,5,0.5220,0.0194,0.35,131,3618900739,lost,-0.35,1
11:58:38,JD100,,3.918,DIGITOVER,4,0.5209,0.0173,0.35,113,3618902039,won,0.29,1
11:58:40,JD100,,3.925,DIGITOVER,4,0.5209,0.0174,0.35,126,3618903619,lost,-0.35,1
11:58:42,JD100,,3.925,DIGITUNDER,5,0.5244,0.0242,0.35,122,3618904759,won,0.29,1
11:58:44,JD100,,3.928,DIGITUNDER,5,0.5245,0.0243,0.35,110,3618907379,lost,-0.35,1
11:58:46,JD100,,3.925,DIGITOVER,4,0.5244,0.0242,0.35,125,3618908619,won,0.29,1
11:58:48,JD100,,3.925,DIGITOVER,4,0.5220,0.0194,0.35,106,3618910319,won,0.29,1
11:58:50,JD100,,3.922,DIGITUNDER,5,0.5245,0.0243,0.53,157,3618913619,lost,-0.53,1
11:58:52,JD100,,3.922,DIGITOVER,4,0.5209,0.0174,0.53,121,3618914739,lost,-0.53,1
11:58:54,JD100,,3.922,DIGITUNDER,5,0.5244,0.0242,0.63,127,3618916259,won,0.52,1
11:58:56,JD100,,3.922,DIGITUNDER,5,0.5245,0.0243,0.63,138,3618917719,won,0.52,1
11:58:58,JD100,,3.930,DIGITUNDER,5,0.5209,0.0174,0.73,143,3618918639,lost,-0.73,1
11:59:00,JD100,,3.927,DIGITUNDER,5,0.5209,0.0174,0.84,164,3618920879,lost,-0.84,1
11:59:03,JD100,,3.924,DIGITOVER,4,0.5209,0.0173,0.88,122,3618925499,won,0.72,1
11:59:05,JD100,,3.924,DIGITUNDER,5,0.5244,0.0242,0.89,117,3618927839,lost,-0.89,1
11:59:07,JD100,,3.918,DIGITOVER,4,0.5209,0.0173,0.88,133,3618929399,won,0.72,1
11:59:09,JD100,,3.918,DIGITOVER,4,0.5219,0.0193,0.88,129,3618931319,lost,-0.88,1
11:59:11,JD100,,3.921,DIGITUNDER,5,0.5219,0.0192,0.78,192,3618935659,won,0.64,1
11:59:13,JD100,,3.917,DIGITUNDER,6,0.6226,0.0173,0.65,166,3618937219,won,0.35,1
11:59:15,JD100,,3.922,DIGITUNDER,5,0.5219,0.0192,0.65,162,3618938939,won,0.53,1
11:59:17,JD100,,3.918,DIGITUNDER,5,0.5244,0.0242,0.76,142,3618940659,won,0.62,1
11:59:19,JD100,,3.923,DIGITUNDER,5,0.5209,0.0174,0.76,135,3618942239,won,0.62,1
11:59:21,JD100,,3.923,DIGITUNDER,5,0.5244,0.0242,0.63,115,3618943779,won,0.52,1
11:59:23,JD100,,3.924,DIGITOVER,4,0.5209,0.0174,0.73,118,3618948219,lost,-0.73,1
11:59:25,JD100,,3.926,DIGITUNDER,6,0.6226,0.0174,0.83,109,3618949839,lost,-0.83,1
11:59:27,JD100,,3.927,DIGITOVER,4,0.5244,0.0242,0.83,133,3618951219,won,0.68,1
11:59:30,JD100,,3.925,DIGITUNDER,5,0.5219,0.0192,0.80,119,3618955459,lost,-0.8,1
11:59:32,JD100,,3.930,DIGITOVER,4,0.5219,0.0192,0.78,144,3618962799,lost,-0.78,1
11:59:34,JD100,,3.930,DIGITUNDER,5,0.5219,0.0192,0.89,146,3618966519,lost,-0.89,1
11:59:36,JD100,,3.933,DIGITOVER,4,0.5245,0.0243,0.89,132,3618967619,lost,-0.89,1
11:59:38,JD100,,3.935,DIGITUNDER,5,0.5218,0.0192,0.85,146,3618969379,won,0.7,1
11:59:40,JD100,,3.935,DIGITUNDER,6,0.6226,0.0173,0.85,136,3618970299,won,0.46,1
11:59:43,JD100,,3.932,DIGITOVER,4,0.5245,0.0244,0.82,150,3618975379,lost,-0.82,1
11:59:45,JD100,,3.935,DIGITUNDER,6,0.6226,0.0174,0.82,162,3618976899,lost,-0.82,1
11:59:47,JD100,,3.935,DIGITOVER,4,0.5209,0.0172,0.70,140,3618978159,lost,-0.7,1
11:59:49,JD100,,3.935,DIGITUNDER,6,0.6226,0.0173,0.58,162,3618980879,won,0.31,1
11:59:51,JD100,,3.940,DIGITOVER,4,0.5209,0.0173,0.45,139,3618984999,lost,-0.45,1
11:59:53,JD100,,3.940,DIGITUNDER,5,0.5245,0.0243,0.45,132,3618986219,won,0.37,1
11:59:55,JD100,,3.943,DIGITUNDER,6,0.6226,0.0174,0.43,166,3618990819,lost,-0.43,1
11:59:57,JD100,,3.938,DIGITOVER,4,0.5219,0.0192,0.43,118,3618992759,lost,-0.43,1
11:59:59,JD100,,3.939,DIGITUNDER,5,0.5219,0.0192,0.35,129,3618994059,lost,-0.35,1
12:00:01,JD100,,3.940,DIGITOVER,4,0.5209,0.0172,0.35,162,3618995299,won,0.29,1
12:00:03,JD100,,3.938,DIGITOVER,4,0.5244,0.0242,0.50,152,3618999999,won,0.41,1
12:00:06,JD100,,3.937,DIGITOVER,4,0.5209,0.0173,0.50,147,3619001619,won,0.41,1
12:00:08,JD100,,3.942,DIGITOVER,4,0.5209,0.0173,0.60,135,3619004419,lost,-0.6,1
12:00:10,JD100,,3.942,DIGITUNDER,5,0.5219,0.0192,0.60,391,3619007559,won,0.49,1
12:00:12,JD100,,3.942,DIGITUNDER,6,0.6226,0.0174,0.48,124,3619008959,lost,-0.48,1
12:00:14,JD100,,3.943,DIGITOVER,4,0.5245,0.0243,0.48,149,3619010079,lost,-0.48,1
12:00:16,JD100,,3.943,DIGITUNDER,6,0.6226,0.0173,0.58,157,3619012279,lost,-0.58,1
12:00:18,JD100,,3.943,DIGITOVER,4,0.5244,0.0242,0.46,133,3619013719,lost,-0.46,1
12:00:20,JD100,,3.945,DIGITUNDER,6,0.6225,0.0172,0.46,148,3619014819,won,0.25,1
12:00:22,JD100,,3.948,DIGITUNDER,5,0.5218,0.0192,0.35,152,3619016479,lost,-0.35,1
12:00:24,JD100,,3.950,DIGITOVER,4,0.5218,0.0191,0.35,145,3619018059,lost,-0.35,1
12:00:26,JD100,,3.951,DIGITUNDER,5,0.5244,0.0241,0.35,115,3619020099,lost,-0.35,1
12:00:28,JD100,,3.952,DIGITOVER,4,0.5208,0.0172,0.35,167,3619023459,won,0.29,1
12:00:30,JD100,,3.950,DIGITOVER,4,0.5244,0.0241,0.35,188,3619025859,won,0.29,1
12:00:32,JD100,,3.950,DIGITOVER,4,0.5244,0.0242,0.41,155,3619027679,won,0.34,1
12:00:35,JD100,,3.945,DIGITOVER,4,0.5209,0.0172,0.41,140,3619028759,won,0.34,1
12:00:37,JD100,,3.945,DIGITOVER,4,0.5218,0.0192,0.35,151,3619030359,won,0.29,1
12:00:39,JD100,,3.943,DIGITOVER,4,0.5219,0.0192,0.35,131,3619031599,won,0.29,1
12:00:41,JD100,,3.940,DIGITOVER,4,0.5219,0.0193,0.37,119,3619038859,won,0.3,1
12:00:44,JD100,,3.939,DIGITUNDER,5,0.5245,0.0244,0.35,141,3619041699,won,0.29,1
12:00:46,JD100,,3.938,DIGITUNDER,5,0.5210,0.0175,0.35,135,3619042899,lost,-0.35,1
12:00:48,JD100,,3.939,DIGITOVER,4,0.5219,0.0193,0.35,137,3619044859,lost,-0.35,1
12:00:50,JD100,,3.937,DIGITUNDER,5,0.5245,0.0243,0.35,143,3619046079,lost,-0.35,1
12:00:52,JD100,,3.939,DIGITOVER,4,0.5245,0.0243,0.35,168,3619047979,won,0.29,1
12:00:55,JD100,,3.932,DIGITUNDER,5,0.5219,0.0193,0.35,170,3619052859,lost,-0.35,1
12:00:57,JD100,,3.933,DIGITOVER,4,0.5219,0.0192,0.35,108,3619057139,lost,-0.35,1
12:00:59,JD100,,3.933,DIGITOVER,4,0.5209,0.0173,0.35,649,3619060139,lost,-0.35,1
12:01:01,JD100,,3.934,DIGITUNDER,5,0.5244,0.0242,0.35,108,3619061019,lost,-0.35,1
12:01:03,JD100,,3.937,DIGITOVER,4,0.5244,0.0242,0.35,189,3619063639,won,0.29,1
12:01:05,JD100,,3.935,DIGITOVER,4,0.5209,0.0174,0.35,126,3619065179,lost,-0.35,1
12:01:07,JD100,,3.939,DIGITOVER,4,0.5245,0.0243,0.35,405,3619079619,lost,-0.35,1
12:01:09,JD100,,3.939,DIGITUNDER,5,0.5219,0.0192,0.35,135,3619081139,won,0.29,1
12:01:11,JD100,,3.943,DIGITUNDER,5,0.5245,0.0243,0.35,143,3619082359,won,0.29,1
12:01:13,JD100,,3.946,DIGITOVER,4,0.5219,0.0192,0.35,400,3619088739,won,0.29,1
12:01:15,JD100,,3.947,DIGITOVER,4,0.5245,0.0244,0.35,134,3619090279,won,0.29,1
12:01:17,JD100,,3.947,DIGITOVER,4,0.5245,0.0244,0.35,153,3619091499,lost,-0.35,1
12:01:20,JD100,,3.948,DIGITUNDER,5,0.5219,0.0192,0.35,150,3619092799,won,0.29,1
12:01:22,JD100,,3.947,DIGITUNDER,5,0.5210,0.0175,0.35,135,3619095539,won,0.29,1
12:01:24,JD100,,3.944,DIGITUNDER,5,0.5245,0.0244,0.35,267,3619104959,won,0.29,1
12:01:26,JD100,,3.944,DIGITUNDER,5,0.5245,0.0244,0.35,132,3619105659,won,0.29,1
12:01:28,JD100,,3.946,DIGITUNDER,5,0.5219,0.0193,0.35,118,3619108959,won,0.29,1
12:01:30,JD100,,3.943,DIGITUNDER,5,0.5246,0.0245,0.35,162,3619115859,lost,-0.35,1
12:01:32,JD100,,3.941,DIGITOVER,4,0.5211,0.0177,0.35,121,3619120059,lost,-0.35,1
12:01:34,JD100,,3.940,DIGITOVER,4,0.5246,0.0245,0.35,129,3619123779,won,0.29,1
12:01:36,JD100,,3.941,DIGITUNDER,5,0.5220,0.0194,0.35,142,3619126459,lost,-0.35,1
12:01:38,JD100,,3.942,DIGITOVER,4,0.5219,0.0194,0.35,127,3619127239,won,0.29,1
12:01:40,JD100,,3.941,DIGITOVER,4,0.5220,0.0194,0.35,154,3619128639,lost,-0.35,1
12:01:42,JD100,,3.940,DIGITUNDER,5,0.5246,0.0245,0.35,134,3619129399,lost,-0.35,1
12:01:44,JD100,,3.941,DIGITOVER,4,0.5246,0.0246,0.35,164,3619133319,won,0.29,1
12:01:46,JD100,,3.941,DIGITOVER,4,0.5219,0.0194,0.35,148,3619134199,lost,-0.35,1
12:01:48,JD100,,3.936,DIGITUNDER,5,0.5219,0.0193,0.35,211,3619135719,lost,-0.35,1
12:01:51,JD100,,3.941,DIGITOVER,4,0.5246,0.0246,0.35,130,3619140939,won,0.29,1
12:01:53,JD100,,3.940,DIGITOVER,4,0.5246,0.0246,0.35,133,3619141879,won,0.29,1
12:01:55,JD100,,3.940,DIGITOVER,4,0.5211,0.0178,0.35,154,3619143419,won,0.29,1
12:01:57,JD100,,3.939,DIGITOVER,4,0.5247,0.0247,0.35,144,3619145299,lost,-0.35,1
12:01:59,JD100,,3.948,DIGITUNDER,5,0.5247,0.0247,0.35,123,3619147759,lost,-0.35,1
12:02:01,JD100,,3.949,DIGITUNDER,5,0.5220,0.0195,0.35,103,3619151899,won,0.29,1
12:02:03,JD100,,3.949,DIGITUNDER,5,0.5220,0.0195,0.35,160,3619153399,won,0.29,1
12:02:05,JD100,,3.942,DIGITUNDER,5,0.5211,0.0178,0.35,150,3619162319,lost,-0.35,1
12:02:07,JD100,,3.937,DIGITUNDER,5,0.5211,0.0178,0.35,122,3619164679,lost,-0.35,1
12:02:09,JD100,,3.937,DIGITOVER,4,0.5211,0.0177,0.35,146,3619166319,lost,-0.35,1
12:02:11,JD100,,3.937,DIGITUNDER,5,0.5211,0.0177,0.35,154,3619167479,won,0.29,1
12:02:13,JD100,,3.937,DIGITOVER,4,0.5211,0.0177,0.35,109,3619169859,won,0.29,1
12:02:15,JD100,,3.936,DIGITOVER,4,0.5220,0.0194,0.35,125,3619171759,lost,-0.35,1
12:02:17,JD100,,3.936,DIGITUNDER,5,0.5247,0.0247,0.35,150,3619176839,lost,-0.35,1
12:02:19,JD100,,3.934,DIGITOVER,4,0.5211,0.0177,0.35,129,3619178259,won,0.29,1
12:02:22,JD100,,3.934,DIGITOVER,4,0.5220,0.0194,0.35,145,3619179939,lost,-0.35,1
12:02:24,JD100,,3.934,DIGITUNDER,5,0.5211,0.0177,0.35,144,3619182079,lost,-0.35,1
12:02:26,JD100,,3.937,DIGITOVER,4,0.5246,0.0246,0.35,132,3619184059,lost,-0.35,1
12:02:28,JD100,,3.941,DIGITUNDER,5,0.5246,0.0246,0.35,238,3619186599,won,0.29,1
12:02:30,JD100,,3.938,DIGITOVER,4,0.5211,0.0177,0.35,135,3619191019,won,0.29,1
12:02:32,JD100,,3.937,DIGITOVER,4,0.5211,0.0178,0.35,93,3619192699,won,0.29,1
12:02:34,JD100,,3.942,DIGITOVER,4,0.5246,0.0246,0.35,126,3619193699,lost,-0.35,1
12:02:36,JD100,,3.936,DIGITOVER,4,0.5212,0.0178,0.35,158,3619197779,lost,-0.35,1
12:02:38,JD100,,3.934,DIGITUNDER,5,0.5211,0.0178,0.35,182,3619198739,lost,-0.35,1
12:02:40,JD100,,3.939,DIGITUNDER,5,0.5211,0.0177,0.35,125,3619208239,won,0.29,1
12:02:42,JD100,,3.944,DIGITUNDER,5,0.5246,0.0246,0.35,133,3619210899,lost,-0.35,1
12:02:45,JD100,,3.944,DIGITOVER,4,0.5246,0.0246,0.35,128,3619212759,won,0.29,1
12:02:47,JD100,,3.943,DIGITUNDER,5,0.5211,0.0177,0.35,127,3619216499,won,0.29,1
12:02:49,JD100,,3.942,DIGITUNDER,5,0.5247,0.0246,0.35,134,3619217759,won,0.29,1
12:02:51,JD100,,3.944,DIGITOVER,4,0.5219,0.0192,0.35,168,3619220399,won,0.29,1
12:02:53,JD100,,3.944,DIGITOVER,4,0.5219,0.0192,0.35,151,3619221379,lost,-0.35,1
12:02:55,JD100,,3.945,DIGITUNDER,5,0.5219,0.0192,0.35,181,3619223059,won,0.29,1
12:02:57,JD100,,3.945,DIGITUNDER,5,0.5247,0.0247,0.35,172,3619223959,won,0.29,1
12:02:59,JD100,,3.940,DIGITUNDER,5,0.5211,0.0176,0.35,176,3619228439,lost,-0.35,1
12:03:01,JD100,,3.938,DIGITOVER,4,0.5246,0.0246,0.35,126,3619229619,lost,-0.35,1
12:03:04,JD100,,3.940,DIGITUNDER,5,0.5246,0.0246,0.35,159,3619231039,won,0.29,1
12:03:06,JD100,,3.939,DIGITUNDER,5,0.5246,0.0246,0.35,117,3619232699,won,0.29,1
12:03:08,JD100,,3.939,DIGITUNDER,5,0.5211,0.0176,0.35,172,3619234159,won,0.29,1
12:03:10,JD100,,3.936,DIGITUNDER,5,0.5211,0.0177,0.35,130,3619235219,lost,-0.35,1
12:03:12,JD100,,3.937,DIGITUNDER,5,0.5219,0.0192,0.35,141,3619239679,won,0.29,1
12:03:14,JD100,,3.941,DIGITUNDER,5,0.5210,0.0176,0.35,135,3619241099,lost,-0.35,1
12:03:16,JD100,,3.942,DIGITOVER,4,0.5219,0.0193,0.35,135,3619242419,won,0.29,1
12:03:18,JD100,,3.940,DIGITOVER,4,0.5210,0.0175,0.35,134,3619243619,lost,-0.35,1
12:03:20,JD100,,3.940,DIGITOVER,4,0.5210,0.0176,0.35,150,3619248819,won,0.29,1
12:03:22,JD100,,3.939,DIGITOVER,4,0.5210,0.0176,0.35,163,3619250179,lost,-0.35,1
12:03:24,JD100,,3.940,DIGITUNDER,5,0.5247,0.0247,0.35,120,3619251039,lost,-0.35,1
12:03:26,JD100,,3.941,DIGITOVER,4,0.5219,0.0193,0.35,144,3619252959,won,0.29,1
12:03:28,JD100,,3.931,DIGITUNDER,5,0.5220,0.0194,0.35,156,3619260259,lost,-0.35,1
12:03:30,JD100,,3.931,DIGITOVER,4,0.5211,0.0177,0.35,104,3619262099,lost,-0.35,1
12:03:33,JD100,,3.931,DIGITUNDER,5,0.5211,0.0177,0.35,165,3619272039,lost,-0.35,1
12:03:35,JD100,,3.931,DIGITOVER,4,0.5220,0.0194,0.35,113,3619272979,won,0.29,1
12:03:37,JD100,,3.930,DIGITOVER,4,0.5247,0.0248,0.35,174,3619274459,lost,-0.35,1
12:03:39,JD100,,3.928,DIGITUNDER,5,0.5211,0.0177,0.35,136,3619275999,won,0.29,1
12:03:41,JD100,,3.930,DIGITUNDER,5,0.5220,0.0194,0.35,134,3619277439,lost,-0.35,1
12:03:43,JD100,,3.932,DIGITOVER,4,0.5220,0.0194,0.35,129,3619280519,won,0.29,1
12:03:45,JD100,,3.930,DIGITOVER,4,0.5211,0.0177,0.35,128,3619282319,lost,-0.35,1
12:03:47,JD100,,3.928,DIGITUNDER,5,0.5247,0.0248,0.35,161,3619284619,won,0.29,1
12:03:49,JD100,,3.922,DIGITUNDER,5,0.5211,0.0177,0.35,99,3619286299,won,0.29,1
12:03:51,JD100,,3.923,DIGITUNDER,5,0.5220,0.0194,0.35,110,3619287119,won,0.29,1
12:03:53,JD100,,3.919,DIGITUNDER,5,0.5211,0.0177,0.35,133,3619292759,lost,-0.35,1
12:03:55,JD100,,3.918,DIGITOVER,4,0.5247,0.0248,0.35,145,3619294599,lost,-0.35,1
12:03:58,JD100,,3.920,DIGITUNDER,5,0.5247,0.0248,0.35,135,3619295979,won,0.29,1
12:04:00,JD100,,3.914,DIGITUNDER,5,0.5247,0.0248,0.35,120,3619297039,lost,-0.35,1
12:04:02,JD100,,3.916,DIGITOVER,4,0.5247,0.0248,0.35,143,3619298959,lost,-0.35,1
12:04:04,JD100,,3.916,DIGITUNDER,5,0.5211,0.0176,0.35,145,3619301799,won,0.29,1
12:04:06,JD100,,3.923,DIGITOVER,4,0.5247,0.0247,0.35,123,3619305999,lost,-0.35,1
12:04:08,JD100,,3.923,DIGITUNDER,5,0.5219,0.0193,0.35,136,3619307239,won,0.29,1
12:04:10,JD100,,3.925,DIGITUNDER,5,0.5220,0.0194,0.35,152,3619309419,lost,-0.35,1
12:04:12,JD100,,3.926,DIGITOVER,4,0.5247,0.0247,0.35,140,3619310839,lost,-0.35,1
12:04:15,JD100,,3.927,DIGITUNDER,5,0.5211,0.0176,0.35,119,3619311819,won,0.29,1
12:04:17,JD100,,3.924,DIGITUNDER,5,0.5211,0.0176,0.35,113,3619312939,lost,-0.35,1
12:04:19,JD100,,3.927,DIGITOVER,4,0.5247,0.0247,0.35,144,3619315519,lost,-0.35,1
12:04:21,JD100,,3.928,DIGITUNDER,5,0.5219,0.0193,0.35,127,3619316959,lost,-0.35,1
12:04:23,JD100,,3.929,DIGITOVER,4,0.5219,0.0193,0.35,115,3619317919,won,0.29,1
12:04:25,JD100,,3.929,DIGITOVER,4,0.5219,0.0193,0.35,227,3619323919,won,0.29,1
12:04:27,JD100,,3.927,DIGITOVER,4,0.5219,0.0193,0.35,145,3619325059,won,0.29,1
12:04:29,JD100,,3.919,DIGITOVER,4,0.5247,0.0247,0.35,144,3619326739,lost,-0.35,1
12:04:31,JD100,,3.919,DIGITUNDER,5,0.5246,0.0246,0.35,143,3619328159,lost,-0.35,1
12:04:33,JD100,,3.921,DIGITOVER,4,0.5210,0.0175,0.35,127,3619329779,won,0.29,1
12:04:35,JD100,,3.915,DIGITOVER,4,0.5219,0.0193,0.35,131,3619330819,lost,-0.35,1
12:04:37,JD100,,3.918,DIGITUNDER,5,0.5210,0.0176,0.35,221,3619331979,won,0.29,1
12:04:39,JD100,,3.923,DIGITUNDER,5,0.5246,0.0246,0.35,159,3619332899,lost,-0.35,1
12:04:42,JD100,,3.924,DIGITUNDER,5,0.5219,0.0193,0.35,147,3619335179,won,0.29,1
12:04:44,JD100,,3.927,DIGITUNDER,5,0.5210,0.0176,0.35,150,3619338459,won,0.29,1
12:04:46,JD100,,3.927,DIGITOVER,4,0.5219,0.0194,0.35,151,3619344439,lost,-0.35,1
12:04:48,JD100,,3.928,DIGITUNDER,5,0.5219,0.0193,0.35,166,3619345639,lost,-0.35,1
12:04:50,JD100,,3.928,DIGITOVER,4,0.5210,0.0175,0.35,103,3619346519,won,0.29,1
12:04:52,JD100,,3.928,DIGITOVER,4,0.5210,0.0176,0.35,126,3619347879,lost,-0.35,1
12:04:54,JD100,,3.927,DIGITUNDER,5,0.5210,0.0175,0.35,132,3619348679,won,0.29,1
12:04:56,JD100,,3.930,DIGITUNDER,5,0.5219,0.0193,0.35,118,3619353299,lost,-0.35,1
12:04:58,JD100,,3.931,DIGITOVER,4,0.5219,0.0193,0.35,124,3619354339,lost,-0.35,1
12:05:00,JD100,,3.936,DIGITUNDER,5,0.5210,0.0175,0.35,145,3619356639,won,0.29,1
12:05:02,JD100,,3.932,DIGITUNDER,5,0.5219,0.0193,0.35,286,3619360419,lost,-0.35,1
12:05:04,JD100,,3.933,DIGITOVER,4,0.5210,0.0176,0.35,132,3619372459,won,0.29,1
12:05:06,JD100,,3.935,DIGITUNDER,5,0.5219,0.0192,0.35,105,3619375359,won,0.29,1
12:05:09,JD100,,3.933,DIGITUNDER,5,0.5219,0.0192,0.35,107,3619376619,lost,-0.35,1
12:05:11,JD100,,3.935,DIGITOVER,4,0.5219,0.0192,0.35,125,3619378139,won,0.29,1
12:05:13,JD100,,3.935,DIGITOVER,4,0.5210,0.0176,0.35,136,3619379559,lost,-0.35,1
12:05:15,JD100,,3.936,DIGITUNDER,5,0.5210,0.0175,0.35,122,3619380699,lost,-0.35,1
12:05:17,JD100,,3.939,DIGITOVER,4,0.5246,0.0245,0.35,108,3619381819,lost,-0.35,1
12:05:19,JD100,,3.939,DIGITUNDER,5,0.5218,0.0191,0.35,139,3619382659,lost,-0.35,1
12:05:21,JD100,,3.940,DIGITOVER,4,0.5245,0.0244,0.35,128,3619384339,won,0.29,1
12:05:23,JD100,,3.946,DIGITOVER,4,0.5210,0.0175,0.35,140,3619385259,lost,-0.35,1
12:05:25,JD100,,3.946,DIGITUNDER,5,0.5245,0.0244,0.35,100,3619389219,won,0.29,1
12:05:27,JD100,,3.953,DIGITUNDER,5,0.5210,0.0175,0.35,126,3619390219,won,0.29,1
12:05:29,JD100,,3.952,DIGITUNDER,5,0.5218,0.0191,0.35,117,3619391799,won,0.29,1
12:05:31,JD100,,3.953,DIGITOVER,4,0.5218,0.0191,0.35,129,3619402819,lost,-0.35,1
12:05:33,JD100,,3.953,DIGITUNDER,5,0.5218,0.0190,0.35,155,3619404239,lost,-0.35,1
12:05:35,JD100,,3.951,DIGITOVER,4,0.5210,0.0174,0.35,187,3619406679,won,0.29,1
12:05:37,JD100,,3.957,DIGITOVER,4,0.5245,0.0244,0.35,112,3619408239,won,0.29,1
12:05:39,JD100,,3.956,DIGITUNDER,5,0.5245,0.0244,0.35,163,3619410079,won,0.29,1
12:05:41,JD100,,3.956,DIGITUNDER,5,0.5218,0.0191,0.35,120,3619411839,won,0.29,1
12:05:44,JD100,,3.954,DIGITUNDER,5,0.5218,0.0191,0.35,203,3619413099,won,0.29,1
12:05:46,JD100,,3.954,DIGITUNDER,5,0.5218,0.0192,0.35,167,3619414119,lost,-0.35,1
12:05:48,JD100,,3.955,DIGITOVER,4,0.5218,0.0191,0.35,111,3619415439,lost,-0.35,1
12:05:50,JD100,,3.957,DIGITUNDER,5,0.5218,0.0191,0.35,138,3619416359,won,0.29,1
12:05:52,JD100,,3.957,DIGITOVER,4,0.5218,0.0192,0.35,144,3619421619,lost,-0.35,1
12:05:54,JD100,,3.957,DIGITUNDER,5,0.5210,0.0175,0.35,117,3619422539,won,0.29,1
12:05:56,JD100,,3.957,DIGITUNDER,5,0.5218,0.0191,0.35,153,3619423419,lost,-0.35,1
12:05:58,JD100,,3.958,DIGITOVER,4,0.5210,0.0175,0.35,112,3619424779,lost,-0.35,1
12:06:00,JD100,,3.956,DIGITUNDER,5,0.5218,0.0191,0.35,120,3619425719,won,0.29,1
12:06:02,JD100,,3.956,DIGITUNDER,5,0.5218,0.0191,0.35,124,3619426899,lost,-0.35,1
12:06:04,JD100,,3.958,DIGITOVER,4,0.5218,0.0191,0.35,116,3619427499,won,0.29,1
12:06:06,JD100,,3.957,DIGITOVER,4,0.5245,0.0244,0.35,147,3619428739,won,0.29,1
12:06:08,JD100,,3.955,DIGITOVER,4,0.5246,0.0245,0.35,124,3619433379,lost,-0.35,1
12:06:11,JD100,,3.956,DIGITUNDER,5,0.5210,0.0174,0.35,137,3619434899,won,0.29,1
12:06:13,JD100,,3.961,DIGITUNDER,5,0.5246,0.0245,0.35,140,3619437479,lost,-0.35,1
12:06:15,JD100,,3.960,DIGITOVER,4,0.5246,0.0245,0.35,101,3619439079,lost,-0.35,1
12:06:17,JD100,,3.960,DIGITUNDER,5,0.5218,0.0191,0.35,114,3619440319,won,0.29,1
12:06:19,JD100,,3.956,DIGITOVER,4,0.5245,0.0244,0.35,138,3619442539,lost,-0.35,1
12:06:21,JD100,,3.957,DIGITUNDER,5,0.5209,0.0174,0.35,127,3619443839,won,0.29,1
12:06:23,JD100,,3.956,DIGITUNDER,5,0.5218,0.0191,0.35,800,3619448939,won,0.29,1
12:06:25,JD100,,3.956,DIGITUNDER,5,0.5245,0.0244,0.35,156,3619452099,lost,-0.35,1
12:06:27,JD100,,3.959,DIGITUNDER,5,0.5209,0.0174,0.35,391,3619456779,won,0.29,1
12:06:29,JD100,,3.957,DIGITUNDER,5,0.5219,0.0192,0.35,144,3619462959,lost,-0.35,1
12:06:31,JD100,,3.953,DIGITOVER,4,0.5210,0.0175,0.35,125,3619465799,lost,-0.35,1
12:06:33,JD100,,3.942,DIGITOVER,4,0.5211,0.0176,0.35,141,3619480119,lost,-0.35,1
12:06:35,JD100,,3.942,DIGITOVER,4,0.5210,0.0176,0.35,142,3619486579,lost,-0.35,1
12:06:37,JD100,,3.927,DIGITOVER,4,0.5211,0.0177,0.35,156,3619498339,won,0.29,1
12:06:39,JD100,,3.924,DIGITOVER,4,0.5211,0.0177,0.35,159,3619499219,won,0.29,1
12:06:41,JD100,,3.923,DIGITOVER,4,0.5211,0.0178,0.35,121,3619503339,lost,-0.35,1
12:06:44,JD100,,3.922,DIGITUNDER,5,0.5247,0.0247,0.35,149,3619504239,lost,-0.35,1
12:06:46,JD100,,3.923,DIGITOVER,4,0.5211,0.0177,0.35,131,3619505459,lost,-0.35,1
12:06:48,JD100,,3.924,DIGITOVER,4,0.5219,0.0193,0.35,164,3619507779,won,0.29,1
12:06:50,JD100,,3.927,DIGITOVER,4,0.5211,0.0176,0.35,195,3619509759,lost,-0.35,1
12:06:52,JD100,,3.929,DIGITUNDER,5,0.5211,0.0176,0.35,110,3619510779,won,0.29,1
12:06:54,JD100,,3.929,DIGITUNDER,5,0.5211,0.0176,0.35,132,3619511859,lost,-0.35,1
12:06:56,JD100,,3.929,DIGITOVER,4,0.5247,0.0247,0.35,124,3619513939,lost,-0.35,1
12:06:58,JD100,,3.926,DIGITUNDER,5,0.5220,0.0194,0.35,102,3619514959,won,0.29,1
12:07:00,JD100,,3.926,DIGITUNDER,5,0.5247,0.0247,0.35,142,3619518199,won,0.29,1
12:07:02,JD100,,3.921,DIGITUNDER,5,0.5220,0.0195,0.35,152,3619522439,lost,-0.35,1
12:07:04,JD100,,3.922,DIGITOVER,4,0.5247,0.0248,0.35,123,3619524139,won,0.29,1
12:07:07,JD100,,3.922,DIGITOVER,4,0.5220,0.0194,0.35,118,3619526499,lost,-0.35,1
12:07:09,JD100,,3.922,DIGITUNDER,5,0.5211,0.0177,0.35,136,3619527559,lost,-0.35,1
12:07:11,JD100,,3.923,DIGITOVER,4,0.5220,0.0194,0.35,111,3619528879,won,0.29,1
12:07:13,JD100,,3.923,DIGITOVER,4,0.5247,0.0248,0.35,130,3619532539,won,0.29,1
12:07:15,JD100,,3.922,DIGITOVER,4,0.5247,0.0248,0.35,127,3619533679,won,0.29,1
12:07:17,JD100,,3.926,DIGITOVER,4,0.5220,0.0195,0.35,141,3619534499,won,0.29,1
12:07:19,JD100,,3.926,DIGITOVER,4,0.5211,0.0177,0.35,126,3619535979,won,0.29,1
12:07:21,JD100,,3.930,DIGITOVER,4,0.5220,0.0195,0.35,136,3619538939,won,0.29,1
12:07:23,JD100,,3.929,DIGITOVER,4,0.5211,0.0177,0.35,280,3619540399,lost,-0.35,1
12:07:25,JD100,,3.929,DIGITUNDER,5,0.5211,0.0177,0.35,162,3619541359,won,0.29,1
12:07:27,JD100,,3.931,DIGITOVER,4,0.5220,0.0195,0.35,144,3619546379,lost,-0.35,1
12:07:29,JD100,,3.932,DIGITUNDER,5,0.5220,0.0195,0.35,102,3619547879,lost,-0.35,1
12:07:31,JD100,,3.937,DIGITUNDER,5,0.5247,0.0248,0.35,154,3619549759,lost,-0.35,1
12:07:33,JD100,,3.938,DIGITOVER,4,0.5211,0.0176,0.35,123,3619550719,won,0.29,1
12:07:35,JD100,,3.937,DIGITOVER,4,0.5211,0.0176,0.35,129,3619552859,won,0.29,1
12:07:37,JD100,,3.937,DIGITOVER,4,0.5220,0.0194,0.35,160,3619554519,won,0.29,1
12:07:40,JD100,,3.937,DIGITOVER,4,0.5247,0.0248,0.35,121,3619556159,won,0.29,1
12:07:42,JD100,,3.937,DIGITOVER,4,0.5247,0.0248,0.35,160,3619557799,won,0.29,1
12:07:44,JD100,,3.933,DIGITOVER,4,0.5211,0.0177,0.35,209,3619559859,won,0.29,1
12:07:46,JD100,,3.932,DIGITOVER,4,0.5211,0.0178,0.35,127,3619561199,lost,-0.35,1
12:07:48,JD100,,3.933,DIGITUNDER,5,0.5211,0.0177,0.35,135,3619562379,won,0.29,1
12:07:50,JD100,,3.933,DIGITUNDER,5,0.5248,0.0248,0.35,131,3619563599,won,0.29,1
12:07:52,JD100,,3.933,DIGITUNDER,5,0.5211,0.0177,0.35,128,3619565839,won,0.29,1
12:07:54,JD100,,3.936,DIGITUNDER,5,0.5248,0.0249,0.35,121,3619569219,lost,-0.35,1
12:07:56,JD100,,3.932,DIGITOVER,4,0.5220,0.0195,0.35,130,3619570399,won,0.29,1
12:07:58,JD100,,3.931,DIGITOVER,4,0.5211,0.0177,0.35,129,3619572379,won,0.29,1
12:08:00,JD100,,3.932,DIGITOVER,4,0.5211,0.0177,0.35,140,3619575819,won,0.29,1
12:08:02,JD100,,3.929,DIGITOVER,4,0.5211,0.0177,0.35,134,3619577939,won,0.29,1
12:08:04,JD100,,3.928,DIGITOVER,4,0.5211,0.0177,0.35,131,3619579359,won,0.29,1
12:08:06,JD100,,3.928,DIGITOVER,4,0.5211,0.0178,0.35,132,3619580539,won,0.29,1
12:08:08,JD100,,3.928,DIGITOVER,4,0.5221,0.0196,0.35,120,3619582139,lost,-0.35,1
12:08:11,JD100,,3.925,DIGITUNDER,5,0.5220,0.0196,0.35,137,3619583019,lost,-0.35,1
12:08:13,JD100,,3.926,DIGITUNDER,5,0.5220,0.0196,0.35,395,3619587939,lost,-0.35,1
12:08:15,JD100,,3.921,DIGITOVER,4,0.5211,0.0178,0.35,164,3619589219,lost,-0.35,1
12:08:17,JD100,,3.918,DIGITUNDER,5,0.5247,0.0248,0.35,127,3619590139,won,0.29,1
12:08:19,JD100,,3.917,DIGITUNDER,5,0.5220,0.0195,0.35,140,3619592679,won,0.29,1
12:08:21,JD100,,3.916,DIGITUNDER,5,0.5211,0.0177,0.35,139,3619594139,won,0.29,1
12:08:23,JD100,,3.916,DIGITUNDER,5,0.5211,0.0178,0.35,124,3619595559,lost,-0.35,1
12:08:25,JD100,,3.916,DIGITOVER,4,0.5221,0.0196,0.35,170,3619597039,lost,-0.35,1
12:08:27,JD100,,3.918,DIGITUNDER,5,0.5247,0.0248,0.35,309,3619599599,lost,-0.35,1
12:08:29,JD100,,3.919,DIGITOVER,4,0.5220,0.0195,0.35,114,3619601779,won,0.29,1
12:08:31,JD100,,3.919,DIGITUNDER,5,0.5247,0.0247,0.35,130,3619604379,lost,-0.35,1
12:08:33,JD100,,3.919,DIGITUNDER,5,0.5247,0.0247,0.35,129,3619608019,lost,-0.35,1
12:08:35,JD100,,3.920,DIGITOVER,4,0.5211,0.0177,0.35,131,3619609519,lost,-0.35,1
12:08:38,JD100,,3.921,DIGITUNDER,5,0.5211,0.0177,0.35,170,3619613459,won,0.29,1
12:08:40,JD100,,3.914,DIGITUNDER,5,0.5247,0.0247,0.35,144,3619614739,won,0.29,1
12:08:42,JD100,,3.913,DIGITOVER,4,0.5220,0.0194,0.35,140,3619617059,lost,-0.35,1
12:08:44,JD100,,3.910,DIGITOVER,4,0.5247,0.0247,0.35,127,3619621759,lost,-0.35,1
12:08:46,JD100,,3.912,DIGITUNDER,5,0.5211,0.0178,0.35,126,3619624039,won,0.29,1
12:08:48,JD100,,3.910,DIGITUNDER,5,0.5211,0.0178,0.35,119,3619626119,lost,-0.35,1
12:08:50,JD100,,3.913,DIGITUNDER,5,0.5211,0.0178,0.35,111,3619629919,lost,-0.35,1
12:08:52,JD100,,3.913,DIGITUNDER,5,0.5247,0.0247,0.35,109,3619632779,lost,-0.35,1
12:08:54,JD100,,3.917,DIGITUNDER,5,0.5246,0.0246,0.35,144,3619642739,won,0.29,1
12:08:56,JD100,,3.918,DIGITOVER,4,0.5246,0.0246,0.35,159,3619645239,lost,-0.35,1
12:08:58,JD100,,3.919,DIGITUNDER,5,0.5246,0.0246,0.35,127,3619646159,won,0.29,1
12:09:00,JD100,,3.920,DIGITUNDER,5,0.5246,0.0246,0.35,876,3619649619,won,0.29,1
12:09:02,JD100,,3.917,DIGITUNDER,5,0.5211,0.0177,0.35,131,3619649899,lost,-0.35,1
12:09:04,JD100,,3.917,DIGITOVER,4,0.5219,0.0193,0.35,141,3619651099,lost,-0.35,1
12:09:07,JD100,,3.918,DIGITUNDER,5,0.5219,0.0193,0.35,137,3619652019,lost,-0.35,1
12:09:09,JD100,,3.919,DIGITOVER,4,0.5246,0.0246,0.35,117,3619653439,won,0.29,1
12:09:11,JD100,,3.919,DIGITOVER,4,0.5246,0.0246,0.35,130,3619655579,lost,-0.35,1
12:09:13,JD100,,3.907,DIGITOVER,4,0.5219,0.0192,0.35,138,3619664499,lost,-0.35,1
12:09:15,JD100,,3.909,DIGITUNDER,5,0.5219,0.0192,0.35,125,3619665719,won,0.29,1
12:09:17,JD100,,3.908,DIGITUNDER,5,0.5219,0.0192,0.35,120,3619666939,lost,-0.35,1
12:09:19,JD100,,3.909,DIGITOVER,4,0.5246,0.0246,0.35,131,3619667959,won,0.29,1
12:09:21,JD100,,3.909,DIGITOVER,4,0.5246,0.0246,0.35,129,3619669279,lost,-0.35,1
12:09:23,JD100,,3.908,DIGITOVER,4,0.5219,0.0192,0.35,112,3619671919,lost,-0.35,1
12:09:25,JD100,,3.908,DIGITOVER,4,0.5246,0.0246,0.35,132,3619676299,won,0.29,1
12:09:27,JD100,,3.908,DIGITOVER,4,0.5219,0.0192,0.35,137,3619677499,won,0.29,1
12:09:29,JD100,,3.909,DIGITOVER,4,0.5211,0.0177,0.35,129,3619680439,lost,-0.35,1
12:09:31,JD100,,3.909,DIGITUNDER,5,0.5211,0.0177,0.35,154,3619682719,won,0.29,1
12:09:33,JD100,,3.908,DIGITUNDER,5,0.5247,0.0247,0.35,134,3619683499,lost,-0.35,1
12:09:35,JD100,,3.909,DIGITOVER,4,0.5219,0.0193,0.35,260,3619686219,lost,-0.35,1
12:09:38,JD100,,3.910,DIGITUNDER,5,0.5247,0.0247,0.35,98,3619688979,won,0.29,1
12:09:40,JD100,,3.909,DIGITUNDER,5,0.5211,0.0177,0.35,222,3619690559,lost,-0.35,1
12:09:42,JD100,,3.914,DIGITUNDER,5,0.5211,0.0177,0.35,179,3619692879,won,0.29,1
12:09:44,JD100,,3.911,DIGITUNDER,5,0.5211,0.0177,0.35,103,3619693859,lost,-0.35,1
12:09:46,JD100,,3.901,DIGITOVER,4,0.5211,0.0177,0.35,137,3619695479,lost,-0.35,1
12:09:48,JD100,,3.901,DIGITUNDER,5,0.5247,0.0247,0.35,107,3619699419,won,0.29,1
12:09:50,JD100,,3.900,DIGITUNDER,5,0.5219,0.0192,0.35,124,3619700139,lost,-0.35,1
12:09:52,JD100,,3.901,DIGITOVER,4,0.5219,0.0192,0.35,119,3619701419,won,0.29,1
12:09:54,JD100,,3.896,DIGITOVER,4,0.5247,0.0247,0.35,106,3619705919,won,0.29,1
12:09:56,JD100,,3.896,DIGITOVER,4,0.5247,0.0247,0.35,145,3619706699,lost,-0.35,1
12:09:58,JD100,,3.897,DIGITUNDER,5,0.5219,0.0192,0.35,105,3619709939,won,0.29,1
12:10:00,JD100,,3.897,DIGITUNDER,5,0.5247,0.0247,0.35,119,3619711179,won,0.29,1
12:10:03,JD100,,3.897,DIGITUNDER,5,0.5219,0.0193,0.35,117,3619712639,lost,-0.35,1
12:10:05,JD100,,3.903,DIGITOVER,4,0.5247,0.0248,0.35,141,3619718799,won,0.29,1
12:10:07,JD100,,3.903,DIGITOVER,4,0.5247,0.0248,0.35,115,3619719759,won,0.29,1
12:10:09,JD100,,3.903,DIGITOVER,4,0.5247,0.0248,0.35,123,3619721079,won,0.29,1
12:10:11,JD100,,3.902,DIGITOVER,4,0.5247,0.0248,0.35,125,3619721959,lost,-0.35,1
12:10:13,JD100,,3.899,DIGITUNDER,5,0.5219,0.0193,0.35,131,3619723059,won,0.29,1
12:10:15,JD100,,3.898,DIGITUNDER,5,0.5247,0.0248,0.35,147,3619727239,won,0.29,1
12:10:17,JD100,,3.891,DIGITUNDER,5,0.5219,0.0192,0.35,152,3619732339,lost,-0.35,1
12:10:19,JD100,,3.893,DIGITOVER,4,0.5219,0.0192,0.35,116,3619733779,won,0.29,1
12:10:21,JD100,,3.896,DIGITUNDER,5,0.5211,0.0178,0.35,101,3619735999,lost,-0.35,1
12:10:23,JD100,,3.899,DIGITOVER,4,0.5247,0.0247,0.35,139,3619736899,lost,-0.35,1
12:10:25,JD100,,3.900,DIGITOVER,4,0.5219,0.0192,0.35,109,3619739899,won,0.29,1
12:10:27,JD100,,3.898,DIGITOVER,4,0.5247,0.0247,0.35,135,3619743179,lost,-0.35,1
12:10:29,JD100,,3.899,DIGITUNDER,5,0.5211,0.0177,0.35,132,3619745359,won,0.29,1
12:10:31,JD100,,3.898,DIGITUNDER,5,0.5247,0.0247,0.35,146,3619746119,lost,-0.35,1
12:10:33,JD100,,3.900,DIGITOVER,4,0.5246,0.0246,0.35,183,3619747299,lost,-0.35,1
12:10:35,JD100,,3.900,DIGITUNDER,5,0.5219,0.0192,0.35,159,3619748439,won,0.29,1
12:10:38,JD100,,3.900,DIGITUNDER,5,0.5219,0.0193,0.35,135,3619749539,lost,-0.35,1
12:10:40,JD100,,3.902,DIGITOVER,4,0.5246,0.0246,0.35,109,3619750619,lost,-0.35,1
12:10:42,JD100,,3.903,DIGITOVER,4,0.5219,0.0193,0.35,137,3619754939,won,0.29,1
12:10:44,JD100,,3.902,DIGITOVER,4,0.5219,0.0193,0.35,145,3619756199,won,0.29,1
12:10:46,JD100,,3.902,DIGITOVER,4,0.5219,0.0193,0.35,124,3619757519,won,0.29,1
12:10:48,JD100,,3.901,DIGITOVER,4,0.5219,0.0193,0.35,119,3619758899,lost,-0.35,1
12:10:50,JD100,,3.901,DIGITOVER,4,0.5247,0.0247,0.35,138,3619764279,won,0.29,1
12:10:52,JD100,,3.903,DIGITUNDER,5,0.5211,0.0177,0.35,132,3619770639,lost,-0.35,1
12:10:54,JD100,,3.902,DIGITOVER,4,0.5247,0.0247,0.35,130,3619771539,lost,-0.35,1
12:10:56,JD100,,3.897,DIGITUNDER,5,0.5211,0.0176,0.35,150,3619772459,won,0.29,1
12:10:58,JD100,,3.899,DIGITOVER,4,0.5210,0.0176,0.35,119,3619776239,lost,-0.35,1
12:11:00,JD100,,3.897,DIGITUNDER,5,0.5219,0.0192,0.35,202,3619782199,won,0.29,1
12:11:02,JD100,,3.896,DIGITUNDER,5,0.5246,0.0246,0.35,95,3619787079,lost,-0.35,1
12:11:05,JD100,,3.898,DIGITOVER,4,0.5246,0.0246,0.35,129,3619788159,won,0.29,1
12:11:07,JD100,,3.898,DIGITOVER,4,0.5219,0.0192,0.35,174,3619790579,won,0.29,1
12:11:09,JD100,,3.897,DIGITUNDER,5,0.5210,0.0176,0.35,161,3619797379,won,0.29,1
12:11:11,JD100,,3.896,DIGITUNDER,5,0.5246,0.0246,0.35,119,3619798839,won,0.29,1
12:11:13,JD100,,3.898,DIGITOVER,4,0.5246,0.0246,0.35,122,3619803219,won,0.29,1
12:11:15,JD100,,3.896,DIGITOVER,4,0.5219,0.0192,0.35,145,3619804579,lost,-0.35,1
12:11:17,JD100,,3.898,DIGITOVER,4,0.5246,0.0246,0.35,113,3619807219,won,0.29,1
12:11:19,JD100,,3.897,DIGITOVER,4,0.5218,0.0192,0.35,163,3619809139,lost,-0.35,1
12:11:21,JD100,,3.895,DIGITOVER,4,0.5246,0.0246,0.35,116,3619812199,lost,-0.35,1
12:11:23,JD100,,3.895,DIGITUNDER,5,0.5218,0.0191,0.35,127,3619813699,won,0.29,1
12:11:25,JD100,,3.892,DIGITUNDER,5,0.5218,0.0192,0.35,114,3619815199,won,0.29,1
12:11:27,JD100,,3.891,DIGITUNDER,5,0.5210,0.0176,0.35,124,3619817499,lost,-0.35,1
12:11:29,JD100,,3.892,DIGITUNDER,5,0.5219,0.0192,0.35,168,3619820079,won,0.29,1
12:11:31,JD100,,3.892,DIGITUNDER,5,0.5210,0.0175,0.35,130,3619820899,lost,-0.35,1
12:11:33,JD100,,3.894,DIGITOVER,4,0.5210,0.0175,0.35,113,3619822279,won,0.29,1
12:11:35,JD100,,3.893,DIGITOVER,4,0.5246,0.0246,0.35,114,3619823539,won,0.29,1
12:11:37,JD100,,3.892,DIGITOVER,4,0.5219,0.0192,0.35,153,3619824959,lost,-0.35,1
12:11:40,JD100,,3.894,DIGITUNDER,5,0.5246,0.0246,0.35,147,3619826039,won,0.29,1
12:11:42,JD100,,3.894,DIGITUNDER,5,0.5246,0.0246,0.35,275,3619827319,won,0.29,1
12:11:44,JD100,,3.897,DIGITOVER,4,0.5210,0.0176,0.35,124,3619829339,lost,-0.35,1
12:11:46,JD100,,3.895,DIGITUNDER,5,0.5219,0.0192,0.35,128,3619830759,lost,-0.35,1
12:11:48,JD100,,3.895,DIGITOVER,4,0.5219,0.0192,0.35,121,3619832219,lost,-0.35,1
12:11:50,JD100,,3.897,DIGITUNDER,5,0.5246,0.0246,0.35,101,3619833039,lost,-0.35,1
12:11:52,JD100,,3.900,DIGITOVER,4,0.5218,0.0191,0.35,123,3619834299,won,0.29,1
12:11:54,JD100,,3.897,DIGITOVER,4,0.5210,0.0175,0.35,116,3619835099,lost,-0.35,1
12:11:56,JD100,,3.898,DIGITUNDER,5,0.5210,0.0174,0.35,101,3619836659,lost,-0.35,1
12:11:58,JD100,,3.902,DIGITOVER,4,0.5218,0.0192,0.35,150,3619838099,lost,-0.35,1
12:12:00,JD100,,3.902,DIGITUNDER,5,0.5246,0.0245,0.35,140,3619839799,won,0.29,1
12:12:02,JD100,,3.899,DIGITOVER,4,0.5210,0.0175,0.35,107,3619844259,won,0.29,1
12:12:04,JD100,,3.899,DIGITOVER,4,0.5246,0.0246,0.35,123,3619845499,won,0.29,1
12:12:06,JD100,,3.907,DIGITOVER,4,0.5218,0.0192,0.35,140,3619846919,won,0.29,1
12:12:09,JD100,,3.906,DIGITUNDER,5,0.5246,0.0246,0.35,116,3619853319,lost,-0.35,1
12:12:11,JD100,,3.908,DIGITOVER,4,0.5210,0.0175,0.35,125,3619855159,won,0.29,1
12:12:13,JD100,,3.907,DIGITOVER,3,0.6237,0.0191,0.35,120,3619857839,won,0.19,1
12:12:15,JD100,,3.907,DIGITOVER,4,0.5210,0.0176,0.35,128,3619863119,won,0.29,1
12:12:17,JD100,,3.906,DIGITOVER,4,0.5210,0.0176,0.35,144,3619864159,won,0.29,1
12:12:19,JD100,,3.906,DIGITOVER,4,0.5211,0.0176,0.35,119,3619866199,won,0.29,1
12:12:21,JD100,,3.906,DIGITOVER,3,0.6237,0.0192,0.35,109,3619867619,won,0.19,1
12:12:23,JD100,,3.902,DIGITOVER,4,0.5219,0.0192,0.35,134,3619869459,won,0.29,1
12:12:25,JD100,,3.902,DIGITOVER,4,0.5247,0.0247,0.35,157,3619871759,lost,-0.35,1
12:12:27,JD100,,3.903,DIGITUNDER,5,0.5219,0.0192,0.35,166,3619874819,won,0.29,1
12:12:29,JD100,,3.901,DIGITUNDER,5,0.5247,0.0247,0.35,143,3619876379,won,0.29,1
12:12:31,JD100,,3.901,DIGITUNDER,5,0.5211,0.0177,0.35,123,3619879139,lost,-0.35,1
12:12:33,JD100,,3.897,DIGITUNDER,5,0.5219,0.0193,0.35,360,3619884139,lost,-0.35,1
12:12:35,JD100,,3.898,DIGITUNDER,5,0.5247,0.0247,0.35,123,3619886339,lost,-0.35,1
12:12:37,JD100,,3.899,DIGITOVER,4,0.5219,0.0193,0.35,113,3619889819,won,0.29,1
12:12:39,JD100,,3.903,DIGITOVER,4,0.5246,0.0246,0.35,133,3619895399,lost,-0.35,1
12:12:42,JD100,,3.905,DIGITUNDER,5,0.5210,0.0176,0.35,133,3619897839,won,0.29,1
12:12:44,JD100,,3.900,DIGITOVER,4,0.5246,0.0246,0.35,130,3619903659,won,0.29,1
12:12:46,JD100,,3.902,DIGITUNDER,5,0.5218,0.0192,0.35,178,3619908159,won,0.29,1
12:12:48,JD100,,3.902,DIGITUNDER,5,0.5246,0.0246,0.35,122,3619909759,won,0.29,1
12:12:50,JD100,,3.908,DIGITUNDER,5,0.5219,0.0192,0.35,151,3619910519,lost,-0.35,1
12:12:52,JD100,,3.907,DIGITOVER,4,0.5246,0.0246,0.35,135,3619912059,lost,-0.35,1
12:12:54,JD100,,3.908,DIGITUNDER,5,0.5218,0.0191,0.35,162,3619915959,won,0.29,1
12:12:56,JD100,,3.907,DIGITUNDER,5,0.5218,0.0192,0.35,137,3619917199,won,0.29,1
12:12:58,JD100,,3.908,DIGITUNDER,5,0.5211,0.0176,0.35,128,3619918359,lost,-0.35,1
12:13:00,JD100,,3.906,DIGITUNDER,5,0.5246,0.0246,0.35,107,3619922959,lost,-0.35,1
12:13:02,JD100,,3.908,DIGITUNDER,5,0.5219,0.0192,0.35,125,3619928339,won,0.29,1
12:13:04,JD100,,3.911,DIGITUNDER,5,0.5246,0.0246,0.35,107,3619929259,lost,-0.35,1
12:13:06,JD100,,3.912,DIGITOVER,4,0.5219,0.0192,0.35,112,3619930739,won,0.29,1
12:13:08,JD100,,3.908,DIGITOVER,4,0.5246,0.0246,0.35,187,3619932039,lost,-0.35,1
12:13:10,JD100,,3.904,DIGITOVER,4,0.5246,0.0245,0.35,147,3619934679,won,0.29,1
12:13:12,JD100,,3.903,DIGITOVER,4,0.5219,0.0192,0.35,113,3619937999,won,0.29,1
12:13:15,JD100,,3.905,DIGITUNDER,5,0.5246,0.0245,0.35,152,3619940259,won,0.29,1
12:13:17,JD100,,3.906,DIGITUNDER,5,0.5210,0.0176,0.35,123,3619947759,won,0.29,1
12:13:19,JD100,,3.911,DIGITOVER,4,0.5210,0.0176,0.35,195,3619950139,lost,-0.35,1
12:13:21,JD100,,3.911,DIGITOVER,4,0.5219,0.0193,0.35,121,3619953119,won,0.29,1
12:13:23,JD100,,3.911,DIGITOVER,4,0.5246,0.0246,0.35,132,3619955399,won,0.29,1
12:13:25,JD100,,3.907,DIGITOVER,4,0.5246,0.0246,0.35,134,3619956859,lost,-0.35,1
12:13:27,JD100,,3.907,DIGITUNDER,5,0.5246,0.0246,0.35,118,3619958799,won,0.29,1
12:13:29,JD100,,3.905,DIGITUNDER,5,0.5219,0.0193,0.35,121,3619960359,lost,-0.35,1
12:13:31,JD100,,3.907,DIGITUNDER,5,0.5210,0.0176,0.35,130,3619962419,won,0.29,1
12:13:33,JD100,,3.910,DIGITOVER,4,0.5246,0.0246,0.35,128,3619966359,lost,-0.35,1
12:13:35,JD100,,3.912,DIGITUNDER,5,0.5210,0.0176,0.35,151,3619968259,lost,-0.35,1
12:13:37,JD100,,3.908,DIGITOVER,4,0.5219,0.0192,0.35,136,3619971859,lost,-0.35,1
12:13:39,JD100,,3.906,DIGITUNDER,5,0.5210,0.0176,0.35,128,3619973699,won,0.29,1
12:13:41,JD100,,3.906,DIGITUNDER,5,0.5246,0.0245,0.35,288,3619974979,won,0.29,1
12:13:44,JD100,,3.905,DIGITUNDER,5,0.5246,0.0245,0.35,133,3619977039,lost,-0.35,1
12:13:46,JD100,,3.907,DIGITOVER,4,0.5246,0.0245,0.35,114,3619977899,won,0.29,1
12:13:48,JD100,,3.907,DIGITOVER,4,0.5219,0.0192,0.35,119,3619979519,won,0.29,1
12:13:50,JD100,,3.907,DIGITOVER,4,0.5219,0.0193,0.35,128,3619980479,won,0.29,1
12:13:52,JD100,,3.904,DIGITOVER,4,0.5219,0.0193,0.35,534,3619990899,won,0.29,1
12:13:54,JD100,,3.904,DIGITOVER,4,0.5211,0.0176,0.35,119,3619994099,lost,-0.35,1
12:13:56,JD100,,3.903,DIGITOVER,4,0.5210,0.0176,0.35,124,3619996919,lost,-0.35,1
12:13:58,JD100,,3.899,DIGITUNDER,5,0.5246,0.0246,0.35,121,3620000179,lost,-0.35,1
12:14:00,JD100,,3.899,DIGITOVER,4,0.5210,0.0175,0.35,105,3620003459,won,0.29,1
12:14:02,JD100,,3.899,DIGITOVER,4,0.5246,0.0246,0.35,128,3620004559,won,0.29,1
12:14:04,JD100,,3.899,DIGITUNDER,5,0.5220,0.0195,0.35,184,3620009279,lost,-0.35,1
12:14:06,JD100,,3.902,DIGITOVER,4,0.5220,0.0195,0.35,218,3620015379,won,0.29,1
12:14:08,JD100,,3.901,DIGITOVER,4,0.5220,0.0195,0.35,126,3620016779,lost,-0.35,1
12:14:10,JD100,,3.897,DIGITOVER,4,0.5220,0.0194,0.35,151,3620020119,won,0.29,1
12:14:13,JD100,,3.901,DIGITOVER,4,0.5210,0.0174,0.35,134,3620021439,won,0.29,1
12:14:15,JD100,,3.909,DIGITOVER,4,0.5247,0.0247,0.35,127,3620022879,won,0.29,1
12:14:17,JD100,,3.901,DIGITOVER,4,0.5210,0.0175,0.35,128,3620025259,won,0.29,1
12:14:19,JD100,,3.901,DIGITOVER,4,0.5247,0.0247,0.35,115,3620026639,lost,-0.35,1
12:14:21,JD100,,3.902,DIGITUNDER,5,0.5210,0.0174,0.35,103,3620027519,won,0.29,1
12:14:23,JD100,,3.909,DIGITUNDER,5,0.5210,0.0175,0.35,127,3620028859,lost,-0.35,1
12:14:25,JD100,,3.911,DIGITOVER,4,0.5210,0.0174,0.35,171,3620029939,lost,-0.35,1
12:14:27,JD100,,3.911,DIGITUNDER,5,0.5220,0.0195,0.35,120,3620031619,lost,-0.35,1
12:14:29,JD100,,3.906,DIGITOVER,4,0.5210,0.0174,0.35,119,3620032859,won,0.29,1
12:14:31,JD100,,3.911,DIGITOVER,4,0.5210,0.0175,0.35,130,3620034019,lost,-0.35,1
12:14:33,JD100,,3.912,DIGITUNDER,5,0.5247,0.0247,0.35,140,3620035299,won,0.29,1
12:14:35,JD100,,3.913,DIGITOVER,4,0.5247,0.0247,0.35,940,3620041799,won,0.29,1
12:14:37,JD100,,3.913,DIGITOVER,4,0.5220,0.0195,0.35,175,3620041999,won,0.29,1
12:14:39,JD100,,3.912,DIGITOVER,4,0.5210,0.0174,0.35,137,3620043499,won,0.29,1
12:14:41,JD100,,3.911,DIGITUNDER,5,0.5247,0.0247,0.35,155,3620045819,won,0.29,1
12:14:43,JD100,,3.906,DIGITOVER,4,0.5210,0.0175,0.35,104,3620051899,lost,-0.35,1
12:14:45,JD100,,3.906,DIGITUNDER,5,0.5221,0.0196,0.35,128,3620053939,won,0.29,1
12:14:47,JD100,,3.905,DIGITUNDER,5,0.5210,0.0174,0.35,104,3620054679,lost,-0.35,1
12:14:50,JD100,,3.908,DIGITOVER,4,0.5221,0.0196,0.35,197,3620056199,lost,-0.35,1
12:14:52,JD100,,3.908,DIGITUNDER,5,0.5210,0.0174,0.35,133,3620057459,won,0.29,1
12:14:54,JD100,,3.909,DIGITUNDER,5,0.5220,0.0196,0.35,134,3620059639,lost,-0.35,1
12:14:56,JD100,,3.912,DIGITUNDER,5,0.5220,0.0196,0.35,110,3620062619,lost,-0.35,1
12:14:58,JD100,,3.912,DIGITOVER,4,0.5220,0.0195,0.35,114,3620063539,won,0.29,1
12:15:00,JD100,,3.912,DIGITOVER,4,0.5220,0.0196,0.35,167,3620068119,won,0.29,1
12:15:02,JD100,,3.903,DIGITOVER,4,0.5247,0.0247,0.35,127,3620071499,lost,-0.35,1
12:15:04,JD100,,3.904,DIGITUNDER,5,0.5209,0.0174,0.35,123,3620072939,won,0.29,1
12:15:06,JD100,,3.896,DIGITUNDER,5,0.5209,0.0174,0.35,134,3620081379,won,0.29,1
12:15:09,JD100,,3.894,DIGITUNDER,5,0.5209,0.0174,0.35,99,3620082939,won,0.29,1
12:15:11,JD100,,3.894,DIGITUNDER,5,0.5210,0.0174,0.35,153,3620084359,lost,-0.35,1
12:15:13,JD100,,3.898,DIGITUNDER,5,0.5209,0.0174,0.35,218,3620089699,won,0.29,1
12:15:15,JD100,,3.898,DIGITUNDER,5,0.5220,0.0195,0.35,284,3620092399,lost,-0.35,1
12:15:17,JD100,,3.897,DIGITUNDER,5,0.5220,0.0195,0.35,107,3620095179,won,0.29,1
12:15:19,JD100,,3.896,DIGITUNDER,5,0.5220,0.0195,0.35,123,3620097359,won,0.29,1
12:15:21,JD100,,3.894,DIGITUNDER,5,0.5247,0.0248,0.35,104,3620098699,won,0.29,1
12:15:23,JD100,,3.898,DIGITOVER,4,0.5220,0.0195,0.35,103,3620103899,won,0.29,1
12:15:25,JD100,,3.897,DIGITOVER,4,0.5220,0.0196,0.35,106,3620105099,lost,-0.35,1
12:15:27,JD100,,3.898,DIGITUNDER,5,0.5210,0.0175,0.35,117,3620106459,won,0.29,1
12:15:29,JD100,,3.895,DIGITUNDER,5,0.5247,0.0247,0.35,129,3620110979,lost,-0.35,1
12:15:31,JD100,,3.896,DIGITOVER,4,0.5210,0.0175,0.35,128,3620112579,won,0.29,1
12:15:33,JD100,,3.894,DIGITOVER,4,0.5220,0.0194,0.35,112,3620118379,lost,-0.35,1
12:15:35,JD100,,3.893,DIGITUNDER,5,0.5220,0.0194,0.35,98,3620122079,won,0.29,1
12:15:37,JD100,,3.893,DIGITUNDER,5,0.5220,0.0195,0.35,107,3620126819,lost,-0.35,1
12:15:39,JD100,,3.895,DIGITOVER,4,0.5220,0.0194,0.35,163,3620127859,lost,-0.35,1
12:15:41,JD100,,3.893,DIGITOVER,4,0.5247,0.0247,0.35,143,3620133699,won,0.29,1
12:15:44,JD100,,3.892,DIGITOVER,4,0.5247,0.0248,0.35,288,3620135159,won,0.29,1
12:15:46,JD100,,3.900,DIGITOVER,4,0.5247,0.0248,0.35,130,3620138579,won,0.29,1
12:15:48,JD100,,3.900,DIGITOVER,4,0.5210,0.0176,0.35,110,3620140219,lost,-0.35,1
12:15:50,JD100,,3.901,DIGITUNDER,5,0.5210,0.0176,0.35,125,3620141559,won,0.29,1
12:15:52,JD100,,3.909,DIGITUNDER,5,0.5220,0.0195,0.35,133,3620143599,lost,-0.35,1
12:15:54,JD100,,3.911,DIGITUNDER,5,0.5210,0.0176,0.35,145,3620146479,won,0.29,1
12:15:56,JD100,,3.919,DIGITUNDER,5,0.5247,0.0248,0.35,449,3620147779,won,0.29,1
12:15:58,JD100,,3.919,DIGITUNDER,5,0.5248,0.0249,0.35,91,3620148899,lost,-0.35,1
12:16:00,JD100,,3.920,DIGITUNDER,5,0.5247,0.0248,0.35,134,3620151519,won,0.29,1
12:16:02,JD100,,3.920,DIGITOVER,4,0.5247,0.0248,0.35,147,3620154659,won,0.29,1
12:16:04,JD100,,3.920,DIGITOVER,4,0.5220,0.0195,0.35,152,3620156139,won,0.29,1
12:16:06,JD100,,3.920,DIGITOVER,4,0.5220,0.0195,0.35,127,3620157299,won,0.29,1
12:16:08,JD100,,3.919,DIGITOVER,4,0.5248,0.0249,0.35,150,3620160219,won,0.29,1
12:16:10,JD100,,3.918,DIGITUNDER,5,0.5221,0.0196,0.35,163,3620163439,won,0.29,1
12:16:13,JD100,,3.914,DIGITUNDER,5,0.5221,0.0196,0.35,145,3620164819,won,0.29,1
12:16:15,JD100,,3.914,DIGITUNDER,5,0.5211,0.0177,0.35,107,3620165939,won,0.29,1
12:16:17,JD100,,3.915,DIGITUNDER,5,0.5221,0.0196,0.35,114,3620167259,lost,-0.35,1
12:16:19,JD100,,3.915,DIGITOVER,4,0.5248,0.0250,0.35,130,3620168519,won,0.29,1
12:16:21,JD100,,3.914,DIGITUNDER,5,0.5221,0.0196,0.35,131,3620171139,lost,-0.35,1
12:16:23,JD100,,3.913,DIGITUNDER,5,0.5211,0.0177,0.35,122,3620174599,won,0.29,1
12:16:25,JD100,,3.913,DIGITOVER,4,0.5249,0.0250,0.35,140,3620177199,won,0.29,1
12:16:27,JD100,,3.913,DIGITOVER,4,0.5221,0.0197,0.35,155,3620177979,lost,-0.35,1
12:16:29,JD100,,3.913,DIGITUNDER,5,0.5221,0.0197,0.35,148,3620179419,lost,-0.35,1
12:16:31,JD100,,3.913,DIGITOVER,4,0.5211,0.0177,0.35,110,3620181059,won,0.29,1
12:16:33,JD100,,3.914,DIGITOVER,4,0.5248,0.0250,0.35,115,3620184819,lost,-0.35,1
12:16:35,JD100,,3.916,DIGITUNDER,5,0.5211,0.0176,0.35,142,3620188919,won,0.29,1
12:16:37,JD100,,3.916,DIGITUNDER,5,0.5211,0.0177,0.35,135,3620190059,lost,-0.35,1
12:16:39,JD100,,3.916,DIGITOVER,4,0.5248,0.0249,0.35,105,3620191319,won,0.29,1
12:16:42,JD100,,3.926,DIGITOVER,4,0.5211,0.0176,0.35,110,3620194199,lost,-0.35,1
12:16:44,JD100,,3.927,DIGITUNDER,5,0.5211,0.0176,0.35,138,3620195319,won,0.29,1
12:16:46,JD100,,3.924,DIGITOVER,4,0.5211,0.0176,0.35,113,3620199499,lost,-0.35,1
12:16:48,JD100,,3.925,DIGITUNDER,5,0.5210,0.0176,0.35,109,3620200439,lost,-0.35,1
12:16:50,JD100,,3.924,DIGITOVER,4,0.5248,0.0249,0.35,114,3620201759,lost,-0.35,1
12:16:52,JD100,,3.925,DIGITUNDER,5,0.5248,0.0249,0.35,129,3620202759,lost,-0.35,1
12:16:54,JD100,,3.926,DIGITOVER,4,0.5247,0.0248,0.35,157,3620204939,lost,-0.35,1
12:16:56,JD100,,3.927,DIGITUNDER,5,0.5247,0.0248,0.35,123,3620205879,won,0.29,1
12:16:58,JD100,,3.931,DIGITOVER,4,0.5220,0.0195,0.35,131,3620208219,lost,-0.35,1
12:17:00,JD100,,3.939,DIGITOVER,4,0.5247,0.0248,0.35,117,3620211819,won,0.29,1
12:17:02,JD100,,3.929,DIGITOVER,4,0.5210,0.0174,0.35,113,3620214979,lost,-0.35,1
12:17:04,JD100,,3.917,DIGITOVER,4,0.5210,0.0174,0.35,112,3620217659,won,0.29,1
12:17:06,JD100,,3.917,DIGITOVER,4,0.5248,0.0249,0.35,142,3620218559,lost,-0.35,1
12:17:08,JD100,,3.919,DIGITUNDER,5,0.5210,0.0174,0.35,133,3620219759,won,0.29,1
12:17:10,JD100,,3.920,DIGITOVER,4,0.5248,0.0249,0.35,191,3620226059,won,0.29,1
12:17:13,JD100,,3.920,DIGITUNDER,5,0.5220,0.0195,0.35,149,3620230079,lost,-0.35,1
12:17:15,JD100,,3.921,DIGITOVER,4,0.5248,0.0249,0.35,150,3620231579,lost,-0.35,1
12:17:17,JD100,,3.919,DIGITUNDER,5,0.5210,0.0174,0.35,164,3620237539,won,0.29,1
12:17:19,JD100,,3.918,DIGITUNDER,5,0.5220,0.0194,0.35,123,3620239259,lost,-0.35,1
12:17:21,JD100,,3.916,DIGITUNDER,5,0.5220,0.0194,0.35,133,3620242399,won,0.29,1
12:17:23,JD100,,3.916,DIGITOVER,4,0.5248,0.0249,0.35,142,3620246499,lost,-0.35,1
12:17:25,JD100,,3.916,DIGITUNDER,5,0.5210,0.0174,0.35,120,3620247639,lost,-0.35,1
12:17:27,JD100,,3.913,DIGITOVER,4,0.5220,0.0195,0.35,133,3620249159,won,0.29,1
12:17:29,JD100,,3.904,DIGITOVER,4,0.5209,0.0174,0.35,157,3620251459,lost,-0.35,1
12:17:31,JD100,,3.905,DIGITUNDER,5,0.5248,0.0249,0.35,158,3620253239,lost,-0.35,1
12:17:33,JD100,,3.909,DIGITUNDER,5,0.5209,0.0174,0.35,155,3620257199,won,0.29,1
12:17:35,JD100,,3.906,DIGITOVER,4,0.5248,0.0249,0.35,129,3620261859,won,0.29,1
12:17:37,JD100,,3.905,DIGITOVER,4,0.5248,0.0249,0.35,133,3620263179,won,0.29,1
12:17:39,JD100,,3.905,DIGITOVER,4,0.5209,0.0174,0.35,132,3620264699,lost,-0.35,1
12:17:41,JD100,,3.906,DIGITUNDER,5,0.5248,0.0249,0.35,127,3620266279,lost,-0.35,1
12:17:43,JD100,,3.907,DIGITOVER,4,0.5220,0.0195,0.35,142,3620267579,won,0.29,1
12:17:46,JD100,,3.907,DIGITOVER,4,0.5221,0.0196,0.35,121,3620268439,lost,-0.35,1
12:17:48,JD100,,3.908,DIGITOVER,4,0.5220,0.0195,0.35,124,3620271659,lost,-0.35,1
12:17:50,JD100,,3.909,DIGITUNDER,5,0.5209,0.0174,0.35,117,3620274179,lost,-0.35,1
12:17:52,JD100,,3.904,DIGITUNDER,5,0.5220,0.0195,0.35,146,3620280239,won,0.29,1
12:17:54,JD100,,3.903,DIGITOVER,4,0.5220,0.0195,0.35,130,3620282339,won,0.29,1
12:17:56,JD100,,3.903,DIGITOVER,4,0.5209,0.0173,0.35,155,3620283239,won,0.29,1
12:17:58,JD100,,3.902,DIGITOVER,4,0.5209,0.0173,0.35,164,3620285459,lost,-0.35,1
12:18:00,JD100,,3.903,DIGITUNDER,5,0.5220,0.0196,0.35,115,3620286799,won,0.29,1
12:18:02,JD100,,3.902,DIGITUNDER,5,0.5221,0.0196,0.35,117,3620287799,lost,-0.35,1
12:18:04,JD100,,3.902,DIGITOVER,4,0.5209,0.0173,0.35,115,3620288839,won,0.29,1
12:18:07,JD100,,3.901,DIGITUNDER,5,0.5209,0.0173,0.35,112,3620292219,lost,-0.35,1
12:18:09,JD100,,3.902,DIGITUNDER,5,0.5209,0.0172,0.35,128,3620296959,lost,-0.35,1
12:18:11,JD100,,3.901,DIGITOVER,4,0.5220,0.0195,0.35,139,3620298039,lost,-0.35,1
12:18:13,JD100,,3.902,DIGITUNDER,5,0.5209,0.0172,0.35,134,3620299419,won,0.29,1
12:18:15,JD100,,3.900,DIGITUNDER,5,0.5247,0.0248,0.35,136,3620300579,won,0.29,1
12:18:17,JD100,,3.900,DIGITUNDER,5,0.5247,0.0248,0.35,140,3620301779,won,0.29,1
12:18:19,JD100,,3.900,DIGITUNDER,5,0.5247,0.0248,0.35,149,3620302739,lost,-0.35,1
12:18:21,JD100,,3.900,DIGITOVER,4,0.5209,0.0173,0.35,144,3620304079,won,0.29,1
12:18:23,JD100,,3.898,DIGITOVER,4,0.5220,0.0195,0.35,142,3620305059,lost,-0.35,1
12:18:25,JD100,,3.901,DIGITUNDER,5,0.5247,0.0248,0.35,139,3620306639,lost,-0.35,1
12:18:28,JD100,,3.903,DIGITOVER,4,0.5220,0.0195,0.35,148,3620307839,won,0.29,1
12:18:30,JD100,,3.900,DIGITOVER,4,0.5220,0.0195,0.35,128,3620309099,won,0.29,1
12:18:32,JD100,,3.900,DIGITOVER,4,0.5209,0.0172,0.35,136,3620310279,lost,-0.35,1
12:18:34,JD100,,3.904,DIGITUNDER,5,0.5220,0.0196,0.35,139,3620311739,won,0.29,1
12:18:36,JD100,,3.902,DIGITUNDER,5,0.5221,0.0196,0.35,191,3620313219,won,0.29,1
12:18:38,JD100,,3.902,DIGITUNDER,5,0.5221,0.0196,0.35,125,3620314739,lost,-0.35,1
12:18:40,JD100,,3.904,DIGITOVER,4,0.5209,0.0173,0.35,159,3620316179,won,0.29,1
12:18:42,JD100,,3.904,DIGITOVER,4,0.5247,0.0248,0.35,118,3620318799,won,0.29,1
12:18:44,JD100,,3.903,DIGITOVER,4,0.5221,0.0196,0.35,127,3620320979,lost,-0.35,1
12:18:46,JD100,,3.903,DIGITUNDER,5,0.5247,0.0248,0.35,123,3620322159,won,0.29,1
12:18:48,JD100,,3.903,DIGITUNDER,5,0.5209,0.0173,0.35,200,3620323659,won,0.29,1
12:18:50,JD100,,3.903,DIGITUNDER,5,0.5248,0.0249,0.35,125,3620324859,lost,-0.35,1
12:18:52,JD100,,3.904,DIGITOVER,4,0.5248,0.0248,0.35,117,3620325799,lost,-0.35,1
12:18:54,JD100,,3.906,DIGITUNDER,5,0.5209,0.0173,0.35,192,3620330259,lost,-0.35,1
12:18:56,JD100,,3.903,DIGITUNDER,5,0.5221,0.0196,0.35,118,3620332379,won,0.29,1
12:18:59,JD100,,3.909,DIGITUNDER,5,0.5221,0.0197,0.35,156,3620333779,won,0.29,1
12:19:01,JD100,,3.909,DIGITUNDER,5,0.5209,0.0173,0.35,126,3620335179,lost,-0.35,1
12:19:03,JD100,,3.912,DIGITUNDER,5,0.5221,0.0197,0.35,117,3620337959,won,0.29,1
12:19:05,JD100,,3.912,DIGITUNDER,6,0.6225,0.0172,0.35,127,3620339199,won,0.19,1
12:19:07,JD100,,3.911,DIGITUNDER,5,0.5248,0.0249,0.35,131,3620340619,lost,-0.35,1
12:19:09,JD100,,3.909,DIGITOVER,4,0.5208,0.0172,0.35,149,3620342259,lost,-0.35,1
12:19:11,JD100,,3.909,DIGITUNDER,5,0.5248,0.0249,0.35,183,3620343579,won,0.29,1
12:19:13,JD100,,3.910,DIGITUNDER,5,0.5208,0.0172,0.35,104,3620345279,won,0.29,1
12:19:15,JD100,,3.905,DIGITUNDER,5,0.5221,0.0197,0.35,151,3620347819,won,0.29,1
12:19:17,JD100,,3.905,DIGITUNDER,6,0.6225,0.0172,0.35,128,3620349259,won,0.19,1
12:19:19,JD100,,3.905,DIGITUNDER,5,0.5221,0.0197,0.35,112,3620350739,won,0.29,1
12:19:21,JD100,,3.904,DIGITUNDER,6,0.6225,0.0172,0.35,120,3620351739,lost,-0.35,1
12:19:23,JD100,,3.904,DIGITOVER,4,0.5208,0.0171,0.35,141,3620353079,lost,-0.35,1
12:19:26,JD100,,3.903,DIGITOVER,4,0.5221,0.0197,0.35,122,3620354879,won,0.29,1
12:19:28,JD100,,3.909,DIGITOVER,4,0.5248,0.0249,0.35,202,3620355959,won,0.29,1
12:19:30,JD100,,3.910,DIGITOVER,4,0.5208,0.0171,0.35,133,3620358479,lost,-0.35,1
12:19:32,JD100,,3.906,DIGITUNDER,5,0.5248,0.0249,0.35,126,3620359619,lost,-0.35,1
12:19:34,JD100,,3.904,DIGITOVER,4,0.5208,0.0171,0.35,133,3620361459,lost,-0.35,1
12:19:36,JD100,,3.906,DIGITUNDER,6,0.6225,0.0172,0.35,113,3620363139,won,0.19,1
12:19:38,JD100,,3.902,DIGITUNDER,6,0.6225,0.0171,0.35,189,3620366859,won,0.19,1
12:19:40,JD100,,3.900,DIGITUNDER,5,0.5248,0.0248,0.35,139,3620368999,won,0.29,1
12:19:43,JD100,,3.904,DIGITUNDER,5,0.5248,0.0249,0.35,140,3620371659,lost,-0.35,1
12:19:45,JD100,,3.905,DIGITOVER,4,0.5248,0.0249,0.35,120,3620372799,won,0.29,1
12:19:47,JD100,,3.905,DIGITOVER,4,0.5208,0.0171,0.35,109,3620373879,won,0.29,1
12:19:49,JD100,,3.904,DIGITOVER,4,0.5208,0.0171,0.35,129,3620375199,lost,-0.35,1
12:19:51,JD100,,3.905,DIGITUNDER,5,0.5248,0.0249,0.35,108,3620377239,won,0.29,1
12:19:53,JD100,,3.896,DIGITUNDER,5,0.5221,0.0196,0.35,121,3620378259,won,0.29,1
12:19:55,JD100,,3.894,DIGITOVER,4,0.5248,0.0249,0.35,118,3620380759,lost,-0.35,1
12:19:57,JD100,,3.895,DIGITUNDER,6,0.6225,0.0172,0.35,117,3620381999,won,0.19,1
12:19:59,JD100,,3.892,DIGITUNDER,6,0.6225,0.0172,0.35,123,3620383039,won,0.19,1
12:20:01,JD100,,3.890,DIGITUNDER,5,0.5248,0.0250,0.35,106,3620384139,lost,-0.35,1
12:20:03,JD100,,3.892,DIGITUNDER,5,0.5221,0.0196,0.35,132,3620387619,won,0.29,1
12:20:05,JD100,,3.888,DIGITUNDER,5,0.5221,0.0197,0.35,181,3620390539,won,0.29,1
12:20:08,JD100,,3.883,DIGITUNDER,5,0.5221,0.0197,0.35,228,3620392839,won,0.29,1
12:20:10,JD100,,3.885,DIGITOVER,4,0.5209,0.0172,0.35,111,3620395039,lost,-0.35,1
12:20:12,JD100,,3.886,DIGITUNDER,5,0.5248,0.0249,0.35,130,3620396679,lost,-0.35,1
12:20:14,JD100,,3.889,DIGITUNDER,6,0.6225,0.0172,0.35,130,3620401339,lost,-0.35,1
12:20:16,JD100,,3.890,DIGITUNDER,5,0.5221,0.0197,0.35,111,3620403319,lost,-0.35,1
12:20:18,JD100,,3.891,DIGITOVER,4,0.5208,0.0171,0.35,120,3620404479,lost,-0.35,1
12:20:20,JD100,,3.888,DIGITOVER,4,0.5221,0.0197,0.35,108,3620415419,lost,-0.35,1
12:20:22,JD100,,3.888,DIGITOVER,4,0.5208,0.0171,0.35,116,3620418459,won,0.29,1
12:20:24,JD100,,3.888,DIGITOVER,4,0.5208,0.0172,0.35,135,3620419419,lost,-0.35,1
12:20:26,JD100,,3.889,DIGITUNDER,5,0.5248,0.0249,0.35,105,3620420639,lost,-0.35,1
12:20:28,JD100,,3.890,DIGITOVER,4,0.5221,0.0196,0.35,102,3620421579,lost,-0.35,1
12:20:30,JD100,,3.895,DIGITUNDER,5,0.5248,0.0248,0.35,186,3620424319,won,0.29,1
12:20:33,JD100,,3.893,DIGITUNDER,5,0.5221,0.0197,0.35,129,3620426059,won,0.29,1
12:20:35,JD100,,3.895,DIGITUNDER,5,0.5248,0.0249,0.35,123,3620429459,won,0.29,1
12:20:37,JD100,,3.889,DIGITUNDER,5,0.5248,0.0249,0.35,126,3620433499,won,0.29,1
12:20:39,JD100,,3.888,DIGITUNDER,5,0.5248,0.0249,0.35,113,3620435039,won,0.29,1
12:20:41,JD100,,3.887,DIGITUNDER,5,0.5221,0.0196,0.35,126,3620436219,lost,-0.35,1
12:20:43,JD100,,3.886,DIGITOVER,4,0.5248,0.0249,0.35,110,3620437339,won,0.29,1
12:20:45,JD100,,3.894,DIGITUNDER,6,0.6225,0.0172,0.35,125,3620439779,won,0.19,1
12:20:47,JD100,,3.896,DIGITUNDER,5,0.5248,0.0249,0.35,142,3620445459,lost,-0.35,1
12:20:49,JD100,,3.897,DIGITOVER,4,0.5209,0.0172,0.35,107,3620447639,lost,-0.35,1
12:20:51,JD100,,3.897,DIGITUNDER,5,0.5220,0.0195,0.35,130,3620449259,won,0.29,1
12:20:53,JD100,,3.896,DIGITUNDER,5,0.5248,0.0249,0.35,148,3620451839,won,0.29,1
12:20:55,JD100,,3.895,DIGITUNDER,5,0.5209,0.0173,0.35,128,3620453759,won,0.29,1
12:20:57,JD100,,3.900,DIGITOVER,4,0.5220,0.0195,0.35,120,3620457539,won,0.29,1
12:20:59,JD100,,3.911,DIGITUNDER,5,0.5208,0.0172,0.35,109,3620461959,won,0.29,1
12:21:01,JD100,,3.911,DIGITOVER,4,0.5248,0.0249,0.35,103,3620464139,lost,-0.35,1
12:21:03,JD100,,3.912,DIGITUNDER,5,0.5220,0.0196,0.35,120,3620465419,lost,-0.35,1
12:21:06,JD100,,3.914,DIGITOVER,4,0.5220,0.0195,0.35,126,3620466759,lost,-0.35,1
12:21:08,JD100,,3.911,DIGITUNDER,5,0.5208,0.0172,0.35,122,3620467759,lost,-0.35,1
12:21:10,JD100,,3.914,DIGITUNDER,5,0.5220,0.0195,0.35,147,3620470699,lost,-0.35,1
12:21:12,JD100,,3.914,DIGITOVER,4,0.5248,0.0249,0.35,177,3620473379,lost,-0.35,1
12:21:14,JD100,,3.914,DIGITOVER,4,0.5247,0.0248,0.35,127,3620476339,won,0.29,1
12:21:16,JD100,,3.914,DIGITOVER,4,0.5220,0.0195,0.35,122,3620478019,lost,-0.35,1
12:21:18,JD100,,3.914,DIGITUNDER,5,0.5208,0.0172,0.35,142,3620479739,lost,-0.35,1
12:21:20,JD100,,3.913,DIGITUNDER,5,0.5208,0.0172,0.35,109,3620481979,lost,-0.35,1
12:21:22,JD100,,3.913,DIGITOVER,4,0.5247,0.0248,0.35,132,3620484299,lost,-0.35,1
12:21:25,JD100,,3.915,DIGITUNDER,5,0.5247,0.0248,0.35,123,3620485599,lost,-0.35,1
12:21:27,JD100,,3.916,DIGITOVER,4,0.5208,0.0171,0.35,132,3620486639,won,0.29,1
12:21:29,JD100,,3.913,DIGITOVER,4,0.5208,0.0171,0.35,112,3620488479,lost,-0.35,1
12:21:31,JD100,,3.914,DIGITUNDER,6,0.6225,0.0171,0.35,112,3620489219,won,0.19,1
12:21:33,JD100,,3.915,DIGITOVER,4,0.5219,0.0193,0.35,134,3620491859,lost,-0.35,1
12:21:35,JD100,,3.914,DIGITOVER,4,0.5208,0.0171,0.35,149,3620496359,won,0.29,1
12:21:37,JD100,,3.911,DIGITOVER,4,0.5208,0.0171,0.35,140,3620497779,lost,-0.35,1
12:21:39,JD100,,3.910,DIGITUNDER,6,0.6225,0.0171,0.35,115,3620498779,lost,-0.35,1
12:21:41,JD100,,3.910,DIGITOVER,4,0.5220,0.0194,0.35,120,3620499699,won,0.29,1
12:21:43,JD100,,3.907,DIGITOVER,4,0.5220,0.0194,0.35,128,3620501099,won,0.29,1
12:21:45,JD100,,3.907,DIGITOVER,4,0.5220,0.0195,0.35,135,3620504199,won,0.29,1
12:21:47,JD100,,3.907,DIGITOVER,4,0.5208,0.0171,0.35,125,3620506239,lost,-0.35,1
12:21:49,JD100,,3.909,DIGITUNDER,6,0.6225,0.0171,0.35,164,3620507659,won,0.19,1
12:21:51,JD100,,3.909,DIGITUNDER,5,0.5220,0.0194,0.35,113,3620508879,won,0.29,1
12:21:53,JD100,,3.917,DIGITUNDER,5,0.5247,0.0248,0.35,96,3620510079,won,0.29,1
12:21:56,JD100,,3.919,DIGITOVER,4,0.5247,0.0248,0.35,109,3620512279,lost,-0.35,1
12:21:58,JD100,,3.921,DIGITUNDER,5,0.5247,0.0248,0.35,141,3620513279,won,0.29,1
12:22:00,JD100,,3.920,DIGITUNDER,6,0.6225,0.0171,0.35,120,3620515079,won,0.19,1
12:22:02,JD100,,3.920,DIGITUNDER,5,0.5220,0.0195,0.35,120,3620516179,lost,-0.35,1
12:22:04,JD100,,3.922,DIGITOVER,4,0.5220,0.0194,0.35,111,3620517799,lost,-0.35,1
12:22:06,JD100,,3.923,DIGITUNDER,5,0.5220,0.0194,0.35,141,3620518939,won,0.29,1
12:22:08,JD100,,3.922,DIGITUNDER,5,0.5220,0.0194,0.35,131,3620520259,won,0.29,1
12:22:10,JD100,,3.934,DIGITUNDER,5,0.5247,0.0248,0.35,129,3620523439,lost,-0.35,1
12:22:12,JD100,,3.935,DIGITUNDER,5,0.5247,0.0247,0.35,103,3620526359,won,0.29,1
12:22:14,JD100,,3.935,DIGITUNDER,5,0.5220,0.0195,0.35,132,3620528259,lost,-0.35,1
12:22:16,JD100,,3.940,DIGITOVER,4,0.5208,0.0171,0.35,126,3620533939,lost,-0.35,1
12:22:18,JD100,,3.939,DIGITUNDER,5,0.5220,0.0195,0.35,127,3620535379,lost,-0.35,1
12:22:20,JD100,,3.941,DIGITOVER,4,0.5220,0.0195,0.35,132,3620536219,won,0.29,1
12:22:22,JD100,,3.940,DIGITUNDER,5,0.5220,0.0195,0.35,148,3620538579,lost,-0.35,1
12:22:25,JD100,,3.940,DIGITOVER,4,0.5207,0.0170,0.35,109,3620540119,lost,-0.35,1
12:22:27,JD100,,3.937,DIGITUNDER,6,0.6224,0.0170,0.35,124,3620542999,lost,-0.35,1
12:22:29,JD100,,3.934,DIGITUNDER,5,0.5246,0.0246,0.35,130,3620545139,won,0.29,1
12:22:31,JD100,,3.933,DIGITUNDER,5,0.5247,0.0247,0.35,132,3620546339,lost,-0.35,1
12:22:33,JD100,,3.939,DIGITUNDER,6,0.6224,0.0170,0.35,132,3620548839,won,0.19,1
12:22:35,JD100,,3.942,DIGITUNDER,5,0.5220,0.0194,0.35,165,3620556339,lost,-0.35,1
12:22:37,JD100,,3.943,DIGITOVER,4,0.5207,0.0170,0.35,113,3620557619,lost,-0.35,1
12:22:39,JD100,,3.943,DIGITUNDER,5,0.5246,0.0245,0.35,134,3620559159,lost,-0.35,1
12:22:41,JD100,,3.945,DIGITUNDER,5,0.5219,0.0193,0.35,125,3620561399,won,0.29,1
12:22:43,JD100,,3.945,DIGITUNDER,5,0.5219,0.0193,0.35,123,3620562679,lost,-0.35,1
12:22:45,JD100,,3.943,DIGITOVER,4,0.5219,0.0193,0.35,131,3620564739,lost,-0.35,1
12:22:47,JD100,,3.942,DIGITUNDER,5,0.5246,0.0245,0.35,133,3620568699,won,0.29,1
12:22:49,JD100,,3.942,DIGITUNDER,5,0.5207,0.0170,0.35,167,3620569979,lost,-0.35,1
12:22:51,JD100,,3.943,DIGITOVER,4,0.5207,0.0170,0.35,138,3620571639,lost,-0.35,1
12:22:53,JD100,,3.942,DIGITUNDER,5,0.5219,0.0193,0.35,145,3620572839,lost,-0.35,1
12:22:56,JD100,,3.944,DIGITOVER,4,0.5219,0.0193,0.35,124,3620574299,lost,-0.35,1
12:22:58,JD100,,3.943,DIGITUNDER,5,0.5207,0.0170,0.35,126,3620575759,won,0.29,1
12:23:00,JD100,,3.944,DIGITOVER,4,0.5207,0.0170,0.35,116,3620577859,won,0.29,1
12:23:02,JD100,,3.948,DIGITUNDER,5,0.5245,0.0243,0.35,189,3620581119,won,0.29,1
12:23:04,JD100,,3.947,DIGITUNDER,5,0.5219,0.0193,0.35,171,3620582459,won,0.29,1
12:23:06,JD100,,3.947,DIGITUNDER,5,0.5245,0.0244,0.35,102,3620583339,won,0.29,1
12:23:08,JD100,,3.947,DIGITUNDER,5,0.5219,0.0193,0.35,114,3620584279,won,0.29,1
12:23:10,JD100,,3.947,DIGITUNDER,5,0.5245,0.0244,0.35,141,3620585199,lost,-0.35,1
12:23:12,JD100,,3.947,DIGITOVER,4,0.5208,0.0171,0.35,117,3620586479,won,0.29,1
12:23:14,JD100,,3.946,DIGITUNDER,5,0.5219,0.0193,0.35,115,3620591059,won,0.29,1
12:23:16,JD100,,3.946,DIGITUNDER,5,0.5208,0.0171,0.35,127,3620592199,won,0.29,1
12:23:18,JD100,,3.946,DIGITUNDER,5,0.5245,0.0244,0.35,105,3620593079,won,0.29,1
12:23:20,JD100,,3.946,DIGITUNDER,5,0.5219,0.0193,0.35,124,3620595179,won,0.29,1
12:23:23,JD100,,3.942,DIGITUNDER,5,0.5208,0.0171,0.35,144,3620596059,lost,-0.35,1
12:23:25,JD100,,3.943,DIGITOVER,4,0.5208,0.0171,0.35,127,3620597219,lost,-0.35,1
12:23:27,JD100,,3.945,DIGITUNDER,5,0.5245,0.0244,0.35,124,3620598359,won,0.29,1
12:23:29,JD100,,3.943,DIGITUNDER,5,0.5208,0.0170,0.35,105,3620600819,won,0.29,1
12:23:31,JD100,,3.943,DIGITUNDER,5,0.5245,0.0244,0.35,122,3620602379,lost,-0.35,1
12:23:33,JD100,,3.944,DIGITOVER,4,0.5245,0.0244,0.35,125,3620603759,won,0.29,1
12:23:35,JD100,,3.944,DIGITOVER,4,0.5208,0.0171,0.35,129,3620605199,won,0.29,1
12:23:37,JD100,,3.950,DIGITOVER,4,0.5208,0.0171,0.35,142,3620606199,lost,-0.35,1
12:23:39,JD100,,3.948,DIGITUNDER,5,0.5245,0.0244,0.35,130,3620610299,won,0.29,1
12:23:41,JD100,,3.956,DIGITUNDER,5,0.5208,0.0170,0.35,152,3620611679,won,0.29,1
12:23:43,JD100,,3.953,DIGITUNDER,5,0.5208,0.0171,0.35,127,3620622179,won,0.29,1
12:23:45,JD100,,3.956,DIGITUNDER,5,0.5208,0.0171,0.35,108,3620624639,won,0.29,1
12:23:47,JD100,,3.956,DIGITUNDER,5,0.5219,0.0193,0.35,113,3620628559,lost,-0.35,1
12:23:50,JD100,,3.958,DIGITOVER,4,0.5219,0.0192,0.35,122,3620629619,lost,-0.35,1
12:23:52,JD100,,3.961,DIGITUNDER,5,0.5207,0.0170,0.35,136,3620633759,lost,-0.35,1
12:23:54,JD100,,3.962,DIGITOVER,4,0.5207,0.0170,0.35,212,3620635279,won,0.29,1
12:23:56,JD100,,3.963,DIGITOVER,4,0.5219,0.0192,0.35,210,3620636419,won,0.29,1
12:23:58,JD100,,3.961,DIGITOVER,4,0.5219,0.0192,0.35,139,3620637679,won,0.29,1
12:24:00,JD100,,3.961,DIGITOVER,4,0.5219,0.0192,0.35,133,3620638639,lost,-0.35,1
12:24:02,JD100,,3.958,DIGITOVER,4,0.5207,0.0170,0.35,116,3620643559,lost,-0.35,1
12:24:04,JD100,,3.959,DIGITUNDER,5,0.5244,0.0242,0.35,138,3620645199,won,0.29,1
12:24:06,JD100,,3.959,DIGITUNDER,5,0.5207,0.0170,0.35,136,3620646579,lost,-0.35,1
12:24:08,JD100,,3.959,DIGITOVER,4,0.5244,0.0242,0.35,104,3620647599,won,0.29,1
12:24:10,JD100,,3.959,DIGITOVER,4,0.5218,0.0192,0.35,121,3620649219,lost,-0.35,1
12:24:12,JD100,,3.961,DIGITUNDER,5,0.5218,0.0191,0.35,130,3620650339,lost,-0.35,1
12:24:15,JD100,,3.964,DIGITOVER,4,0.5207,0.0169,0.35,112,3620653059,won,0.29,1
12:24:17,JD100,,3.961,DIGITUNDER,5,0.5207,0.0170,0.35,93,3620659939,lost,-0.35,1
12:24:19,JD100,,3.962,DIGITOVER,4,0.5244,0.0242,0.35,141,3620661179,won,0.29,1
12:24:21,JD100,,3.962,DIGITOVER,4,0.5218,0.0192,0.35,122,3620662539,lost,-0.35,1
12:24:23,JD100,,3.962,DIGITUNDER,5,0.5218,0.0191,0.35,103,3620663699,lost,-0.35,1
12:24:25,JD100,,3.960,DIGITUNDER,5,0.5244,0.0242,0.35,115,3620666599,won,0.29,1
12:24:27,JD100,,3.961,DIGITUNDER,5,0.5244,0.0242,0.35,144,3620671859,lost,-0.35,1
12:24:29,JD100,,3.962,DIGITOVER,4,0.5218,0.0190,0.35,105,3620673419,lost,-0.35,1
12:24:31,JD100,,3.964,DIGITOVER,4,0.5207,0.0170,0.35,103,3620677439,won,0.29,1
12:24:33,JD100,,3.964,DIGITOVER,4,0.5244,0.0242,0.35,113,3620678439,won,0.29,1
12:24:35,JD100,,3.964,DIGITOVER,4,0.5218,0.0190,0.35,139,3620680039,won,0.29,1
12:24:37,JD100,,3.964,DIGITOVER,4,0.5244,0.0242,0.35,118,3620681319,won,0.29,1
12:24:39,JD100,,3.964,DIGITOVER,4,0.5208,0.0171,0.35,127,3620682819,lost,-0.35,1
12:24:41,JD100,,3.965,DIGITUNDER,5,0.5218,0.0191,0.35,159,3620684119,lost,-0.35,1
12:24:43,JD100,,3.963,DIGITOVER,4,0.5244,0.0242,0.35,104,3620685799,lost,-0.35,1
12:24:45,JD100,,3.970,DIGITUNDER,5,0.5218,0.0191,0.35,106,3620693239,won,0.29,1
12:24:47,JD100,,3.969,DIGITUNDER,5,0.5218,0.0191,0.35,109,3620697259,lost,-0.35,1
12:24:49,JD100,,3.968,DIGITUNDER,5,0.5244,0.0242,0.35,125,3620699979,lost,-0.35,1
12:24:52,JD100,,3.966,DIGITUNDER,5,0.5208,0.0171,0.35,136,3620702959,lost,-0.35,1
12:24:54,JD100,,3.966,DIGITOVER,4,0.5208,0.0170,0.35,134,3620704179,lost,-0.35,1
12:24:56,JD100,,3.966,DIGITUNDER,5,0.5207,0.0170,0.35,136,3620705479,won,0.29,1
12:24:58,JD100,,3.970,DIGITUNDER,5,0.5217,0.0189,0.35,124,3620707459,lost,-0.35,1
12:25:00,JD100,,3.969,DIGITUNDER,5,0.5217,0.0189,0.35,119,3620710399,lost,-0.35,1
12:25:02,JD100,,3.970,DIGITOVER,4,0.5244,0.0241,0.35,112,3620711839,lost,-0.35,1
12:25:04,JD100,,3.971,DIGITUNDER,5,0.5207,0.0170,0.35,105,3620716379,won,0.29,1
12:25:06,JD100,,3.973,DIGITOVER,4,0.5207,0.0170,0.35,109,3620719639,lost,-0.35,1
12:25:08,JD100,,3.975,DIGITUNDER,5,0.5207,0.0170,0.35,184,3620721959,won,0.29,1
12:25:10,JD100,,3.975,DIGITUNDER,5,0.5217,0.0189,0.35,101,3620723739,won,0.29,1
12:25:12,JD100,,3.978,DIGITUNDER,5,0.5244,0.0241,0.35,119,3620725139,lost,-0.35,1
12:25:15,JD100,,3.978,DIGITUNDER,5,0.5208,0.0171,0.35,126,3620729279,lost,-0.35,1
12:25:17,JD100,,3.975,DIGITOVER,4,0.5217,0.0189,0.35,206,3620734599,won,0.29,1
12:25:19,JD100,,3.975,DIGITUNDER,5,0.5243,0.0241,0.35,114,3620739999,lost,-0.35,1
12:25:21,JD100,,3.976,DIGITOVER,4,0.5207,0.0170,0.35,109,3620742939,won,0.29,1
12:25:23,JD100,,3.972,DIGITOVER,4,0.5243,0.0240,0.35,121,3620745479,won,0.29,1
12:25:25,JD100,,3.972,DIGITOVER,4,0.5243,0.0240,0.35,118,3620746779,won,0.29,1
12:25:27,JD100,,3.971,DIGITOVER,4,0.5243,0.0240,0.35,91,3620748199,lost,-0.35,1
12:25:29,JD100,,3.975,DIGITOVER,4,0.5207,0.0170,0.35,119,3620756479,lost,-0.35,1
12:25:31,JD100,,3.976,DIGITOVER,4,0.5218,0.0192,0.35,107,3620758839,lost,-0.35,1
12:25:33,JD100,,3.976,DIGITOVER,4,0.5207,0.0170,0.35,118,3620762099,won,0.29,1
12:25:35,JD100,,3.975,DIGITOVER,4,0.5244,0.0241,0.35,106,3620764579,won,0.29,1
12:25:37,JD100,,3.978,DIGITUNDER,5,0.5207,0.0170,0.35,101,3620773299,lost,-0.35,1
12:25:39,JD100,,3.980,DIGITOVER,4,0.5207,0.0169,0.35,95,3620775359,won,0.29,1
12:25:41,JD100,,3.980,DIGITOVER,4,0.5218,0.0190,0.35,104,3620776279,lost,-0.35,1
12:25:43,JD100,,3.980,DIGITOVER,4,0.5207,0.0170,0.35,145,3620778599,lost,-0.35,1
12:25:45,JD100,,3.980,DIGITUNDER,5,0.5243,0.0240,0.35,113,3620780199,lost,-0.35,1
12:25:48,JD100,,3.977,DIGITUNDER,5,0.5217,0.0189,0.35,115,3620782819,lost,-0.35,1
12:25:50,JD100,,3.977,DIGITOVER,4,0.5217,0.0189,0.35,118,3620785479,won,0.29,1
12:25:52,JD100,,3.971,DIGITOVER,4,0.5217,0.0189,0.35,140,3620786499,won,0.29,1
12:25:54,JD100,,3.972,DIGITUNDER,5,0.5217,0.0189,0.35,149,3620791359,lost,-0.35,1
12:25:56,JD100,,3.968,DIGITOVER,4,0.5207,0.0170,0.35,117,3620792539,won,0.29,1
12:25:58,JD100,,3.972,DIGITUNDER,5,0.5243,0.0239,0.35,121,3620796039,won,0.29,1
12:26:00,JD100,,3.972,DIGITUNDER,5,0.5207,0.0170,0.35,199,3620801219,won,0.29,1
12:26:02,JD100,,3.969,DIGITUNDER,5,0.5243,0.0240,0.35,123,3620802719,lost,-0.35,1
12:26:04,JD100,,3.968,DIGITOVER,4,0.5217,0.0189,0.35,145,3620803959,won,0.29,1
12:26:06,JD100,,3.972,DIGITOVER,4,0.5207,0.0170,0.35,95,3620805759,lost,-0.35,1
12:26:08,JD100,,3.974,DIGITUNDER,5,0.5207,0.0169,0.35,121,3620807999,won,0.29,1
12:26:10,JD100,,3.974,DIGITUNDER,5,0.5207,0.0170,0.35,138,3620809479,lost,-0.35,1
12:26:12,JD100,,3.969,DIGITOVER,4,0.5207,0.0169,0.35,114,3620812079,lost,-0.35,1
12:26:14,JD100,,3.970,DIGITUNDER,5,0.5243,0.0240,0.35,135,3620813499,lost,-0.35,1
12:26:17,JD100,,3.971,DIGITOVER,4,0.5217,0.0189,0.35,122,3620815479,won,0.29,1
12:26:19,JD100,,3.971,DIGITOVER,4,0.5243,0.0240,0.35,103,3620816499,lost,-0.35,1
12:26:21,JD100,,3.972,DIGITUNDER,5,0.5243,0.0240,0.35,108,3620818899,won,0.29,1
12:26:23,JD100,,3.977,DIGITUNDER,5,0.5207,0.0169,0.35,99,3620820859,lost,-0.35,1
12:26:25,JD100,,3.974,DIGITOVER,4,0.5218,0.0190,0.35,115,3620823239,won,0.29,1
12:26:27,JD100,,3.971,DIGITOVER,4,0.5218,0.0191,0.35,113,3620827779,lost,-0.35,1
12:26:29,JD100,,3.974,DIGITUNDER,5,0.5207,0.0169,0.35,129,3620829439,won,0.29,1
12:26:31,JD100,,3.972,DIGITUNDER,5,0.5244,0.0241,0.35,127,3620833999,won,0.29,1
12:26:33,JD100,,3.977,DIGITUNDER,5,0.5218,0.0191,0.35,101,3620835099,lost,-0.35,1
12:26:35,JD100,,3.977,DIGITOVER,4,0.5218,0.0191,0.35,106,3620836759,won,0.29,1
12:26:37,JD100,,3.982,DIGITOVER,4,0.5244,0.0241,0.35,103,3620837719,lost,-0.35,1
12:26:39,JD100,,3.981,DIGITOVER,4,0.5207,0.0170,0.35,123,3620842239,won,0.29,1
12:26:41,JD100,,3.984,DIGITOVER,4,0.5207,0.0170,0.35,136,3620847239,won,0.29,1
12:26:43,JD100,,3.980,DIGITUNDER,5,0.5243,0.0240,0.35,158,3620851819,lost,-0.35,1
12:26:45,JD100,,3.981,DIGITOVER,4,0.5243,0.0240,0.35,105,3620853319,lost,-0.35,1
12:26:47,JD100,,3.983,DIGITUNDER,5,0.5243,0.0240,0.35,111,3620855439,lost,-0.35,1
12:26:49,JD100,,3.991,DIGITUNDER,5,0.5207,0.0169,0.35,111,3620859699,won,0.29,1
12:26:52,JD100,,3.990,DIGITUNDER,5,0.5243,0.0240,0.35,113,3620862539,lost,-0.35,1
12:26:54,JD100,,3.992,DIGITOVER,4,0.5243,0.0240,0.35,127,3620863719,lost,-0.35,1
12:26:56,JD100,,3.994,DIGITUNDER,5,0.5218,0.0190,0.35,106,3620864739,lost,-0.35,1
12:26:58,JD100,,3.993,DIGITOVER,4,0.5207,0.0170,0.35,117,3620869179,won,0.29,1
12:27:00,JD100,,3.992,DIGITUNDER,5,0.5207,0.0170,0.35,105,3620871279,won,0.29,1
12:27:02,JD100,,3.990,DIGITOVER,4,0.5218,0.0190,0.35,136,3620874119,won,0.29,1
12:27:04,JD100,,3.995,DIGITOVER,4,0.5207,0.0170,0.35,128,3620875159,won,0.29,1
12:27:06,JD100,,3.995,DIGITOVER,4,0.5218,0.0190,0.35,130,3620876679,won,0.29,1
12:27:08,JD100,,3.995,DIGITOVER,4,0.5218,0.0190,0.35,112,3620877839,lost,-0.35,1
12:27:11,JD100,,3.997,DIGITOVER,4,0.5244,0.0241,0.35,133,3620883039,lost,-0.35,1
12:27:13,JD100,,3.996,DIGITOVER,4,0.5208,0.0170,0.35,122,3620885899,lost,-0.35,1
12:27:15,JD100,,3.994,DIGITUNDER,5,0.5217,0.0190,0.35,109,3620887459,lost,-0.35,1
12:27:17,JD100,,3.995,DIGITOVER,4,0.5217,0.0189,0.35,148,3620888759,won,0.29,1
12:27:19,JD100,,4.001,DIGITOVER,4,0.5217,0.0189,0.35,107,3620890159,lost,-0.35,1
12:27:21,JD100,,4.004,DIGITUNDER,5,0.5217,0.0189,0.35,116,3620893119,won,0.29,1
12:27:23,JD100,,4.004,DIGITUNDER,5,0.5243,0.0241,0.35,146,3620894399,lost,-0.35,1
12:27:25,JD100,,4.006,DIGITOVER,4,0.5208,0.0170,0.35,98,3620895899,lost,-0.35,1
12:27:27,JD100,,4.008,DIGITUNDER,5,0.5208,0.0170,0.35,119,3620897239,lost,-0.35,1
12:27:29,JD100,,4.009,DIGITOVER,4,0.5243,0.0240,0.35,237,3620899119,won,0.29,1
12:27:31,JD100,,4.009,DIGITOVER,4,0.5243,0.0240,0.35,206,3620899999,lost,-0.35,1
12:27:33,JD100,,4.010,DIGITUNDER,5,0.5243,0.0240,0.35,134,3620901639,lost,-0.35,1
12:27:35,JD100,,4.011,DIGITUNDER,5,0.5217,0.0188,0.35,120,3620904119,lost,-0.35,1
12:27:37,JD100,,4.014,DIGITOVER,4,0.5243,0.0239,0.35,125,3620906799,won,0.29,1
12:27:39,JD100,,4.009,DIGITOVER,4,0.5243,0.0240,0.35,150,3620909559,lost,-0.35,1
12:27:41,JD100,,4.013,DIGITOVER,4,0.5207,0.0169,0.35,279,3620915799,won,0.29,1
12:27:43,JD100,,4.014,DIGITUNDER,5,0.5243,0.0240,0.35,130,3620918559,won,0.29,1
12:27:46,JD100,,4.014,DIGITUNDER,5,0.5207,0.0169,0.35,151,3620919719,lost,-0.35,1
12:27:48,JD100,,4.015,DIGITOVER,4,0.5207,0.0169,0.35,140,3620922999,won,0.29,1
12:27:50,JD100,,4.024,DIGITOVER,4,0.5217,0.0189,0.35,125,3620926019,won,0.29,1
12:27:52,JD100,,4.022,DIGITUNDER,5,0.5207,0.0170,0.35,118,3620929719,lost,-0.35,1
12:27:54,JD100,,4.023,DIGITOVER,4,0.5207,0.0170,0.35,102,3620930639,won,0.29,1
12:27:56,JD100,,4.023,DIGITOVER,3,0.6235,0.0189,0.35,121,3620931919,won,0.19,1
12:27:58,JD100,,4.022,DIGITOVER,4,0.5207,0.0170,0.35,103,3620934179,lost,-0.35,1
12:28:00,JD100,,4.026,DIGITUNDER,5,0.5217,0.0189,0.35,104,3620935559,won,0.29,1
12:28:02,JD100,,4.024,DIGITUNDER,5,0.5217,0.0190,0.35,674,3620939159,lost,-0.35,1
12:28:04,JD100,,4.023,DIGITUNDER,5,0.5207,0.0170,0.35,115,3620941259,won,0.29,1
12:28:06,JD100,,4.023,DIGITUNDER,5,0.5244,0.0241,0.35,102,3620942579,lost,-0.35,1
12:28:08,JD100,,4.019,DIGITOVER,4,0.5217,0.0189,0.35,122,3620946839,won,0.29,1
12:28:10,JD100,,4.019,DIGITOVER,4,0.5244,0.0241,0.35,137,3620948939,won,0.29,1
12:28:12,JD100,,4.019,DIGITOVER,4,0.5244,0.0241,0.35,137,3620950719,lost,-0.35,1
12:28:14,JD100,,4.020,DIGITUNDER,5,0.5243,0.0241,0.35,123,3620951819,won,0.29,1
12:28:16,JD100,,4.021,DIGITUNDER,5,0.5244,0.0241,0.35,118,3620956159,lost,-0.35,1
12:28:19,JD100,,4.021,DIGITOVER,3,0.6236,0.0189,0.35,113,3620957479,lost,-0.35,1
12:28:21,JD100,,4.024,DIGITUNDER,5,0.5208,0.0171,0.35,116,3620959059,won,0.29,1
12:28:23,JD100,,4.026,DIGITUNDER,5,0.5208,0.0172,0.35,111,3620962859,won,0.29,1
12:28:25,JD100,,4.026,DIGITUNDER,5,0.5244,0.0241,0.35,127,3620964219,won,0.29,1
12:28:27,JD100,,4.026,DIGITUNDER,5,0.5217,0.0189,0.35,146,3620965799,lost,-0.35,1
12:28:29,JD100,,4.027,DIGITOVER,3,0.6236,0.0189,0.35,126,3620967459,won,0.19,1
12:28:31,JD100,,4.026,DIGITOVER,4,0.5244,0.0241,0.35,186,3620968839,won,0.29,1
12:28:33,JD100,,4.024,DIGITOVER,3,0.6236,0.0190,0.35,115,3620972859,lost,-0.35,1
12:28:35,JD100,,4.025,DIGITUNDER,5,0.5244,0.0242,0.35,120,3620974099,won,0.29,1
12:28:37,JD100,,4.025,DIGITUNDER,5,0.5209,0.0173,0.35,128,3620975579,won,0.29,1
12:28:39,JD100,,4.025,DIGITUNDER,5,0.5209,0.0173,0.35,137,3620976939,won,0.29,1
12:28:41,JD100,,4.016,DIGITUNDER,5,0.5244,0.0242,0.35,114,3620978459,lost,-0.35,1
12:28:43,JD100,,4.009,DIGITOVER,3,0.6236,0.0190,0.35,100,3620980999,won,0.19,1
12:28:45,JD100,,4.009,DIGITOVER,4,0.5245,0.0243,0.35,121,3620982039,lost,-0.35,1
12:28:47,JD100,,4.010,DIGITUNDER,5,0.5244,0.0242,0.35,134,3620983679,lost,-0.35,1
12:28:50,JD100,,4.012,DIGITOVER,3,0.6236,0.0190,0.35,109,3620984899,lost,-0.35,1
12:28:52,JD100,,4.015,DIGITUNDER,5,0.5209,0.0173,0.35,135,3620986479,won,0.29,1
12:28:54,JD100,,4.008,DIGITUNDER,5,0.5217,0.0189,0.35,131,3620990199,lost,-0.35,1
12:28:56,JD100,,4.008,DIGITOVER,4,0.5244,0.0242,0.35,122,3620991979,lost,-0.35,1
12:28:58,JD100,,4.008,DIGITUNDER,5,0.5217,0.0189,0.35,135,3620995019,won,0.29,1
12:29:00,JD100,,4.013,DIGITOVER,4,0.5244,0.0241,0.35,117,3620997359,won,0.29,1
12:29:02,JD100,,4.011,DIGITOVER,3,0.6236,0.0190,0.35,127,3621003199,lost,-0.35,1
12:29:04,JD100,,4.006,DIGITOVER,4,0.5209,0.0174,0.35,129,3621007559,lost,-0.35,1
12:29:06,JD100,,4.006,DIGITOVER,4,0.5209,0.0174,0.35,129,3621009699,won,0.29,1
12:29:08,JD100,,4.006,DIGITOVER,4,0.5209,0.0174,0.35,150,3621010399,lost,-0.35,1
12:29:10,JD100,,4.006,DIGITOVER,4,0.5245,0.0243,0.35,133,3621012839,lost,-0.35,1
12:29:12,JD100,,4.009,DIGITOVER,4,0.5244,0.0242,0.35,192,3621016499,won,0.29,1
12:29:15,JD100,,4.008,DIGITOVER,4,0.5244,0.0242,0.35,305,3621019339,lost,-0.35,1
12:29:17,JD100,,4.006,DIGITUNDER,5,0.5244,0.0242,0.35,128,3621022199,won,0.29,1
12:29:19,JD100,,4.007,DIGITUNDER,5,0.5245,0.0243,0.35,128,3621025179,won,0.29,1
12:29:21,JD100,,4.007,DIGITOVER,4,0.5245,0.0243,0.35,120,3621029639,lost,-0.35,1
12:29:23,JD100,,4.006,DIGITUNDER,5,0.5217,0.0189,0.35,117,3621030679,won,0.29,1
12:29:25,JD100,,4.006,DIGITUNDER,5,0.5245,0.0243,0.35,140,3621034299,lost,-0.35,1
12:29:27,JD100,,4.008,DIGITOVER,4,0.5245,0.0243,0.35,153,3621035219,lost,-0.35,1
12:29:29,JD100,,4.006,DIGITUNDER,5,0.5244,0.0242,0.35,334,3621038479,won,0.29,1
12:29:31,JD100,,4.005,DIGITUNDER,5,0.5209,0.0173,0.35,129,3621039579,lost,-0.35,1
12:29:33,JD100,,4.007,DIGITUNDER,5,0.5244,0.0242,0.35,140,3621042859,lost,-0.35,1
12:29:35,JD100,,4.004,DIGITUNDER,5,0.5217,0.0189,0.35,113,3621046459,won,0.29,1
12:29:37,JD100,,3.995,DIGITUNDER,5,0.5244,0.0242,0.35,140,3621052679,lost,-0.35,1
12:29:39,JD100,,3.996,DIGITOVER,4,0.5209,0.0174,0.35,109,3621053939,lost,-0.35,1
12:29:41,JD100,,4.007,DIGITOVER,4,0.5209,0.0174,0.35,150,3621057439,lost,-0.35,1
12:29:43,JD100,,4.008,DIGITUNDER,5,0.5245,0.0243,0.35,331,3621060839,lost,-0.35,1
12:29:45,JD100,,4.009,DIGITOVER,4,0.5244,0.0242,0.35,138,3621061899,lost,-0.35,1
12:29:48,JD100,,4.009,DIGITUNDER,5,0.5217,0.0189,0.35,126,3621063219,lost,-0.35,1
12:29:50,JD100,,4.009,DIGITOVER,3,0.6235,0.0189,0.35,136,3621064119,lost,-0.35,1
12:29:52,JD100,,4.019,DIGITUNDER,5,0.5244,0.0242,0.35,147,3621067599,won,0.29,1
12:29:54,JD100,,4.019,DIGITUNDER,5,0.5244,0.0242,0.35,121,3621070199,won,0.29,1
12:29:56,JD100,,4.019,DIGITOVER,4,0.5209,0.0173,0.35,156,3621072899,won,0.29,1
12:29:58,JD100,,4.017,DIGITOVER,3,0.6236,0.0189,0.35,125,3621075979,won,0.19,1
12:30:00,JD100,,4.001,DIGITUNDER,5,0.5209,0.0174,0.35,111,3621079019,won,0.29,1
12:30:02,JD100,,4.001,DIGITUNDER,5,0.5217,0.0188,0.35,141,3621080639,lost,-0.35,1
12:30:04,JD100,,4.004,DIGITOVER,4,0.5245,0.0243,0.35,111,3621081839,won,0.29,1
12:30:07,JD100,,4.002,DIGITOVER,4,0.5245,0.0243,0.35,127,3621082779,won,0.29,1
12:30:09,JD100,,4.005,DIGITOVER,4,0.5209,0.0174,0.35,136,3621085039,won,0.29,1
12:30:11,JD100,,4.002,DIGITOVER,4,0.5210,0.0174,0.35,121,3621086559,lost,-0.35,1
12:30:13,JD100,,4.002,DIGITUNDER,5,0.5217,0.0189,0.35,300,3621089459,lost,-0.35,1
12:30:15,JD100,,4.002,DIGITOVER,4,0.5210,0.0174,0.35,103,3621090399,lost,-0.35,1
12:30:17,JD100,,4.002,DIGITUNDER,5,0.5217,0.0189,0.35,140,3621091379,lost,-0.35,1
12:30:19,JD100,,4.001,DIGITOVER,4,0.5245,0.0243,0.35,111,3621092859,lost,-0.35,1
12:30:21,JD100,,4.002,DIGITUNDER,5,0.5245,0.0243,0.35,132,3621093659,lost,-0.35,1
12:30:23,JD100,,4.003,DIGITOVER,3,0.6236,0.0189,0.35,127,3621095019,lost,-0.35,1
12:30:25,JD100,,4.002,DIGITUNDER,5,0.5209,0.0174,0.35,120,3621096159,lost,-0.35,1
12:30:27,JD100,,4.006,DIGITOVER,3,0.6236,0.0189,0.35,119,3621097179,won,0.19,1
12:30:29,JD100,,4.005,DIGITOVER,3,0.6236,0.0189,0.35,146,3621098159,won,0.19,1
12:30:31,JD100,,4.004,DIGITUNDER,5,0.5209,0.0174,0.35,108,3621104179,won,0.29,1
12:30:33,JD100,,4.002,DIGITUNDER,5,0.5217,0.0189,0.35,117,3621105059,won,0.29,1
12:30:36,JD100,,4.001,DIGITOVER,3,0.6236,0.0190,0.35,118,3621109339,lost,-0.35,1
12:30:38,JD100,,4.001,DIGITUNDER,5,0.5210,0.0174,0.35,130,3621110239,won,0.29,1
12:30:40,JD100,,3.996,DIGITUNDER,5,0.5210,0.0175,0.35,121,3621111799,lost,-0.35,1
12:30:42,JD100,,3.991,DIGITOVER,4,0.5210,0.0174,0.35,129,3621113059,won,0.29,1
12:30:44,JD100,,3.990,DIGITOVER,4,0.5245,0.0243,0.35,114,3621114319,lost,-0.35,1
12:30:46,JD100,,3.992,DIGITUNDER,5,0.5244,0.0242,0.35,131,3621115679,won,0.29,1
12:30:48,JD100,,3.990,DIGITOVER,4,0.5210,0.0175,0.35,121,3621117779,lost,-0.35,1
12:30:50,JD100,,3.990,DIGITUNDER,5,0.5210,0.0174,0.35,119,3621119059,lost,-0.35,1
12:30:52,JD100,,3.988,DIGITOVER,4,0.5244,0.0242,0.35,127,3621119879,won,0.29,1
12:30:54,JD100,,3.988,DIGITOVER,4,0.5210,0.0174,0.35,130,3621121519,won,0.29,1
12:30:56,JD100,,3.988,DIGITOVER,3,0.6236,0.0190,0.35,160,3621124519,won,0.19,1
12:30:58,JD100,,3.988,DIGITOVER,3,0.6236,0.0190,0.35,118,3621125179,won,0.19,1
12:31:00,JD100,,3.993,DIGITOVER,4,0.5245,0.0243,0.35,112,3621126739,lost,-0.35,1
12:31:02,JD100,,3.992,DIGITUNDER,5,0.5217,0.0189,0.35,131,3621127759,lost,-0.35,1
12:31:04,JD100,,3.994,DIGITUNDER,5,0.5210,0.0175,0.35,119,3621130259,won,0.29,1
12:31:06,JD100,,4.000,DIGITUNDER,5,0.5210,0.0175,0.35,128,3621131659,lost,-0.35,1
12:31:09,JD100,,4.001,DIGITOVER,3,0.6236,0.0190,0.35,339,3621134739,lost,-0.35,1
12:31:11,JD100,,3.998,DIGITOVER,3,0.6236,0.0190,0.35,131,3621137119,won,0.19,1
12:31:13,JD100,,3.994,DIGITOVER,4,0.5245,0.0243,0.35,145,3621139279,lost,-0.35,1
12:31:15,JD100,,3.995,DIGITUNDER,5,0.5244,0.0242,0.35,115,3621140499,lost,-0.35,1
12:31:17,JD100,,3.996,DIGITOVER,4,0.5209,0.0174,0.35,118,3621141519,won,0.29,1
12:31:19,JD100,,3.996,DIGITOVER,4,0.5210,0.0174,0.35,105,3621142599,won,0.29,1
12:31:21,JD100,,3.998,DIGITUNDER,5,0.5245,0.0243,0.35,161,3621148219,won,0.29,1
12:31:23,JD100,,3.992,DIGITUNDER,5,0.5210,0.0175,0.35,196,3621149699,lost,-0.35,1
12:31:25,JD100,,3.994,DIGITOVER,4,0.5210,0.0175,0.35,113,3621150939,lost,-0.35,1
12:31:27,JD100,,3.995,DIGITUNDER,5,0.5245,0.0243,0.35,139,3621151719,won,0.29,1
12:31:29,JD100,,3.993,DIGITUNDER,5,0.5210,0.0174,0.35,108,3621154519,won,0.29,1
12:31:31,JD100,,3.993,DIGITUNDER,5,0.5217,0.0189,0.35,123,3621156079,won,0.29,1
12:31:33,JD100,,3.989,DIGITUNDER,5,0.5217,0.0190,0.35,131,3621156959,lost,-0.35,1
12:31:35,JD100,,3.993,DIGITUNDER,5,0.5210,0.0175,0.35,120,3621164079,won,0.29,1
12:31:37,JD100,,4.000,DIGITUNDER,5,0.5210,0.0176,0.35,132,3621165299,lost,-0.35,1
12:31:40,JD100,,3.998,DIGITUNDER,5,0.5210,0.0176,0.35,103,3621168079,won,0.29,1
12:31:42,JD100,,4.002,DIGITUNDER,5,0.5217,0.0189,0.35,133,3621169219,lost,-0.35,1
12:31:44,JD100,,4.002,DIGITOVER,4,0.5246,0.0245,0.35,129,3621170439,won,0.29,1
12:31:46,JD100,,4.000,DIGITOVER,3,0.6237,0.0191,0.35,147,3621171419,lost,-0.35,1
12:31:48,JD100,,4.002,DIGITUNDER,5,0.5246,0.0245,0.35,133,3621172879,lost,-0.35,1
12:31:50,JD100,,4.006,DIGITUNDER,5,0.5217,0.0189,0.35,145,3621175979,lost,-0.35,1
12:31:52,JD100,,4.008,DIGITOVER,3,0.6237,0.0191,0.35,113,3621177459,won,0.19,1
12:31:54,JD100,,4.008,DIGITUNDER,5,0.5217,0.0189,0.35,119,3621179679,lost,-0.35,1
12:31:56,JD100,,4.012,DIGITUNDER,5,0.5217,0.0188,0.35,129,3621182599,won,0.29,1
12:31:58,JD100,,4.013,DIGITUNDER,5,0.5210,0.0175,0.35,110,3621183579,lost,-0.35,1
12:32:00,JD100,,4.024,DIGITOVER,3,0.6236,0.0190,0.35,108,3621185019,won,0.19,1
12:32:02,JD100,,4.024,DIGITOVER,3,0.6237,0.0190,0.35,107,3621186319,won,0.19,1
12:32:04,JD100,,4.024,DIGITUNDER,5,0.5217,0.0189,0.35,111,3621189939,lost,-0.35,1
12:32:06,JD100,,4.028,DIGITOVER,4,0.5246,0.0245,0.35,122,3621192379,lost,-0.35,1
12:32:08,JD100,,4.029,DIGITUNDER,5,0.5217,0.0188,0.35,119,3621193279,won,0.29,1
12:32:11,JD100,,4.027,DIGITUNDER,5,0.5246,0.0245,0.35,123,3621194599,lost,-0.35,1
12:32:13,JD100,,4.028,DIGITUNDER,5,0.5245,0.0244,0.35,124,3621196779,won,0.29,1
12:32:15,JD100,,4.032,DIGITOVER,4,0.5210,0.0175,0.35,158,3621199279,won,0.29,1
12:32:17,JD100,,4.032,DIGITOVER,3,0.6237,0.0191,0.35,106,3621200139,won,0.19,1
12:32:19,JD100,,4.031,DIGITOVER,3,0.6237,0.0191,0.35,113,3621204159,won,0.19,1
12:32:21,JD100,,4.031,DIGITOVER,4,0.5210,0.0175,0.35,138,3621205099,lost,-0.35,1
12:32:23,JD100,,4.033,DIGITUNDER,5,0.5246,0.0245,0.35,129,3621206379,won,0.29,1
12:32:25,JD100,,4.033,DIGITUNDER,5,0.5210,0.0175,0.35,140,3621208019,lost,-0.35,1
12:32:27,JD100,,4.034,DIGITOVER,3,0.6237,0.0191,0.35,105,3621209339,lost,-0.35,1
12:32:29,JD100,,4.035,DIGITUNDER,5,0.5217,0.0189,0.35,126,3621210179,won,0.29,1
12:32:31,JD100,,4.038,DIGITUNDER,5,0.5246,0.0245,0.35,153,3621212499,won,0.29,1
12:32:33,JD100,,4.036,DIGITUNDER,5,0.5210,0.0175,0.35,198,3621214119,lost,-0.35,1
12:32:35,JD100,,4.036,DIGITOVER,3,0.6237,0.0192,0.35,129,3621215239,won,0.19,1
12:32:37,JD100,,4.037,DIGITUNDER,5,0.5210,0.0174,0.35,135,3621217999,won,0.29,1
12:32:39,JD100,,4.035,DIGITUNDER,5,0.5210,0.0175,0.35,115,3621219439,won,0.29,1
12:32:41,JD100,,4.031,DIGITUNDER,5,0.5210,0.0175,0.35,126,3621223779,lost,-0.35,1
12:32:43,JD100,,4.027,DIGITUNDER,5,0.5211,0.0176,0.35,139,3621231019,lost,-0.35,1
12:32:46,JD100,,4.028,DIGITOVER,4,0.5246,0.0246,0.35,118,3621232159,won,0.29,1
12:32:48,JD100,,4.028,DIGITOVER,3,0.6238,0.0193,0.35,123,3621237139,won,0.19,1
12:32:50,JD100,,4.024,DIGITOVER,4,0.5211,0.0176,0.35,154,3621240319,lost,-0.35,1
12:32:52,JD100,,4.023,DIGITUNDER,5,0.5211,0.0176,0.35,130,3621242759,lost,-0.35,1
12:32:54,JD100,,4.026,DIGITOVER,4,0.5247,0.0247,0.35,132,3621244739,lost,-0.35,1
12:32:56,JD100,,4.028,DIGITUNDER,5,0.5247,0.0247,0.35,142,3621245979,won,0.29,1
12:32:58,JD100,,4.036,DIGITUNDER,5,0.5210,0.0176,0.35,106,3621247679,lost,-0.35,1
12:33:00,JD100,,4.037,DIGITOVER,4,0.5210,0.0176,0.35,133,3621248519,lost,-0.35,1
12:33:02,JD100,,4.039,DIGITOVER,3,0.6238,0.0193,0.35,122,3621252919,lost,-0.35,1
12:33:04,JD100,,4.043,DIGITUNDER,5,0.5210,0.0176,0.35,124,3621253739,lost,-0.35,1
12:33:06,JD100,,4.040,DIGITOVER,4,0.5247,0.0246,0.35,116,3621255539,won,0.29,1
12:33:08,JD100,,4.041,DIGITOVER,3,0.6238,0.0193,0.35,99,3621257639,won,0.19,1
12:33:11,JD100,,4.047,DIGITOVER,3,0.6238,0.0193,0.35,130,3621258739,won,0.19,1
12:33:13,JD100,,4.046,DIGITOVER,3,0.6238,0.0193,0.35,97,3621260079,lost,-0.35,1
12:33:15,JD100,,4.048,DIGITUNDER,5,0.5247,0.0247,0.35,166,3621261259,lost,-0.35,1
12:33:17,JD100,,4.039,DIGITOVER,3,0.6238,0.0192,0.35,144,3621266879,won,0.19,1
12:33:19,JD100,,4.038,DIGITOVER,4,0.5210,0.0176,0.35,121,3621268319,lost,-0.35,1
12:33:21,JD100,,4.040,DIGITUNDER,5,0.5247,0.0247,0.35,146,3621269339,lost,-0.35,1
12:33:23,JD100,,4.042,DIGITOVER,4,0.5210,0.0175,0.35,118,3621270959,lost,-0.35,1
12:33:25,JD100,,4.044,DIGITUNDER,5,0.5219,0.0192,0.35,138,3621271979,won,0.29,1
12:33:27,JD100,,4.044,DIGITUNDER,5,0.5210,0.0175,0.35,123,3621273499,lost,-0.35,1
12:33:29,JD100,,4.049,DIGITUNDER,5,0.5210,0.0175,0.35,137,3621277139,lost,-0.35,1
12:33:31,JD100,,4.051,DIGITUNDER,5,0.5219,0.0192,0.35,128,3621279299,won,0.29,1
12:33:33,JD100,,4.050,DIGITUNDER,5,0.5210,0.0175,0.35,136,3621283959,lost,-0.35,1
12:33:35,JD100,,4.051,DIGITUNDER,5,0.5247,0.0247,0.35,104,3621286599,lost,-0.35,1
12:33:37,JD100,,4.051,DIGITOVER,4,0.5209,0.0174,0.35,109,3621288779,lost,-0.35,1
12:33:40,JD100,,4.053,DIGITOVER,3,0.6238,0.0193,0.35,115,3621291879,lost,-0.35,1
12:33:42,JD100,,4.055,DIGITUNDER,5,0.5219,0.0192,0.35,115,3621296779,lost,-0.35,1
12:33:44,JD100,,4.058,DIGITOVER,4,0.5209,0.0174,0.35,143,3621297959,lost,-0.35,1
12:33:46,JD100,,4.059,DIGITUNDER,5,0.5209,0.0173,0.35,141,3621299299,lost,-0.35,1
12:33:48,JD100,,4.059,DIGITOVER,4,0.5246,0.0246,0.35,128,3621301059,lost,-0.35,1
12:33:50,JD100,,4.060,DIGITUNDER,5,0.5218,0.0191,0.35,171,3621302299,won,0.29,1
12:33:52,JD100,,4.064,DIGITOVER,4,0.5208,0.0172,0.35,121,3621307939,won,0.29,1
12:33:54,JD100,,4.063,DIGITOVER,4,0.5246,0.0245,0.35,135,3621309259,won,0.29,1
12:33:56,JD100,,4.062,DIGITOVER,4,0.5209,0.0172,0.35,108,3621311939,lost,-0.35,1
12:33:58,JD100,,4.055,DIGITUNDER,5,0.5218,0.0191,0.35,135,3621313379,lost,-0.35,1
12:34:00,JD100,,4.056,DIGITOVER,4,0.5218,0.0191,0.35,124,3621314219,lost,-0.35,1
12:34:02,JD100,,4.053,DIGITOVER,4,0.5208,0.0171,0.35,141,3621319859,lost,-0.35,1
12:34:04,JD100,,4.055,DIGITUNDER,5,0.5218,0.0191,0.35,134,3621321259,lost,-0.35,1
12:34:07,JD100,,4.053,DIGITOVER,4,0.5208,0.0171,0.35,127,3621325699,won,0.29,1
12:34:09,JD100,,4.051,DIGITOVER,3,0.6237,0.0191,0.35,116,3621327379,won,0.19,1
12:34:11,JD100,,4.051,DIGITUNDER,5,0.5218,0.0190,0.35,129,3621330019,lost,-0.35,1
12:34:13,JD100,,4.052,DIGITUNDER,5,0.5218,0.0190,0.35,133,3621333619,lost,-0.35,1
12:34:15,JD100,,4.053,DIGITOVER,3,0.6236,0.0190,0.35,110,3621334479,lost,-0.35,1
12:34:17,JD100,,4.056,DIGITUNDER,5,0.5245,0.0243,0.35,94,3621336259,lost,-0.35,1
12:34:19,JD100,,4.057,DIGITOVER,4,0.5245,0.0243,0.35,140,3621337319,won,0.29,1
12:34:21,JD100,,4.054,DIGITOVER,4,0.5208,0.0170,0.35,145,3621343199,lost,-0.35,1
12:34:23,JD100,,4.052,DIGITUNDER,5,0.5207,0.0170,0.35,127,3621344739,lost,-0.35,1
12:34:25,JD100,,4.047,DIGITOVER,4,0.5245,0.0243,0.35,118,3621346319,won,0.29,1
12:34:27,JD100,,4.046,DIGITOVER,4,0.5245,0.0243,0.35,147,3621348099,won,0.29,1
12:34:29,JD100,,4.050,DIGITUNDER,5,0.5217,0.0189,0.35,123,3621351859,lost,-0.35,1
12:34:31,JD100,,4.049,DIGITOVER,4,0.5245,0.0243,0.35,123,3621353099,lost,-0.35,1
12:34:33,JD100,,4.041,DIGITUNDER,5,0.5217,0.0189,0.35,135,3621355279,won,0.29,1
12:34:35,JD100,,4.037,DIGITUNDER,5,0.5217,0.0190,0.35,117,3621356979,won,0.29,1
12:34:38,JD100,,4.040,DIGITUNDER,5,0.5207,0.0170,0.35,131,3621359239,lost,-0.35,1
12:34:40,JD100,,4.043,DIGITOVER,4,0.5207,0.0169,0.35,126,3621361659,won,0.29,1
12:34:42,JD100,,4.043,DIGITOVER,4,0.5207,0.0169,0.35,127,3621362579,lost,-0.35,1
12:34:44,JD100,,4.044,DIGITUNDER,5,0.5207,0.0169,0.35,125,3621363879,won,0.29,1
12:34:46,JD100,,4.042,DIGITUNDER,5,0.5218,0.0190,0.35,139,3621365139,won,0.29,1
12:34:48,JD100,,4.042,DIGITOVER,4,0.5207,0.0169,0.35,109,3621369799,lost,-0.35,1
12:34:50,JD100,,4.041,DIGITUNDER,5,0.5245,0.0243,0.35,101,3621372119,lost,-0.35,1
12:34:52,JD100,,4.042,DIGITUNDER,5,0.5218,0.0190,0.35,135,3621374299,won,0.29,1
12:34:54,JD100,,4.039,DIGITUNDER,5,0.5206,0.0168,0.35,120,3621375639,won,0.29,1
12:34:56,JD100,,4.046,DIGITUNDER,5,0.5218,0.0190,0.35,110,3621380199,won,0.29,1
12:34:58,JD100,,4.045,DIGITUNDER,5,0.5245,0.0243,0.35,119,3621381279,lost,-0.35,1
12:35:00,JD100,,4.046,DIGITOVER,4,0.5245,0.0243,0.35,128,3621384079,lost,-0.35,1
12:35:02,JD100,,4.047,DIGITUNDER,5,0.5218,0.0191,0.35,171,3621386059,won,0.29,1
12:35:04,JD100,,4.046,DIGITUNDER,5,0.5245,0.0243,0.35,181,3621387539,lost,-0.35,1
12:35:07,JD100,,4.046,DIGITOVER,4,0.5206,0.0168,0.35,197,3621389079,won,0.29,1
12:35:09,JD100,,4.046,DIGITOVER,4,0.5218,0.0191,0.35,145,3621390079,lost,-0.35,1
12:35:11,JD100,,4.043,DIGITUNDER,5,0.5207,0.0168,0.35,136,3621392039,won,0.29,1
12:35:13,JD100,,4.055,DIGITOVER,4,0.5218,0.0190,0.35,170,3621393899,lost,-0.35,1
12:35:15,JD100,,4.056,DIGITUNDER,5,0.5244,0.0242,0.35,115,3621396199,won,0.29,1
12:35:17,JD100,,4.055,DIGITUNDER,5,0.5206,0.0168,0.35,137,3621397419,won,0.29,1
12:35:19,JD100,,4.055,DIGITUNDER,5,0.5207,0.0168,0.35,137,3621399079,won,0.29,1
12:35:21,JD100,,4.056,DIGITOVER,4,0.5207,0.0169,0.35,178,3621402619,won,0.29,1
12:35:23,JD100,,4.057,DIGITUNDER,5,0.5218,0.0190,0.35,217,3621409359,won,0.29,1
12:35:25,JD100,,4.057,DIGITUNDER,5,0.5206,0.0168,0.35,179,3621410339,won,0.29,1
12:35:27,JD100,,4.057,DIGITUNDER,5,0.5245,0.0243,0.35,176,3621411959,won,0.29,1
12:35:29,JD100,,4.057,DIGITUNDER,5,0.5207,0.0168,0.35,392,3621412619,lost,-0.35,1
12:35:31,JD100,,4.058,DIGITOVER,4,0.5206,0.0168,0.35,183,3621413899,lost,-0.35,1
12:35:33,JD100,,4.058,DIGITUNDER,5,0.5245,0.0243,0.35,197,3621415439,lost,-0.35,1
12:35:35,JD100,,4.064,DIGITUNDER,5,0.5244,0.0242,0.35,178,3621418479,lost,-0.35,1
12:35:37,JD100,,4.057,DIGITOVER,4,0.5218,0.0190,0.35,218,3621420579,won,0.29,1
12:35:40,JD100,,4.057,DIGITUNDER,5,0.5207,0.0168,0.35,169,3621422779,won,0.29,1
12:35:42,JD100,,4.058,DIGITOVER,4,0.5245,0.0243,0.35,191,3621426919,won,0.29,1
12:35:44,JD100,,4.058,DIGITOVER,4,0.5245,0.0243,0.35,175,3621428079,won,0.29,1
12:35:46,JD100,,4.058,DIGITUNDER,5,0.5218,0.0191,0.35,193,3621430499,lost,-0.35,1
12:35:48,JD100,,4.053,DIGITOVER,4,0.5218,0.0191,0.35,172,3621434599,won,0.29,1
12:35:50,JD100,,4.053,DIGITOVER,4,0.5245,0.0243,0.35,204,3621435919,won,0.29,1
12:35:52,JD100,,4.049,DIGITOVER,4,0.5245,0.0243,0.35,476,3621437439,lost,-0.35,1
12:35:54,JD100,,4.050,DIGITUNDER,5,0.5218,0.0191,0.35,185,3621441579,lost,-0.35,1
12:35:56,JD100,,4.052,DIGITUNDER,5,0.5218,0.0191,0.35,196,3621443859,won,0.29,1
12:35:58,JD100,,4.049,DIGITUNDER,5,0.5218,0.0191,0.35,191,3621445219,lost,-0.35,1
12:36:00,JD100,,4.050,DIGITOVER,4,0.5218,0.0191,0.35,172,3621448099,lost,-0.35,1
12:36:02,JD100,,4.046,DIGITOVER,4,0.5218,0.0191,0.35,192,3621450739,won,0.29,1
12:36:05,JD100,,4.045,DIGITOVER,4,0.5245,0.0243,0.35,216,3621452219,lost,-0.35,1
12:36:07,JD100,,4.047,DIGITUNDER,5,0.5206,0.0167,0.35,167,3621453519,won,0.29,1
12:36:09,JD100,,4.051,DIGITUNDER,5,0.5218,0.0190,0.35,177,3621454739,won,0.29,1
12:36:11,JD100,,4.051,DIGITUNDER,5,0.5218,0.0191,0.35,170,3621455599,won,0.29,1
12:36:13,JD100,,4.050,DIGITUNDER,5,0.5206,0.0168,0.35,190,3621457919,won,0.29,1
12:36:15,JD100,,4.049,DIGITUNDER,5,0.5206,0.0168,0.35,185,3621460119,won,0.29,1
12:36:17,JD100,,4.047,DIGITOVER,4,0.5244,0.0242,0.35,221,3621464899,lost,-0.35,1
12:36:19,JD100,,4.038,DIGITUNDER,5,0.5245,0.0243,0.35,177,3621474239,won,0.29,1
12:36:21,JD100,,4.039,DIGITOVER,4,0.5245,0.0243,0.35,220,3621477899,won,0.29,1
12:36:23,JD100,,4.038,DIGITUNDER,5,0.5207,0.0169,0.35,197,3621480819,won,0.29,1
12:36:25,JD100,,4.036,DIGITUNDER,5,0.5218,0.0191,0.35,170,3621481719,won,0.29,1
12:36:27,JD100,,4.043,DIGITUNDER,5,0.5207,0.0170,0.35,166,3621484979,won,0.29,1
12:36:29,JD100,,4.039,DIGITUNDER,5,0.5218,0.0191,0.35,207,3621486839,won,0.29,1
12:36:31,JD100,,4.039,DIGITUNDER,5,0.5245,0.0244,0.35,209,3621488259,won,0.29,1
12:36:33,JD100,,4.037,DIGITUNDER,5,0.5245,0.0244,0.35,247,3621489899,won,0.29,1
12:36:35,JD100,,4.037,DIGITUNDER,5,0.5246,0.0245,0.35,149,3621493539,won,0.29,1
12:36:37,JD100,,4.037,DIGITUNDER,5,0.5208,0.0171,0.35,629,3621498519,lost,-0.35,1
12:36:40,JD100,,4.035,DIGITOVER,4,0.5246,0.0245,0.35,163,3621500739,won,0.29,1
12:36:42,JD100,,4.032,DIGITOVER,4,0.5246,0.0245,0.35,176,3621501919,lost,-0.35,1
12:36:44,JD100,,4.033,DIGITOVER,4,0.5208,0.0171,0.35,154,3621504279,won,0.29,1
12:36:46,JD100,,4.033,DIGITOVER,4,0.5246,0.0245,0.35,186,3621505459,won,0.29,1
12:36:48,JD100,,4.031,DIGITUNDER,5,0.5208,0.0171,0.35,165,3621509759,lost,-0.35,1
12:36:50,JD100,,4.034,DIGITOVER,3,0.6238,0.0192,0.35,179,3621510899,lost,-0.35,1
12:36:52,JD100,,4.036,DIGITUNDER,5,0.5245,0.0244,0.35,163,3621512479,won,0.29,1
12:36:54,JD100,,4.035,DIGITUNDER,5,0.5208,0.0170,0.35,127,3621515619,lost,-0.35,1
12:36:56,JD100,,4.027,DIGITUNDER,5,0.5207,0.0170,0.35,103,3621519079,won,0.29,1
12:36:58,JD100,,4.027,DIGITUNDER,5,0.5207,0.0170,0.35,135,3621520479,won,0.29,1
12:37:00,JD100,,4.027,DIGITUNDER,5,0.5208,0.0170,0.35,131,3621521499,lost,-0.35,1
12:37:02,JD100,,4.027,DIGITOVER,3,0.6238,0.0193,0.35,119,3621522859,won,0.19,1
12:37:04,JD100,,4.032,DIGITOVER,4,0.5245,0.0244,0.35,114,3621525159,won,0.29,1
12:37:06,JD100,,4.032,DIGITOVER,4,0.5208,0.0170,0.35,210,3621528939,won,0.29,1
12:37:09,JD100,,4.033,DIGITOVER,3,0.6238,0.0193,0.35,148,3621532859,won,0.19,1
12:37:11,JD100,,4.033,DIGITOVER,3,0.6238,0.0193,0.35,115,3621534199,won,0.19,1
12:37:13,JD100,,4.033,DIGITOVER,4,0.5246,0.0245,0.35,104,3621535699,won,0.29,1
12:37:15,JD100,,4.027,DIGITOVER,4,0.5208,0.0172,0.35,97,3621536879,won,0.29,1
12:37:17,JD100,,4.027,DIGITOVER,4,0.5246,0.0245,0.35,105,3621538279,lost,-0.35,1
12:37:19,JD100,,4.025,DIGITUNDER,5,0.5208,0.0171,0.35,136,3621540659,won,0.29,1
12:37:21,JD100,,4.024,DIGITUNDER,5,0.5246,0.0245,0.35,116,3621543239,won,0.29,1
12:37:23,JD100,,4.023,DIGITUNDER,5,0.5246,0.0246,0.35,117,3621547739,lost,-0.35,1
12:37:25,JD100,,4.019,DIGITOVER,4,0.5246,0.0246,0.35,132,3621550959,won,0.29,1
12:37:27,JD100,,4.019,DIGITOVER,4,0.5246,0.0246,0.35,140,3621553419,lost,-0.35,1
12:37:29,JD100,,4.020,DIGITUNDER,5,0.5219,0.0193,0.35,147,3621554859,lost,-0.35,1
12:37:31,JD100,,4.025,DIGITUNDER,5,0.5219,0.0193,0.35,112,3621557199,won,0.29,1
12:37:33,JD100,,4.025,DIGITUNDER,5,0.5219,0.0193,0.35,126,3621558759,lost,-0.35,1
12:37:35,JD100,,4.027,DIGITOVER,4,0.5246,0.0246,0.35,115,3621560219,lost,-0.35,1
12:37:37,JD100,,4.029,DIGITUNDER,5,0.5246,0.0246,0.35,113,3621561699,lost,-0.35,1
12:37:40,JD100,,4.030,DIGITOVER,4,0.5208,0.0171,0.35,109,3621562539,won,0.29,1
12:37:42,JD100,,4.030,DIGITOVER,4,0.5246,0.0246,0.35,92,3621563779,won,0.29,1
12:37:44,JD100,,4.031,DIGITOVER,3,0.6239,0.0194,0.35,101,3621566119,won,0.19,1
12:37:46,JD100,,4.031,DIGITOVER,4,0.5246,0.0246,0.35,123,3621567379,lost,-0.35,1
12:37:48,JD100,,4.031,DIGITUNDER,5,0.5219,0.0193,0.35,139,3621568699,lost,-0.35,1
12:37:50,JD100,,4.033,DIGITOVER,3,0.6239,0.0194,0.35,162,3621569659,won,0.19,1
12:37:52,JD100,,4.033,DIGITOVER,4,0.5246,0.0246,0.35,134,3621571239,lost,-0.35,1
12:37:54,JD100,,4.033,DIGITUNDER,5,0.5219,0.0192,0.35,164,3621572239,won,0.29,1
12:37:56,JD100,,4.031,DIGITUNDER,5,0.5219,0.0193,0.35,122,3621573459,won,0.29,1
12:37:58,JD100,,4.031,DIGITUNDER,5,0.5246,0.0246,0.35,117,3621574839,won,0.29,1
12:38:00,JD100,,4.029,DIGITUNDER,5,0.5219,0.0193,0.35,113,3621576319,lost,-0.35,1
12:38:02,JD100,,4.031,DIGITOVER,3,0.6239,0.0194,0.35,126,3621583519,lost,-0.35,1
12:38:05,JD100,,4.029,DIGITOVER,4,0.5246,0.0245,0.35,133,3621588019,won,0.29,1
12:38:07,JD100,,4.024,DIGITOVER,4,0.5246,0.0246,0.35,122,3621588999,won,0.29,1
12:38:09,JD100,,4.028,DIGITUNDER,5,0.5246,0.0246,0.35,114,3621591839,won,0.29,1
12:38:11,JD100,,4.028,DIGITOVER,4,0.5246,0.0246,0.35,126,3621597879,won,0.29,1
12:38:13,JD100,,4.028,DIGITOVER,4,0.5209,0.0172,0.35,112,3621598979,won,0.29,1
12:38:15,JD100,,4.028,DIGITOVER,4,0.5247,0.0247,0.35,115,3621600539,won,0.29,1
12:38:17,JD100,,4.034,DIGITOVER,4,0.5209,0.0173,0.35,164,3621601699,won,0.29,1
12:38:19,JD100,,4.032,DIGITOVER,3,0.6239,0.0195,0.35,121,3621603199,won,0.19,1
12:38:21,JD100,,4.027,DIGITOVER,4,0.5209,0.0173,0.35,128,3621605579,lost,-0.35,1
12:38:23,JD100,,4.019,DIGITUNDER,5,0.5219,0.0192,0.35,159,3621609439,won,0.29,1
12:38:25,JD100,,4.025,DIGITUNDER,5,0.5247,0.0247,0.35,92,3621615139,won,0.29,1
12:38:27,JD100,,4.025,DIGITUNDER,5,0.5219,0.0193,0.35,128,3621615859,won,0.29,1
12:38:29,JD100,,4.020,DIGITUNDER,5,0.5209,0.0173,0.35,141,3621617099,won,0.29,1
12:38:31,JD100,,4.020,DIGITUNDER,5,0.5219,0.0193,0.35,119,3621618079,won,0.29,1
12:38:33,JD100,,4.025,DIGITUNDER,5,0.5247,0.0248,0.35,100,3621619699,lost,-0.35,1
12:38:36,JD100,,4.027,DIGITOVER,4,0.5247,0.0248,0.35,138,3621620719,won,0.29,1
12:38:38,JD100,,4.022,DIGITOVER,4,0.5247,0.0248,0.35,180,3621622299,won,0.29,1
12:38:40,JD100,,4.023,DIGITOVER,3,0.6240,0.0196,0.35,106,3621624479,won,0.19,1
12:38:42,JD100,,4.023,DIGITOVER,4,0.5248,0.0248,0.35,153,3621627639,lost,-0.35,1
12:38:44,JD100,,4.024,DIGITUNDER,5,0.5219,0.0193,0.35,188,3621631079,won,0.29,1
12:38:46,JD100,,4.026,DIGITUNDER,5,0.5209,0.0174,0.35,107,3621634159,lost,-0.35,1
12:38:48,JD100,,4.032,DIGITOVER,4,0.5247,0.0248,0.35,162,3621636659,won,0.29,1
12:38:50,JD100,,4.032,DIGITOVER,4,0.5209,0.0174,0.35,131,3621639079,won,0.29,1
12:38:52,JD100,,4.027,DIGITOVER,4,0.5210,0.0174,0.35,115,3621641579,lost,-0.35,1
12:38:54,JD100,,4.026,DIGITUNDER,5,0.5247,0.0248,0.35,122,3621642859,lost,-0.35,1
12:38:56,JD100,,4.029,DIGITOVER,4,0.5209,0.0174,0.35,139,3621644019,lost,-0.35,1
12:38:58,JD100,,4.029,DIGITUNDER,5,0.5247,0.0248,0.35,424,3621646939,lost,-0.35,1
12:39:00,JD100,,4.030,DIGITOVER,4,0.5247,0.0248,0.35,146,3621648619,won,0.29,1
12:39:02,JD100,,4.030,DIGITOVER,3,0.6240,0.0196,0.35,123,3621650179,won,0.19,1
12:39:04,JD100,,4.034,DIGITUNDER,5,0.5247,0.0248,0.35,139,3621652739,won,0.29,1
12:39:06,JD100,,4.033,DIGITUNDER,5,0.5219,0.0192,0.35,110,3621654259,won,0.29,1
12:39:09,JD100,,4.028,DIGITUNDER,5,0.5248,0.0249,0.35,133,3621655099,won,0.29,1
12:39:11,JD100,,4.037,DIGITUNDER,5,0.5248,0.0249,0.35,131,3621658339,won,0.29,1
12:39:13,JD100,,4.032,DIGITUNDER,5,0.5248,0.0249,0.35,102,3621660899,won,0.29,1
12:39:15,JD100,,4.032,DIGITUNDER,5,0.5219,0.0193,0.35,121,3621661999,lost,-0.35,1
12:39:17,JD100,,4.034,DIGITOVER,3,0.6240,0.0197,0.35,127,3621663379,lost,-0.35,1
12:39:19,JD100,,4.036,DIGITUNDER,5,0.5219,0.0193,0.35,115,3621664519,lost,-0.35,1
12:39:21,JD100,,4.036,DIGITOVER,4,0.5210,0.0175,0.35,138,3621666279,lost,-0.35,1
12:39:23,JD100,,4.026,DIGITOVER,4,0.5209,0.0174,0.35,283,3621668319,lost,-0.35,1
12:39:25,JD100,,4.029,DIGITOVER,3,0.6240,0.0196,0.35,112,3621670819,lost,-0.35,1
12:39:27,JD100,,4.032,DIGITOVER,4,0.5209,0.0174,0.35,123,3621674059,won,0.29,1
12:39:29,JD100,,4.032,DIGITOVER,4,0.5248,0.0249,0.35,104,3621675019,lost,-0.35,1
12:39:31,JD100,,4.031,DIGITUNDER,5,0.5209,0.0174,0.35,120,3621676079,won,0.29,1
12:39:33,JD100,,4.029,DIGITOVER,4,0.5247,0.0248,0.35,129,3621678739,won,0.29,1
12:39:35,JD100,,4.029,DIGITOVER,4,0.5248,0.0249,0.35,131,3621680219,lost,-0.35,1
12:39:37,JD100,,4.030,DIGITUNDER,5,0.5247,0.0248,0.35,122,3621682079,won,0.29,1
12:39:40,JD100,,4.030,DIGITUNDER,5,0.5209,0.0174,0.35,113,3621684279,lost,-0.35,1
12:39:42,JD100,,4.029,DIGITOVER,3,0.6240,0.0196,0.35,108,3621686059,won,0.19,1
12:39:44,JD100,,4.028,DIGITUNDER,5,0.5209,0.0174,0.35,133,3621688879,lost,-0.35,1
12:39:46,JD100,,4.026,DIGITOVER,4,0.5248,0.0248,0.35,118,3621690099,lost,-0.35,1
12:39:48,JD100,,4.027,DIGITUNDER,5,0.5218,0.0192,0.35,122,3621691519,lost,-0.35,1
12:39:50,JD100,,4.028,DIGITUNDER,5,0.5209,0.0173,0.35,184,3621697759,lost,-0.35,1
12:39:52,JD100,,4.027,DIGITOVER,4,0.5209,0.0173,0.35,134,3621701239,won,0.29,1
12:39:54,JD100,,4.025,DIGITUNDER,5,0.5209,0.0174,0.35,120,3621703779,lost,-0.35,1
12:39:56,JD100,,4.021,DIGITOVER,3,0.6240,0.0196,0.35,127,3621705299,won,0.19,1
12:39:58,JD100,,4.021,DIGITOVER,4,0.5209,0.0173,0.35,103,3621707499,won,0.29,1
12:40:00,JD100,,4.018,DIGITUNDER,5,0.5218,0.0191,0.35,121,3621714279,won,0.29,1
12:40:02,JD100,,4.019,DIGITUNDER,5,0.5247,0.0248,0.35,128,3621715219,lost,-0.35,1
12:40:04,JD100,,4.017,DIGITOVER,4,0.5247,0.0248,0.35,155,3621718599,lost,-0.35,1
12:40:06,JD100,,4.016,DIGITUNDER,5,0.5209,0.0174,0.35,197,3621724219,won,0.29,1
12:40:08,JD100,,4.014,DIGITUNDER,5,0.5247,0.0248,0.35,139,3621725659,lost,-0.35,1
12:40:10,JD100,,4.013,DIGITOVER,4,0.5209,0.0174,0.35,170,3621727039,lost,-0.35,1
12:40:13,JD100,,4.009,DIGITOVER,4,0.5247,0.0248,0.35,114,3621731219,lost,-0.35,1
12:40:15,JD100,,4.009,DIGITUNDER,5,0.5247,0.0248,0.35,525,3621734999,lost,-0.35,1
12:40:17,JD100,,4.011,DIGITOVER,4,0.5209,0.0173,0.35,123,3621735839,won,0.29,1
12:40:19,JD100,,4.011,DIGITOVER,4,0.5247,0.0248,0.35,123,3621737279,won,0.29,1
12:40:21,JD100,,4.011,DIGITUNDER,5,0.5218,0.0192,0.35,133,3621741219,won,0.29,1
12:40:23,JD100,,4.014,DIGITOVER,3,0.6239,0.0195,0.35,150,3621747599,won,0.19,1
12:40:25,JD100,,4.010,DIGITOVER,4,0.5247,0.0248,0.35,118,3621751259,won,0.29,1
12:40:27,JD100,,4.008,DIGITOVER,3,0.6239,0.0195,0.35,116,3621753279,won,0.19,1
12:40:29,JD100,,4.009,DIGITOVER,4,0.5247,0.0248,0.35,134,3621755999,won,0.29,1
12:40:31,JD100,,4.015,DIGITOVER,4,0.5210,0.0175,0.35,102,3621757299,won,0.29,1
12:40:33,JD100,,4.012,DIGITOVER,4,0.5210,0.0175,0.35,188,3621760779,lost,-0.35,1
12:40:35,JD100,,4.014,DIGITUNDER,5,0.5210,0.0175,0.35,129,3621761619,won,0.29,1
12:40:37,JD100,,4.009,DIGITUNDER,5,0.5247,0.0248,0.35,132,3621764499,won,0.29,1
12:40:39,JD100,,4.012,DIGITOVER,4,0.5247,0.0248,0.35,99,3621766559,lost,-0.35,1
12:40:41,JD100,,4.014,DIGITOVER,3,0.6240,0.0196,0.35,193,3621771639,won,0.19,1
12:40:43,JD100,,4.013,DIGITOVER,4,0.5209,0.0174,0.35,143,3621772559,lost,-0.35,1
12:40:45,JD100,,4.014,DIGITUNDER,5,0.5247,0.0248,0.35,125,3621773879,won,0.29,1
12:40:48,JD100,,4.015,DIGITUNDER,5,0.5248,0.0248,0.35,134,3621776879,lost,-0.35,1
12:40:50,JD100,,4.016,DIGITUNDER,5,0.5209,0.0174,0.35,124,3621779039,lost,-0.35,1
12:40:52,JD100,,4.018,DIGITOVER,4,0.5247,0.0248,0.35,163,3621780119,lost,-0.35,1
12:40:54,JD100,,4.019,DIGITUNDER,5,0.5209,0.0173,0.35,123,3621781399,lost,-0.35,1
12:40:56,JD100,,4.020,DIGITOVER,4,0.5209,0.0173,0.35,153,3621783219,won,0.29,1
12:40:58,JD100,,4.019,DIGITOVER,3,0.6240,0.0196,0.35,120,3621784399,lost,-0.35,1
12:41:00,JD100,,4.019,DIGITUNDER,5,0.5209,0.0174,0.35,139,3621785899,lost,-0.35,1
12:41:02,JD100,,4.021,DIGITUNDER,5,0.5209,0.0173,0.35,172,3621790159,lost,-0.35,1
12:41:04,JD100,,4.022,DIGITOVER,4,0.5209,0.0173,0.35,102,3621791659,won,0.29,1
12:41:07,JD100,,4.017,DIGITOVER,4,0.5209,0.0173,0.35,185,3621792919,lost,-0.35,1
12:41:09,JD100,,4.016,DIGITUNDER,5,0.5218,0.0192,0.35,138,3621793839,won,0.29,1
12:41:11,JD100,,4.016,DIGITUNDER,5,0.5247,0.0247,0.35,123,3621795279,lost,-0.35,1
12:41:13,JD100,,4.016,DIGITOVER,4,0.5209,0.0173,0.35,112,3621796419,won,0.29,1
12:41:15,JD100,,4.022,DIGITOVER,4,0.5247,0.0247,0.35,93,3621800159,won,0.29,1
12:41:17,JD100,,4.024,DIGITOVER,4,0.5209,0.0173,0.35,133,3621804599,lost,-0.35,1
12:41:19,JD100,,4.025,DIGITUNDER,5,0.5247,0.0247,0.35,117,3621805919,lost,-0.35,1
12:41:21,JD100,,4.026,DIGITOVER,3,0.6240,0.0196,0.35,90,3621806859,lost,-0.35,1
12:41:23,JD100,,4.031,DIGITOVER,4,0.5209,0.0172,0.35,133,3621809659,lost,-0.35,1
12:41:25,JD100,,4.030,DIGITOVER,4,0.5208,0.0172,0.35,200,3621814019,won,0.29,1
12:41:27,JD100,,4.028,DIGITOVER,4,0.5208,0.0172,0.35,131,3621815639,won,0.29,1
12:41:29,JD100,,4.032,DIGITOVER,3,0.6240,0.0196,0.35,139,3621817139,lost,-0.35,1
12:41:31,JD100,,4.029,DIGITOVER,3,0.6239,0.0195,0.35,110,3621819599,won,0.19,1
12:41:33,JD100,,4.029,DIGITOVER,4,0.5247,0.0247,0.35,138,3621822099,lost,-0.35,1
12:41:35,JD100,,4.026,DIGITUNDER,5,0.5218,0.0191,0.35,116,3621825759,lost,-0.35,1
12:41:37,JD100,,4.026,DIGITOVER,4,0.5208,0.0172,0.35,156,3621827339,won,0.29,1
12:41:39,JD100,,4.024,DIGITOVER,3,0.6240,0.0196,0.35,146,3621828879,lost,-0.35,1
12:41:42,JD100,,4.027,DIGITUNDER,5,0.5208,0.0172,0.35,129,3621830259,won,0.29,1
12:41:44,JD100,,4.025,DIGITUNDER,5,0.5218,0.0190,0.35,133,3621831199,lost,-0.35,1
12:41:46,JD100,,4.026,DIGITUNDER,5,0.5209,0.0172,0.35,111,3621833199,won,0.29,1
12:41:48,JD100,,4.026,DIGITUNDER,5,0.5209,0.0173,0.35,118,3621834699,lost,-0.35,1
12:41:50,JD100,,4.022,DIGITUNDER,5,0.5247,0.0247,0.35,100,3621839379,won,0.29,1
12:41:52,JD100,,4.014,DIGITOVER,3,0.6240,0.0196,0.35,138,3621842399,lost,-0.35,1
12:41:54,JD100,,4.015,DIGITOVER,4,0.5247,0.0247,0.35,101,3621846919,lost,-0.35,1
12:41:56,JD100,,4.013,DIGITUNDER,5,0.5217,0.0189,0.35,129,3621850259,lost,-0.35,1
12:41:58,JD100,,4.016,DIGITOVER,4,0.5208,0.0172,0.35,117,3621853319,won,0.29,1
12:42:00,JD100,,4.014,DIGITOVER,4,0.5247,0.0247,0.35,140,3621855759,won,0.29,1
12:42:02,JD100,,4.021,DIGITOVER,4,0.5247,0.0247,0.35,139,3621857039,won,0.29,1
12:42:04,JD100,,4.019,DIGITOVER,4,0.5247,0.0247,0.35,110,3621858159,won,0.29,1
12:42:06,JD100,,4.020,DIGITUNDER,5,0.5208,0.0172,0.35,147,3621860579,won,0.29,1
12:42:08,JD100,,4.017,DIGITUNDER,5,0.5217,0.0189,0.35,148,3621862419,won,0.29,1
12:42:11,JD100,,4.015,DIGITUNDER,5,0.5217,0.0189,0.35,120,3621863659,lost,-0.35,1
12:42:13,JD100,,4.014,DIGITOVER,4,0.5209,0.0173,0.35,135,3621864939,lost,-0.35,1
12:42:15,JD100,,4.014,DIGITUNDER,5,0.5217,0.0189,0.35,157,3621865959,won,0.29,1
12:42:17,JD100,,4.019,DIGITUNDER,5,0.5247,0.0248,0.35,120,3621868299,won,0.29,1
12:42:19,JD100,,4.018,DIGITUNDER,5,0.5217,0.0189,0.35,147,3621871139,lost,-0.35,1
12:42:21,JD100,,4.020,DIGITUNDER,5,0.5217,0.0189,0.35,125,3621873319,won,0.29,1
12:42:23,JD100,,4.020,DIGITUNDER,5,0.5217,0.0189,0.35,157,3621874579,lost,-0.35,1
12:42:25,JD100,,4.022,DIGITOVER,4,0.5247,0.0248,0.35,123,3621877159,lost,-0.35,1
12:42:27,JD100,,4.023,DIGITUNDER,5,0.5217,0.0188,0.35,161,3621878219,lost,-0.35,1
12:42:29,JD100,,4.022,DIGITOVER,4,0.5247,0.0248,0.35,101,3621880979,lost,-0.35,1
12:42:31,JD100,,4.020,DIGITUNDER,5,0.5247,0.0248,0.35,152,3621883399,won,0.29,1
12:42:33,JD100,,4.019,DIGITUNDER,5,0.5208,0.0172,0.35,130,3621885119,won,0.29,1
12:42:35,JD100,,4.013,DIGITUNDER,5,0.5217,0.0189,0.35,155,3621885999,lost,-0.35,1
12:42:37,JD100,,4.013,DIGITOVER,4,0.5247,0.0248,0.35,117,3621887339,won,0.29,1
12:42:40,JD100,,4.005,DIGITOVER,3,0.6240,0.0196,0.35,123,3621890739,won,0.19,1
12:42:42,JD100,,4.005,DIGITOVER,4,0.5209,0.0172,0.35,106,3621892099,won,0.29,1
12:42:44,JD100,,4.005,DIGITOVER,4,0.5248,0.0249,0.35,125,3621894159,won,0.29,1
12:42:46,JD100,,4.000,DIGITUNDER,5,0.5209,0.0173,0.35,123,3621899679,lost,-0.35,1
12:42:48,JD100,,3.999,DIGITOVER,4,0.5208,0.0172,0.35,120,3621902239,won,0.29,1
12:42:50,JD100,,3.999,DIGITOVER,4,0.5209,0.0172,0.35,128,3621903659,won,0.29,1
12:42:52,JD100,,3.994,DIGITOVER,3,0.6241,0.0197,0.35,125,3621905379,won,0.19,1
12:42:54,JD100,,4.007,DIGITUNDER,5,0.5208,0.0172,0.35,110,3621907819,won,0.29,1
12:42:56,JD100,,4.008,DIGITOVER,4,0.5248,0.0249,0.35,149,3621909979,lost,-0.35,1
12:42:58,JD100,,4.010,DIGITUNDER,5,0.5248,0.0249,0.35,142,3621911279,won,0.29,1
12:43:00,JD100,,4.008,DIGITUNDER,5,0.5217,0.0190,0.35,105,3621912739,lost,-0.35,1
12:43:02,JD100,,4.007,DIGITOVER,4,0.5248,0.0249,0.35,216,3621915779,lost,-0.35,1
12:43:04,JD100,,4.007,DIGITUNDER,5,0.5208,0.0171,0.35,103,3621919899,won,0.29,1
