ts,sym,digit,sigma,ct,bar,p,ev,stake,rtt_ms,cid,status,pnl,lag
10:24:13,JD100,,3.977,DIGITOVER,5,0.4227,0.0259,0.64,112,3611485039,lost,-0.64,1
10:24:15,JD100,,3.978,DIGITUNDER,6,0.6210,0.0147,0.64,110,3611486479,lost,-0.64,1
10:24:17,JD100,,3.978,DIGITOVER,7,0.2152,0.0152,0.64,125,3611487479,lost,-0.64,1
10:24:19,JD100,,3.976,DIGITUNDER,4,0.4210,0.0218,0.64,89,3611489599,won,0.78,1
10:24:21,JD100,,3.974,DIGITUNDER,4,0.4210,0.0218,0.64,173,3611492539,lost,-0.64,1
10:24:23,JD100,,3.972,DIGITOVER,6,0.3209,0.0285,0.64,120,3611494259,lost,-0.64,1
10:24:25,JD100,,3.972,DIGITUNDER,3,0.3162,0.0133,0.64,94,3611495179,lost,-0.64,1
10:24:27,JD100,,3.973,DIGITOVER,5,0.4227,0.0259,0.64,115,3611497159,won,0.78,1
10:24:29,JD100,,3.973,DIGITOVER,6,0.3209,0.0285,0.64,112,3611498059,won,1.19,1
10:24:31,JD100,,3.973,DIGITOVER,5,0.4227,0.0259,0.64,146,3611499559,won,0.78,1
10:24:34,JD100,,3.981,DIGITOVER,6,0.3209,0.0286,0.64,125,3611500559,lost,-0.64,1
10:24:36,JD100,,3.985,DIGITOVER,4,0.5229,0.0212,0.64,112,3611501739,won,0.52,1
10:24:38,JD100,,3.985,DIGITOVER,5,0.4227,0.0260,0.64,747,3611505019,won,0.78,1
10:24:40,JD100,,3.988,DIGITOVER,7,0.2152,0.0152,0.64,379,3611507759,won,1.92,1
10:24:42,JD100,,3.988,DIGITOVER,6,0.3209,0.0286,0.64,160,3611508639,won,1.19,1
10:24:44,JD100,,3.993,DIGITOVER,5,0.4228,0.0261,0.64,121,3611509779,won,0.78,1
10:24:46,JD100,,3.993,DIGITOVER,6,0.3210,0.0287,0.63,103,3611510799,lost,-0.63,1
10:24:48,JD100,,3.991,DIGITUNDER,3,0.3162,0.0135,0.63,133,3611512099,lost,-0.63,1
10:24:50,JD100,,3.988,DIGITOVER,4,0.5230,0.0213,0.64,105,3611513879,won,0.52,1
10:24:52,JD100,,3.988,DIGITOVER,4,0.5230,0.0213,0.64,126,3611514919,lost,-0.64,1
10:24:54,JD100,,3.989,DIGITUNDER,4,0.4211,0.0219,0.64,146,3611515959,lost,-0.64,1
10:24:56,JD100,,3.988,DIGITOVER,4,0.5230,0.0214,0.64,124,3611519119,lost,-0.64,1
10:24:58,JD100,,3.988,DIGITUNDER,6,0.6211,0.0148,0.64,131,3611520619,lost,-0.64,1
10:25:00,JD100,,3.990,DIGITOVER,5,0.4228,0.0261,0.64,132,3611521539,won,0.78,1
10:25:03,JD100,,3.984,DIGITOVER,6,0.3210,0.0288,0.64,129,3611522779,won,1.19,1
10:25:05,JD100,,3.982,DIGITOVER,5,0.4228,0.0262,0.64,118,3611525299,won,0.78,1
10:25:07,JD100,,3.982,DIGITOVER,4,0.5230,0.0214,0.64,114,3611527379,lost,-0.64,1
10:25:09,JD100,,3.979,DIGITUNDER,4,0.4211,0.0220,0.64,148,3611528219,won,0.78,1
10:25:12,JD100,,3.980,DIGITUNDER,3,0.3162,0.0134,0.64,120,3611529779,lost,-0.64,1
10:25:14,JD100,,3.981,DIGITOVER,7,0.2152,0.0153,0.65,128,3611531939,lost,-0.65,1
10:25:16,JD100,,3.981,DIGITUNDER,6,0.6210,0.0147,0.65,120,3611534379,won,0.35,1
10:25:18,JD100,,3.979,DIGITUNDER,6,0.6210,0.0148,0.65,95,3611536559,won,0.35,1
10:25:20,JD100,,3.979,DIGITUNDER,4,0.4211,0.0220,0.65,91,3611537999,lost,-0.65,1
10:25:22,JD100,,3.979,DIGITUNDER,6,0.6211,0.0148,0.65,151,3611540799,won,0.35,1
10:25:24,JD100,,3.981,DIGITUNDER,3,0.3162,0.0134,0.65,135,3611543499,lost,-0.65,1
10:25:26,JD100,,3.978,DIGITOVER,7,0.2153,0.0156,0.65,365,3611546739,lost,-0.65,1
10:25:28,JD100,,3.977,DIGITUNDER,3,0.3162,0.0135,0.65,147,3611547719,lost,-0.65,1
10:25:30,JD100,,3.977,DIGITOVER,6,0.3210,0.0289,0.65,116,3611548939,lost,-0.65,1
10:25:32,JD100,,3.978,DIGITUNDER,3,0.3210,0.0289,0.65,137,3611550199,lost,-0.65,1
10:25:34,JD100,,3.980,DIGITOVER,5,0.4228,0.0262,0.65,123,3611551319,won,0.79,1
10:25:36,JD100,,3.978,DIGITOVER,6,0.3210,0.0289,0.65,147,3611551959,lost,-0.65,1
10:25:38,JD100,,3.978,DIGITOVER,4,0.5230,0.0214,0.65,116,3611553159,won,0.53,1
10:25:41,JD100,,3.978,DIGITOVER,7,0.2153,0.0154,0.65,123,3611554299,lost,-0.65,1
10:25:43,JD100,,3.980,DIGITUNDER,3,0.3210,0.0288,0.65,188,3611556819,lost,-0.65,1
10:25:45,JD100,,3.982,DIGITOVER,4,0.5229,0.0213,0.64,130,3611558379,won,0.52,1
10:25:47,JD100,,3.980,DIGITOVER,5,0.4228,0.0262,0.64,151,3611559659,lost,-0.64,1
10:25:49,JD100,,3.981,DIGITUNDER,4,0.4211,0.0220,0.65,112,3611561279,lost,-0.65,1
10:25:51,JD100,,3.974,DIGITUNDER,3,0.3210,0.0288,0.65,171,3611564899,lost,-0.65,1
10:25:53,JD100,,3.979,DIGITOVER,7,0.2152,0.0153,0.65,129,3611566239,won,1.95,1
10:25:55,JD100,,3.979,DIGITOVER,7,0.2153,0.0154,0.65,118,3611567119,lost,-0.65,1
10:25:57,JD100,,3.980,DIGITOVER,6,0.3210,0.0288,0.65,149,3611569319,won,1.21,1
10:25:59,JD100,,3.978,DIGITOVER,6,0.3210,0.0288,0.65,122,3611570679,lost,-0.65,1
10:26:01,JD100,,3.978,DIGITOVER,5,0.4228,0.0261,0.65,117,3611573239,lost,-0.65,1
10:26:03,JD100,,3.979,DIGITUNDER,4,0.4211,0.0220,0.65,116,3611574159,lost,-0.65,1
10:26:06,JD100,,3.980,DIGITOVER,5,0.4227,0.0260,0.65,122,3611575319,won,0.79,1
10:26:08,JD100,,3.979,DIGITOVER,6,0.3210,0.0288,0.65,89,3611576459,lost,-0.65,1
10:26:10,JD100,,3.981,DIGITUNDER,6,0.6209,0.0146,0.65,129,3611577999,won,0.35,1
10:26:12,JD100,,3.981,DIGITUNDER,3,0.3210,0.0287,0.65,104,3611578979,lost,-0.65,1
10:26:14,JD100,,3.982,DIGITOVER,6,0.3210,0.0287,0.65,137,3611580239,lost,-0.65,1
10:26:16,JD100,,3.983,DIGITUNDER,6,0.6209,0.0146,0.65,108,3611581019,lost,-0.65,1
10:26:18,JD100,,3.984,DIGITOVER,7,0.2152,0.0152,0.65,183,3611583719,lost,-0.65,1
10:26:20,JD100,,3.984,DIGITOVER,4,0.5228,0.0211,0.65,104,3611584979,lost,-0.65,1
10:26:22,JD100,,3.985,DIGITUNDER,3,0.3161,0.0131,0.65,109,3611586039,lost,-0.65,1
10:26:24,JD100,,3.986,DIGITOVER,4,0.5228,0.0211,0.65,151,3611586959,lost,-0.65,1
10:26:26,JD100,,3.988,DIGITUNDER,3,0.3209,0.0286,0.65,102,3611588259,lost,-0.65,1
10:26:28,JD100,,3.979,DIGITOVER,5,0.4227,0.0259,0.65,132,3611591179,won,0.79,1
10:26:30,JD100,,3.979,DIGITOVER,6,0.3209,0.0286,0.65,118,3611592739,lost,-0.65,1
10:26:33,JD100,,3.975,DIGITUNDER,4,0.4210,0.0218,0.65,98,3611593639,lost,-0.65,1
10:26:35,JD100,,3.971,DIGITOVER,4,0.5229,0.0211,0.64,174,3611596919,lost,-0.64,1
10:26:37,JD100,,3.969,DIGITUNDER,3,0.3162,0.0133,0.64,122,3611598639,lost,-0.64,1
10:26:39,JD100,,3.968,DIGITOVER,4,0.5228,0.0211,0.64,85,3611599799,won,0.52,1
10:26:41,JD100,,3.968,DIGITOVER,4,0.5228,0.0211,0.64,122,3611601059,won,0.52,1
10:26:43,JD100,,3.972,DIGITOVER,6,0.3209,0.0286,0.64,146,3611602539,lost,-0.64,1
10:26:45,JD100,,3.969,DIGITOVER,4,0.5228,0.0211,0.64,281,3611603559,lost,-0.64,1
10:26:47,JD100,,3.969,DIGITUNDER,3,0.3162,0.0133,0.64,129,3611604999,lost,-0.64,1
10:26:49,JD100,,3.969,DIGITOVER,6,0.3209,0.0285,0.64,122,3611606559,won,1.19,1
10:26:51,JD100,,3.969,DIGITOVER,5,0.4227,0.0259,0.64,94,3611607499,lost,-0.64,1
10:26:53,JD100,,3.966,DIGITOVER,5,0.4227,0.0259,0.64,119,3611610839,won,0.78,1
10:26:55,JD100,,3.965,DIGITOVER,5,0.4227,0.0259,0.64,183,3611611799,won,0.78,1
10:26:57,JD100,,3.967,DIGITOVER,7,0.2152,0.0152,0.64,109,3611612839,lost,-0.64,1
10:26:59,JD100,,3.963,DIGITUNDER,4,0.4210,0.0218,0.64,103,3611613959,lost,-0.64,1
10:27:01,JD100,,3.964,DIGITOVER,4,0.5228,0.0211,0.64,134,3611615099,won,0.52,1
10:27:03,JD100,,3.968,DIGITOVER,6,0.3209,0.0285,0.64,111,3611615859,lost,-0.64,1
10:27:05,JD100,,3.970,DIGITOVER,7,0.2152,0.0151,0.64,142,3611618819,won,1.92,1
10:27:08,JD100,,3.968,DIGITOVER,7,0.2152,0.0152,0.64,125,3611619979,won,1.92,1
10:27:10,JD100,,3.968,DIGITOVER,6,0.3209,0.0285,0.64,98,3611620879,lost,-0.64,1
10:27:12,JD100,,3.967,DIGITUNDER,3,0.3162,0.0134,0.64,107,3611622079,lost,-0.64,1
10:27:14,JD100,,3.970,DIGITOVER,4,0.5229,0.0211,0.64,121,3611623479,won,0.52,1
10:27:16,JD100,,3.973,DIGITUNDER,4,0.4210,0.0218,0.64,116,3611626399,won,0.78,1
10:27:18,JD100,,3.973,DIGITUNDER,3,0.3209,0.0286,0.64,114,3611627639,lost,-0.64,1
10:27:20,JD100,,3.973,DIGITUNDER,6,0.6209,0.0146,0.64,100,3611628899,won,0.34,1
10:27:22,JD100,,3.973,DIGITUNDER,6,0.6209,0.0146,0.64,131,3611630419,won,0.34,1
10:27:24,JD100,,3.971,DIGITUNDER,6,0.6210,0.0147,0.64,269,3611633659,won,0.34,1
10:27:26,JD100,,3.971,DIGITUNDER,4,0.4210,0.0218,0.64,132,3611639559,lost,-0.64,1
10:27:28,JD100,,3.973,DIGITOVER,5,0.4228,0.0262,0.64,687,3611645539,won,0.78,1
10:27:30,JD100,,3.973,DIGITOVER,7,0.2153,0.0154,0.64,191,3611647839,won,1.92,1
10:27:32,JD100,,3.971,DIGITOVER,6,0.3210,0.0287,0.64,215,3611652199,lost,-0.64,1
10:27:35,JD100,,3.972,DIGITUNDER,3,0.3162,0.0135,0.64,772,3611657459,lost,-0.64,1
10:27:37,JD100,,3.966,DIGITOVER,4,0.5229,0.0213,0.64,142,3611658579,lost,-0.64,1
10:27:39,JD100,,3.966,DIGITUNDER,6,0.6210,0.0147,0.64,133,3611660099,won,0.34,1
10:27:41,JD100,,3.971,DIGITUNDER,6,0.6210,0.0147,0.64,134,3611663619,lost,-0.64,1
10:27:43,JD100,,3.971,DIGITOVER,5,0.4228,0.0262,0.64,1046,3611666479,lost,-0.64,2
10:27:45,JD100,,3.974,DIGITUNDER,6,0.6210,0.0147,0.64,102,3611666759,won,0.34,1
10:27:47,JD100,,3.979,DIGITUNDER,3,0.3163,0.0136,0.63,94,3611670559,won,1.17,1
10:27:49,JD100,,3.978,DIGITUNDER,4,0.4210,0.0217,0.63,85,3611671739,won,0.77,1
10:27:51,JD100,,3.978,DIGITUNDER,4,0.4210,0.0218,0.63,105,3611672999,lost,-0.63,1
10:27:53,JD100,,3.979,DIGITOVER,5,0.4229,0.0263,0.63,93,3611673979,won,0.77,1
10:27:55,JD100,,3.976,DIGITOVER,7,0.2153,0.0153,0.63,128,3611675319,lost,-0.63,1
10:27:57,JD100,,3.977,DIGITOVER,4,0.5229,0.0212,0.63,169,3611676259,won,0.52,1
10:27:59,JD100,,3.977,DIGITOVER,5,0.4229,0.0263,0.63,242,3611677799,won,0.77,1
10:28:01,JD100,,3.976,DIGITOVER,5,0.4229,0.0264,0.63,124,3611678979,lost,-0.63,1
10:28:04,JD100,,3.978,DIGITUNDER,4,0.4210,0.0217,0.63,113,3611680359,lost,-0.63,1
10:28:06,JD100,,3.978,DIGITOVER,7,0.2153,0.0153,0.63,97,3611681299,lost,-0.63,1
10:28:08,JD100,,3.978,DIGITOVER,4,0.5229,0.0212,0.62,113,3611682619,won,0.51,1
10:28:10,JD100,,3.978,DIGITOVER,6,0.3209,0.0286,0.62,136,3611683759,lost,-0.62,1
10:28:12,JD100,,3.979,DIGITUNDER,4,0.4209,0.0216,0.63,109,3611685539,won,0.77,1
10:28:14,JD100,,3.979,DIGITUNDER,3,0.3209,0.0286,0.63,139,3611686439,lost,-0.63,1
10:28:16,JD100,,3.981,DIGITUNDER,3,0.3209,0.0286,0.63,121,3611688799,won,1.17,1
10:28:18,JD100,,3.981,DIGITUNDER,3,0.3163,0.0137,0.62,109,3611690199,won,1.15,1
10:28:20,JD100,,3.980,DIGITUNDER,4,0.4209,0.0216,0.62,136,3611691039,lost,-0.62,1
10:28:22,JD100,,3.980,DIGITUNDER,3,0.3163,0.0137,0.62,121,3611693979,lost,-0.62,1
10:28:24,JD100,,3.979,DIGITOVER,7,0.2153,0.0154,0.62,139,3611695119,lost,-0.62,1
10:28:26,JD100,,3.980,DIGITUNDER,4,0.4209,0.0216,0.62,145,3611696479,won,0.76,1
10:28:28,JD100,,3.980,DIGITUNDER,3,0.3163,0.0136,0.62,127,3611697939,lost,-0.62,1
10:28:30,JD100,,3.985,DIGITOVER,7,0.2153,0.0155,0.62,87,3611699119,lost,-0.62,1
10:28:32,JD100,,3.985,DIGITOVER,5,0.4229,0.0263,0.62,89,3611700279,lost,-0.62,1
10:28:35,JD100,,3.980,DIGITUNDER,4,0.4210,0.0217,0.62,118,3611701919,lost,-0.62,1
10:28:37,JD100,,3.981,DIGITOVER,4,0.5229,0.0212,0.62,112,3611703259,lost,-0.62,1
10:28:39,JD100,,3.984,DIGITUNDER,3,0.3162,0.0134,0.62,143,3611705039,lost,-0.62,1
10:28:41,JD100,,3.984,DIGITOVER,5,0.4228,0.0262,0.62,107,3611706319,won,0.76,1
10:28:43,JD100,,3.984,DIGITOVER,5,0.4228,0.0262,0.62,92,3611708039,won,0.76,1
10:28:45,JD100,,3.983,DIGITOVER,6,0.3209,0.0285,0.62,127,3611709439,lost,-0.62,1
10:28:47,JD100,,3.982,DIGITUNDER,6,0.6210,0.0147,0.62,131,3611711019,lost,-0.62,1
10:28:49,JD100,,3.984,DIGITOVER,7,0.2152,0.0153,0.62,142,3611712019,lost,-0.62,1
10:28:51,JD100,,3.983,DIGITOVER,5,0.4228,0.0262,0.62,120,3611713939,won,0.76,1
10:28:53,JD100,,3.987,DIGITOVER,7,0.2152,0.0153,0.62,171,3611715499,lost,-0.62,1
10:28:55,JD100,,3.994,DIGITUNDER,6,0.6210,0.0147,0.62,112,3611717639,won,0.33,1
10:28:57,JD100,,3.996,DIGITUNDER,3,0.3209,0.0284,0.62,112,3611719399,lost,-0.62,1
10:28:59,JD100,,3.996,DIGITOVER,7,0.2152,0.0153,0.62,129,3611721119,lost,-0.62,1
10:29:01,JD100,,3.997,DIGITUNDER,6,0.6210,0.0147,0.62,119,3611723059,won,0.33,1
10:29:04,JD100,,4.003,DIGITUNDER,6,0.6210,0.0148,0.62,132,3611724099,lost,-0.62,1
10:29:06,JD100,,4.003,DIGITOVER,4,0.5228,0.0211,0.62,107,3611725839,won,0.51,1
10:29:08,JD100,,4.003,DIGITOVER,5,0.4228,0.0262,0.62,128,3611726799,lost,-0.62,1
10:29:10,JD100,,4.003,DIGITUNDER,3,0.3209,0.0284,0.62,141,3611728959,lost,-0.62,1
10:29:12,JD100,,3.995,DIGITUNDER,6,0.6210,0.0147,0.62,112,3611734619,won,0.33,1
10:29:14,JD100,,3.987,DIGITUNDER,3,0.3209,0.0286,0.62,124,3611736539,lost,-0.62,1
10:29:16,JD100,,3.986,DIGITOVER,7,0.2153,0.0154,0.62,144,3611737979,lost,-0.62,1
10:29:18,JD100,,3.986,DIGITUNDER,4,0.4210,0.0219,0.63,133,3611738779,lost,-0.63,1
10:29:20,JD100,,3.988,DIGITOVER,5,0.4228,0.0261,0.63,110,3611739819,lost,-0.63,1
10:29:22,JD100,,3.989,DIGITUNDER,6,0.6210,0.0147,0.63,106,3611740579,won,0.34,1
10:29:24,JD100,,3.986,DIGITUNDER,6,0.6210,0.0148,0.63,123,3611745639,lost,-0.63,1
10:29:26,JD100,,3.987,DIGITOVER,5,0.4228,0.0261,0.63,105,3611746679,lost,-0.63,1
10:29:29,JD100,,3.985,DIGITUNDER,4,0.4211,0.0219,0.63,120,3611749339,won,0.77,1
10:29:31,JD100,,3.984,DIGITUNDER,3,0.3209,0.0286,0.63,119,3611750019,lost,-0.63,1
10:29:33,JD100,,3.984,DIGITUNDER,4,0.4211,0.0220,0.63,147,3611752359,won,0.77,1
10:29:35,JD100,,3.975,DIGITUNDER,4,0.4211,0.0220,0.63,114,3611753939,lost,-0.63,1
10:29:37,JD100,,3.969,DIGITOVER,6,0.3209,0.0285,0.63,102,3611754859,lost,-0.63,1
10:29:39,JD100,,3.973,DIGITUNDER,3,0.3209,0.0285,0.63,113,3611755879,won,1.17,1
10:29:41,JD100,,3.973,DIGITUNDER,3,0.3209,0.0286,0.63,119,3611756779,lost,-0.63,1
10:29:44,JD100,,3.971,DIGITUNDER,6,0.6210,0.0148,0.63,117,3611757899,won,0.34,1
10:29:46,JD100,,3.972,DIGITOVER,6,0.3209,0.0286,0.63,138,3611761039,won,1.17,1
10:29:48,JD100,,3.972,DIGITOVER,7,0.2152,0.0153,0.63,92,3611761779,lost,-0.63,1
10:29:50,JD100,,3.973,DIGITUNDER,4,0.4211,0.0220,0.63,132,3611763839,lost,-0.63,1
10:29:52,JD100,,3.973,DIGITOVER,4,0.5229,0.0212,0.64,102,3611765519,won,0.52,1
10:29:54,JD100,,3.973,DIGITOVER,6,0.3209,0.0286,0.63,318,3611769799,lost,-0.63,1
10:29:56,JD100,,3.973,DIGITOVER,7,0.2152,0.0152,0.63,129,3611773739,lost,-0.63,1
10:29:58,JD100,,3.973,DIGITUNDER,6,0.6210,0.0147,0.63,117,3611775119,won,0.34,1
10:30:00,JD100,,3.973,DIGITUNDER,3,0.3162,0.0133,0.63,120,3611776139,won,1.17,1
10:30:02,JD100,,3.973,DIGITUNDER,4,0.4210,0.0219,0.63,124,3611777339,lost,-0.63,1
10:30:04,JD100,,3.974,DIGITOVER,6,0.3209,0.0285,0.63,123,3611778059,won,1.17,1
10:30:06,JD100,,3.974,DIGITOVER,5,0.4228,0.0261,0.63,112,3611779499,lost,-0.63,1
10:30:08,JD100,,3.973,DIGITUNDER,4,0.4211,0.0219,0.63,131,3611782839,lost,-0.63,1
10:30:10,JD100,,3.972,DIGITOVER,6,0.3209,0.0285,0.63,119,3611784779,lost,-0.63,1
10:30:12,JD100,,3.969,DIGITOVER,4,0.5228,0.0211,0.63,187,3611785839,won,0.52,1
10:30:15,JD100,,3.969,DIGITOVER,6,0.3209,0.0285,0.63,123,3611787259,lost,-0.63,1
10:30:17,JD100,,3.969,DIGITUNDER,3,0.3162,0.0134,0.63,125,3611789279,lost,-0.63,1
10:30:19,JD100,,3.974,DIGITUNDER,4,0.4210,0.0218,0.63,113,3611791939,won,0.77,1
10:30:21,JD100,,3.974,DIGITUNDER,4,0.4210,0.0219,0.63,156,3611794199,lost,-0.63,1
10:30:23,JD100,,3.974,DIGITUNDER,3,0.3209,0.0284,0.63,123,3611797099,lost,-0.63,1
10:30:25,JD100,,3.975,DIGITUNDER,3,0.3209,0.0283,0.63,111,3611800799,lost,-0.63,1
10:30:27,JD100,,3.975,DIGITOVER,6,0.3208,0.0283,0.63,117,3611802999,lost,-0.63,1
10:30:29,JD100,,3.973,DIGITUNDER,6,0.6210,0.0147,0.63,104,3611805259,won,0.34,1
10:30:31,JD100,,3.972,DIGITUNDER,6,0.6210,0.0147,0.64,231,3611806439,won,0.34,1
10:30:33,JD100,,3.972,DIGITUNDER,4,0.4210,0.0218,0.64,120,3611808339,won,0.78,1
10:30:35,JD100,,3.971,DIGITUNDER,3,0.3209,0.0285,0.63,165,3611809419,won,1.17,1
10:30:37,JD100,,3.971,DIGITUNDER,4,0.4210,0.0218,0.63,281,3611810979,lost,-0.63,1
10:30:39,JD100,,3.969,DIGITOVER,6,0.3209,0.0285,0.63,115,3611813179,lost,-0.63,1
10:30:41,JD100,,3.971,DIGITUNDER,3,0.3209,0.0284,0.63,183,3611815579,lost,-0.63,1
10:30:44,JD100,,3.965,DIGITOVER,7,0.2152,0.0152,0.63,123,3611816699,lost,-0.63,1
10:30:46,JD100,,3.966,DIGITOVER,5,0.4227,0.0260,0.63,106,3611819079,won,0.77,1
10:30:48,JD100,,3.965,DIGITOVER,4,0.5228,0.0211,0.63,987,3611820999,won,0.52,2
10:30:50,JD100,,3.964,DIGITOVER,4,0.5228,0.0211,0.63,92,3611821139,won,0.52,1
10:30:52,JD100,,3.964,DIGITOVER,5,0.4228,0.0261,0.63,120,3611822039,lost,-0.63,1
10:30:54,JD100,,3.960,DIGITUNDER,3,0.3209,0.0285,0.63,127,3611824179,won,1.17,1
10:30:57,JD100,,3.958,DIGITUNDER,4,0.4211,0.0220,0.63,114,3611825479,won,0.77,1
10:30:59,JD100,,3.956,DIGITUNDER,6,0.6211,0.0148,0.63,115,3611826279,won,0.34,1
10:31:01,JD100,,3.959,DIGITUNDER,3,0.3209,0.0286,0.63,121,3611827819,lost,-0.63,1
10:31:03,JD100,,3.960,DIGITOVER,5,0.4228,0.0261,0.63,140,3611828879,won,0.77,1
10:31:05,JD100,,3.956,DIGITOVER,7,0.2152,0.0152,0.64,103,3611830699,lost,-0.64,1
10:31:07,JD100,,3.959,DIGITUNDER,6,0.6211,0.0148,0.64,140,3611831639,won,0.34,1
10:31:09,JD100,,3.959,DIGITUNDER,3,0.3161,0.0133,0.64,116,3611832959,lost,-0.64,1
10:31:11,JD100,,3.959,DIGITOVER,5,0.4227,0.0260,0.64,124,3611833739,won,0.78,1
10:31:13,JD100,,3.954,DIGITOVER,7,0.2152,0.0151,0.63,111,3611835059,lost,-0.63,1
10:31:15,JD100,,3.953,DIGITOVER,4,0.5228,0.0210,0.63,177,3611836159,lost,-0.63,1
10:31:17,JD100,,3.955,DIGITUNDER,6,0.6211,0.0149,0.63,123,3611838299,lost,-0.63,1
10:31:19,JD100,,3.956,DIGITOVER,4,0.5228,0.0210,0.63,130,3611839279,lost,-0.63,1
10:31:21,JD100,,3.956,DIGITUNDER,6,0.6211,0.0149,0.63,142,3611840359,lost,-0.63,1
10:31:23,JD100,,3.956,DIGITOVER,4,0.5228,0.0210,0.63,142,3611841479,lost,-0.63,1
10:31:26,JD100,,3.959,DIGITUNDER,6,0.6211,0.0149,0.63,115,3611843059,won,0.34,1
10:31:28,JD100,,3.960,DIGITUNDER,3,0.3161,0.0131,0.63,145,3611844359,won,1.17,1
10:31:30,JD100,,3.959,DIGITUNDER,3,0.3161,0.0132,0.63,112,3611845699,lost,-0.63,1
10:31:32,JD100,,3.963,DIGITOVER,6,0.3208,0.0283,0.63,100,3611846559,lost,-0.63,1
10:31:34,JD100,,3.965,DIGITUNDER,6,0.6211,0.0149,0.63,99,3611847639,won,0.34,1
10:31:36,JD100,,3.965,DIGITUNDER,4,0.4210,0.0218,0.63,89,3611848699,won,0.77,1
10:31:38,JD100,,3.963,DIGITUNDER,4,0.4210,0.0218,0.63,157,3611850159,lost,-0.63,1
10:31:40,JD100,,3.964,DIGITOVER,6,0.3209,0.0283,0.63,138,3611851399,lost,-0.63,1
10:31:42,JD100,,3.965,DIGITUNDER,3,0.3208,0.0283,0.63,128,3611853799,won,1.17,1
10:31:44,JD100,,3.965,DIGITUNDER,3,0.3161,0.0130,0.63,136,3611854999,lost,-0.63,1
10:31:46,JD100,,3.965,DIGITUNDER,3,0.3208,0.0283,0.63,142,3611857859,lost,-0.63,1
10:31:48,JD100,,3.968,DIGITUNDER,3,0.3161,0.0129,0.63,121,3611859559,lost,-0.63,1
10:31:50,JD100,,3.968,DIGITOVER,7,0.2152,0.0151,0.63,139,3611860279,lost,-0.63,1
10:31:52,JD100,,3.972,DIGITOVER,5,0.4227,0.0258,0.63,156,3611861559,lost,-0.63,1
10:31:54,JD100,,3.974,DIGITUNDER,3,0.3208,0.0282,0.63,138,3611862219,lost,-0.63,1
10:31:56,JD100,,3.972,DIGITUNDER,6,0.6211,0.0149,0.63,121,3611863479,lost,-0.63,1
10:31:59,JD100,,3.973,DIGITOVER,6,0.3208,0.0282,0.63,143,3611864399,lost,-0.63,1
10:32:01,JD100,,3.974,DIGITUNDER,3,0.3208,0.0281,0.62,670,3611874239,won,1.15,1
10:32:03,JD100,,3.979,DIGITUNDER,3,0.3208,0.0282,0.62,117,3611875419,lost,-0.62,1
10:32:05,JD100,,3.977,DIGITUNDER,6,0.6211,0.0148,0.63,137,3611876079,won,0.34,1
10:32:07,JD100,,3.980,DIGITOVER,7,0.2152,0.0150,0.62,119,3611878779,lost,-0.62,1
10:32:09,JD100,,3.982,DIGITOVER,6,0.3208,0.0281,0.63,126,3611881559,lost,-0.63,1
10:32:11,JD100,,3.986,DIGITUNDER,6,0.6211,0.0148,0.62,121,3611883919,won,0.33,1
10:32:13,JD100,,3.988,DIGITUNDER,3,0.3160,0.0128,0.62,129,3611885619,won,1.15,1
10:32:15,JD100,,3.988,DIGITUNDER,3,0.3208,0.0281,0.62,123,3611886419,lost,-0.62,1
10:32:17,JD100,,3.986,DIGITUNDER,6,0.6211,0.0148,0.62,111,3611888239,won,0.33,1
10:32:19,JD100,,3.985,DIGITUNDER,6,0.6211,0.0149,0.62,114,3611888879,won,0.33,1
10:32:21,JD100,,3.985,DIGITUNDER,3,0.3208,0.0280,0.62,274,3611893259,won,1.15,1
10:32:23,JD100,,3.985,DIGITUNDER,4,0.4209,0.0216,0.62,111,3611894719,lost,-0.62,1
10:32:25,JD100,,3.986,DIGITOVER,4,0.5226,0.0207,0.62,153,3611895959,won,0.51,1
10:32:27,JD100,,3.986,DIGITOVER,4,0.5226,0.0207,0.62,120,3611897259,lost,-0.62,1
10:32:30,JD100,,3.982,DIGITUNDER,6,0.6211,0.0149,0.62,154,3611898179,won,0.33,1
10:32:32,JD100,,3.976,DIGITUNDER,6,0.6211,0.0149,0.62,118,3611899359,won,0.33,1
10:32:34,JD100,,3.975,DIGITUNDER,3,0.3208,0.0281,0.62,116,3611900099,lost,-0.62,1
10:32:36,JD100,,3.975,DIGITOVER,4,0.5227,0.0207,0.62,102,3611902239,lost,-0.62,1
10:32:38,JD100,,3.978,DIGITUNDER,6,0.6211,0.0149,0.62,129,3611903999,won,0.33,1
10:32:40,JD100,,3.977,DIGITUNDER,6,0.6211,0.0149,0.62,135,3611905239,won,0.33,1
10:32:42,JD100,,3.975,DIGITUNDER,4,0.4209,0.0216,0.62,117,3611906359,won,0.76,1
10:32:44,JD100,,3.975,DIGITUNDER,3,0.3208,0.0282,0.62,166,3611907699,lost,-0.62,1
10:32:46,JD100,,3.976,DIGITOVER,7,0.2152,0.0151,0.62,159,3611910499,won,1.86,1
10:32:48,JD100,,3.974,DIGITOVER,6,0.3208,0.0282,0.62,125,3611911639,won,1.15,1
10:32:50,JD100,,3.968,DIGITOVER,7,0.2152,0.0152,0.62,100,3611912459,lost,-0.62,1
10:32:52,JD100,,3.963,DIGITOVER,6,0.3208,0.0283,0.62,120,3611917299,lost,-0.62,1
10:32:54,JD100,,3.963,DIGITOVER,4,0.5227,0.0208,0.61,125,3611918659,lost,-0.61,1
10:32:56,JD100,,3.963,DIGITUNDER,3,0.3161,0.0130,0.61,125,3611919959,lost,-0.61,1
10:32:59,JD100,,3.963,DIGITOVER,6,0.3208,0.0282,0.61,675,3611926679,lost,-0.61,1
10:33:01,JD100,,3.962,DIGITOVER,4,0.5226,0.0207,0.61,474,3611932019,lost,-0.61,1
10:33:03,JD100,,3.966,DIGITUNDER,6,0.6211,0.0149,0.61,105,3611932959,lost,-0.61,1
10:33:05,JD100,,3.966,DIGITOVER,4,0.5226,0.0207,0.61,158,3611934239,lost,-0.61,1
10:33:07,JD100,,3.967,DIGITUNDER,6,0.6211,0.0149,0.61,129,3611935039,lost,-0.61,1
10:33:09,JD100,,3.968,DIGITOVER,6,0.3208,0.0281,0.61,133,3611936439,won,1.13,1
10:33:11,JD100,,3.968,DIGITOVER,7,0.2152,0.0151,0.61,127,3611937219,lost,-0.61,1
10:33:13,JD100,,3.968,DIGITOVER,5,0.4226,0.0257,0.61,137,3611938779,lost,-0.61,1
10:33:15,JD100,,3.970,DIGITUNDER,6,0.6211,0.0149,0.61,134,3611939499,won,0.33,1
10:33:17,JD100,,3.970,DIGITUNDER,3,0.3208,0.0281,0.61,113,3611940799,lost,-0.61,1
10:33:19,JD100,,3.973,DIGITUNDER,3,0.3160,0.0128,0.61,97,3611943959,lost,-0.61,1
10:33:21,JD100,,3.970,DIGITOVER,7,0.2152,0.0151,0.61,117,3611945559,lost,-0.61,1
10:33:23,JD100,,3.970,DIGITUNDER,3,0.3160,0.0128,0.61,162,3611946439,won,1.13,1
10:33:25,JD100,,3.975,DIGITUNDER,4,0.4210,0.0217,0.61,124,3611947919,won,0.75,1
10:33:27,JD100,,3.975,DIGITUNDER,3,0.3160,0.0129,0.61,121,3611949179,lost,-0.61,1
10:33:29,JD100,,3.974,DIGITOVER,4,0.5226,0.0207,0.62,122,3611951279,won,0.51,1
10:33:32,JD100,,3.974,DIGITOVER,5,0.4226,0.0257,0.62,135,3611952839,lost,-0.62,1
10:33:34,JD100,,3.975,DIGITUNDER,6,0.6211,0.0149,0.61,95,3611953899,lost,-0.61,1
10:33:36,JD100,,3.976,DIGITOVER,6,0.3208,0.0282,0.61,110,3611955059,lost,-0.61,1
10:33:38,JD100,,3.976,DIGITUNDER,3,0.3208,0.0281,0.61,116,3611955819,lost,-0.61,1
10:33:40,JD100,,3.977,DIGITOVER,7,0.2152,0.0149,0.61,125,3611957059,lost,-0.61,1
10:33:42,JD100,,3.980,DIGITOVER,6,0.3208,0.0281,0.61,132,3611959279,lost,-0.61,1
10:33:44,JD100,,3.984,DIGITUNDER,3,0.3160,0.0129,0.61,136,3611960099,won,1.13,1
10:33:46,JD100,,3.983,DIGITUNDER,4,0.4209,0.0216,0.61,121,3611961899,lost,-0.61,1
10:33:48,JD100,,3.983,DIGITOVER,6,0.3208,0.0281,0.61,142,3611972079,lost,-0.61,1
10:33:50,JD100,,3.986,DIGITUNDER,3,0.3208,0.0281,0.62,252,3611974359,won,1.15,1
10:33:52,JD100,,3.985,DIGITUNDER,4,0.4210,0.0217,0.62,198,3611975359,lost,-0.62,1
10:33:54,JD100,,3.986,DIGITOVER,4,0.5227,0.0208,0.61,293,3611976799,lost,-0.61,1
10:33:56,JD100,,3.988,DIGITUNDER,3,0.3208,0.0281,0.61,212,3611977659,lost,-0.61,1
10:33:58,JD100,,3.992,DIGITOVER,7,0.2152,0.0149,0.62,143,3611978939,lost,-0.62,1
10:34:00,JD100,,3.993,DIGITUNDER,6,0.6210,0.0148,0.62,140,3611981079,won,0.33,1
10:34:02,JD100,,3.993,DIGITUNDER,3,0.3160,0.0128,0.62,157,3611981899,won,1.15,1
10:34:05,JD100,,3.991,DIGITUNDER,3,0.3160,0.0129,0.61,130,3611983219,lost,-0.61,1
10:34:07,JD100,,3.992,DIGITOVER,5,0.4226,0.0256,0.61,159,3611983979,won,0.75,1
10:34:09,JD100,,3.992,DIGITOVER,5,0.4226,0.0256,0.61,98,3611985479,won,0.75,1
10:34:11,JD100,,3.991,DIGITOVER,5,0.4226,0.0256,0.61,147,3611987079,won,0.75,1
10:34:13,JD100,,3.989,DIGITOVER,6,0.3208,0.0282,0.61,131,3611988299,lost,-0.61,1
10:34:15,JD100,,3.987,DIGITOVER,4,0.5226,0.0207,0.61,141,3611989059,won,0.5,1
10:34:17,JD100,,3.987,DIGITOVER,4,0.5226,0.0207,0.61,111,3611990299,lost,-0.61,1
10:34:19,JD100,,3.988,DIGITUNDER,4,0.4210,0.0218,0.61,119,3611991359,won,0.75,1
10:34:21,JD100,,3.988,DIGITUNDER,3,0.3208,0.0282,0.61,125,3611992959,lost,-0.61,1
10:34:23,JD100,,3.989,DIGITOVER,4,0.5226,0.0207,0.61,92,3611993759,won,0.5,1
10:34:25,JD100,,3.984,DIGITOVER,7,0.2152,0.0152,0.61,133,3611995659,won,1.83,1
10:34:27,JD100,,3.984,DIGITOVER,6,0.3208,0.0283,0.61,110,3611997319,lost,-0.61,1
10:34:29,JD100,,3.982,DIGITUNDER,3,0.3161,0.0129,0.61,142,3611999599,won,1.13,1
10:34:31,JD100,,3.981,DIGITUNDER,3,0.3161,0.0130,0.61,120,3612002799,lost,-0.61,1
10:34:33,JD100,,3.980,DIGITOVER,5,0.4226,0.0258,0.61,250,3612003599,lost,-0.61,1
10:34:35,JD100,,3.982,DIGITUNDER,4,0.4210,0.0218,0.61,105,3612004839,won,0.75,1
10:34:37,JD100,,3.981,DIGITUNDER,4,0.4210,0.0219,0.61,136,3612005839,won,0.75,1
10:34:40,JD100,,3.981,DIGITUNDER,4,0.4211,0.0219,0.61,127,3612007179,lost,-0.61,1
10:34:42,JD100,,3.988,DIGITUNDER,6,0.6211,0.0149,0.61,135,3612009499,won,0.33,1
10:34:44,JD100,,3.988,DIGITUNDER,4,0.4211,0.0219,0.61,105,3612010179,won,0.75,1
10:34:46,JD100,,3.987,DIGITUNDER,3,0.3209,0.0285,0.61,168,3612011739,lost,-0.61,1
10:34:48,JD100,,3.988,DIGITUNDER,6,0.6212,0.0150,0.61,174,3612012639,won,0.33,1
10:34:50,JD100,,3.988,DIGITUNDER,4,0.4211,0.0220,0.61,122,3612014099,won,0.75,1
10:34:52,JD100,,3.987,DIGITUNDER,3,0.3209,0.0286,0.61,149,3612014999,won,1.13,1
10:34:54,JD100,,3.987,DIGITUNDER,4,0.4211,0.0221,0.61,121,3612016959,lost,-0.61,1
10:34:56,JD100,,3.988,DIGITOVER,5,0.4228,0.0261,0.61,114,3612018019,won,0.75,1
10:34:58,JD100,,3.992,DIGITOVER,7,0.2154,0.0158,0.61,111,3612019379,lost,-0.61,1
10:35:00,JD100,,3.992,DIGITUNDER,3,0.3161,0.0132,0.61,133,3612020219,lost,-0.61,1
10:35:02,JD100,,3.992,DIGITOVER,6,0.3209,0.0286,0.61,118,3612021499,lost,-0.61,1
10:35:04,JD100,,3.994,DIGITUNDER,4,0.4211,0.0221,0.61,137,3612024359,won,0.75,1
10:35:06,JD100,,3.992,DIGITUNDER,3,0.3161,0.0131,0.61,125,3612025759,lost,-0.61,1
10:35:09,JD100,,3.990,DIGITOVER,7,0.2153,0.0158,0.61,139,3612026619,won,1.83,1
10:35:11,JD100,,3.990,DIGITOVER,6,0.3210,0.0287,0.61,106,3612028059,lost,-0.61,1
10:35:13,JD100,,3.991,DIGITUNDER,3,0.3161,0.0131,0.61,175,3612028899,lost,-0.61,1
10:35:15,JD100,,3.987,DIGITOVER,5,0.4228,0.0262,0.61,119,3612031639,won,0.75,1
10:35:17,JD100,,3.993,DIGITOVER,6,0.3210,0.0287,0.61,122,3612033059,lost,-0.61,1
10:35:19,JD100,,3.993,DIGITUNDER,3,0.3210,0.0287,0.61,158,3612034679,lost,-0.61,1
10:35:21,JD100,,3.988,DIGITOVER,7,0.2153,0.0157,0.61,193,3612036919,lost,-0.61,1
10:35:23,JD100,,3.988,DIGITUNDER,6,0.6212,0.0150,0.61,108,3612038999,won,0.33,1
10:35:25,JD100,,3.988,DIGITUNDER,4,0.4211,0.0221,0.61,144,3612045159,won,0.75,1
10:35:27,JD100,,3.987,DIGITUNDER,3,0.3161,0.0131,0.61,273,3612048499,won,1.13,1
10:35:29,JD100,,3.987,DIGITUNDER,3,0.3161,0.0132,0.61,111,3612049199,lost,-0.61,1
10:35:31,JD100,,3.990,DIGITOVER,5,0.4228,0.0261,0.61,117,3612050739,lost,-0.61,1
10:35:33,JD100,,3.989,DIGITUNDER,3,0.3209,0.0286,0.61,168,3612053519,lost,-0.61,1
10:35:35,JD100,,3.987,DIGITOVER,4,0.5227,0.0208,0.61,282,3612054459,won,0.5,1
10:35:37,JD100,,3.989,DIGITOVER,7,0.2153,0.0156,0.61,129,3612055999,lost,-0.61,1
10:35:40,JD100,,3.989,DIGITOVER,5,0.4227,0.0260,0.61,141,3612056959,lost,-0.61,1
10:35:42,JD100,,3.986,DIGITUNDER,6,0.6213,0.0151,0.61,158,3612059559,won,0.33,1
10:35:44,JD100,,3.983,DIGITUNDER,3,0.3161,0.0130,0.35,129,3612064019,won,0.65,1
10:35:46,JD100,,3.984,DIGITUNDER,4,0.4211,0.0221,0.35,89,3612065219,lost,-0.35,1
10:35:48,JD100,,3.984,DIGITOVER,6,0.3209,0.0284,0.35,151,3612066579,won,0.65,1
10:35:50,JD100,,3.984,DIGITOVER,6,0.3209,0.0284,0.35,98,3612067759,lost,-0.35,1
10:35:52,JD100,,3.984,DIGITUNDER,4,0.4211,0.0221,0.35,138,3612069099,lost,-0.35,1
10:35:54,JD100,,3.983,DIGITUNDER,3,0.3209,0.0284,0.35,105,3612072079,lost,-0.35,1
10:35:56,JD100,,3.983,DIGITUNDER,6,0.6213,0.0152,0.35,113,3612072999,lost,-0.35,1
10:35:58,JD100,,3.987,DIGITOVER,4,0.5227,0.0208,0.35,176,3612073979,lost,-0.35,1
10:36:00,JD100,,3.987,DIGITUNDER,4,0.4211,0.0219,0.35,140,3612074819,lost,-0.35,1
10:36:02,JD100,,3.989,DIGITOVER,5,0.4227,0.0260,0.35,117,3612076459,lost,-0.35,1
10:36:04,JD100,,3.989,DIGITUNDER,6,0.6212,0.0151,0.35,142,3612077439,won,0.19,1
10:36:06,JD100,,3.989,DIGITUNDER,3,0.3208,0.0282,0.35,112,3612078759,lost,-0.35,1
10:36:08,JD100,,3.993,DIGITOVER,6,0.3208,0.0282,0.35,163,3612079699,won,0.65,1
10:36:10,JD100,,3.992,DIGITOVER,6,0.3208,0.0282,0.35,114,3612081299,lost,-0.35,1
10:36:13,JD100,,3.989,DIGITUNDER,3,0.3208,0.0282,0.35,114,3612082239,lost,-0.35,1
10:36:15,JD100,,3.990,DIGITOVER,6,0.3208,0.0282,0.35,130,3612084299,lost,-0.35,1
10:36:17,JD100,,3.992,DIGITUNDER,6,0.6212,0.0151,0.35,739,3612090959,won,0.19,1
10:36:19,JD100,,3.992,DIGITOVER,5,0.4227,0.0259,0.35,130,3612093279,lost,-0.35,1
10:36:21,JD100,,3.993,DIGITUNDER,6,0.6213,0.0152,0.35,126,3612096339,lost,-0.35,1
10:36:23,JD100,,3.995,DIGITOVER,5,0.4227,0.0259,0.35,160,3612097559,won,0.43,1
10:36:26,JD100,,3.994,DIGITOVER,4,0.5226,0.0207,0.35,130,3612098619,lost,-0.35,1
10:36:28,JD100,,3.994,DIGITOVER,5,0.4227,0.0258,0.35,131,3612100919,lost,-0.35,1
10:36:30,JD100,,3.992,DIGITUNDER,4,0.4210,0.0219,0.35,112,3612102179,lost,-0.35,1
10:36:32,JD100,,3.992,DIGITOVER,4,0.5226,0.0206,0.35,108,3612103359,won,0.29,1
10:36:34,JD100,,3.992,DIGITOVER,4,0.5226,0.0207,0.35,153,3612104459,won,0.29,1
10:36:36,JD100,,3.990,DIGITOVER,6,0.3208,0.0280,0.35,147,3612105459,won,0.65,1
10:36:38,JD100,,3.995,DIGITOVER,5,0.4227,0.0259,0.35,137,3612106579,won,0.43,1
10:36:40,JD100,,4.001,DIGITOVER,6,0.3208,0.0281,0.35,90,3612107719,won,0.65,1
10:36:42,JD100,,4.000,DIGITOVER,7,0.2153,0.0154,0.35,125,3612109059,lost,-0.35,1
10:36:44,JD100,,4.000,DIGITUNDER,6,0.6213,0.0151,0.35,120,3612111499,won,0.19,1
10:36:46,JD100,,4.000,DIGITOVER,4,0.5227,0.0207,0.35,128,3612113359,won,0.29,1
10:36:48,JD100,,3.996,DIGITOVER,6,0.3208,0.0281,0.35,141,3612114359,lost,-0.35,1
10:36:50,JD100,,3.999,DIGITUNDER,4,0.4211,0.0219,0.35,116,3612115579,won,0.43,1
10:36:53,JD100,,3.999,DIGITUNDER,4,0.4211,0.0219,0.35,145,3612116919,won,0.43,1
10:36:55,JD100,,3.998,DIGITUNDER,3,0.3161,0.0132,0.35,116,3612118259,won,0.65,1
10:36:57,JD100,,3.998,DIGITUNDER,3,0.3208,0.0282,0.35,148,3612119259,lost,-0.35,1
10:36:59,JD100,,3.999,DIGITOVER,5,0.4227,0.0260,0.35,103,3612120339,won,0.43,1
10:37:01,JD100,,3.999,DIGITOVER,4,0.5227,0.0208,0.35,142,3612122339,won,0.29,1
10:37:03,JD100,,3.997,DIGITOVER,6,0.3208,0.0282,0.35,105,3612123519,lost,-0.35,1
10:37:05,JD100,,3.995,DIGITUNDER,4,0.4211,0.0220,0.35,115,3612125919,lost,-0.35,1
10:37:07,JD100,,3.984,DIGITOVER,4,0.5227,0.0208,0.35,110,3612129059,won,0.29,1
10:37:09,JD100,,3.984,DIGITOVER,7,0.2152,0.0153,0.35,121,3612131919,won,1.05,1
10:37:11,JD100,,3.983,DIGITOVER,6,0.3208,0.0282,0.35,120,3612133079,lost,-0.35,1
10:37:13,JD100,,3.983,DIGITUNDER,6,0.6213,0.0153,0.35,133,3612137999,lost,-0.35,1
10:37:15,JD100,,3.983,DIGITOVER,7,0.2152,0.0153,0.35,158,3612139339,lost,-0.35,1
10:37:17,JD100,,3.986,DIGITOVER,7,0.2152,0.0152,0.35,131,3612141679,lost,-0.35,1
10:37:19,JD100,,3.986,DIGITOVER,4,0.5226,0.0206,0.35,104,3612142459,won,0.29,1
10:37:22,JD100,,3.992,DIGITOVER,5,0.4227,0.0260,0.35,114,3612144819,won,0.43,1
10:37:24,JD100,,3.992,DIGITOVER,4,0.5226,0.0207,0.35,128,3612145639,lost,-0.35,1
10:37:26,JD100,,3.990,DIGITUNDER,3,0.3161,0.0130,0.35,102,3612146959,lost,-0.35,1
10:37:28,JD100,,3.991,DIGITOVER,5,0.4227,0.0259,0.35,123,3612149479,won,0.43,1
10:37:30,JD100,,3.989,DIGITOVER,7,0.2152,0.0152,0.35,146,3612150419,lost,-0.35,1
10:37:32,JD100,,3.989,DIGITUNDER,3,0.3208,0.0281,0.35,129,3612151459,lost,-0.35,1
10:37:34,JD100,,3.989,DIGITOVER,7,0.2152,0.0151,0.35,126,3612152139,lost,-0.35,1
10:37:36,JD100,,3.989,DIGITUNDER,3,0.3208,0.0280,0.35,134,3612153639,lost,-0.35,1
10:37:38,JD100,,3.986,DIGITOVER,7,0.2152,0.0151,0.35,148,3612155039,lost,-0.35,1
10:37:40,JD100,,3.986,DIGITUNDER,6,0.6213,0.0152,0.35,148,3612156339,lost,-0.35,1
10:37:42,JD100,,3.986,DIGITOVER,4,0.5226,0.0207,0.35,129,3612157319,lost,-0.35,1
10:37:44,JD100,,3.986,DIGITUNDER,3,0.3207,0.0279,0.35,128,3612158439,lost,-0.35,1
10:37:46,JD100,,3.987,DIGITOVER,6,0.3207,0.0279,0.35,123,3612159279,lost,-0.35,1
10:37:48,JD100,,3.987,DIGITUNDER,4,0.4210,0.0218,0.35,120,3612160439,won,0.43,1
10:37:51,JD100,,3.987,DIGITUNDER,3,0.3207,0.0279,0.35,150,3612161179,won,0.65,1
10:37:53,JD100,,3.992,DIGITUNDER,3,0.3207,0.0280,0.35,123,3612162519,lost,-0.35,1
10:37:55,JD100,,3.993,DIGITOVER,5,0.4227,0.0259,0.35,123,3612165119,won,0.43,1
10:37:57,JD100,,3.991,DIGITOVER,4,0.5226,0.0207,0.35,130,3612166059,lost,-0.35,1
10:37:59,JD100,,3.992,DIGITUNDER,3,0.3161,0.0130,0.35,129,3612167459,lost,-0.35,1
10:38:01,JD100,,3.991,DIGITUNDER,6,0.6213,0.0151,0.35,172,3612168279,won,0.19,1
10:38:03,JD100,,3.991,DIGITUNDER,3,0.3207,0.0279,0.35,139,3612169619,won,0.65,1
10:38:05,JD100,,3.991,DIGITUNDER,4,0.4210,0.0218,0.35,117,3612170399,won,0.43,1
10:38:07,JD100,,3.991,DIGITUNDER,6,0.6213,0.0152,0.35,171,3612171759,lost,-0.35,1
10:38:09,JD100,,3.992,DIGITOVER,6,0.3207,0.0280,0.35,125,3612172459,lost,-0.35,1
10:38:11,JD100,,3.992,DIGITOVER,5,0.4227,0.0259,0.35,113,3612175439,lost,-0.35,1
10:38:13,JD100,,3.992,DIGITOVER,5,0.4227,0.0259,0.35,106,3612177679,lost,-0.35,1
10:38:15,JD100,,3.992,DIGITUNDER,3,0.3207,0.0279,0.35,114,3612179019,lost,-0.35,1
10:38:18,JD100,,3.992,DIGITOVER,7,0.2152,0.0149,0.35,109,3612179859,lost,-0.35,1
10:38:20,JD100,,3.992,DIGITUNDER,3,0.3161,0.0130,0.35,119,3612181079,lost,-0.35,1
10:38:22,JD100,,3.992,DIGITOVER,6,0.3207,0.0279,0.35,99,3612182059,won,0.65,1
10:38:24,JD100,,3.992,DIGITOVER,7,0.2151,0.0148,0.35,112,3612183859,lost,-0.35,1
10:38:26,JD100,,3.987,DIGITOVER,6,0.3207,0.0279,0.35,109,3612188719,won,0.65,1
10:38:28,JD100,,3.985,DIGITOVER,5,0.4227,0.0259,0.35,164,3612189559,lost,-0.35,1
10:38:30,JD100,,3.997,DIGITUNDER,3,0.3207,0.0279,0.35,119,3612190599,lost,-0.35,1
10:38:32,JD100,,3.997,DIGITUNDER,6,0.6213,0.0152,0.35,149,3612191499,won,0.19,1
10:38:34,JD100,,3.986,DIGITOVER,6,0.3207,0.0278,0.35,121,3612194999,won,0.65,1
10:38:36,JD100,,3.986,DIGITOVER,7,0.2151,0.0147,0.35,135,3612196039,lost,-0.35,1
10:38:38,JD100,,3.989,DIGITUNDER,4,0.4210,0.0218,0.35,136,3612196959,lost,-0.35,1
10:38:40,JD100,,3.990,DIGITOVER,4,0.5226,0.0207,0.35,105,3612198259,won,0.29,1
10:38:42,JD100,,3.990,DIGITUNDER,3,0.3207,0.0278,0.35,106,3612200459,won,0.65,1
10:38:44,JD100,,3.989,DIGITUNDER,3,0.3207,0.0279,0.35,140,3612202679,won,0.65,1
10:38:46,JD100,,3.986,DIGITUNDER,4,0.4210,0.0218,0.35,122,3612204039,lost,-0.35,1
10:38:48,JD100,,3.985,DIGITUNDER,4,0.4210,0.0218,0.35,127,3612205999,lost,-0.35,1
10:38:51,JD100,,3.986,DIGITOVER,5,0.4227,0.0259,0.35,139,3612208779,lost,-0.35,1
10:38:53,JD100,,3.982,DIGITOVER,6,0.3207,0.0278,0.35,130,3612211239,lost,-0.35,1
10:38:55,JD100,,3.980,DIGITUNDER,6,0.6212,0.0151,0.35,175,3612216499,won,0.19,1
10:38:57,JD100,,3.980,DIGITUNDER,3,0.3207,0.0278,0.35,128,3612218759,lost,-0.35,1
10:38:59,JD100,,3.977,DIGITUNDER,6,0.6213,0.0151,0.35,124,3612219999,won,0.19,1
10:39:01,JD100,,3.976,DIGITUNDER,6,0.6213,0.0152,0.35,122,3612221219,won,0.19,1
10:39:03,JD100,,3.977,DIGITUNDER,3,0.3207,0.0278,0.35,121,3612222599,lost,-0.35,1
10:39:05,JD100,,3.974,DIGITUNDER,6,0.6213,0.0152,0.35,132,3612223279,won,0.19,1
10:39:07,JD100,,3.978,DIGITUNDER,3,0.3207,0.0278,0.35,126,3612225099,lost,-0.35,1
10:39:09,JD100,,3.978,DIGITOVER,5,0.4227,0.0258,0.35,126,3612226059,lost,-0.35,1
10:39:11,JD100,,3.979,DIGITUNDER,3,0.3161,0.0130,0.35,127,3612227299,lost,-0.35,1
10:39:13,JD100,,3.982,DIGITUNDER,3,0.3161,0.0129,0.35,112,3612229419,won,0.65,1
10:39:15,JD100,,3.982,DIGITUNDER,3,0.3161,0.0130,0.35,119,3612230299,won,0.65,1
10:39:17,JD100,,3.987,DIGITUNDER,3,0.3207,0.0278,0.35,138,3612231819,lost,-0.35,1
10:39:20,JD100,,3.988,DIGITOVER,7,0.2151,0.0145,0.35,111,3612233579,lost,-0.35,1
10:39:22,JD100,,3.990,DIGITOVER,6,0.3207,0.0277,0.35,118,3612238299,won,0.65,1
10:39:24,JD100,,3.990,DIGITOVER,5,0.4227,0.0258,0.35,125,3612239059,won,0.43,1
10:39:26,JD100,,3.990,DIGITOVER,4,0.5226,0.0207,0.35,125,3612240419,lost,-0.35,1
10:39:28,JD100,,3.988,DIGITUNDER,3,0.3161,0.0130,0.35,123,3612241319,won,0.65,1
10:39:30,JD100,,3.986,DIGITUNDER,4,0.4210,0.0218,0.35,118,3612243099,won,0.43,1
10:39:32,JD100,,3.990,DIGITUNDER,3,0.3207,0.0278,0.35,117,3612244059,lost,-0.35,1
10:39:34,JD100,,3.988,DIGITOVER,7,0.2151,0.0148,0.35,113,3612245339,lost,-0.35,1
10:39:36,JD100,,3.989,DIGITOVER,5,0.4227,0.0258,0.35,139,3612246019,won,0.43,1
10:39:38,JD100,,3.988,DIGITOVER,4,0.5226,0.0207,0.35,134,3612247279,won,0.29,1
10:39:40,JD100,,3.986,DIGITUNDER,6,0.6213,0.0152,0.35,124,3612250179,won,0.19,1
10:39:42,JD100,,3.986,DIGITUNDER,3,0.3160,0.0128,0.35,156,3612251399,lost,-0.35,1
10:39:44,JD100,,3.986,DIGITUNDER,6,0.6213,0.0152,0.35,97,3612252319,lost,-0.35,1
10:39:46,JD100,,3.987,DIGITOVER,7,0.2152,0.0150,0.35,113,3612253619,lost,-0.35,1
10:39:48,JD100,,3.992,DIGITOVER,4,0.5226,0.0207,0.35,104,3612255759,lost,-0.35,1
10:39:50,JD100,,3.997,DIGITUNDER,4,0.4212,0.0222,0.35,99,3612261879,lost,-0.35,1
10:39:53,JD100,,3.998,DIGITOVER,4,0.5227,0.0208,0.35,110,3612265419,won,0.29,1
10:39:55,JD100,,3.998,DIGITOVER,4,0.5227,0.0208,0.35,143,3612266739,lost,-0.35,1
10:39:57,JD100,,3.999,DIGITOVER,6,0.3208,0.0282,0.35,114,3612268699,won,0.65,1
10:39:59,JD100,,3.999,DIGITOVER,6,0.3208,0.0282,0.35,106,3612270499,won,0.65,1
10:40:01,JD100,,3.998,DIGITOVER,5,0.4228,0.0260,0.35,120,3612271739,lost,-0.35,1
10:40:03,JD100,,3.999,DIGITUNDER,3,0.3161,0.0130,0.35,150,3612272859,lost,-0.35,1
10:40:05,JD100,,3.997,DIGITOVER,4,0.5227,0.0208,0.35,136,3612273999,lost,-0.35,1
10:40:07,JD100,,3.997,DIGITUNDER,4,0.4212,0.0223,0.35,139,3612275639,lost,-0.35,1
10:40:09,JD100,,3.998,DIGITOVER,7,0.2153,0.0154,0.35,175,3612276299,lost,-0.35,1
10:40:11,JD100,,3.998,DIGITUNDER,3,0.3161,0.0130,0.35,136,3612277679,won,0.65,1
10:40:13,JD100,,3.995,DIGITUNDER,4,0.4212,0.0222,0.35,113,3612278519,lost,-0.35,1
10:40:15,JD100,,3.998,DIGITOVER,7,0.2152,0.0153,0.35,147,3612280559,lost,-0.35,1
10:40:17,JD100,,4.000,DIGITOVER,6,0.3208,0.0281,0.35,349,3612282759,won,0.65,1
10:40:19,JD100,,4.000,DIGITOVER,7,0.2152,0.0152,0.35,117,3612284039,won,1.05,1
10:40:21,JD100,,3.999,DIGITOVER,6,0.3208,0.0282,0.35,128,3612285099,lost,-0.35,1
10:40:23,JD100,,4.001,DIGITUNDER,6,0.6213,0.0152,0.35,207,3612286919,won,0.19,1
10:40:26,JD100,,4.001,DIGITUNDER,4,0.4212,0.0222,0.35,148,3612288519,lost,-0.35,1
10:40:28,JD100,,4.000,DIGITOVER,6,0.3208,0.0282,0.35,208,3612289719,lost,-0.35,1
10:40:30,JD100,,4.001,DIGITUNDER,6,0.6213,0.0152,0.35,145,3612290839,lost,-0.35,1
10:40:32,JD100,,4.002,DIGITOVER,6,0.3208,0.0282,0.35,125,3612292379,lost,-0.35,1
10:40:34,JD100,,4.001,DIGITUNDER,3,0.3208,0.0281,0.35,132,3612293459,won,0.65,1
10:40:36,JD100,,4.000,DIGITUNDER,3,0.3160,0.0128,0.35,123,3612294599,lost,-0.35,1
10:40:38,JD100,,4.000,DIGITOVER,7,0.2153,0.0154,0.35,102,3612296139,lost,-0.35,1
10:40:40,JD100,,3.998,DIGITOVER,4,0.5227,0.0208,0.35,121,3612297719,won,0.29,1
10:40:42,JD100,,3.998,DIGITOVER,4,0.5227,0.0209,0.35,102,3612298719,won,0.29,1
10:40:44,JD100,,3.998,DIGITOVER,4,0.5227,0.0209,0.35,122,3612300239,won,0.29,1
10:40:46,JD100,,3.997,DIGITOVER,6,0.3208,0.0283,0.35,134,3612302419,won,0.65,1
10:40:48,JD100,,4.003,DIGITOVER,7,0.2153,0.0155,0.35,128,3612303559,lost,-0.35,1
10:40:50,JD100,,4.002,DIGITOVER,4,0.5227,0.0209,0.35,141,3612304239,won,0.29,1
10:40:52,JD100,,3.998,DIGITUNDER,6,0.6214,0.0153,0.35,131,3612308579,won,0.19,1
10:40:54,JD100,,3.998,DIGITUNDER,6,0.6214,0.0153,0.35,130,3612310339,won,0.19,1
10:40:57,JD100,,3.988,DIGITUNDER,4,0.4213,0.0224,0.35,96,3612311339,lost,-0.35,1
10:40:59,JD100,,3.987,DIGITOVER,7,0.2154,0.0160,0.35,148,3612312519,lost,-0.35,1
10:41:01,JD100,,3.988,DIGITUNDER,4,0.4213,0.0224,0.35,121,3612313679,lost,-0.35,1
10:41:03,JD100,,3.989,DIGITOVER,6,0.3209,0.0286,0.35,130,3612315059,won,0.65,1
10:41:05,JD100,,3.988,DIGITOVER,5,0.4228,0.0262,0.35,112,3612315859,lost,-0.35,1
10:41:07,JD100,,3.987,DIGITUNDER,3,0.3209,0.0286,0.35,136,3612317319,won,0.65,1
10:41:09,JD100,,3.986,DIGITUNDER,3,0.3160,0.0128,0.35,114,3612318479,won,0.65,1
10:41:11,JD100,,3.985,DIGITUNDER,3,0.3210,0.0287,0.35,121,3612319639,lost,-0.35,1
10:41:13,JD100,,3.987,DIGITOVER,4,0.5228,0.0210,0.35,148,3612320859,lost,-0.35,1
10:41:15,JD100,,3.989,DIGITUNDER,3,0.3160,0.0128,0.35,137,3612322119,won,0.65,1
10:41:17,JD100,,3.988,DIGITUNDER,3,0.3210,0.0287,0.35,130,3612322839,lost,-0.35,1
10:41:19,JD100,,3.988,DIGITOVER,5,0.4228,0.0262,0.35,164,3612324559,won,0.43,1
10:41:21,JD100,,3.986,DIGITOVER,6,0.3210,0.0287,0.35,96,3612325099,won,0.65,1
10:41:23,JD100,,3.988,DIGITOVER,6,0.3210,0.0288,0.35,113,3612326199,lost,-0.35,1
10:41:25,JD100,,3.985,DIGITOVER,7,0.2154,0.0161,0.35,118,3612329019,won,1.05,1
10:41:28,JD100,,3.985,DIGITOVER,7,0.2154,0.0162,0.35,275,3612331299,lost,-0.35,1
10:41:30,JD100,,3.984,DIGITOVER,4,0.5228,0.0210,0.35,116,3612332319,won,0.29,1
10:41:32,JD100,,3.984,DIGITOVER,6,0.3210,0.0288,0.35,105,3612333759,lost,-0.35,1
10:41:34,JD100,,3.974,DIGITUNDER,3,0.3210,0.0288,0.35,90,3612334619,lost,-0.35,1
10:41:36,JD100,,3.973,DIGITOVER,6,0.3210,0.0287,0.35,136,3612336699,lost,-0.35,1
10:41:38,JD100,,3.974,DIGITUNDER,3,0.3161,0.0130,0.35,170,3612338839,lost,-0.35,1
10:41:40,JD100,,3.974,DIGITOVER,7,0.2154,0.0162,0.35,98,3612339499,lost,-0.35,1
10:41:42,JD100,,3.977,DIGITOVER,4,0.5228,0.0211,0.35,143,3612340739,won,0.29,1
10:41:44,JD100,,3.975,DIGITUNDER,3,0.3210,0.0287,0.35,120,3612342619,lost,-0.35,1
10:41:46,JD100,,3.975,DIGITOVER,5,0.4229,0.0263,0.35,116,3612345519,lost,-0.35,1
10:41:48,JD100,,3.974,DIGITOVER,7,0.2154,0.0161,0.35,136,3612349439,lost,-0.35,1
10:41:50,JD100,,3.973,DIGITOVER,4,0.5228,0.0210,0.35,111,3612351299,won,0.29,1
10:41:52,JD100,,3.973,DIGITOVER,6,0.3210,0.0287,0.35,128,3612352479,won,0.65,1
10:41:54,JD100,,3.976,DIGITOVER,7,0.2154,0.0160,0.35,129,3612353919,lost,-0.35,1
10:41:56,JD100,,3.977,DIGITUNDER,6,0.6214,0.0153,0.35,114,3612355079,won,0.19,1
10:41:59,JD100,,3.977,DIGITOVER,4,0.5228,0.0211,0.35,115,3612357039,won,0.29,1
10:42:01,JD100,,3.977,DIGITOVER,6,0.3210,0.0287,0.35,124,3612358079,won,0.65,1
10:42:03,JD100,,3.977,DIGITOVER,7,0.2154,0.0159,0.35,106,3612359339,lost,-0.35,1
10:42:05,JD100,,3.976,DIGITUNDER,6,0.6214,0.0153,0.35,130,3612364379,lost,-0.35,1
10:42:07,JD100,,3.974,DIGITOVER,5,0.4229,0.0264,0.35,116,3612367759,lost,-0.35,1
10:42:09,JD100,,3.976,DIGITUNDER,4,0.4212,0.0222,0.35,292,3612368759,lost,-0.35,1
10:42:11,JD100,,3.977,DIGITOVER,6,0.3210,0.0287,0.35,172,3612369779,won,0.65,1
10:42:13,JD100,,3.977,DIGITOVER,6,0.3210,0.0288,0.35,130,3612372299,lost,-0.35,1
10:42:15,JD100,,3.977,DIGITUNDER,3,0.3161,0.0131,0.35,126,3612373139,lost,-0.35,1
10:42:17,JD100,,3.977,DIGITOVER,7,0.2154,0.0160,0.35,130,3612374519,lost,-0.35,1
10:42:19,JD100,,3.977,DIGITUNDER,6,0.6214,0.0153,0.35,102,3612375659,won,0.19,1
10:42:21,JD100,,3.975,DIGITUNDER,3,0.3210,0.0287,0.35,151,3612377619,lost,-0.35,1
10:42:23,JD100,,3.976,DIGITOVER,4,0.5228,0.0210,0.35,168,3612380119,won,0.29,1
10:42:25,JD100,,3.976,DIGITOVER,7,0.2154,0.0161,0.35,110,3612383959,lost,-0.35,1
10:42:27,JD100,,3.977,DIGITUNDER,6,0.6213,0.0152,0.35,141,3612385119,lost,-0.35,1
10:42:29,JD100,,3.978,DIGITOVER,7,0.2154,0.0160,0.35,144,3612385979,lost,-0.35,1
10:42:32,JD100,,3.977,DIGITOVER,5,0.4229,0.0264,0.35,116,3612387499,lost,-0.35,1
10:42:34,JD100,,3.975,DIGITOVER,6,0.3210,0.0286,0.35,132,3612389699,lost,-0.35,1
10:42:36,JD100,,3.976,DIGITUNDER,4,0.4212,0.0222,0.35,105,3612390739,won,0.43,1
10:42:38,JD100,,3.982,DIGITUNDER,4,0.4212,0.0222,0.35,123,3612392079,won,0.43,1
10:42:41,JD100,,3.982,DIGITUNDER,3,0.3161,0.0130,0.35,121,3612392959,won,0.65,1
10:42:43,JD100,,3.982,DIGITUNDER,3,0.3161,0.0130,0.35,116,3612394319,lost,-0.35,1
10:42:45,JD100,,3.981,DIGITOVER,4,0.5228,0.0210,0.35,133,3612395059,won,0.29,1
10:42:47,JD100,,3.981,DIGITOVER,6,0.3210,0.0287,0.35,350,3612396459,won,0.65,1
10:42:49,JD100,,3.984,DIGITOVER,5,0.4229,0.0264,0.35,99,3612397639,lost,-0.35,1
10:42:51,JD100,,3.986,DIGITUNDER,6,0.6213,0.0153,0.35,105,3612399919,won,0.19,1
10:42:53,JD100,,3.986,DIGITUNDER,3,0.3161,0.0129,0.35,127,3612401679,lost,-0.35,1
10:42:55,JD100,,3.986,DIGITOVER,7,0.2155,0.0163,0.35,168,3612402479,lost,-0.35,1
10:42:57,JD100,,3.982,DIGITUNDER,3,0.3161,0.0130,0.35,128,3612403579,won,0.65,1
10:42:59,JD100,,3.982,DIGITUNDER,3,0.3161,0.0130,0.35,147,3612404219,won,0.65,1
10:43:02,JD100,,3.981,DIGITUNDER,3,0.3210,0.0289,0.35,134,3612405539,lost,-0.35,1
10:43:04,JD100,,3.983,DIGITOVER,4,0.5228,0.0210,0.35,146,3612406339,won,0.29,1
10:43:06,JD100,,3.983,DIGITOVER,6,0.3210,0.0289,0.35,124,3612407439,won,0.65,1
10:43:08,JD100,,3.982,DIGITOVER,5,0.4230,0.0265,0.35,121,3612409659,won,0.43,1
10:43:10,JD100,,3.983,DIGITOVER,6,0.3211,0.0290,0.35,152,3612411399,won,0.65,1
10:43:12,JD100,,3.979,DIGITOVER,6,0.3211,0.0290,0.35,139,3612412219,lost,-0.35,1
10:43:14,JD100,,3.974,DIGITOVER,5,0.4230,0.0266,0.35,156,3612414179,lost,-0.35,1
10:43:16,JD100,,3.973,DIGITUNDER,3,0.3161,0.0131,0.35,92,3612416779,won,0.65,1
10:43:18,JD100,,3.974,DIGITUNDER,4,0.4212,0.0224,0.35,115,3612417899,won,0.43,1
10:43:20,JD100,,3.972,DIGITUNDER,3,0.3161,0.0131,0.35,118,3612418919,lost,-0.35,1
10:43:22,JD100,,3.973,DIGITOVER,4,0.5228,0.0211,0.35,137,3612420099,won,0.29,1
10:43:24,JD100,,3.973,DIGITUNDER,6,0.6214,0.0154,0.35,132,3612422459,won,0.19,1
10:43:26,JD100,,3.973,DIGITUNDER,6,0.6214,0.0154,0.35,123,3612423339,won,0.19,1
10:43:28,JD100,,3.978,DIGITUNDER,3,0.3161,0.0131,0.35,122,3612426299,lost,-0.35,1
10:43:31,JD100,,3.978,DIGITOVER,6,0.3210,0.0289,0.35,122,3612427699,lost,-0.35,1
10:43:33,JD100,,3.978,DIGITUNDER,3,0.3210,0.0288,0.35,101,3612428759,lost,-0.35,1
10:43:35,JD100,,3.976,DIGITUNDER,3,0.3210,0.0288,0.35,131,3612432399,lost,-0.35,1
10:43:37,JD100,,3.978,DIGITOVER,5,0.4229,0.0265,0.35,100,3612433259,won,0.43,1
10:43:39,JD100,,3.977,DIGITOVER,4,0.5228,0.0211,0.35,114,3612434559,lost,-0.35,1
10:43:41,JD100,,3.979,DIGITUNDER,3,0.3210,0.0288,0.35,159,3612435539,lost,-0.35,1
10:43:43,JD100,,3.979,DIGITOVER,7,0.2155,0.0164,0.35,136,3612436899,lost,-0.35,1
10:43:45,JD100,,3.979,DIGITUNDER,4,0.4213,0.0224,0.35,123,3612437839,lost,-0.35,1
10:43:47,JD100,,3.980,DIGITOVER,5,0.4229,0.0264,0.35,140,3612440019,lost,-0.35,1
10:43:49,JD100,,3.982,DIGITUNDER,3,0.3160,0.0129,0.35,168,3612443199,won,0.65,1
10:43:51,JD100,,3.982,DIGITUNDER,4,0.4213,0.0224,0.35,147,3612444679,won,0.43,1
10:43:53,JD100,,3.981,DIGITUNDER,3,0.3160,0.0129,0.35,152,3612445919,lost,-0.35,1
10:43:55,JD100,,3.981,DIGITOVER,6,0.3210,0.0287,0.35,129,3612447639,lost,-0.35,1
10:43:57,JD100,,3.983,DIGITUNDER,6,0.6214,0.0153,0.35,135,3612448459,won,0.19,1
10:43:59,JD100,,3.982,DIGITUNDER,4,0.4213,0.0225,0.35,150,3612450359,lost,-0.35,1
10:44:01,JD100,,3.983,DIGITOVER,7,0.2154,0.0162,0.35,123,3612451579,lost,-0.35,1
10:44:03,JD100,,3.982,DIGITOVER,4,0.5227,0.0209,0.35,142,3612452099,won,0.29,1
10:44:06,JD100,,3.982,DIGITOVER,6,0.3209,0.0286,0.35,510,3612455719,lost,-0.35,1
10:44:08,JD100,,3.983,DIGITOVER,7,0.2154,0.0161,0.35,144,3612458359,won,1.05,1
10:44:10,JD100,,3.983,DIGITOVER,6,0.3209,0.0286,0.35,139,3612459339,lost,-0.35,1
10:44:12,JD100,,3.984,DIGITOVER,6,0.3209,0.0286,0.35,97,3612461559,won,0.65,1
10:44:14,JD100,,3.983,DIGITOVER,6,0.3209,0.0286,0.35,119,3612463039,won,0.65,1
10:44:16,JD100,,3.982,DIGITOVER,7,0.2154,0.0162,0.35,93,3612464459,lost,-0.35,1
10:44:18,JD100,,3.982,DIGITOVER,4,0.5227,0.0209,0.35,117,3612465439,won,0.29,1
10:44:20,JD100,,3.977,DIGITOVER,4,0.5228,0.0210,0.35,131,3612467419,won,0.29,1
10:44:22,JD100,,3.978,DIGITOVER,6,0.3210,0.0288,0.35,103,3612470239,won,0.65,1
10:44:24,JD100,,3.976,DIGITOVER,5,0.4229,0.0264,0.35,199,3612472879,won,0.43,1
10:44:26,JD100,,3.975,DIGITOVER,4,0.5228,0.0211,0.35,147,3612476959,lost,-0.35,1
10:44:28,JD100,,3.976,DIGITUNDER,4,0.4213,0.0226,0.35,162,3612479639,lost,-0.35,1
10:44:30,JD100,,3.976,DIGITOVER,7,0.2155,0.0164,0.35,112,3612481859,lost,-0.35,1
10:44:32,JD100,,3.977,DIGITUNDER,3,0.3210,0.0288,0.35,174,3612484039,lost,-0.35,1
10:44:34,JD100,,3.980,DIGITOVER,6,0.3210,0.0288,0.35,101,3612485059,lost,-0.35,1
10:44:36,JD100,,3.986,DIGITOVER,5,0.4229,0.0263,0.35,128,3612487779,lost,-0.35,1
10:44:39,JD100,,3.985,DIGITUNDER,6,0.6214,0.0154,0.35,96,3612491219,won,0.19,1
10:44:41,JD100,,3.985,DIGITUNDER,3,0.3159,0.0126,0.35,136,3612492099,lost,-0.35,1
10:44:43,JD100,,3.986,DIGITUNDER,6,0.6214,0.0154,0.35,122,3612493599,won,0.19,1
10:44:45,JD100,,3.985,DIGITUNDER,6,0.6214,0.0154,0.35,144,3612494899,won,0.19,1
10:44:47,JD100,,3.986,DIGITUNDER,3,0.3210,0.0288,0.35,131,3612496039,won,0.65,1
10:44:49,JD100,,3.985,DIGITUNDER,3,0.3210,0.0288,0.35,174,3612496939,lost,-0.35,1
10:44:51,JD100,,3.985,DIGITOVER,4,0.5228,0.0210,0.35,107,3612499799,won,0.29,1
10:44:53,JD100,,3.983,DIGITOVER,7,0.2155,0.0166,0.35,118,3612500779,lost,-0.35,1
10:44:55,JD100,,3.984,DIGITOVER,4,0.5228,0.0210,0.35,105,3612502399,won,0.29,1
10:44:57,JD100,,3.985,DIGITOVER,6,0.3210,0.0288,0.35,144,3612503459,lost,-0.35,1
10:44:59,JD100,,3.985,DIGITUNDER,3,0.3160,0.0128,0.35,135,3612504879,lost,-0.35,1
10:45:01,JD100,,3.983,DIGITOVER,4,0.5228,0.0211,0.35,104,3612506099,lost,-0.35,1
10:45:04,JD100,,3.983,DIGITOVER,7,0.2155,0.0164,0.35,116,3612507879,lost,-0.35,1
10:45:06,JD100,,3.980,DIGITUNDER,6,0.6214,0.0154,0.35,118,3612508899,lost,-0.35,1
10:45:08,JD100,,3.982,DIGITOVER,6,0.3209,0.0286,0.35,103,3612509759,lost,-0.35,1
10:45:10,JD100,,3.982,DIGITUNDER,6,0.6214,0.0154,0.35,130,3612511759,won,0.19,1
10:45:12,JD100,,3.981,DIGITUNDER,3,0.3209,0.0286,0.35,114,3612513319,lost,-0.35,1
10:45:14,JD100,,3.980,DIGITOVER,7,0.2155,0.0164,0.35,146,3612515799,lost,-0.35,1
10:45:16,JD100,,3.982,DIGITOVER,6,0.3209,0.0286,0.35,157,3612519639,lost,-0.35,1
10:45:18,JD100,,3.982,DIGITUNDER,3,0.3159,0.0126,0.35,111,3612521199,won,0.65,1
10:45:20,JD100,,3.980,DIGITUNDER,3,0.3209,0.0286,0.35,118,3612522339,won,0.65,1
10:45:22,JD100,,3.977,DIGITUNDER,3,0.3160,0.0126,0.35,116,3612523399,won,0.65,1
10:45:24,JD100,,3.976,DIGITUNDER,4,0.4213,0.0224,0.35,133,3612524959,lost,-0.35,1
10:45:26,JD100,,3.973,DIGITOVER,4,0.5228,0.0210,0.35,94,3612525799,lost,-0.35,1
10:45:28,JD100,,3.970,DIGITUNDER,6,0.6215,0.0155,0.35,116,3612529779,lost,-0.35,1
10:45:30,JD100,,3.966,DIGITOVER,5,0.4229,0.0263,0.35,418,3612531959,won,0.43,1
10:45:33,JD100,,3.966,DIGITOVER,7,0.2154,0.0162,0.35,140,3612533579,won,1.05,1
10:45:35,JD100,,3.964,DIGITOVER,7,0.2155,0.0163,0.35,189,3612536339,won,1.05,1
10:45:37,JD100,,3.963,DIGITOVER,7,0.2155,0.0164,0.35,134,3612537679,lost,-0.35,1
10:45:39,JD100,,3.958,DIGITUNDER,6,0.6215,0.0155,0.35,109,3612539219,lost,-0.35,1
10:45:41,JD100,,3.959,DIGITOVER,6,0.3209,0.0286,0.35,152,3612540359,lost,-0.35,1
10:45:43,JD100,,3.960,DIGITUNDER,4,0.4213,0.0224,0.35,100,3612541339,won,0.43,1
10:45:45,JD100,,3.956,DIGITUNDER,4,0.4213,0.0225,0.35,127,3612542799,won,0.43,1
10:45:47,JD100,,3.956,DIGITUNDER,4,0.4213,0.0225,0.35,137,3612544679,lost,-0.35,1
10:45:49,JD100,,3.958,DIGITOVER,6,0.3210,0.0287,0.35,123,3612545699,lost,-0.35,1
10:45:51,JD100,,3.959,DIGITUNDER,3,0.3209,0.0286,0.35,138,3612548639,lost,-0.35,1
10:45:53,JD100,,3.955,DIGITUNDER,6,0.6214,0.0154,0.35,128,3612549619,won,0.19,1
10:45:55,JD100,,3.960,DIGITUNDER,4,0.4213,0.0225,0.35,105,3612551639,won,0.43,1
10:45:57,JD100,,3.961,DIGITUNDER,3,0.3160,0.0128,0.35,120,3612552939,lost,-0.35,1
10:45:59,JD100,,3.961,DIGITUNDER,6,0.6215,0.0155,0.35,103,3612553779,won,0.19,1
10:46:01,JD100,,3.965,DIGITOVER,6,0.3209,0.0286,0.35,117,3612555459,lost,-0.35,1
10:46:03,JD100,,3.967,DIGITUNDER,3,0.3209,0.0286,0.35,96,3612558699,lost,-0.35,1
10:46:06,JD100,,3.968,DIGITOVER,5,0.4228,0.0262,0.35,172,3612560639,won,0.43,1
10:46:08,JD100,,3.965,DIGITOVER,5,0.4228,0.0262,0.35,130,3612561599,lost,-0.35,1
10:46:10,JD100,,3.966,DIGITUNDER,3,0.3160,0.0128,0.35,117,3612563099,lost,-0.35,1
10:46:12,JD100,,3.966,DIGITOVER,6,0.3209,0.0285,0.35,150,3612563859,lost,-0.35,1
10:46:14,JD100,,3.965,DIGITUNDER,3,0.3160,0.0128,0.35,136,3612565259,lost,-0.35,1
10:46:16,JD100,,3.966,DIGITOVER,5,0.4228,0.0262,0.35,180,3612566799,won,0.43,1
10:46:18,JD100,,3.966,DIGITOVER,5,0.4228,0.0262,0.35,135,3612568059,won,0.43,1
10:46:20,JD100,,3.972,DIGITOVER,6,0.3209,0.0286,0.35,161,3612569359,won,0.65,1
10:46:22,JD100,,3.971,DIGITOVER,5,0.4229,0.0263,0.35,118,3612572559,won,0.43,1
10:46:24,JD100,,3.970,DIGITOVER,4,0.5228,0.0210,0.35,129,3612573339,won,0.29,1
10:46:26,JD100,,3.964,DIGITUNDER,6,0.6215,0.0156,0.35,118,3612576879,won,0.19,1
10:46:28,JD100,,3.964,DIGITUNDER,3,0.3160,0.0127,0.35,147,3612577739,lost,-0.35,1
10:46:30,JD100,,3.959,DIGITOVER,6,0.3210,0.0288,0.35,125,3612579359,lost,-0.35,1
10:46:32,JD100,,3.959,DIGITUNDER,4,0.4214,0.0226,0.35,111,3612580339,lost,-0.35,1
10:46:34,JD100,,3.960,DIGITOVER,4,0.5227,0.0209,0.35,115,3612581599,won,0.29,1
10:46:36,JD100,,3.958,DIGITOVER,7,0.2155,0.0165,0.35,133,3612582539,won,1.05,1
10:46:39,JD100,,3.958,DIGITOVER,7,0.2155,0.0166,0.35,115,3612583739,lost,-0.35,1
10:46:41,JD100,,3.953,DIGITUNDER,6,0.6215,0.0155,0.35,114,3612585879,won,0.19,1
10:46:43,JD100,,3.953,DIGITUNDER,6,0.6215,0.0155,0.35,109,3612586939,won,0.19,1
10:46:45,JD100,,3.949,DIGITUNDER,4,0.4214,0.0227,0.35,108,3612588099,won,0.43,1
10:46:47,JD100,,3.949,DIGITUNDER,3,0.3210,0.0289,0.35,109,3612589059,lost,-0.35,1
10:46:49,JD100,,3.949,DIGITOVER,6,0.3210,0.0289,0.35,117,3612590319,lost,-0.35,1
10:46:51,JD100,,3.948,DIGITUNDER,6,0.6215,0.0156,0.35,106,3612592359,won,0.19,1
10:46:53,JD100,,3.948,DIGITUNDER,3,0.3160,0.0127,0.35,106,3612597299,lost,-0.35,1
10:46:55,JD100,,3.945,DIGITOVER,6,0.3210,0.0290,0.35,143,3612598999,lost,-0.35,1
10:46:57,JD100,,3.945,DIGITUNDER,3,0.3210,0.0289,0.35,168,3612599799,won,0.65,1
10:46:59,JD100,,3.945,DIGITUNDER,4,0.4214,0.0228,0.35,201,3612601099,lost,-0.35,1
10:47:01,JD100,,3.943,DIGITOVER,4,0.5228,0.0210,0.35,144,3612601999,lost,-0.35,1
10:47:03,JD100,,3.944,DIGITUNDER,4,0.4214,0.0227,0.35,145,3612603539,lost,-0.35,1
10:47:05,JD100,,3.946,DIGITOVER,7,0.2156,0.0168,0.35,206,3612605379,lost,-0.35,1
10:47:08,JD100,,3.950,DIGITOVER,5,0.4229,0.0263,0.35,132,3612606179,lost,-0.35,1
10:47:10,JD100,,3.950,DIGITUNDER,6,0.6215,0.0155,0.35,142,3612607719,won,0.19,1
10:47:12,JD100,,3.949,DIGITUNDER,3,0.3210,0.0288,0.35,125,3612608579,lost,-0.35,1
10:47:14,JD100,,3.952,DIGITUNDER,6,0.6215,0.0155,0.35,145,3612609879,won,0.19,1
10:47:16,JD100,,3.950,DIGITUNDER,6,0.6215,0.0156,0.35,134,3612611539,lost,-0.35,1
10:47:18,JD100,,3.953,DIGITOVER,5,0.4229,0.0263,0.35,128,3612612979,lost,-0.35,1
10:47:20,JD100,,3.951,DIGITUNDER,3,0.3159,0.0126,0.35,160,3612614899,lost,-0.35,1
10:47:22,JD100,,3.951,DIGITUNDER,3,0.3210,0.0287,0.35,122,3612620119,lost,-0.35,1
10:47:24,JD100,,3.952,DIGITOVER,7,0.2155,0.0166,0.35,158,3612620659,won,1.05,1
10:47:26,JD100,,3.950,DIGITOVER,7,0.2155,0.0167,0.35,168,3612623079,lost,-0.35,1
10:47:28,JD100,,3.948,DIGITUNDER,3,0.3160,0.0126,0.35,151,3612624459,won,0.65,1
10:47:30,JD100,,3.948,DIGITUNDER,3,0.3210,0.0288,0.35,126,3612625939,lost,-0.35,1
10:47:32,JD100,,3.948,DIGITUNDER,3,0.3210,0.0288,0.35,146,3612627979,lost,-0.35,1
10:47:34,JD100,,3.947,DIGITOVER,6,0.3210,0.0288,0.35,142,3612631159,lost,-0.35,1
10:47:37,JD100,,3.942,DIGITUNDER,6,0.6215,0.0155,0.35,164,3612633759,won,0.19,1
10:47:39,JD100,,3.946,DIGITOVER,5,0.4229,0.0263,0.35,152,3612636179,won,0.43,1
10:47:41,JD100,,3.946,DIGITOVER,5,0.4229,0.0263,0.35,138,3612637079,won,0.43,1
10:47:43,JD100,,3.946,DIGITOVER,4,0.5228,0.0209,0.35,131,3612637939,lost,-0.35,1
10:47:45,JD100,,3.946,DIGITUNDER,6,0.6215,0.0155,0.35,133,3612638999,won,0.19,1
10:47:47,JD100,,3.942,DIGITUNDER,3,0.3210,0.0289,0.35,159,3612639859,lost,-0.35,1
10:47:49,JD100,,3.952,DIGITUNDER,4,0.4214,0.0228,0.35,161,3612641979,lost,-0.35,1
10:47:51,JD100,,3.952,DIGITOVER,4,0.5228,0.0209,0.35,128,3612644939,lost,-0.35,1
10:47:53,JD100,,3.950,DIGITUNDER,3,0.3159,0.0125,0.35,129,3612646459,won,0.65,1
10:47:55,JD100,,3.954,DIGITUNDER,4,0.4214,0.0228,0.35,101,3612647559,won,0.43,1
10:47:57,JD100,,3.952,DIGITUNDER,4,0.4214,0.0228,0.35,141,3612648579,won,0.43,1
10:47:59,JD100,,3.951,DIGITUNDER,3,0.3210,0.0289,0.35,160,3612649779,won,0.65,1
10:48:02,JD100,,3.951,DIGITUNDER,3,0.3159,0.0126,0.35,144,3612651159,lost,-0.35,1
10:48:04,JD100,,3.952,DIGITOVER,4,0.5228,0.0210,0.35,134,3612652279,won,0.29,1
10:48:06,JD100,,3.954,DIGITOVER,6,0.3211,0.0290,0.35,159,3612654659,lost,-0.35,1
10:48:08,JD100,,3.954,DIGITOVER,4,0.5228,0.0210,0.35,149,3612656399,won,0.29,1
10:48:10,JD100,,3.954,DIGITOVER,4,0.5228,0.0210,0.35,174,3612657219,lost,-0.35,1
10:48:12,JD100,,3.954,DIGITUNDER,4,0.4215,0.0230,0.35,137,3612660039,lost,-0.35,1
10:48:14,JD100,,3.946,DIGITOVER,4,0.5228,0.0210,0.35,146,3612661119,lost,-0.35,1
10:48:16,JD100,,3.950,DIGITUNDER,6,0.6215,0.0156,0.35,143,3612662339,lost,-0.35,1
10:48:18,JD100,,3.950,DIGITOVER,6,0.3210,0.0289,0.35,236,3612663899,lost,-0.35,1
10:48:20,JD100,,3.951,DIGITUNDER,4,0.4215,0.0229,0.35,148,3612664759,lost,-0.35,1
10:48:22,JD100,,3.951,DIGITUNDER,6,0.6215,0.0155,0.35,133,3612668299,won,0.19,1
10:48:24,JD100,,3.950,DIGITUNDER,3,0.3210,0.0289,0.35,137,3612671159,lost,-0.35,1
10:48:26,JD100,,3.950,DIGITUNDER,6,0.6215,0.0156,0.35,121,3612672379,won,0.19,1
10:48:28,JD100,,3.956,DIGITUNDER,3,0.3210,0.0288,0.35,121,3612674999,lost,-0.35,1
10:48:30,JD100,,3.959,DIGITUNDER,3,0.3159,0.0125,0.35,156,3612677719,won,0.65,1
10:48:33,JD100,,3.956,DIGITUNDER,3,0.3210,0.0288,0.35,199,3612678539,lost,-0.35,1
10:48:35,JD100,,3.957,DIGITOVER,6,0.3210,0.0288,0.35,140,3612680479,lost,-0.35,1
10:48:37,JD100,,3.953,DIGITUNDER,6,0.6215,0.0155,0.35,130,3612681359,won,0.19,1
10:48:39,JD100,,3.952,DIGITUNDER,4,0.4214,0.0227,0.35,141,3612682639,lost,-0.35,1
10:48:41,JD100,,3.953,DIGITOVER,5,0.4229,0.0263,0.35,130,3612683779,won,0.43,1
10:48:43,JD100,,3.952,DIGITOVER,4,0.5228,0.0209,0.35,151,3612685459,lost,-0.35,1
10:48:45,JD100,,3.956,DIGITUNDER,6,0.6215,0.0155,0.35,145,3612686779,won,0.19,1
10:48:47,JD100,,3.960,DIGITOVER,6,0.3210,0.0287,0.35,152,3612688999,lost,-0.35,1
10:48:49,JD100,,3.961,DIGITUNDER,4,0.4214,0.0226,0.35,148,3612690379,won,0.43,1
10:48:51,JD100,,3.960,DIGITUNDER,4,0.4214,0.0227,0.35,178,3612691259,lost,-0.35,1
10:48:53,JD100,,3.961,DIGITOVER,6,0.3210,0.0287,0.35,144,3612692879,lost,-0.35,1
10:48:55,JD100,,3.963,DIGITOVER,4,0.5227,0.0209,0.35,157,3612693799,won,0.29,1
10:48:57,JD100,,3.963,DIGITOVER,4,0.5227,0.0209,0.35,149,3612695939,won,0.29,1
10:48:59,JD100,,3.962,DIGITUNDER,3,0.3159,0.0124,0.35,167,3612699259,lost,-0.35,1
10:49:01,JD100,,3.966,DIGITOVER,5,0.4229,0.0263,0.35,139,3612700579,lost,-0.35,1
10:49:04,JD100,,3.966,DIGITUNDER,3,0.3210,0.0288,0.35,166,3612701379,lost,-0.35,1
10:49:06,JD100,,3.969,DIGITUNDER,3,0.3158,0.0123,0.35,147,3612703419,lost,-0.35,1
10:49:08,JD100,,3.967,DIGITOVER,6,0.3210,0.0287,0.35,140,3612704739,lost,-0.35,1
10:49:10,JD100,,3.963,DIGITUNDER,3,0.3210,0.0287,0.35,122,3612707159,lost,-0.35,1
10:49:12,JD100,,3.963,DIGITOVER,6,0.3210,0.0287,0.35,134,3612708299,lost,-0.35,1
10:49:14,JD100,,3.964,DIGITUNDER,6,0.6214,0.0154,0.35,143,3612709159,won,0.19,1
10:49:16,JD100,,3.967,DIGITOVER,4,0.5227,0.0209,0.35,155,3612711859,lost,-0.35,1
10:49:18,JD100,,3.963,DIGITUNDER,6,0.6215,0.0155,0.35,158,3612713099,won,0.19,1
10:49:20,JD100,,3.963,DIGITUNDER,3,0.3209,0.0286,0.35,136,3612715259,lost,-0.35,1
10:49:22,JD100,,3.965,DIGITOVER,4,0.5227,0.0208,0.35,116,3612716579,lost,-0.35,1
10:49:24,JD100,,3.967,DIGITOVER,7,0.2155,0.0165,0.35,194,3612718959,lost,-0.35,1
10:49:26,JD100,,3.966,DIGITUNDER,3,0.3209,0.0285,0.35,130,3612721339,lost,-0.35,1
10:49:28,JD100,,3.967,DIGITUNDER,3,0.3158,0.0122,0.35,127,3612723359,won,0.65,1
10:49:30,JD100,,3.966,DIGITUNDER,4,0.4213,0.0225,0.35,147,3612724819,won,0.43,1
10:49:32,JD100,,3.966,DIGITUNDER,4,0.4213,0.0226,0.35,346,3612725999,won,0.43,1
10:49:34,JD100,,3.969,DIGITUNDER,6,0.6215,0.0155,0.35,129,3612727379,lost,-0.35,1
10:49:37,JD100,,3.970,DIGITOVER,4,0.5227,0.0208,0.35,168,3612729719,lost,-0.35,1
10:49:39,JD100,,3.971,DIGITUNDER,3,0.3209,0.0285,0.35,138,3612731239,won,0.65,1
10:49:41,JD100,,3.968,DIGITUNDER,3,0.3209,0.0286,0.35,145,3612732119,lost,-0.35,1
10:49:43,JD100,,3.968,DIGITUNDER,6,0.6214,0.0154,0.35,216,3612733119,won,0.19,1
10:49:45,JD100,,3.968,DIGITUNDER,4,0.4213,0.0226,0.35,155,3612734519,lost,-0.35,1
10:49:47,JD100,,3.967,DIGITUNDER,6,0.6215,0.0155,0.35,152,3612737939,won,0.19,1
10:49:49,JD100,,3.967,DIGITUNDER,6,0.6215,0.0155,0.35,123,3612739119,lost,-0.35,1
10:49:51,JD100,,3.968,DIGITOVER,5,0.4228,0.0262,0.35,157,3612739839,lost,-0.35,1
10:49:53,JD100,,3.966,DIGITUNDER,3,0.3159,0.0123,0.35,157,3612742739,lost,-0.35,1
10:49:55,JD100,,3.969,DIGITOVER,5,0.4228,0.0261,0.35,147,3612745119,lost,-0.35,1
10:49:57,JD100,,3.969,DIGITUNDER,4,0.4213,0.0225,0.35,154,3612746919,won,0.43,1
10:49:59,JD100,,3.969,DIGITUNDER,3,0.3209,0.0285,0.35,143,3612748239,won,0.65,1
10:50:01,JD100,,3.968,DIGITUNDER,4,0.4213,0.0226,0.35,147,3612749599,lost,-0.35,1
10:50:03,JD100,,3.971,DIGITUNDER,6,0.6215,0.0155,0.35,190,3612751559,won,0.19,1
10:50:06,JD100,,3.970,DIGITUNDER,6,0.6215,0.0155,0.35,120,3612752999,won,0.19,1
10:50:08,JD100,,3.969,DIGITUNDER,4,0.4214,0.0227,0.35,168,3612755259,lost,-0.35,1
10:50:10,JD100,,3.968,DIGITOVER,4,0.5227,0.0209,0.35,153,3612757459,won,0.29,1
10:50:12,JD100,,3.967,DIGITOVER,6,0.3209,0.0286,0.35,142,3612758839,lost,-0.35,1
10:50:14,JD100,,3.966,DIGITOVER,4,0.5227,0.0209,0.35,103,3612760299,won,0.29,1
10:50:16,JD100,,3.964,DIGITOVER,5,0.4229,0.0264,0.35,144,3612761039,won,0.43,1
10:50:18,JD100,,3.965,DIGITOVER,7,0.2155,0.0165,0.35,122,3612762619,lost,-0.35,1
10:50:20,JD100,,3.965,DIGITUNDER,4,0.4214,0.0226,0.35,130,3612763619,won,0.43,1
10:50:22,JD100,,3.965,DIGITUNDER,3,0.3209,0.0286,0.35,135,3612765039,lost,-0.35,1
10:50:24,JD100,,3.964,DIGITOVER,7,0.2155,0.0166,0.35,150,3612766399,lost,-0.35,1
10:50:26,JD100,,3.962,DIGITUNDER,4,0.4214,0.0227,0.35,132,3612767839,lost,-0.35,1
10:50:28,JD100,,3.963,DIGITOVER,5,0.4229,0.0263,0.35,156,3612768779,won,0.43,1
10:50:30,JD100,,3.961,DIGITOVER,6,0.3209,0.0286,0.35,127,3612770519,won,0.65,1
10:50:32,JD100,,3.961,DIGITOVER,7,0.2155,0.0165,0.35,185,3612771779,lost,-0.35,1
10:50:34,JD100,,3.961,DIGITUNDER,3,0.3160,0.0127,0.35,231,3612772839,lost,-0.35,1
10:50:36,JD100,,3.964,DIGITOVER,6,0.3210,0.0287,0.35,157,3612773979,lost,-0.35,1
10:50:38,JD100,,3.968,DIGITUNDER,3,0.3160,0.0127,0.35,132,3612775019,lost,-0.35,1
10:50:41,JD100,,3.969,DIGITOVER,4,0.5228,0.0210,0.35,110,3612777639,won,0.29,1
10:50:43,JD100,,3.969,DIGITOVER,4,0.5228,0.0211,0.35,173,3612778819,won,0.29,1
10:50:45,JD100,,3.967,DIGITUNDER,3,0.3160,0.0127,0.35,142,3612781019,won,0.65,1
10:50:47,JD100,,3.963,DIGITUNDER,4,0.4214,0.0227,0.35,131,3612782139,won,0.43,1
10:50:49,JD100,,3.964,DIGITUNDER,3,0.3160,0.0128,0.35,157,3612783359,lost,-0.35,1
10:50:51,JD100,,3.965,DIGITOVER,6,0.3210,0.0287,0.35,99,3612784659,lost,-0.35,1
10:50:53,JD100,,3.962,DIGITOVER,5,0.4230,0.0265,0.35,112,3612786699,won,0.43,1
10:50:55,JD100,,3.958,DIGITOVER,5,0.4230,0.0265,0.35,130,3612787779,won,0.43,1
10:50:57,JD100,,3.956,DIGITOVER,5,0.4230,0.0266,0.35,116,3612789579,lost,-0.35,1
10:50:59,JD100,,3.952,DIGITOVER,6,0.3210,0.0287,0.35,150,3612793159,won,0.65,1
10:51:01,JD100,,3.952,DIGITOVER,6,0.3210,0.0288,0.35,136,3612794259,lost,-0.35,1
10:51:03,JD100,,3.951,DIGITUNDER,3,0.3160,0.0129,0.35,130,3612795539,lost,-0.35,1
10:51:05,JD100,,3.951,DIGITOVER,6,0.3210,0.0287,0.35,123,3612796599,lost,-0.35,1
10:51:07,JD100,,3.951,DIGITUNDER,6,0.6216,0.0158,0.35,146,3612797859,lost,-0.35,1
10:51:09,JD100,,3.955,DIGITOVER,4,0.5228,0.0211,0.35,113,3612799199,won,0.29,1
10:51:11,JD100,,3.958,DIGITOVER,7,0.2155,0.0166,0.35,157,3612801059,lost,-0.35,1
10:51:13,JD100,,3.960,DIGITUNDER,6,0.6216,0.0157,0.35,131,3612802579,won,0.19,1
10:51:16,JD100,,3.961,DIGITUNDER,3,0.3160,0.0128,0.35,105,3612805519,won,0.65,1
10:51:18,JD100,,3.959,DIGITUNDER,3,0.3209,0.0286,0.35,145,3612807319,lost,-0.35,1
10:51:20,JD100,,3.964,DIGITUNDER,3,0.3160,0.0128,0.35,138,3612810259,lost,-0.35,1
10:51:22,JD100,,3.965,DIGITOVER,4,0.5228,0.0211,0.35,121,3612815199,lost,-0.35,1
10:51:24,JD100,,3.966,DIGITUNDER,6,0.6216,0.0157,0.35,134,3612816499,won,0.19,1
10:51:26,JD100,,3.966,DIGITUNDER,4,0.4214,0.0227,0.35,128,3612817459,lost,-0.35,1
10:51:28,JD100,,3.966,DIGITOVER,6,0.3209,0.0286,0.35,127,3612819879,won,0.65,1
10:51:30,JD100,,3.972,DIGITOVER,5,0.4229,0.0265,0.35,116,3612821199,won,0.43,1
10:51:32,JD100,,3.971,DIGITOVER,5,0.4230,0.0265,0.35,127,3612822939,won,0.43,1
10:51:34,JD100,,3.971,DIGITOVER,5,0.4230,0.0266,0.35,104,3612824659,lost,-0.35,1
10:51:36,JD100,,3.967,DIGITOVER,6,0.3210,0.0287,0.35,114,3612827099,lost,-0.35,1
10:51:38,JD100,,3.966,DIGITUNDER,6,0.6216,0.0157,0.35,116,3612829259,won,0.19,1
10:51:40,JD100,,3.966,DIGITUNDER,3,0.3160,0.0127,0.35,179,3612830079,won,0.65,1
10:51:42,JD100,,3.970,DIGITUNDER,4,0.4214,0.0227,0.35,132,3612831459,lost,-0.35,1
10:51:44,JD100,,3.970,DIGITOVER,7,0.2156,0.0168,0.35,138,3612832439,won,1.05,1
10:51:47,JD100,,3.969,DIGITOVER,6,0.3210,0.0287,0.35,138,3612833959,lost,-0.35,1
10:51:49,JD100,,3.969,DIGITUNDER,3,0.3210,0.0287,0.35,243,3612835419,lost,-0.35,1
10:51:51,JD100,,3.969,DIGITUNDER,6,0.6216,0.0157,0.35,117,3612836439,won,0.19,1
10:51:53,JD100,,3.970,DIGITUNDER,3,0.3209,0.0286,0.35,118,3612838799,won,0.65,1
10:51:55,JD100,,3.969,DIGITUNDER,3,0.3160,0.0128,0.35,135,3612839799,lost,-0.35,1
10:51:57,JD100,,3.970,DIGITOVER,4,0.5229,0.0212,0.35,122,3612840899,lost,-0.35,1
10:51:59,JD100,,3.972,DIGITUNDER,3,0.3209,0.0286,0.35,137,3612841639,won,0.65,1
10:52:01,JD100,,3.970,DIGITUNDER,3,0.3210,0.0286,0.35,120,3612843199,won,0.65,1
10:52:03,JD100,,3.970,DIGITUNDER,4,0.4214,0.0226,0.35,95,3612844419,won,0.43,1
10:52:05,JD100,,3.974,DIGITUNDER,6,0.6216,0.0157,0.35,106,3612845859,won,0.19,1
10:52:07,JD100,,3.980,DIGITUNDER,4,0.4214,0.0227,0.35,114,3612846699,lost,-0.35,1
10:52:09,JD100,,3.990,DIGITOVER,6,0.3210,0.0288,0.35,134,3612849799,won,0.65,1
10:52:11,JD100,,3.990,DIGITOVER,6,0.3210,0.0288,0.35,121,3612850759,won,0.65,1
10:52:13,JD100,,3.990,DIGITOVER,6,0.3210,0.0289,0.35,139,3612851739,won,0.65,1
10:52:15,JD100,,3.990,DIGITOVER,5,0.4231,0.0268,0.35,110,3612853439,lost,-0.35,1
10:52:18,JD100,,3.988,DIGITOVER,6,0.3210,0.0289,0.35,116,3612856579,lost,-0.35,1
10:52:20,JD100,,3.989,DIGITOVER,4,0.5229,0.0213,0.35,129,3612857339,won,0.29,1
10:52:22,JD100,,3.988,DIGITOVER,4,0.5230,0.0214,0.35,140,3612860899,lost,-0.35,1
10:52:24,JD100,,3.987,DIGITUNDER,3,0.3210,0.0289,0.35,101,3612862439,won,0.65,1
10:52:26,JD100,,3.987,DIGITUNDER,3,0.3160,0.0129,0.35,135,3612863279,won,0.65,1
10:52:28,JD100,,3.986,DIGITUNDER,3,0.3211,0.0290,0.35,121,3612864319,lost,-0.35,1
10:52:30,JD100,,3.988,DIGITOVER,4,0.5230,0.0214,0.35,106,3612865119,won,0.29,1
10:52:32,JD100,,3.987,DIGITOVER,6,0.3211,0.0290,0.35,113,3612866219,won,0.65,1
10:52:34,JD100,,3.986,DIGITOVER,6,0.3211,0.0290,0.35,121,3612867279,lost,-0.35,1
10:52:36,JD100,,3.988,DIGITUNDER,3,0.3161,0.0130,0.35,124,3612869719,won,0.65,1
10:52:38,JD100,,3.988,DIGITUNDER,3,0.3211,0.0290,0.35,169,3612871099,lost,-0.35,1
10:52:41,JD100,,3.988,DIGITOVER,7,0.2156,0.0171,0.35,139,3612872019,lost,-0.35,1
10:52:43,JD100,,3.991,DIGITOVER,6,0.3210,0.0290,0.35,127,3612874299,lost,-0.35,1
10:52:45,JD100,,3.991,DIGITUNDER,3,0.3161,0.0130,0.35,123,3612875639,lost,-0.35,1
10:52:47,JD100,,3.991,DIGITUNDER,6,0.6216,0.0158,0.35,132,3612876739,won,0.19,1
10:52:49,JD100,,3.991,DIGITUNDER,3,0.3161,0.0129,0.35,115,3612877979,lost,-0.35,1
10:52:51,JD100,,3.990,DIGITUNDER,3,0.3210,0.0289,0.35,140,3612880859,lost,-0.35,1
10:52:53,JD100,,3.992,DIGITOVER,7,0.2156,0.0170,0.35,143,3612883659,lost,-0.35,1
10:52:56,JD100,,3.970,DIGITUNDER,4,0.4214,0.0227,0.35,886,3612885959,won,0.43,1
10:52:58,JD100,,3.970,DIGITUNDER,3,0.3160,0.0128,0.35,152,3612886219,lost,-0.35,1
10:53:00,JD100,,3.971,DIGITOVER,6,0.3210,0.0287,0.35,143,3612889939,lost,-0.35,1
10:53:02,JD100,,3.971,DIGITOVER,4,0.5229,0.0213,0.35,121,3612895039,lost,-0.35,1
10:53:04,JD100,,3.972,DIGITUNDER,4,0.4214,0.0227,0.35,132,3612896359,won,0.43,1
10:53:06,JD100,,3.972,DIGITUNDER,3,0.3160,0.0128,0.35,134,3612897619,won,0.65,1
10:53:08,JD100,,3.969,DIGITUNDER,3,0.3160,0.0129,0.35,130,3612898659,lost,-0.35,1
10:53:10,JD100,,3.968,DIGITOVER,6,0.3210,0.0288,0.35,134,3612900279,lost,-0.35,1
10:53:12,JD100,,3.967,DIGITUNDER,6,0.6216,0.0157,0.35,116,3612901119,lost,-0.35,1
10:53:14,JD100,,3.969,DIGITOVER,6,0.3210,0.0287,0.35,122,3612902319,lost,-0.35,1
10:53:17,JD100,,3.969,DIGITUNDER,4,0.4214,0.0227,0.35,136,3612903359,won,0.43,1
10:53:19,JD100,,3.969,DIGITUNDER,4,0.4214,0.0228,0.35,115,3612904819,won,0.43,1
10:53:21,JD100,,3.968,DIGITUNDER,6,0.6216,0.0156,0.35,134,3612905619,won,0.19,1
10:53:23,JD100,,3.972,DIGITUNDER,3,0.3160,0.0129,0.35,122,3612906939,lost,-0.35,1
10:53:25,JD100,,3.971,DIGITOVER,4,0.5229,0.0212,0.35,155,3612911179,won,0.29,1
10:53:27,JD100,,3.971,DIGITOVER,4,0.5229,0.0212,0.35,179,3612912199,won,0.29,1
10:53:29,JD100,,3.967,DIGITOVER,4,0.5229,0.0213,0.35,175,3612912959,lost,-0.35,1
10:53:31,JD100,,3.968,DIGITUNDER,4,0.4214,0.0228,0.35,131,3612914879,won,0.43,1
10:53:33,JD100,,3.968,DIGITUNDER,6,0.6216,0.0157,0.35,153,3612915979,lost,-0.35,1
10:53:35,JD100,,3.968,DIGITOVER,5,0.4230,0.0267,0.35,112,3612916939,won,0.43,1
10:53:37,JD100,,3.966,DIGITOVER,6,0.3210,0.0290,0.35,107,3612917939,won,0.65,1
10:53:39,JD100,,3.967,DIGITOVER,7,0.2156,0.0169,0.35,111,3612919099,lost,-0.35,1
10:53:41,JD100,,3.968,DIGITUNDER,4,0.4215,0.0229,0.35,133,3612919879,lost,-0.35,1
10:53:44,JD100,,3.972,DIGITUNDER,4,0.4215,0.0229,0.35,120,3612921699,lost,-0.35,1
10:53:46,JD100,,3.973,DIGITOVER,4,0.5229,0.0213,0.35,120,3612922939,won,0.29,1
10:53:48,JD100,,3.966,DIGITOVER,7,0.2156,0.0168,0.35,139,3612924259,lost,-0.35,1
10:53:50,JD100,,3.965,DIGITOVER,6,0.3210,0.0288,0.35,91,3612929879,won,0.65,1
10:53:52,JD100,,3.965,DIGITOVER,5,0.4230,0.0267,0.35,129,3612931099,won,0.43,1
10:53:54,JD100,,3.965,DIGITOVER,5,0.4230,0.0267,0.35,118,3612932559,won,0.43,1
10:53:56,JD100,,3.964,DIGITOVER,6,0.3211,0.0290,0.35,114,3612934039,lost,-0.35,1
10:53:58,JD100,,3.963,DIGITUNDER,3,0.3161,0.0131,0.35,132,3612934959,lost,-0.35,1
10:54:00,JD100,,3.964,DIGITOVER,4,0.5230,0.0214,0.35,114,3612936359,won,0.29,1
10:54:03,JD100,,3.963,DIGITOVER,7,0.2156,0.0168,0.35,143,3612937179,lost,-0.35,1
10:54:05,JD100,,3.963,DIGITUNDER,4,0.4214,0.0228,0.35,135,3612938799,lost,-0.35,1
10:54:07,JD100,,3.963,DIGITOVER,6,0.3210,0.0289,0.35,129,3612939779,lost,-0.35,1
10:54:09,JD100,,3.965,DIGITUNDER,3,0.3210,0.0288,0.35,110,3612940799,won,0.65,1
10:54:11,JD100,,3.962,DIGITUNDER,3,0.3210,0.0289,0.35,151,3612941959,lost,-0.35,1
10:54:13,JD100,,3.964,DIGITOVER,4,0.5230,0.0214,0.35,117,3612943199,won,0.29,1
10:54:15,JD100,,3.965,DIGITUNDER,3,0.3210,0.0289,0.35,128,3612946099,lost,-0.35,1
10:54:17,JD100,,3.969,DIGITUNDER,4,0.4214,0.0228,0.35,113,3612947979,won,0.43,1
10:54:19,JD100,,3.974,DIGITUNDER,3,0.3210,0.0289,0.35,158,3612949159,lost,-0.35,1
10:54:21,JD100,,3.975,DIGITOVER,6,0.3210,0.0289,0.35,128,3612950219,won,0.65,1
10:54:23,JD100,,3.974,DIGITOVER,6,0.3210,0.0289,0.35,131,3612953419,lost,-0.35,1
10:54:25,JD100,,3.975,DIGITUNDER,4,0.4214,0.0228,0.35,108,3612955219,lost,-0.35,1
10:54:27,JD100,,3.975,DIGITOVER,6,0.3210,0.0289,0.35,120,3612956499,lost,-0.35,1
10:54:30,JD100,,3.971,DIGITUNDER,4,0.4214,0.0227,0.35,537,3612970359,lost,-0.35,1
10:54:32,JD100,,3.972,DIGITOVER,6,0.3210,0.0289,0.35,1196,3612978739,won,0.65,2
10:54:34,JD100,,3.969,DIGITOVER,7,0.2156,0.0169,0.35,144,3612981039,lost,-0.35,1
10:54:36,JD100,,3.969,DIGITOVER,4,0.5230,0.0213,0.35,105,3612982319,won,0.29,1
10:54:38,JD100,,3.969,DIGITOVER,6,0.3210,0.0288,0.35,143,3612983739,lost,-0.35,1
10:54:40,JD100,,3.967,DIGITUNDER,4,0.4214,0.0226,0.35,131,3612985119,won,0.43,1
10:54:42,JD100,,3.966,DIGITUNDER,4,0.4214,0.0227,0.35,128,3612986119,lost,-0.35,1
10:54:44,JD100,,3.966,DIGITOVER,7,0.2156,0.0169,0.35,103,3612987819,lost,-0.35,1
10:54:46,JD100,,3.967,DIGITUNDER,4,0.4214,0.0226,0.35,131,3612988959,lost,-0.35,1
10:54:48,JD100,,3.968,DIGITOVER,5,0.4230,0.0266,0.35,112,3612990459,lost,-0.35,1
10:54:50,JD100,,3.969,DIGITUNDER,6,0.6215,0.0155,0.35,140,3612991539,lost,-0.35,1
10:54:53,JD100,,3.968,DIGITOVER,7,0.2156,0.0168,0.35,131,3612992619,lost,-0.35,1
10:54:55,JD100,,3.968,DIGITUNDER,3,0.3210,0.0287,0.35,128,3612994019,won,0.65,1
10:54:57,JD100,,3.968,DIGITUNDER,3,0.3210,0.0288,0.35,114,3612995399,lost,-0.35,1
10:54:59,JD100,,3.968,DIGITUNDER,6,0.6215,0.0155,0.35,131,3612996139,won,0.19,1
10:55:01,JD100,,3.968,DIGITUNDER,3,0.3210,0.0287,0.35,129,3612997999,won,0.65,1
10:55:03,JD100,,3.964,DIGITUNDER,3,0.3210,0.0288,0.35,122,3612999219,won,0.65,1
10:55:05,JD100,,3.964,DIGITUNDER,4,0.4214,0.0226,0.35,124,3613000959,won,0.43,1
10:55:07,JD100,,3.962,DIGITUNDER,3,0.3210,0.0289,0.35,134,3613002039,lost,-0.35,1
10:55:09,JD100,,3.966,DIGITOVER,6,0.3210,0.0289,0.35,141,3613003719,lost,-0.35,1
10:55:11,JD100,,3.966,DIGITUNDER,3,0.3210,0.0288,0.35,130,3613004579,lost,-0.35,1
10:55:13,JD100,,3.970,DIGITUNDER,6,0.6215,0.0156,0.35,150,3613006299,won,0.19,1
10:55:15,JD100,,3.969,DIGITUNDER,6,0.6215,0.0156,0.35,317,3613007519,lost,-0.35,1
10:55:17,JD100,,3.970,DIGITOVER,5,0.4230,0.0267,0.35,178,3613008619,won,0.43,1
10:55:19,JD100,,3.970,DIGITOVER,6,0.3210,0.0289,0.35,115,3613009459,lost,-0.35,1
10:55:22,JD100,,3.971,DIGITUNDER,4,0.4214,0.0226,0.35,119,3613011119,won,0.43,1
10:55:24,JD100,,3.971,DIGITUNDER,3,0.3161,0.0131,0.35,366,3613014659,won,0.65,1
10:55:26,JD100,,3.967,DIGITUNDER,4,0.4214,0.0226,0.35,92,3613016299,won,0.43,1
10:55:28,JD100,,3.965,DIGITUNDER,4,0.4214,0.0227,0.35,135,3613017179,lost,-0.35,1
10:55:30,JD100,,3.968,DIGITOVER,4,0.5230,0.0214,0.35,111,3613018559,won,0.29,1
10:55:32,JD100,,3.968,DIGITOVER,5,0.4231,0.0267,0.35,139,3613020139,won,0.43,1
10:55:34,JD100,,3.968,DIGITOVER,5,0.4231,0.0268,0.35,114,3613021459,won,0.43,1
10:55:36,JD100,,3.968,DIGITOVER,6,0.3211,0.0290,0.35,162,3613022539,lost,-0.35,1
10:55:38,JD100,,3.969,DIGITUNDER,6,0.6215,0.0156,0.35,121,3613024079,lost,-0.35,1
10:55:40,JD100,,3.970,DIGITOVER,6,0.3210,0.0289,0.35,117,3613024939,lost,-0.35,1
10:55:42,JD100,,3.970,DIGITUNDER,3,0.3210,0.0289,0.35,121,3613026059,lost,-0.35,1
10:55:44,JD100,,3.975,DIGITUNDER,6,0.6215,0.0155,0.35,154,3613027259,won,0.19,1
10:55:46,JD100,,3.974,DIGITUNDER,4,0.4214,0.0227,0.35,148,3613030319,lost,-0.35,1
10:55:48,JD100,,3.975,DIGITOVER,6,0.3210,0.0289,0.35,106,3613031419,lost,-0.35,1
10:55:50,JD100,,3.976,DIGITUNDER,6,0.6215,0.0155,0.35,112,3613032899,won,0.19,1
10:55:53,JD100,,3.976,DIGITUNDER,6,0.6215,0.0155,0.35,105,3613036259,won,0.19,1
10:55:55,JD100,,3.975,DIGITUNDER,4,0.4214,0.0227,0.35,144,3613037679,won,0.43,1
10:55:57,JD100,,3.975,DIGITUNDER,3,0.3161,0.0132,0.35,135,3613039619,lost,-0.35,1
10:55:59,JD100,,3.981,DIGITOVER,7,0.2156,0.0170,0.35,125,3613042719,lost,-0.35,1
10:56:01,JD100,,3.980,DIGITUNDER,3,0.3210,0.0289,0.35,145,3613043839,lost,-0.35,1
10:56:04,JD100,,3.980,DIGITOVER,5,0.4231,0.0268,0.35,99,3613044939,won,0.43,1
10:56:06,JD100,,3.981,DIGITOVER,7,0.2156,0.0169,0.35,110,3613046899,lost,-0.35,1
10:56:08,JD100,,3.980,DIGITOVER,4,0.5230,0.0215,0.35,136,3613048099,won,0.29,1
10:56:10,JD100,,3.980,DIGITOVER,7,0.2156,0.0169,0.35,121,3613049519,lost,-0.35,1
10:56:12,JD100,,3.980,DIGITOVER,4,0.5230,0.0215,0.35,119,3613051959,lost,-0.35,1
10:56:14,JD100,,3.979,DIGITUNDER,6,0.6215,0.0156,0.35,133,3613052939,won,0.19,1
10:56:16,JD100,,3.984,DIGITUNDER,6,0.6216,0.0156,0.35,135,3613055399,won,0.19,1
10:56:18,JD100,,3.984,DIGITUNDER,4,0.4214,0.0226,0.35,200,3613057079,lost,-0.35,1
10:56:20,JD100,,3.985,DIGITOVER,5,0.4231,0.0269,0.35,117,3613058899,won,0.43,1
10:56:22,JD100,,3.985,DIGITOVER,5,0.4231,0.0269,0.35,129,3613059859,won,0.43,1
10:56:24,JD100,,3.990,DIGITOVER,6,0.3210,0.0289,0.35,124,3613061319,won,0.65,1
10:56:27,JD100,,3.988,DIGITOVER,7,0.2156,0.0169,0.35,142,3613063499,lost,-0.35,1
10:56:29,JD100,,3.986,DIGITUNDER,3,0.3162,0.0135,0.35,111,3613064859,lost,-0.35,1
10:56:31,JD100,,3.986,DIGITUNDER,4,0.4214,0.0227,0.35,111,3613067119,lost,-0.35,1
10:56:33,JD100,,3.985,DIGITOVER,7,0.2156,0.0168,0.35,165,3613067999,lost,-0.35,1
10:56:35,JD100,,3.984,DIGITUNDER,3,0.3162,0.0135,0.35,118,3613069239,lost,-0.35,1
10:56:37,JD100,,3.979,DIGITOVER,5,0.4231,0.0270,0.35,145,3613070379,won,0.43,1
10:56:40,JD100,,3.985,DIGITOVER,4,0.5231,0.0216,0.35,115,3613071599,lost,-0.35,1
10:56:42,JD100,,3.984,DIGITUNDER,6,0.6216,0.0158,0.35,151,3613072559,lost,-0.35,1
10:56:44,JD100,,3.985,DIGITOVER,7,0.2156,0.0168,0.35,141,3613074479,lost,-0.35,1
10:56:46,JD100,,3.988,DIGITOVER,5,0.4231,0.0269,0.35,114,3613077579,won,0.43,1
10:56:48,JD100,,3.988,DIGITOVER,5,0.4231,0.0269,0.35,119,3613078759,lost,-0.35,1
10:56:50,JD100,,3.988,DIGITUNDER,3,0.3162,0.0133,0.35,166,3613080239,won,0.65,1
10:56:52,JD100,,3.986,DIGITUNDER,3,0.3211,0.0290,0.35,142,3613081319,lost,-0.35,1
10:56:54,JD100,,3.986,DIGITUNDER,6,0.6216,0.0157,0.35,112,3613083019,won,0.19,1
10:56:56,JD100,,3.986,DIGITUNDER,3,0.3211,0.0290,0.35,130,3613083999,won,0.65,1
10:56:58,JD100,,3.986,DIGITUNDER,4,0.4214,0.0227,0.35,111,3613085219,won,0.43,1
10:57:00,JD100,,3.986,DIGITUNDER,6,0.6216,0.0157,0.35,129,3613086139,won,0.19,1
10:57:02,JD100,,3.986,DIGITUNDER,6,0.6216,0.0158,0.35,115,3613087439,won,0.19,1
10:57:04,JD100,,3.986,DIGITUNDER,3,0.3211,0.0291,0.35,142,3613088839,lost,-0.35,1
10:57:07,JD100,,3.985,DIGITOVER,5,0.4232,0.0270,0.35,183,3613091239,won,0.43,1
10:57:09,JD100,,3.989,DIGITOVER,7,0.2155,0.0167,0.35,269,3613092559,lost,-0.35,1
10:57:11,JD100,,3.991,DIGITUNDER,3,0.3211,0.0290,0.35,174,3613094899,lost,-0.35,1
10:57:13,JD100,,3.990,DIGITOVER,4,0.5231,0.0216,0.35,132,3613099659,won,0.29,1
10:57:15,JD100,,3.989,DIGITUNDER,4,0.4214,0.0228,0.35,142,3613102799,lost,-0.35,1
10:57:17,JD100,,3.987,DIGITOVER,7,0.2155,0.0166,0.35,127,3613104939,won,1.05,1
10:57:19,JD100,,3.987,DIGITOVER,7,0.2155,0.0167,0.35,126,3613106859,lost,-0.35,1
10:57:21,JD100,,3.987,DIGITUNDER,4,0.4214,0.0227,0.35,142,3613108739,lost,-0.35,1
10:57:23,JD100,,3.988,DIGITOVER,5,0.4232,0.0270,0.35,140,3613110219,lost,-0.35,1
10:57:25,JD100,,3.989,DIGITUNDER,3,0.3211,0.0290,0.35,133,3613111179,lost,-0.35,1
10:57:27,JD100,,3.990,DIGITOVER,5,0.4231,0.0270,0.35,99,3613112379,lost,-0.35,1
10:57:29,JD100,,3.992,DIGITUNDER,4,0.4214,0.0226,0.35,151,3613113319,won,0.43,1
10:57:31,JD100,,3.991,DIGITUNDER,3,0.3211,0.0290,0.35,97,3613114939,lost,-0.35,1
10:57:33,JD100,,3.994,DIGITOVER,6,0.3211,0.0290,0.35,141,3613116119,lost,-0.35,1
10:57:35,JD100,,3.994,DIGITUNDER,3,0.3162,0.0134,0.35,153,3613120319,lost,-0.35,1
10:57:38,JD100,,3.992,DIGITOVER,6,0.3210,0.0289,0.35,116,3613121419,won,0.65,1
10:57:40,JD100,,3.991,DIGITOVER,6,0.3210,0.0290,0.35,157,3613122539,won,0.65,1
10:57:42,JD100,,3.990,DIGITOVER,6,0.3211,0.0290,0.35,120,3613123959,lost,-0.35,1
10:57:44,JD100,,3.989,DIGITOVER,4,0.5230,0.0215,0.35,146,3613125499,lost,-0.35,1
10:57:46,JD100,,3.990,DIGITOVER,7,0.2155,0.0167,0.35,136,3613128259,lost,-0.35,1
10:57:48,JD100,,3.992,DIGITUNDER,6,0.6216,0.0157,0.35,117,3613129459,won,0.19,1
10:57:50,JD100,,3.992,DIGITUNDER,3,0.3162,0.0133,0.35,140,3613130599,won,0.65,1
10:57:52,JD100,,3.991,DIGITUNDER,4,0.4214,0.0227,0.35,120,3613131699,won,0.43,1
10:57:54,JD100,,3.991,DIGITUNDER,4,0.4214,0.0227,0.35,125,3613132819,lost,-0.35,1
10:57:56,JD100,,3.990,DIGITUNDER,6,0.6217,0.0158,0.35,147,3613135579,won,0.19,1
10:57:58,JD100,,3.993,DIGITOVER,6,0.3211,0.0290,0.35,135,3613140399,lost,-0.35,1
10:58:00,JD100,,3.980,DIGITUNDER,6,0.6217,0.0158,0.35,339,3613148519,lost,-0.35,1
10:58:02,JD100,,3.981,DIGITOVER,5,0.4231,0.0269,0.35,142,3613150959,won,0.43,1
10:58:04,JD100,,3.981,DIGITOVER,4,0.5230,0.0214,0.35,135,3613151779,lost,-0.35,1
10:58:06,JD100,,3.986,DIGITUNDER,3,0.3210,0.0289,0.35,127,3613155259,lost,-0.35,1
10:58:09,JD100,,3.988,DIGITOVER,4,0.5230,0.0214,0.35,132,3613156699,won,0.29,1
10:58:11,JD100,,3.988,DIGITOVER,4,0.5230,0.0214,0.35,145,3613158019,won,0.29,1
10:58:13,JD100,,3.987,DIGITOVER,5,0.4231,0.0269,0.35,108,3613159099,won,0.43,1
10:58:15,JD100,,3.993,DIGITOVER,6,0.3211,0.0290,0.35,139,3613159899,lost,-0.35,1
10:58:17,JD100,,3.996,DIGITUNDER,3,0.3211,0.0290,0.35,136,3613160739,won,0.65,1
10:58:19,JD100,,3.995,DIGITUNDER,4,0.4214,0.0228,0.35,136,3613162239,lost,-0.35,1
10:58:21,JD100,,3.994,DIGITOVER,7,0.2155,0.0166,0.35,123,3613163639,lost,-0.35,1
10:58:23,JD100,,3.994,DIGITUNDER,3,0.3211,0.0290,0.35,129,3613165059,lost,-0.35,1
10:58:25,JD100,,3.989,DIGITOVER,5,0.4231,0.0270,0.35,150,3613167579,won,0.43,1
10:58:27,JD100,,3.985,DIGITOVER,7,0.2155,0.0165,0.35,152,3613168939,lost,-0.35,1
10:58:29,JD100,,3.985,DIGITUNDER,3,0.3210,0.0289,0.35,137,3613169839,lost,-0.35,1
10:58:31,JD100,,3.985,DIGITOVER,5,0.4232,0.0270,0.35,138,3613171059,won,0.43,1
10:58:33,JD100,,3.985,DIGITOVER,6,0.3210,0.0289,0.35,164,3613172139,lost,-0.35,1
10:58:35,JD100,,3.986,DIGITUNDER,6,0.6217,0.0158,0.35,105,3613173439,lost,-0.35,1
10:58:37,JD100,,3.986,DIGITOVER,4,0.5230,0.0215,0.35,149,3613174459,won,0.29,1
10:58:40,JD100,,3.986,DIGITOVER,4,0.5231,0.0215,0.35,157,3613175939,won,0.29,1
10:58:42,JD100,,3.980,DIGITOVER,6,0.3210,0.0289,0.35,117,3613176859,won,0.65,1
10:58:44,JD100,,3.978,DIGITOVER,7,0.2155,0.0165,0.35,130,3613179099,won,1.05,1
10:58:46,JD100,,3.978,DIGITOVER,7,0.2155,0.0166,0.35,169,3613180319,won,1.05,1
10:58:48,JD100,,3.972,DIGITOVER,7,0.2155,0.0166,0.35,130,3613182059,lost,-0.35,1
10:58:50,JD100,,3.968,DIGITUNDER,4,0.4214,0.0227,0.35,201,3613183079,lost,-0.35,1
10:58:52,JD100,,3.969,DIGITOVER,7,0.2155,0.0166,0.35,158,3613184599,lost,-0.35,1
10:58:54,JD100,,3.969,DIGITUNDER,3,0.3211,0.0290,0.35,162,3613185819,won,0.65,1
10:58:56,JD100,,3.968,DIGITUNDER,3,0.3211,0.0291,0.35,111,3613187279,lost,-0.35,1
10:58:58,JD100,,3.972,DIGITUNDER,6,0.6217,0.0159,0.35,148,3613188519,won,0.19,1
10:59:00,JD100,,3.967,DIGITUNDER,6,0.6218,0.0159,0.35,115,3613189819,lost,-0.35,1
10:59:02,JD100,,3.962,DIGITOVER,6,0.3211,0.0291,0.35,148,3613191759,lost,-0.35,1
10:59:04,JD100,,3.964,DIGITUNDER,6,0.6217,0.0159,0.35,143,3613193179,won,0.19,1
10:59:06,JD100,,3.964,DIGITUNDER,3,0.3164,0.0141,0.35,248,3613195779,lost,-0.35,1
10:59:08,JD100,,3.962,DIGITOVER,4,0.5231,0.0216,0.35,120,3613197199,won,0.29,1
10:59:10,JD100,,3.962,DIGITOVER,5,0.4232,0.0272,0.35,122,3613198399,won,0.43,1
10:59:12,JD100,,3.962,DIGITOVER,7,0.2155,0.0166,0.35,158,3613200019,lost,-0.35,1
10:59:15,JD100,,3.962,DIGITUNDER,3,0.3164,0.0142,0.35,126,3613201779,won,0.65,1
10:59:17,JD100,,3.961,DIGITUNDER,3,0.3165,0.0142,0.35,297,3613203399,won,0.65,1
10:59:19,JD100,,3.961,DIGITUNDER,4,0.4214,0.0227,0.35,113,3613204619,lost,-0.35,1
10:59:21,JD100,,3.964,DIGITOVER,4,0.5232,0.0218,0.35,128,3613208619,lost,-0.35,1
10:59:23,JD100,,3.963,DIGITUNDER,3,0.3211,0.0292,0.35,116,3613210879,won,0.65,1
10:59:25,JD100,,3.953,DIGITUNDER,3,0.3211,0.0293,0.35,262,3613214099,lost,-0.35,1
10:59:27,JD100,,3.957,DIGITOVER,7,0.2155,0.0167,0.35,130,3613217819,lost,-0.35,1
10:59:29,JD100,,3.957,DIGITOVER,5,0.4233,0.0273,0.35,113,3613219419,won,0.43,1
10:59:31,JD100,,3.955,DIGITOVER,4,0.5232,0.0218,0.35,139,3613220299,won,0.29,1
10:59:33,JD100,,3.955,DIGITOVER,7,0.2155,0.0167,0.35,144,3613222239,won,1.05,1
10:59:35,JD100,,3.954,DIGITOVER,6,0.3211,0.0293,0.35,110,3613223279,lost,-0.35,1
10:59:37,JD100,,3.951,DIGITUNDER,3,0.3164,0.0142,0.35,122,3613227499,lost,-0.35,1
10:59:39,JD100,,3.951,DIGITOVER,7,0.2155,0.0167,0.35,133,3613230379,won,1.05,1
10:59:41,JD100,,3.950,DIGITOVER,6,0.3211,0.0292,0.35,105,3613232139,lost,-0.35,1
10:59:44,JD100,,3.952,DIGITUNDER,4,0.4214,0.0227,0.35,194,3613233219,lost,-0.35,1
10:59:46,JD100,,3.950,DIGITOVER,4,0.5232,0.0217,0.35,133,3613235859,lost,-0.35,1
10:59:48,JD100,,3.950,DIGITUNDER,3,0.3164,0.0141,0.35,140,3613239599,lost,-0.35,1
10:59:50,JD100,,3.948,DIGITUNDER,6,0.6217,0.0158,0.35,171,3613240779,won,0.19,1
10:59:52,JD100,,3.949,DIGITUNDER,4,0.4214,0.0228,0.35,142,3613242679,lost,-0.35,1
10:59:54,JD100,,3.950,DIGITOVER,4,0.5232,0.0217,0.35,139,3613243639,won,0.29,1
10:59:56,JD100,,3.950,DIGITOVER,7,0.2156,0.0168,0.35,115,3613245359,won,1.05,1
10:59:58,JD100,,3.947,DIGITOVER,7,0.2156,0.0168,0.35,130,3613247399,lost,-0.35,1
11:00:00,JD100,,3.947,DIGITOVER,5,0.4233,0.0272,0.35,116,3613248719,won,0.43,1
11:00:02,JD100,,3.946,DIGITOVER,7,0.2156,0.0168,0.35,181,3613249979,lost,-0.35,1
11:00:04,JD100,,3.949,DIGITUNDER,6,0.6217,0.0158,0.35,133,3613251139,lost,-0.35,1
11:00:06,JD100,,3.950,DIGITOVER,5,0.4232,0.0272,0.35,144,3613251999,won,0.43,1
11:00:09,JD100,,3.945,DIGITOVER,6,0.3211,0.0292,0.35,137,3613253519,lost,-0.35,1
11:00:11,JD100,,3.945,DIGITUNDER,4,0.4214,0.0227,0.35,135,3613254279,won,0.43,1
11:00:13,JD100,,3.949,DIGITUNDER,6,0.6216,0.0158,0.35,122,3613255739,won,0.19,1
11:00:15,JD100,,3.947,DIGITOVER,4,0.5232,0.0218,0.35,128,3613258919,lost,-0.35,1
11:00:17,JD100,,3.948,DIGITUNDER,3,0.3164,0.0142,0.35,134,3613261859,lost,-0.35,1
11:00:19,JD100,,3.947,DIGITUNDER,6,0.6216,0.0158,0.35,145,3613262839,lost,-0.35,1
11:00:21,JD100,,3.958,DIGITOVER,4,0.5232,0.0218,0.35,119,3613264179,lost,-0.35,1
11:00:23,JD100,,3.956,DIGITUNDER,3,0.3164,0.0142,0.35,163,3613267919,lost,-0.35,1
11:00:25,JD100,,3.955,DIGITOVER,5,0.4232,0.0272,0.35,143,3613269299,lost,-0.35,1
11:00:27,JD100,,3.958,DIGITOVER,6,0.3211,0.0291,0.35,190,3613272139,lost,-0.35,1
11:00:29,JD100,,3.958,DIGITOVER,4,0.5232,0.0217,0.35,134,3613275259,won,0.29,1
11:00:31,JD100,,3.959,DIGITOVER,7,0.2155,0.0164,0.35,117,3613276079,lost,-0.35,1
11:00:33,JD100,,3.959,DIGITUNDER,3,0.3164,0.0142,0.35,128,3613277539,lost,-0.35,1
11:00:35,JD100,,3.957,DIGITOVER,6,0.3211,0.0291,0.35,139,3613278679,lost,-0.35,1
11:00:37,JD100,,3.954,DIGITUNDER,3,0.3211,0.0291,0.35,124,3613280039,won,0.65,1
11:00:39,JD100,,3.954,DIGITUNDER,3,0.3211,0.0291,0.35,151,3613281019,lost,-0.35,1
11:00:42,JD100,,3.954,DIGITUNDER,6,0.6216,0.0158,0.35,141,3613283339,won,0.19,1
11:00:44,JD100,,3.954,DIGITOVER,7,0.2155,0.0164,0.35,146,3613286119,lost,-0.35,1
11:00:46,JD100,,3.954,DIGITUNDER,3,0.3164,0.0142,0.35,140,3613287679,lost,-0.35,1
11:00:48,JD100,,3.954,DIGITOVER,5,0.4232,0.0272,0.35,137,3613288899,lost,-0.35,1
11:00:50,JD100,,3.959,DIGITUNDER,3,0.3211,0.0291,0.35,123,3613291259,lost,-0.35,1
11:00:52,JD100,,3.960,DIGITOVER,6,0.3211,0.0291,0.35,116,3613292819,lost,-0.35,1
11:00:54,JD100,,3.952,DIGITUNDER,6,0.6217,0.0158,0.35,158,3613300259,won,0.19,1
11:00:56,JD100,,3.952,DIGITUNDER,4,0.4215,0.0229,0.35,136,3613301219,lost,-0.35,1
11:00:58,JD100,,3.955,DIGITOVER,4,0.5232,0.0218,0.35,119,3613302859,won,0.29,1
11:01:00,JD100,,3.958,DIGITOVER,7,0.2155,0.0164,0.35,146,3613304119,lost,-0.35,1
11:01:02,JD100,,3.958,DIGITOVER,4,0.5232,0.0218,0.35,108,3613305579,lost,-0.35,1
11:01:04,JD100,,3.959,DIGITUNDER,6,0.6217,0.0158,0.35,110,3613306479,won,0.19,1
11:01:06,JD100,,3.954,DIGITUNDER,6,0.6217,0.0158,0.35,144,3613309839,won,0.19,1
11:01:08,JD100,,3.954,DIGITUNDER,3,0.3211,0.0290,0.35,186,3613311239,won,0.65,1
11:01:10,JD100,,3.951,DIGITUNDER,3,0.3164,0.0140,0.35,124,3613312659,lost,-0.35,1
11:01:13,JD100,,3.948,DIGITOVER,5,0.4232,0.0270,0.35,132,3613313899,won,0.43,1
11:01:15,JD100,,3.948,DIGITOVER,5,0.4232,0.0271,0.35,131,3613314959,won,0.43,1
11:01:17,JD100,,3.948,DIGITOVER,7,0.2155,0.0164,0.35,136,3613316319,lost,-0.35,1
11:01:19,JD100,,3.948,DIGITUNDER,4,0.4214,0.0228,0.35,142,3613317519,lost,-0.35,1
11:01:21,JD100,,3.949,DIGITOVER,6,0.3211,0.0290,0.35,141,3613318799,lost,-0.35,1
11:01:25,JD100,,3.951,DIGITUNDER,6,0.6217,0.0158,0.35,122,3613319779,lost,-0.35,1
11:01:27,JD100,,3.952,DIGITOVER,5,0.4232,0.0270,0.35,119,3613321019,lost,-0.35,1
11:01:29,JD100,,3.952,DIGITUNDER,3,0.3164,0.0139,0.35,119,3613323459,lost,-0.35,1
11:01:31,JD100,,3.950,DIGITUNDER,6,0.6217,0.0158,0.35,130,3613324539,won,0.19,1
11:01:33,JD100,,3.949,DIGITUNDER,6,0.6217,0.0158,0.35,132,3613326119,won,0.19,1
11:01:35,JD100,,3.951,DIGITUNDER,6,0.6217,0.0158,0.35,124,3613328839,won,0.19,1
11:01:37,JD100,,3.944,DIGITUNDER,3,0.3210,0.0289,0.35,114,3613331019,lost,-0.35,1
11:01:39,JD100,,3.944,DIGITOVER,7,0.2154,0.0162,0.35,111,3613331819,lost,-0.35,1
11:01:41,JD100,,3.944,DIGITOVER,4,0.5231,0.0216,0.35,123,3613333359,lost,-0.35,1
11:01:43,JD100,,3.942,DIGITUNDER,3,0.3210,0.0288,0.35,122,3613335179,lost,-0.35,1
11:01:45,JD100,,3.941,DIGITOVER,5,0.4231,0.0269,0.35,99,3613336799,lost,-0.35,1
11:01:47,JD100,,3.938,DIGITUNDER,3,0.3164,0.0139,0.35,125,3613338119,lost,-0.35,1
11:01:49,JD100,,3.939,DIGITOVER,4,0.5231,0.0216,0.35,101,3613339119,won,0.29,1
11:01:51,JD100,,3.939,DIGITOVER,6,0.3210,0.0287,0.35,115,3613339719,lost,-0.35,1
11:01:53,JD100,,3.939,DIGITUNDER,3,0.3210,0.0287,0.35,153,3613342419,lost,-0.35,1
11:01:55,JD100,,3.936,DIGITOVER,6,0.3210,0.0287,0.35,129,3613344019,won,0.65,1
11:01:58,JD100,,3.934,DIGITOVER,5,0.4231,0.0268,0.35,137,3613345099,lost,-0.35,1
11:02:00,JD100,,3.934,DIGITUNDER,4,0.4213,0.0226,0.35,120,3613346639,lost,-0.35,1
11:02:02,JD100,,3.934,DIGITOVER,4,0.5231,0.0216,0.35,142,3613349019,lost,-0.35,1
11:02:04,JD100,,3.933,DIGITUNDER,6,0.6217,0.0158,0.35,208,3613350659,won,0.19,1
11:02:06,JD100,,3.933,DIGITUNDER,6,0.6217,0.0158,0.35,178,3613353279,lost,-0.35,1
11:02:08,JD100,,3.935,DIGITOVER,7,0.2154,0.0160,0.35,117,3613354919,won,1.05,1
11:02:10,JD100,,3.935,DIGITOVER,6,0.3210,0.0288,0.35,139,3613356219,lost,-0.35,1
11:02:12,JD100,,3.938,DIGITOVER,4,0.5231,0.0216,0.35,116,3613358919,lost,-0.35,1
11:02:14,JD100,,3.938,DIGITUNDER,6,0.6217,0.0158,0.35,121,3613359999,lost,-0.35,1
11:02:16,JD100,,3.938,DIGITOVER,7,0.2154,0.0160,0.35,88,3613360839,lost,-0.35,1
11:02:18,JD100,,3.938,DIGITOVER,4,0.5231,0.0215,0.35,113,3613362399,lost,-0.35,1
11:02:20,JD100,,3.935,DIGITOVER,4,0.5231,0.0215,0.35,99,3613364619,won,0.29,1
11:02:23,JD100,,3.933,DIGITOVER,5,0.4231,0.0268,0.35,126,3613365579,lost,-0.35,1
11:02:25,JD100,,3.928,DIGITUNDER,6,0.6217,0.0159,0.35,147,3613367799,lost,-0.35,1
11:02:27,JD100,,3.929,DIGITOVER,5,0.4231,0.0268,0.35,131,3613369539,lost,-0.35,1
11:02:29,JD100,,3.935,DIGITUNDER,6,0.6217,0.0159,0.35,109,3613372019,lost,-0.35,1
11:02:31,JD100,,3.935,DIGITOVER,5,0.4231,0.0268,0.35,128,3613372999,won,0.43,1
11:02:33,JD100,,3.934,DIGITOVER,5,0.4231,0.0268,0.35,113,3613374879,won,0.43,1
11:02:35,JD100,,3.934,DIGITOVER,5,0.4231,0.0268,0.35,153,3613375879,lost,-0.35,1
11:02:37,JD100,,3.930,DIGITUNDER,6,0.6217,0.0159,0.35,303,3613379879,won,0.19,1
11:02:39,JD100,,3.929,DIGITOVER,4,0.5230,0.0215,0.35,105,3613382619,won,0.29,1
11:02:41,JD100,,3.935,DIGITOVER,6,0.3210,0.0288,0.35,143,3613384859,lost,-0.35,1
11:02:43,JD100,,3.936,DIGITUNDER,6,0.6217,0.0159,0.35,150,3613386019,lost,-0.35,1
11:02:45,JD100,,3.936,DIGITOVER,6,0.3210,0.0287,0.35,106,3613388179,lost,-0.35,1
11:02:47,JD100,,3.936,DIGITUNDER,3,0.3163,0.0138,0.35,159,3613388999,lost,-0.35,1
11:02:49,JD100,,3.935,DIGITUNDER,3,0.3163,0.0138,0.35,115,3613391639,lost,-0.35,1
11:02:51,JD100,,3.936,DIGITOVER,4,0.5230,0.0215,0.35,106,3613392639,lost,-0.35,1
11:02:53,JD100,,3.933,DIGITUNDER,6,0.6217,0.0158,0.35,140,3613395519,lost,-0.35,1
11:02:56,JD100,,3.933,DIGITOVER,7,0.2154,0.0159,0.35,142,3613396799,lost,-0.35,1
11:02:58,JD100,,3.934,DIGITUNDER,4,0.4213,0.0225,0.35,253,3613400359,won,0.43,1
11:03:00,JD100,,3.934,DIGITUNDER,3,0.3163,0.0136,0.35,126,3613401679,won,0.65,1
11:03:02,JD100,,3.934,DIGITUNDER,3,0.3209,0.0286,0.35,149,3613402879,lost,-0.35,1
11:03:04,JD100,,3.935,DIGITOVER,5,0.4230,0.0267,0.35,133,3613403919,lost,-0.35,1
11:03:06,JD100,,3.935,DIGITUNDER,3,0.3163,0.0136,0.35,127,3613405559,won,0.65,1
11:03:08,JD100,,3.935,DIGITUNDER,3,0.3209,0.0286,0.35,123,3613406299,won,0.65,1
11:03:10,JD100,,3.929,DIGITUNDER,3,0.3210,0.0287,0.35,130,3613407519,lost,-0.35,1
11:03:12,JD100,,3.924,DIGITOVER,4,0.5231,0.0216,0.35,121,3613410659,won,0.29,1
11:03:14,JD100,,3.923,DIGITUNDER,6,0.6217,0.0158,0.35,142,3613412619,lost,-0.35,1
11:03:16,JD100,,3.925,DIGITOVER,7,0.2154,0.0158,0.35,117,3613413679,lost,-0.35,1
11:03:18,JD100,,3.926,DIGITUNDER,6,0.6216,0.0158,0.35,140,3613414459,won,0.19,1
11:03:20,JD100,,3.927,DIGITUNDER,3,0.3163,0.0137,0.35,136,3613415779,won,0.65,1
11:03:22,JD100,,3.926,DIGITUNDER,3,0.3210,0.0288,0.35,128,3613416719,lost,-0.35,1
11:03:24,JD100,,3.927,DIGITOVER,5,0.4231,0.0268,0.35,125,3613417839,lost,-0.35,1
11:03:27,JD100,,3.929,DIGITUNDER,6,0.6216,0.0158,0.35,121,3613418679,won,0.19,1
11:03:29,JD100,,3.922,DIGITUNDER,6,0.6216,0.0158,0.35,137,3613420079,won,0.19,1
11:03:31,JD100,,3.920,DIGITUNDER,6,0.6217,0.0158,0.35,124,3613421199,lost,-0.35,1
11:03:33,JD100,,3.922,DIGITOVER,6,0.3210,0.0288,0.35,116,3613422319,lost,-0.35,1
11:03:35,JD100,,3.918,DIGITOVER,4,0.5230,0.0215,0.35,128,3613423019,lost,-0.35,1
11:03:37,JD100,,3.919,DIGITUNDER,4,0.4214,0.0227,0.35,123,3613425019,lost,-0.35,1
11:03:39,JD100,,3.918,DIGITOVER,7,0.2153,0.0158,0.35,122,3613426019,lost,-0.35,1
11:03:41,JD100,,3.918,DIGITUNDER,3,0.3163,0.0138,0.35,254,3613427839,lost,-0.35,1
11:03:43,JD100,,3.918,DIGITOVER,7,0.2154,0.0158,0.35,121,3613429039,lost,-0.35,1
11:03:45,JD100,,3.918,DIGITUNDER,3,0.3163,0.0138,0.35,171,3613430419,lost,-0.35,1
11:03:47,JD100,,3.915,DIGITOVER,5,0.4231,0.0268,0.35,165,3613431279,lost,-0.35,1
11:03:49,JD100,,3.917,DIGITUNDER,3,0.3210,0.0288,0.35,107,3613432379,lost,-0.35,1
11:03:51,JD100,,3.918,DIGITOVER,5,0.4230,0.0267,0.35,130,3613433059,lost,-0.35,1
11:03:53,JD100,,3.915,DIGITUNDER,3,0.3163,0.0137,0.35,111,3613434519,lost,-0.35,1
11:03:56,JD100,,3.916,DIGITOVER,5,0.4230,0.0267,0.35,187,3613435839,won,0.43,1
11:03:58,JD100,,3.922,DIGITOVER,6,0.3210,0.0288,0.35,100,3613437059,lost,-0.35,1
11:04:00,JD100,,3.922,DIGITUNDER,3,0.3210,0.0288,0.35,163,3613438259,lost,-0.35,1
11:04:02,JD100,,3.924,DIGITOVER,5,0.4230,0.0267,0.35,119,3613439359,lost,-0.35,1
11:04:04,JD100,,3.924,DIGITUNDER,3,0.3163,0.0137,0.35,152,3613440419,won,0.65,1
11:04:06,JD100,,3.923,DIGITUNDER,4,0.4213,0.0226,0.35,97,3613441939,won,0.43,1
11:04:08,JD100,,3.923,DIGITUNDER,3,0.3210,0.0288,0.35,138,3613443019,lost,-0.35,1
11:04:10,JD100,,3.918,DIGITUNDER,6,0.6216,0.0158,0.35,102,3613443819,won,0.19,1
11:04:12,JD100,,3.917,DIGITUNDER,3,0.3210,0.0287,0.35,114,3613445439,lost,-0.35,1
11:04:14,JD100,,3.915,DIGITUNDER,6,0.6216,0.0158,0.35,124,3613447679,lost,-0.35,1
11:04:17,JD100,,3.918,DIGITOVER,7,0.2153,0.0155,0.35,130,3613449159,lost,-0.35,1
11:04:19,JD100,,3.916,DIGITOVER,4,0.5230,0.0214,0.35,107,3613450099,lost,-0.35,1
11:04:21,JD100,,3.916,DIGITUNDER,3,0.3163,0.0136,0.35,126,3613451339,lost,-0.35,1
11:04:23,JD100,,3.915,DIGITOVER,6,0.3209,0.0286,0.35,134,3613452559,won,0.65,1
11:04:25,JD100,,3.914,DIGITOVER,5,0.4230,0.0266,0.35,121,3613453999,lost,-0.35,1
11:04:27,JD100,,3.917,DIGITUNDER,6,0.6216,0.0157,0.35,166,3613454959,lost,-0.35,1
11:04:29,JD100,,3.918,DIGITOVER,7,0.2153,0.0155,0.35,115,3613455799,lost,-0.35,1
11:04:31,JD100,,3.917,DIGITUNDER,3,0.3162,0.0135,0.35,121,3613457219,lost,-0.35,1
11:04:33,JD100,,3.919,DIGITUNDER,6,0.6216,0.0157,0.35,110,3613458519,lost,-0.35,1
11:04:35,JD100,,3.919,DIGITOVER,6,0.3209,0.0286,0.35,118,3613459439,lost,-0.35,1
11:04:37,JD100,,3.920,DIGITUNDER,3,0.3162,0.0135,0.35,114,3613460939,won,0.65,1
11:04:39,JD100,,3.920,DIGITUNDER,4,0.4213,0.0225,0.35,123,3613461979,lost,-0.35,1
11:04:41,JD100,,3.918,DIGITOVER,7,0.2153,0.0154,0.35,123,3613463279,lost,-0.35,1
11:04:44,JD100,,3.918,DIGITOVER,4,0.5229,0.0213,0.35,121,3613464639,lost,-0.35,1
11:04:46,JD100,,3.919,DIGITUNDER,3,0.3162,0.0135,0.35,116,3613465839,lost,-0.35,1
11:04:48,JD100,,3.919,DIGITOVER,7,0.2153,0.0154,0.35,127,3613466879,lost,-0.35,1
11:04:50,JD100,,3.921,DIGITOVER,7,0.2153,0.0154,0.35,113,3613469419,lost,-0.35,1
11:04:52,JD100,,3.921,DIGITUNDER,3,0.3209,0.0284,0.35,131,3613470739,won,0.65,1
11:04:54,JD100,,3.920,DIGITUNDER,3,0.3162,0.0135,0.35,128,3613471799,lost,-0.35,1
11:04:56,JD100,,3.923,DIGITOVER,5,0.4230,0.0266,0.35,140,3613472939,lost,-0.35,1
11:04:58,JD100,,3.922,DIGITUNDER,4,0.4213,0.0224,0.35,143,3613473619,lost,-0.35,1
11:05:00,JD100,,3.921,DIGITUNDER,4,0.4213,0.0224,0.35,121,3613476079,lost,-0.35,1
11:05:03,JD100,,3.923,DIGITOVER,5,0.4230,0.0265,0.35,131,3613478299,won,0.43,1
11:05:05,JD100,,3.923,DIGITOVER,7,0.2152,0.0153,0.35,126,3613480739,lost,-0.35,1
11:05:07,JD100,,3.923,DIGITUNDER,4,0.4212,0.0223,0.35,103,3613481819,won,0.43,1
11:05:09,JD100,,3.922,DIGITUNDER,3,0.3162,0.0134,0.35,131,3613482839,won,0.65,1
11:05:11,JD100,,3.922,DIGITUNDER,3,0.3209,0.0283,0.35,117,3613484179,lost,-0.35,1
11:05:13,JD100,,3.925,DIGITOVER,7,0.2152,0.0152,0.35,149,3613487399,lost,-0.35,1
11:05:15,JD100,,3.925,DIGITUNDER,3,0.3208,0.0283,0.35,109,3613488839,lost,-0.35,1
11:05:17,JD100,,3.925,DIGITOVER,7,0.2152,0.0152,0.35,138,3613493079,lost,-0.35,1
11:05:19,JD100,,3.923,DIGITOVER,5,0.4230,0.0266,0.35,156,3613496559,won,0.43,1
11:05:21,JD100,,3.926,DIGITOVER,5,0.4230,0.0266,0.35,121,3613498239,lost,-0.35,1
11:05:23,JD100,,3.924,DIGITUNDER,3,0.3163,0.0136,0.35,170,3613500539,lost,-0.35,1
11:05:25,JD100,,3.925,DIGITUNDER,6,0.6216,0.0156,0.35,167,3613501699,won,0.19,1
11:05:28,JD100,,3.925,DIGITUNDER,4,0.4212,0.0223,0.35,150,3613502799,lost,-0.35,1
11:05:30,JD100,,3.927,DIGITOVER,7,0.2153,0.0154,0.35,151,3613503599,won,1.05,1
11:05:32,JD100,,3.927,DIGITOVER,7,0.2153,0.0154,0.35,133,3613504779,won,1.05,1
11:05:34,JD100,,3.925,DIGITOVER,6,0.3209,0.0285,0.35,115,3613505799,lost,-0.35,1
11:05:36,JD100,,3.927,DIGITOVER,5,0.4230,0.0265,0.35,119,3613507899,lost,-0.35,1
11:05:38,JD100,,3.926,DIGITUNDER,4,0.4212,0.0223,0.35,115,3613509199,lost,-0.35,1
11:05:40,JD100,,3.927,DIGITOVER,5,0.4229,0.0265,0.35,138,3613510339,won,0.43,1
11:05:42,JD100,,3.927,DIGITOVER,6,0.3209,0.0284,0.35,126,3613511819,lost,-0.35,1
11:05:44,JD100,,3.927,DIGITUNDER,3,0.3162,0.0136,0.35,133,3613512739,lost,-0.35,1
11:05:46,JD100,,3.929,DIGITUNDER,6,0.6215,0.0156,0.35,116,3613514199,won,0.19,1
11:05:48,JD100,,3.930,DIGITUNDER,3,0.3163,0.0136,0.35,115,3613517139,lost,-0.35,1
11:05:50,JD100,,3.931,DIGITOVER,4,0.5230,0.0214,0.35,114,3613518319,won,0.29,1
11:05:52,JD100,,3.930,DIGITOVER,4,0.5230,0.0214,0.35,129,3613520539,lost,-0.35,1
11:05:54,JD100,,3.932,DIGITUNDER,4,0.4212,0.0222,0.35,109,3613521379,lost,-0.35,1
11:05:56,JD100,,3.933,DIGITOVER,6,0.3208,0.0283,0.35,105,3613522699,lost,-0.35,1
11:05:59,JD100,,3.933,DIGITOVER,7,0.2152,0.0153,0.35,131,3613525279,lost,-0.35,1
11:06:01,JD100,,3.933,DIGITUNDER,3,0.3162,0.0136,0.35,134,3613526459,lost,-0.35,1
11:06:03,JD100,,3.929,DIGITOVER,5,0.4229,0.0264,0.35,130,3613528519,won,0.43,1
11:06:05,JD100,,3.929,DIGITOVER,6,0.3208,0.0283,0.35,110,3613530099,lost,-0.35,1
11:06:07,JD100,,3.929,DIGITUNDER,3,0.3208,0.0283,0.35,113,3613530959,lost,-0.35,1
11:06:09,JD100,,3.930,DIGITOVER,5,0.4229,0.0264,0.35,128,3613532659,lost,-0.35,1
11:06:11,JD100,,3.926,DIGITUNDER,3,0.3162,0.0135,0.35,141,3613533739,lost,-0.35,1
11:06:13,JD100,,3.923,DIGITOVER,7,0.2152,0.0152,0.35,108,3613534959,lost,-0.35,1
11:06:15,JD100,,3.928,DIGITOVER,5,0.4229,0.0264,0.35,169,3613537459,won,0.43,1
11:06:18,JD100,,3.928,DIGITOVER,4,0.5230,0.0214,0.35,138,3613538219,lost,-0.35,1
11:06:20,JD100,,3.929,DIGITUNDER,3,0.3208,0.0283,0.35,119,3613539299,lost,-0.35,1
11:06:22,JD100,,3.927,DIGITUNDER,4,0.4211,0.0220,0.35,132,3613541039,won,0.43,1
11:06:24,JD100,,3.927,DIGITUNDER,6,0.6214,0.0154,0.35,128,3613542299,lost,-0.35,1
11:06:26,JD100,,3.928,DIGITOVER,7,0.2152,0.0151,0.35,186,3613543819,lost,-0.35,1
11:06:28,JD100,,3.930,DIGITUNDER,4,0.4211,0.0220,0.35,131,3613544379,lost,-0.35,1
11:06:30,JD100,,3.930,DIGITOVER,4,0.5229,0.0213,0.35,110,3613545419,lost,-0.35,1
11:06:32,JD100,,3.930,DIGITUNDER,4,0.4211,0.0221,0.35,126,3613549339,lost,-0.35,1
11:06:34,JD100,,3.932,DIGITOVER,4,0.5229,0.0213,0.35,116,3613550439,won,0.29,1
11:06:36,JD100,,3.932,DIGITOVER,6,0.3208,0.0282,0.35,129,3613552739,lost,-0.35,1
11:06:38,JD100,,3.934,DIGITUNDER,6,0.6214,0.0153,0.35,207,3613553539,lost,-0.35,1
11:06:40,JD100,,3.936,DIGITOVER,6,0.3208,0.0282,0.35,104,3613554839,lost,-0.35,1
11:06:42,JD100,,3.937,DIGITUNDER,6,0.6214,0.0153,0.35,158,3613556379,won,0.19,1
11:06:44,JD100,,3.936,DIGITUNDER,4,0.4211,0.0220,0.35,131,3613557499,won,0.43,1
11:06:46,JD100,,3.936,DIGITUNDER,3,0.3161,0.0132,0.35,161,3613558459,lost,-0.35,1
11:06:48,JD100,,3.938,DIGITUNDER,6,0.6214,0.0153,0.35,142,3613562559,lost,-0.35,1
11:06:50,JD100,,3.941,DIGITOVER,7,0.2152,0.0151,0.35,143,3613564079,lost,-0.35,1
11:06:53,JD100,,3.944,DIGITUNDER,3,0.3208,0.0281,0.35,110,3613566359,lost,-0.35,1
11:06:55,JD100,,3.942,DIGITUNDER,6,0.6213,0.0153,0.35,118,3613568679,lost,-0.35,1
11:06:57,JD100,,3.943,DIGITOVER,5,0.4228,0.0262,0.35,144,3613570079,won,0.43,1
11:06:59,JD100,,3.943,DIGITOVER,6,0.3208,0.0282,0.35,376,3613571919,lost,-0.35,1
11:07:01,JD100,,3.944,DIGITOVER,6,0.3208,0.0282,0.35,183,3613574519,won,0.65,1
11:07:03,JD100,,3.944,DIGITOVER,7,0.2152,0.0150,0.35,149,3613575319,lost,-0.35,1
11:07:05,JD100,,3.944,DIGITOVER,4,0.5229,0.0212,0.35,139,3613576939,won,0.29,1
11:07:07,JD100,,3.944,DIGITOVER,4,0.5229,0.0212,0.35,126,3613578379,won,0.29,1
11:07:09,JD100,,3.943,DIGITOVER,6,0.3208,0.0282,0.35,118,3613579819,lost,-0.35,1
11:07:11,JD100,,3.942,DIGITUNDER,3,0.3162,0.0133,0.35,112,3613580699,won,0.65,1
11:07:13,JD100,,3.942,DIGITUNDER,3,0.3208,0.0282,0.35,123,3613581959,lost,-0.35,1
11:07:15,JD100,,3.941,DIGITUNDER,6,0.6214,0.0153,0.35,171,3613582979,won,0.19,1
11:07:17,JD100,,3.941,DIGITUNDER,4,0.4211,0.0221,0.35,103,3613584419,won,0.43,1
11:07:19,JD100,,3.941,DIGITUNDER,3,0.3162,0.0133,0.35,104,3613585399,won,0.65,1
11:07:21,JD100,,3.940,DIGITUNDER,3,0.3162,0.0134,0.35,107,3613586739,lost,-0.35,1
11:07:23,JD100,,3.943,DIGITUNDER,3,0.3162,0.0134,0.35,127,3613589299,lost,-0.35,1
11:07:26,JD100,,3.945,DIGITOVER,7,0.2152,0.0150,0.35,138,3613591439,won,1.05,1
11:07:28,JD100,,3.944,DIGITOVER,7,0.2152,0.0151,0.35,114,3613592759,lost,-0.35,1
11:07:30,JD100,,3.944,DIGITUNDER,3,0.3208,0.0282,0.35,135,3613594339,lost,-0.35,1
11:07:32,JD100,,3.943,DIGITUNDER,4,0.4211,0.0221,0.35,123,3613596539,won,0.43,1
11:07:34,JD100,,3.940,DIGITUNDER,6,0.6214,0.0153,0.35,136,3613597859,won,0.19,1
11:07:36,JD100,,3.941,DIGITOVER,6,0.3208,0.0282,0.35,124,3613600159,won,0.65,1
11:07:38,JD100,,3.940,DIGITOVER,6,0.3208,0.0282,0.35,124,3613601359,lost,-0.35,1
11:07:40,JD100,,3.940,DIGITOVER,5,0.4229,0.0264,0.35,114,3613604319,lost,-0.35,1
11:07:42,JD100,,3.939,DIGITUNDER,4,0.4211,0.0220,0.35,116,3613605179,lost,-0.35,1
11:07:44,JD100,,3.939,DIGITOVER,7,0.2152,0.0150,0.35,112,3613606439,lost,-0.35,1
11:07:46,JD100,,3.940,DIGITUNDER,6,0.6214,0.0153,0.35,118,3613607279,lost,-0.35,1
11:07:48,JD100,,3.940,DIGITOVER,7,0.2152,0.0149,0.35,117,3613608499,lost,-0.35,1
11:07:50,JD100,,3.945,DIGITOVER,5,0.4229,0.0263,0.35,123,3613609439,lost,-0.35,1
11:07:52,JD100,,3.946,DIGITUNDER,3,0.3162,0.0134,0.35,162,3613612039,lost,-0.35,1
11:07:54,JD100,,3.945,DIGITOVER,7,0.2152,0.0149,0.35,116,3613612839,lost,-0.35,1
11:07:56,JD100,,3.948,DIGITUNDER,6,0.6214,0.0153,0.35,141,3613613819,lost,-0.35,1
11:07:58,JD100,,3.948,DIGITOVER,5,0.4228,0.0262,0.35,102,3613615319,lost,-0.35,1
11:08:01,JD100,,3.948,DIGITUNDER,3,0.3161,0.0133,0.35,130,3613616259,lost,-0.35,1
11:08:03,JD100,,3.951,DIGITOVER,4,0.5229,0.0212,0.35,127,3613617659,won,0.29,1
11:08:05,JD100,,3.950,DIGITOVER,7,0.2151,0.0148,0.35,245,3613618839,lost,-0.35,1
11:08:07,JD100,,3.949,DIGITOVER,5,0.4228,0.0261,0.35,128,3613620059,lost,-0.35,1
11:08:09,JD100,,3.949,DIGITOVER,5,0.4228,0.0261,0.35,120,3613621859,lost,-0.35,1
11:08:11,JD100,,3.946,DIGITUNDER,4,0.4211,0.0219,0.35,123,3613624419,lost,-0.35,1
11:08:13,JD100,,3.947,DIGITOVER,4,0.5228,0.0211,0.35,114,3613625299,lost,-0.35,1
11:08:15,JD100,,3.950,DIGITOVER,6,0.3207,0.0277,0.35,123,3613627819,lost,-0.35,1
11:08:17,JD100,,3.950,DIGITOVER,5,0.4227,0.0260,0.35,133,3613629759,lost,-0.35,1
11:08:19,JD100,,3.952,DIGITOVER,5,0.4227,0.0259,0.35,94,3613633879,lost,-0.35,1
11:08:21,JD100,,3.952,DIGITUNDER,3,0.3161,0.0129,0.35,141,3613634959,won,0.65,1
11:08:23,JD100,,3.952,DIGITUNDER,3,0.3207,0.0277,0.35,122,3613636479,won,0.65,1
11:08:25,JD100,,3.952,DIGITUNDER,4,0.4211,0.0220,0.35,100,3613637399,lost,-0.35,1
11:08:27,JD100,,3.948,DIGITUNDER,3,0.3207,0.0278,0.35,112,3613641099,won,0.65,1
11:08:29,JD100,,3.947,DIGITUNDER,3,0.3161,0.0131,0.35,155,3613643479,won,0.65,1
11:08:31,JD100,,3.946,DIGITUNDER,3,0.3161,0.0132,0.35,149,3613644859,lost,-0.35,1
11:08:34,JD100,,3.945,DIGITOVER,7,0.2151,0.0149,0.35,244,3613646119,lost,-0.35,1
11:08:36,JD100,,3.940,DIGITUNDER,4,0.4211,0.0220,0.35,180,3613647519,won,0.43,1
11:08:38,JD100,,3.940,DIGITUNDER,6,0.6213,0.0153,0.35,107,3613648279,lost,-0.35,1
11:08:40,JD100,,3.939,DIGITOVER,7,0.2151,0.0148,0.35,122,3613649779,lost,-0.35,1
11:08:42,JD100,,3.941,DIGITUNDER,6,0.6213,0.0152,0.35,138,3613650839,won,0.19,1
11:08:44,JD100,,3.941,DIGITUNDER,6,0.6213,0.0152,0.35,133,3613652259,lost,-0.35,1
11:08:46,JD100,,3.942,DIGITOVER,4,0.5229,0.0212,0.35,126,3613653119,won,0.29,1
11:08:48,JD100,,3.939,DIGITOVER,4,0.5229,0.0213,0.35,119,3613654659,won,0.29,1
11:08:50,JD100,,3.934,DIGITOVER,5,0.4228,0.0262,0.35,143,3613655759,lost,-0.35,1
11:08:52,JD100,,3.936,DIGITUNDER,3,0.3208,0.0280,0.35,130,3613657059,won,0.65,1
11:08:54,JD100,,3.941,DIGITUNDER,3,0.3161,0.0132,0.35,144,3613658539,lost,-0.35,1
11:08:56,JD100,,3.937,DIGITUNDER,6,0.6213,0.0152,0.35,129,3613660919,won,0.19,1
11:08:58,JD100,,3.936,DIGITUNDER,4,0.4211,0.0221,0.35,126,3613662039,won,0.43,1
11:09:00,JD100,,3.936,DIGITUNDER,3,0.3161,0.0131,0.35,143,3613662899,lost,-0.35,1
11:09:03,JD100,,3.937,DIGITUNDER,6,0.6213,0.0152,0.35,111,3613664299,won,0.19,1
11:09:05,JD100,,3.936,DIGITOVER,7,0.2152,0.0150,0.35,156,3613667659,lost,-0.35,1
11:09:07,JD100,,3.933,DIGITUNDER,4,0.4211,0.0221,0.35,936,3613673679,lost,-0.35,2
11:09:09,JD100,,3.932,DIGITUNDER,3,0.3161,0.0132,0.35,112,3613679359,won,0.65,1
11:09:11,JD100,,3.939,DIGITUNDER,3,0.3161,0.0132,0.35,139,3613680379,lost,-0.35,1
11:09:13,JD100,,3.940,DIGITOVER,5,0.4228,0.0262,0.35,144,3613682139,lost,-0.35,1
11:09:15,JD100,,3.940,DIGITUNDER,3,0.3208,0.0281,0.35,124,3613683219,lost,-0.35,1
11:09:17,JD100,,3.935,DIGITUNDER,6,0.6213,0.0152,0.35,119,3613684299,won,0.19,1
11:09:19,JD100,,3.934,DIGITOVER,4,0.5230,0.0214,0.35,117,3613686519,won,0.29,1
11:09:21,JD100,,3.935,DIGITOVER,7,0.2151,0.0148,0.35,116,3613687499,won,1.05,1
11:09:23,JD100,,3.935,DIGITOVER,6,0.3208,0.0281,0.35,112,3613688559,lost,-0.35,1
11:09:25,JD100,,3.935,DIGITUNDER,3,0.3208,0.0281,0.35,117,3613689759,won,0.65,1
11:09:27,JD100,,3.934,DIGITUNDER,4,0.4211,0.0221,0.35,116,3613690919,lost,-0.35,1
11:09:29,JD100,,3.935,DIGITOVER,4,0.5231,0.0215,0.35,129,3613694559,lost,-0.35,1
11:09:31,JD100,,3.936,DIGITUNDER,3,0.3161,0.0133,0.35,139,3613697299,lost,-0.35,1
11:09:33,JD100,,3.935,DIGITUNDER,6,0.6213,0.0152,0.35,136,3613699639,won,0.19,1
11:09:35,JD100,,3.935,DIGITOVER,4,0.5230,0.0215,0.35,121,3613701959,won,0.29,1
11:09:38,JD100,,3.933,DIGITOVER,5,0.4229,0.0263,0.35,126,3613703059,lost,-0.35,1
11:09:40,JD100,,3.933,DIGITUNDER,4,0.4211,0.0221,0.35,141,3613704299,lost,-0.35,1
11:09:42,JD100,,3.934,DIGITOVER,6,0.3208,0.0281,0.35,135,3613705519,lost,-0.35,1
11:09:44,JD100,,3.934,DIGITOVER,4,0.5230,0.0214,0.35,134,3613706459,lost,-0.35,1
11:09:46,JD100,,3.934,DIGITUNDER,3,0.3162,0.0133,0.35,122,3613707659,won,0.65,1
11:09:48,JD100,,3.933,DIGITUNDER,3,0.3208,0.0281,0.35,117,3613708599,lost,-0.35,1
11:09:50,JD100,,3.931,DIGITOVER,5,0.4228,0.0262,0.35,110,3613710999,lost,-0.35,1
11:09:52,JD100,,3.932,DIGITUNDER,4,0.4211,0.0221,0.35,131,3613712299,lost,-0.35,1
11:09:54,JD100,,3.935,DIGITOVER,7,0.2151,0.0146,0.35,106,3613713579,lost,-0.35,1
11:09:56,JD100,,3.936,DIGITUNDER,3,0.3207,0.0280,0.35,115,3613714819,lost,-0.35,1
11:09:58,JD100,,3.934,DIGITOVER,6,0.3207,0.0280,0.35,106,3613716159,lost,-0.35,1
11:10:00,JD100,,3.936,DIGITUNDER,4,0.4211,0.0220,0.35,127,3613718439,lost,-0.35,1
11:10:02,JD100,,3.932,DIGITUNDER,4,0.4211,0.0220,0.35,129,3613723379,won,0.43,1
11:10:04,JD100,,3.930,DIGITUNDER,6,0.6214,0.0153,0.35,122,3613724699,won,0.19,1
11:10:07,JD100,,3.930,DIGITUNDER,6,0.6214,0.0153,0.35,152,3613726399,won,0.19,1
11:10:09,JD100,,3.924,DIGITUNDER,3,0.3208,0.0281,0.35,230,3613728959,lost,-0.35,1
11:10:11,JD100,,3.924,DIGITOVER,6,0.3208,0.0281,0.35,167,3613729979,lost,-0.35,1
11:10:13,JD100,,3.925,DIGITOVER,5,0.4228,0.0262,0.35,147,3613732439,lost,-0.35,1
11:10:15,JD100,,3.925,DIGITUNDER,3,0.3208,0.0280,0.35,137,3613733919,lost,-0.35,1
11:10:17,JD100,,3.922,DIGITOVER,6,0.3207,0.0280,0.35,103,3613736819,won,0.65,1
11:10:19,JD100,,3.921,DIGITOVER,6,0.3208,0.0280,0.35,187,3613737779,won,0.65,1
11:10:21,JD100,,3.920,DIGITOVER,7,0.2151,0.0144,0.35,128,3613739079,lost,-0.35,1
11:10:23,JD100,,3.922,DIGITOVER,4,0.5230,0.0214,0.35,128,3613741719,lost,-0.35,1
11:10:25,JD100,,3.924,DIGITUNDER,3,0.3162,0.0135,0.35,143,3613743419,won,0.65,1
11:10:27,JD100,,3.908,DIGITUNDER,3,0.3162,0.0135,0.35,112,3613745119,lost,-0.35,1
11:10:29,JD100,,3.908,DIGITOVER,4,0.5230,0.0214,0.35,146,3613746919,won,0.29,1
11:10:31,JD100,,3.908,DIGITOVER,4,0.5230,0.0214,0.35,91,3613747959,lost,-0.35,1
11:10:33,JD100,,3.911,DIGITUNDER,6,0.6213,0.0152,0.35,138,3613750039,won,0.19,1
11:10:35,JD100,,3.911,DIGITUNDER,3,0.3162,0.0135,0.35,134,3613757799,lost,-0.35,1
11:10:37,JD100,,3.899,DIGITOVER,7,0.2151,0.0146,0.35,109,3613762419,lost,-0.35,1
11:10:39,JD100,,3.902,DIGITUNDER,4,0.4211,0.0220,0.35,113,3613763759,lost,-0.35,1
11:10:42,JD100,,3.903,DIGITUNDER,3,0.3162,0.0135,0.35,114,3613766559,lost,-0.35,1
11:10:44,JD100,,3.901,DIGITOVER,5,0.4229,0.0263,0.35,118,3613767279,won,0.43,1
11:10:46,JD100,,3.901,DIGITOVER,5,0.4229,0.0263,0.35,115,3613768219,won,0.43,1
11:10:48,JD100,,3.901,DIGITOVER,5,0.4229,0.0263,0.35,294,3613769519,lost,-0.35,1
11:10:50,JD100,,3.901,DIGITUNDER,3,0.3162,0.0136,0.35,127,3613770979,won,0.65,1
11:10:52,JD100,,3.901,DIGITUNDER,3,0.3163,0.0136,0.35,143,3613772079,lost,-0.35,1
11:10:54,JD100,,3.898,DIGITOVER,7,0.2151,0.0148,0.35,199,3613773439,lost,-0.35,1
11:10:56,JD100,,3.899,DIGITOVER,5,0.4229,0.0264,0.35,122,3613774519,lost,-0.35,1
11:10:58,JD100,,3.902,DIGITUNDER,3,0.3208,0.0282,0.35,164,3613776779,lost,-0.35,1
11:11:00,JD100,,3.902,DIGITUNDER,6,0.6214,0.0153,0.35,116,3613777819,won,0.19,1
11:11:02,JD100,,3.898,DIGITUNDER,4,0.4211,0.0220,0.35,114,3613780899,lost,-0.35,1
11:11:04,JD100,,3.896,DIGITUNDER,3,0.3208,0.0281,0.35,108,3613783499,lost,-0.35,1
11:11:06,JD100,,3.895,DIGITUNDER,6,0.6214,0.0154,0.35,117,3613785819,lost,-0.35,1
11:11:08,JD100,,3.898,DIGITOVER,7,0.2151,0.0146,0.35,91,3613786939,won,1.05,1
11:11:10,JD100,,3.898,DIGITOVER,7,0.2151,0.0147,0.35,140,3613788199,won,1.05,1
11:11:12,JD100,,3.898,DIGITOVER,7,0.2151,0.0147,0.35,157,3613789219,lost,-0.35,1
11:11:15,JD100,,3.898,DIGITUNDER,3,0.3208,0.0281,0.35,103,3613790799,lost,-0.35,1
11:11:17,JD100,,3.888,DIGITOVER,6,0.3208,0.0281,0.35,129,3613794399,won,0.65,1
11:11:19,JD100,,3.886,DIGITOVER,5,0.4229,0.0264,0.35,113,3613795879,lost,-0.35,1
11:11:21,JD100,,3.888,DIGITUNDER,4,0.4211,0.0219,0.35,112,3613796959,won,0.43,1
11:11:23,JD100,,3.887,DIGITUNDER,4,0.4211,0.0220,0.35,135,3613798159,lost,-0.35,1
11:11:25,JD100,,3.884,DIGITOVER,4,0.5230,0.0215,0.35,140,3613799419,won,0.29,1
11:11:27,JD100,,3.882,DIGITOVER,6,0.3208,0.0281,0.35,114,3613800439,lost,-0.35,1
11:11:29,JD100,,3.883,DIGITUNDER,6,0.6214,0.0153,0.35,283,3613804319,won,0.19,1
11:11:31,JD100,,3.881,DIGITUNDER,3,0.3163,0.0137,0.35,115,3613806179,lost,-0.35,1
11:11:33,JD100,,3.877,DIGITOVER,7,0.2152,0.0149,0.35,108,3613806959,lost,-0.35,1
11:11:35,JD100,,3.877,DIGITUNDER,3,0.3163,0.0137,0.35,147,3613808179,lost,-0.35,1
11:11:37,JD100,,3.878,DIGITOVER,5,0.4229,0.0264,0.35,116,3613809519,lost,-0.35,1
11:11:39,JD100,,3.877,DIGITUNDER,6,0.6214,0.0154,0.35,122,3613810959,lost,-0.35,1
11:11:41,JD100,,3.878,DIGITOVER,4,0.5230,0.0215,0.35,157,3613812359,won,0.29,1
11:11:43,JD100,,3.878,DIGITOVER,5,0.4229,0.0264,0.35,238,3613814799,lost,-0.35,1
11:11:46,JD100,,3.878,DIGITUNDER,3,0.3163,0.0137,0.35,266,3613815719,lost,-0.35,1
11:11:48,JD100,,3.877,DIGITUNDER,4,0.4211,0.0219,0.35,163,3613818119,lost,-0.35,1
11:11:50,JD100,,3.878,DIGITUNDER,4,0.4211,0.0219,0.35,138,3613823379,lost,-0.35,1
11:11:52,JD100,,3.878,DIGITOVER,5,0.4229,0.0263,0.35,153,3613824739,won,0.43,1
11:11:54,JD100,,3.878,DIGITOVER,4,0.5230,0.0215,0.35,169,3613825799,won,0.29,1
11:11:56,JD100,,3.877,DIGITUNDER,3,0.3162,0.0135,0.35,194,3613828379,lost,-0.35,1
11:11:58,JD100,,3.877,DIGITOVER,6,0.3208,0.0282,0.35,141,3613829999,lost,-0.35,1
11:12:00,JD100,,3.877,DIGITOVER,4,0.5230,0.0214,0.35,194,3613831079,won,0.29,1
11:12:02,JD100,,3.877,DIGITOVER,4,0.5230,0.0215,0.35,143,3613832499,lost,-0.35,1
11:12:04,JD100,,3.878,DIGITUNDER,4,0.4211,0.0220,0.35,138,3613833779,lost,-0.35,1
11:12:06,JD100,,3.879,DIGITOVER,4,0.5230,0.0214,0.35,133,3613835319,lost,-0.35,1
11:12:08,JD100,,3.878,DIGITUNDER,6,0.6214,0.0153,0.35,114,3613836659,won,0.19,1
11:12:10,JD100,,3.878,DIGITUNDER,3,0.3208,0.0281,0.35,122,3613837959,lost,-0.35,1
11:12:12,JD100,,3.892,DIGITOVER,5,0.4228,0.0262,0.35,167,3613839159,lost,-0.35,1
11:12:15,JD100,,3.896,DIGITOVER,6,0.3208,0.0280,0.35,158,3613841559,lost,-0.35,1
11:12:17,JD100,,3.898,DIGITUNDER,4,0.4211,0.0220,0.35,127,3613842679,won,0.43,1
11:12:19,JD100,,3.898,DIGITUNDER,3,0.3208,0.0280,0.35,166,3613843839,lost,-0.35,1
11:12:21,JD100,,3.898,DIGITOVER,6,0.3207,0.0280,0.35,174,3613847259,lost,-0.35,1
11:12:23,JD100,,3.902,DIGITUNDER,3,0.3207,0.0280,0.35,136,3613848579,lost,-0.35,1
11:12:25,JD100,,3.899,DIGITOVER,6,0.3207,0.0279,0.35,157,3613850119,lost,-0.35,1
11:12:27,JD100,,3.900,DIGITUNDER,4,0.4210,0.0219,0.35,114,3613851379,lost,-0.35,1
11:12:29,JD100,,3.902,DIGITUNDER,3,0.3161,0.0132,0.35,138,3613853879,lost,-0.35,1
11:12:31,JD100,,3.905,DIGITUNDER,3,0.3207,0.0278,0.35,134,3613856699,lost,-0.35,1
11:12:33,JD100,,3.905,DIGITOVER,6,0.3207,0.0278,0.35,147,3613857899,lost,-0.35,1
11:12:35,JD100,,3.905,DIGITUNDER,3,0.3161,0.0132,0.35,125,3613859219,lost,-0.35,1
11:12:38,JD100,,3.905,DIGITUNDER,6,0.6213,0.0152,0.35,144,3613860039,lost,-0.35,1
11:12:40,JD100,,3.907,DIGITOVER,5,0.4227,0.0260,0.35,121,3613861139,won,0.43,1
11:12:42,JD100,,3.911,DIGITOVER,7,0.2151,0.0144,0.35,141,3613863159,lost,-0.35,1
11:12:44,JD100,,3.912,DIGITOVER,4,0.5229,0.0213,0.35,128,3613866999,lost,-0.35,1
11:12:46,JD100,,3.910,DIGITUNDER,3,0.3206,0.0277,0.35,149,3613868839,lost,-0.35,1
11:12:48,JD100,,3.907,DIGITUNDER,4,0.4209,0.0216,0.35,361,3613877819,lost,-0.35,1
11:12:50,JD100,,3.902,DIGITOVER,5,0.4228,0.0261,0.35,157,3613882039,won,0.43,1
11:12:52,JD100,,3.902,DIGITOVER,5,0.4228,0.0261,0.35,138,3613883759,lost,-0.35,1
11:12:54,JD100,,3.902,DIGITUNDER,6,0.6213,0.0152,0.35,146,3613884819,won,0.19,1
11:12:56,JD100,,3.902,DIGITUNDER,4,0.4209,0.0216,0.35,135,3613886379,won,0.43,1
11:12:58,JD100,,3.897,DIGITUNDER,6,0.6213,0.0153,0.35,140,3613887699,won,0.19,1
11:13:00,JD100,,3.898,DIGITUNDER,3,0.3162,0.0134,0.35,143,3613889179,lost,-0.35,1
11:13:03,JD100,,3.901,DIGITUNDER,4,0.4209,0.0216,0.35,126,3613891859,lost,-0.35,1
11:13:05,JD100,,3.902,DIGITOVER,4,0.5229,0.0213,0.35,115,3613893619,won,0.29,1
11:13:07,JD100,,3.900,DIGITOVER,4,0.5229,0.0213,0.35,140,3613895879,won,0.29,1
11:13:09,JD100,,3.900,DIGITOVER,5,0.4228,0.0262,0.35,130,3613898599,lost,-0.35,1
11:13:11,JD100,,3.899,DIGITUNDER,3,0.3162,0.0134,0.35,142,3613900539,lost,-0.35,1
11:13:13,JD100,,3.896,DIGITOVER,4,0.5230,0.0213,0.35,1031,3613905119,won,0.29,2
11:13:15,JD100,,3.896,DIGITOVER,4,0.5230,0.0214,0.35,153,3613907819,lost,-0.35,1
11:13:17,JD100,,3.896,DIGITOVER,5,0.4228,0.0262,0.35,141,3613911259,lost,-0.35,1
11:13:19,JD100,,3.897,DIGITUNDER,3,0.3162,0.0135,0.35,125,3613912159,won,0.65,1
11:13:21,JD100,,3.900,DIGITUNDER,5,0.5231,0.0216,0.35,144,3613913519,lost,-0.35,1
11:13:23,JD100,,3.897,DIGITUNDER,6,0.6213,0.0153,0.35,957,3613918819,won,0.19,2
11:13:25,JD100,,3.897,DIGITUNDER,4,0.4209,0.0216,0.35,121,3613918939,won,0.43,1
11:13:28,JD100,,3.897,DIGITUNDER,3,0.3207,0.0278,0.35,124,3613919999,lost,-0.35,1
11:13:30,JD100,,3.897,DIGITOVER,4,0.5230,0.0215,0.35,151,3613922259,lost,-0.35,1
11:13:32,JD100,,3.898,DIGITUNDER,3,0.3207,0.0278,0.35,109,3613923639,won,0.65,1
11:13:34,JD100,,3.898,DIGITUNDER,3,0.3162,0.0134,0.35,155,3613924939,lost,-0.35,1
11:13:36,JD100,,3.898,DIGITOVER,5,0.4228,0.0262,0.35,134,3613926039,won,0.43,1
11:13:38,JD100,,3.890,DIGITOVER,5,0.4228,0.0263,0.35,131,3613927079,won,0.43,1
11:13:40,JD100,,3.885,DIGITOVER,4,0.5230,0.0215,0.35,142,3613928379,won,0.29,1
11:13:42,JD100,,3.881,DIGITUNDER,6,0.6214,0.0154,0.35,131,3613931479,won,0.19,1
11:13:44,JD100,,3.876,DIGITUNDER,3,0.3208,0.0280,0.35,150,3613935519,lost,-0.35,1
11:13:46,JD100,,3.876,DIGITUNDER,6,0.6214,0.0154,0.35,122,3613936899,won,0.19,1
11:13:48,JD100,,3.875,DIGITOVER,4,0.5231,0.0216,0.35,128,3613938999,lost,-0.35,1
11:13:50,JD100,,3.876,DIGITUNDER,3,0.3208,0.0280,0.35,139,3613940059,lost,-0.35,1
11:13:52,JD100,,3.876,DIGITOVER,6,0.3207,0.0280,0.35,200,3613941659,lost,-0.35,1
11:13:54,JD100,,3.886,DIGITOVER,4,0.5230,0.0215,0.35,146,3613942519,won,0.29,1
11:13:56,JD100,,3.886,DIGITOVER,5,0.4229,0.0264,0.35,117,3613944679,won,0.43,1
11:13:58,JD100,,3.883,DIGITOVER,4,0.5231,0.0215,0.35,141,3613947759,lost,-0.35,1
11:14:01,JD100,,3.885,DIGITUNDER,3,0.3208,0.0281,0.35,123,3613949439,lost,-0.35,1
11:14:03,JD100,,3.887,DIGITOVER,4,0.5230,0.0215,0.35,152,3613950959,won,0.29,1
11:14:05,JD100,,3.891,DIGITOVER,6,0.3208,0.0280,0.35,149,3613952219,lost,-0.35,1
11:14:07,JD100,,3.893,DIGITUNDER,4,0.4210,0.0217,0.35,135,3613952959,won,0.43,1
11:14:09,JD100,,3.892,DIGITUNDER,4,0.4210,0.0218,0.35,134,3613954419,lost,-0.35,1
11:14:11,JD100,,3.891,DIGITOVER,7,0.2151,0.0146,0.35,175,3613956699,lost,-0.35,1
11:14:13,JD100,,3.894,DIGITOVER,6,0.3207,0.0279,0.35,126,3613959259,lost,-0.35,1
11:14:15,JD100,,3.898,DIGITUNDER,4,0.4209,0.0216,0.35,122,3613961679,won,0.43,1
11:14:17,JD100,,3.898,DIGITUNDER,6,0.6214,0.0154,0.35,159,3613963159,won,0.19,1
11:14:19,JD100,,3.898,DIGITUNDER,6,0.6214,0.0154,0.35,122,3613964759,won,0.19,1
11:14:21,JD100,,3.896,DIGITUNDER,3,0.3207,0.0280,0.35,107,3613966479,lost,-0.35,1
11:14:24,JD100,,3.897,DIGITOVER,7,0.2151,0.0145,0.35,117,3613967539,lost,-0.35,1
11:14:26,JD100,,3.898,DIGITUNDER,6,0.6214,0.0154,0.35,139,3613969259,won,0.19,1
11:14:29,JD100,,3.898,DIGITUNDER,3,0.3162,0.0135,0.35,91,3613970559,lost,-0.35,1
11:14:31,JD100,,3.897,DIGITOVER,7,0.2151,0.0146,0.35,769,3613978159,lost,-0.35,1
11:14:33,JD100,,3.895,DIGITOVER,4,0.5230,0.0214,0.35,145,3613979339,won,0.29,1
11:14:35,JD100,,3.895,DIGITOVER,5,0.4229,0.0263,0.35,120,3613982119,won,0.43,1
11:14:37,JD100,,3.895,DIGITOVER,5,0.4229,0.0264,0.35,148,3613982999,won,0.43,1
11:14:40,JD100,,3.894,DIGITOVER,5,0.4229,0.0264,0.35,134,3613984539,won,0.43,1
11:14:42,JD100,,3.893,DIGITOVER,7,0.2151,0.0148,0.35,143,3613985779,won,1.05,1
11:14:44,JD100,,3.891,DIGITOVER,6,0.3208,0.0281,0.35,134,3613987239,lost,-0.35,1
11:14:46,JD100,,3.892,DIGITUNDER,3,0.3208,0.0281,0.35,195,3613988559,lost,-0.35,1
11:14:48,JD100,,3.890,DIGITUNDER,6,0.6215,0.0155,0.35,180,3613990299,won,0.19,1
11:14:50,JD100,,3.890,DIGITOVER,4,0.5231,0.0216,0.35,143,3613993259,won,0.29,1
11:14:52,JD100,,3.889,DIGITOVER,5,0.4230,0.0266,0.35,187,3613994239,won,0.43,1
11:14:54,JD100,,3.885,DIGITOVER,5,0.4230,0.0266,0.35,130,3613995799,won,0.43,1
11:14:56,JD100,,3.885,DIGITOVER,4,0.5231,0.0216,0.35,143,3613997339,won,0.29,1
11:14:58,JD100,,3.883,DIGITOVER,6,0.3208,0.0282,0.35,153,3613999679,lost,-0.35,1
11:15:00,JD100,,3.884,DIGITUNDER,6,0.6215,0.0155,0.35,167,3614001299,won,0.19,1
11:15:02,JD100,,3.883,DIGITUNDER,4,0.4211,0.0219,0.35,134,3614002459,won,0.43,1
11:15:04,JD100,,3.883,DIGITUNDER,3,0.3163,0.0137,0.35,146,3614004399,lost,-0.35,1
11:15:06,JD100,,3.882,DIGITOVER,4,0.5231,0.0216,0.35,126,3614006159,won,0.29,1
11:15:09,JD100,,3.880,DIGITOVER,4,0.5231,0.0217,0.35,126,3614007579,won,0.29,1
11:15:11,JD100,,3.880,DIGITOVER,4,0.5231,0.0217,0.35,128,3614009119,lost,-0.35,1
11:15:13,JD100,,3.885,DIGITUNDER,3,0.3163,0.0137,0.35,148,3614011259,lost,-0.35,1
11:15:15,JD100,,3.885,DIGITOVER,6,0.3208,0.0283,0.35,138,3614013019,lost,-0.35,1
11:15:17,JD100,,3.884,DIGITUNDER,3,0.3208,0.0282,0.35,402,3614015999,won,0.65,1
11:15:19,JD100,,3.883,DIGITUNDER,3,0.3208,0.0283,0.35,159,3614017999,won,0.65,1
11:15:21,JD100,,3.882,DIGITUNDER,4,0.4211,0.0221,0.35,113,3614019499,won,0.43,1
11:15:23,JD100,,3.881,DIGITUNDER,3,0.3209,0.0284,0.35,123,3614021159,lost,-0.35,1
11:15:25,JD100,,3.880,DIGITUNDER,6,0.6216,0.0156,0.35,141,3614022079,won,0.19,1
11:15:27,JD100,,3.879,DIGITUNDER,3,0.3209,0.0283,0.35,174,3614023619,lost,-0.35,1
11:15:29,JD100,,3.878,DIGITOVER,6,0.3208,0.0283,0.35,146,3614024719,lost,-0.35,1
11:15:31,JD100,,3.882,DIGITOVER,6,0.3208,0.0283,0.35,128,3614027279,won,0.65,1
11:15:33,JD100,,3.882,DIGITOVER,5,0.4230,0.0266,0.35,162,3614028879,won,0.43,1
11:15:36,JD100,,3.880,DIGITOVER,5,0.4230,0.0267,0.35,115,3614029959,lost,-0.35,1
11:15:38,JD100,,3.876,DIGITUNDER,3,0.3163,0.0137,0.35,118,3614031679,lost,-0.35,1
11:15:40,JD100,,3.880,DIGITOVER,6,0.3208,0.0283,0.35,148,3614032999,lost,-0.35,1
11:15:42,JD100,,3.883,DIGITUNDER,3,0.3163,0.0137,0.35,119,3614036899,lost,-0.35,1
11:15:44,JD100,,3.882,DIGITOVER,6,0.3208,0.0283,0.35,191,3614038879,lost,-0.35,1
11:15:46,JD100,,3.879,DIGITOVER,4,0.5231,0.0217,0.35,108,3614042879,won,0.29,1
11:15:48,JD100,,3.878,DIGITOVER,5,0.4230,0.0267,0.35,140,3614044279,won,0.43,1
11:15:50,JD100,,3.877,DIGITOVER,4,0.5232,0.0217,0.35,142,3614046059,lost,-0.35,1
11:15:52,JD100,,3.878,DIGITUNDER,6,0.6216,0.0157,0.35,144,3614047419,won,0.19,1
11:15:54,JD100,,3.878,DIGITUNDER,3,0.3163,0.0137,0.35,143,3614048499,won,0.65,1
11:15:56,JD100,,3.884,DIGITUNDER,3,0.3209,0.0284,0.35,144,3614049839,lost,-0.35,1
11:15:58,JD100,,3.885,DIGITOVER,4,0.5231,0.0217,0.35,139,3614051759,won,0.29,1
11:16:00,JD100,,3.881,DIGITUNDER,4,0.4212,0.0221,0.35,151,3614054219,won,0.43,1
11:16:02,JD100,,3.880,DIGITUNDER,3,0.3209,0.0285,0.35,161,3614055459,lost,-0.35,1
11:16:05,JD100,,3.877,DIGITOVER,6,0.3209,0.0284,0.35,143,3614057999,won,0.65,1
11:16:07,JD100,,3.875,DIGITOVER,7,0.2152,0.0152,0.35,126,3614059299,lost,-0.35,1
11:16:09,JD100,,3.874,DIGITUNDER,3,0.3163,0.0137,0.35,161,3614060239,lost,-0.35,1
11:16:11,JD100,,3.880,DIGITUNDER,6,0.6216,0.0157,0.35,402,3614062919,lost,-0.35,1
11:16:13,JD100,,3.881,DIGITOVER,7,0.2152,0.0151,0.35,124,3614064319,lost,-0.35,1
11:16:15,JD100,,3.879,DIGITOVER,4,0.5231,0.0216,0.35,183,3614065399,lost,-0.35,1
11:16:17,JD100,,3.880,DIGITUNDER,6,0.6216,0.0157,0.35,255,3614066879,won,0.19,1
11:16:19,JD100,,3.876,DIGITUNDER,6,0.6216,0.0157,0.35,137,3614067979,lost,-0.35,1
11:16:21,JD100,,3.878,DIGITOVER,6,0.3209,0.0284,0.35,541,3614071339,won,0.65,1
11:16:23,JD100,,3.878,DIGITOVER,5,0.4230,0.0266,0.35,141,3614072719,won,0.43,1
11:16:25,JD100,,3.886,DIGITOVER,6,0.3209,0.0285,0.35,116,3614074499,lost,-0.35,1
11:16:27,JD100,,3.888,DIGITOVER,7,0.2152,0.0152,0.35,556,3614078639,lost,-0.35,1
11:16:29,JD100,,3.886,DIGITOVER,5,0.4230,0.0266,0.35,214,3614081519,lost,-0.35,1
11:16:31,JD100,,3.885,DIGITUNDER,3,0.3162,0.0136,0.35,139,3614082679,lost,-0.35,1
11:16:34,JD100,,3.886,DIGITOVER,4,0.5231,0.0216,0.35,143,3614084019,lost,-0.35,1
11:16:36,JD100,,3.888,DIGITUNDER,3,0.3209,0.0283,0.35,140,3614085639,lost,-0.35,1
11:16:38,JD100,,3.888,DIGITOVER,7,0.2152,0.0150,0.35,127,3614087239,lost,-0.35,1
11:16:40,JD100,,3.887,DIGITOVER,5,0.4229,0.0264,0.35,122,3614088119,lost,-0.35,1
11:16:42,JD100,,3.886,DIGITUNDER,6,0.6215,0.0156,0.35,120,3614089759,won,0.19,1
11:16:44,JD100,,3.881,DIGITUNDER,3,0.3208,0.0282,0.35,164,3614091319,lost,-0.35,1
11:16:46,JD100,,3.882,DIGITOVER,5,0.4229,0.0264,0.35,128,3614093179,lost,-0.35,1
11:16:48,JD100,,3.883,DIGITUNDER,3,0.3208,0.0282,0.35,140,3614094239,lost,-0.35,1
11:16:50,JD100,,3.883,DIGITOVER,5,0.4229,0.0263,0.35,147,3614095279,lost,-0.35,1
11:16:52,JD100,,3.883,DIGITUNDER,3,0.3208,0.0282,0.35,151,3614096599,lost,-0.35,1
11:16:54,JD100,,3.883,DIGITUNDER,6,0.6215,0.0155,0.35,134,3614097879,won,0.19,1
11:16:56,JD100,,3.874,DIGITUNDER,4,0.4211,0.0221,0.35,133,3614100179,lost,-0.35,1
11:16:58,JD100,,3.874,DIGITOVER,7,0.2151,0.0147,0.35,148,3614101619,lost,-0.35,1
11:17:01,JD100,,3.875,DIGITOVER,4,0.5230,0.0214,0.35,142,3614105239,lost,-0.35,1
11:17:03,JD100,,3.876,DIGITOVER,7,0.2151,0.0146,0.35,142,3614107719,lost,-0.35,1
11:17:05,JD100,,3.877,DIGITUNDER,4,0.4211,0.0220,0.35,150,3614109459,won,0.43,1
11:17:07,JD100,,3.877,DIGITUNDER,3,0.3162,0.0133,0.35,148,3614110439,lost,-0.35,1
11:17:09,JD100,,3.878,DIGITOVER,4,0.5229,0.0213,0.35,154,3614111659,lost,-0.35,1
11:17:11,JD100,,3.879,DIGITOVER,7,0.2151,0.0145,0.35,799,3614118799,lost,-0.35,1
11:17:13,JD100,,3.881,DIGITUNDER,6,0.6215,0.0155,0.35,393,3614120979,lost,-0.35,1
11:17:15,JD100,,3.882,DIGITOVER,5,0.4228,0.0261,0.35,138,3614122519,lost,-0.35,1
11:17:17,JD100,,3.884,DIGITUNDER,4,0.4211,0.0220,0.35,144,3614123279,lost,-0.35,1
11:17:19,JD100,,3.882,DIGITUNDER,3,0.3161,0.0132,0.35,149,3614127739,lost,-0.35,1
11:17:21,JD100,,3.882,DIGITOVER,6,0.3207,0.0278,0.35,168,3614129359,won,0.65,1
11:17:23,JD100,,3.882,DIGITOVER,5,0.4228,0.0261,0.35,151,3614130659,won,0.43,1
11:17:25,JD100,,3.881,DIGITOVER,6,0.3207,0.0279,0.35,132,3614132219,lost,-0.35,1
11:17:27,JD100,,3.880,DIGITUNDER,3,0.3161,0.0132,0.35,171,3614133079,won,0.65,1
11:17:29,JD100,,3.880,DIGITUNDER,3,0.3162,0.0133,0.35,255,3614134699,won,0.65,1
11:17:31,JD100,,3.879,DIGITUNDER,3,0.3162,0.0133,0.35,173,3614136079,won,0.65,1
11:17:34,JD100,,3.879,DIGITUNDER,3,0.3162,0.0134,0.35,139,3614137319,lost,-0.35,1
11:17:36,JD100,,3.874,DIGITOVER,5,0.4228,0.0262,0.35,149,3614138459,won,0.43,1
11:17:38,JD100,,3.873,DIGITOVER,5,0.4229,0.0263,0.35,155,3614140119,lost,-0.35,1
11:17:40,JD100,,3.874,DIGITUNDER,4,0.4211,0.0221,0.35,155,3614141059,lost,-0.35,1
11:17:42,JD100,,3.874,DIGITOVER,6,0.3208,0.0280,0.35,139,3614144839,lost,-0.35,1
11:17:44,JD100,,3.872,DIGITUNDER,6,0.6215,0.0155,0.35,167,3614149019,won,0.19,1
11:17:46,JD100,,3.873,DIGITUNDER,3,0.3208,0.0280,0.35,155,3614150399,lost,-0.35,1
11:17:48,JD100,,3.874,DIGITOVER,4,0.5229,0.0212,0.35,133,3614151579,won,0.29,1
11:17:50,JD100,,3.870,DIGITOVER,4,0.5229,0.0213,0.35,152,3614153919,won,0.29,1
11:17:52,JD100,,3.870,DIGITOVER,5,0.4229,0.0263,0.35,137,3614155079,lost,-0.35,1
11:17:54,JD100,,3.869,DIGITUNDER,3,0.3162,0.0134,0.35,149,3614156559,won,0.65,1
11:17:56,JD100,,3.867,DIGITUNDER,3,0.3208,0.0282,0.35,119,3614157759,lost,-0.35,1
11:17:58,JD100,,3.863,DIGITOVER,6,0.3208,0.0282,0.35,147,3614161899,lost,-0.35,1
11:18:00,JD100,,3.864,DIGITUNDER,3,0.3208,0.0282,0.35,131,3614162999,won,0.65,1
11:18:03,JD100,,3.856,DIGITUNDER,4,0.4212,0.0222,0.35,166,3614164239,lost,-0.35,1
11:18:05,JD100,,3.859,DIGITUNDER,4,0.4212,0.0222,0.35,158,3614168579,lost,-0.35,1
11:18:07,JD100,,3.860,DIGITUNDER,4,0.4212,0.0222,0.35,149,3614172139,lost,-0.35,1
11:18:09,JD100,,3.861,DIGITUNDER,4,0.4211,0.0221,0.35,171,3614174739,lost,-0.35,1
11:18:11,JD100,,3.863,DIGITOVER,5,0.4228,0.0262,0.35,175,3614175879,lost,-0.35,1
11:18:13,JD100,,3.862,DIGITUNDER,6,0.6215,0.0155,0.35,159,3614178539,won,0.19,1
11:18:15,JD100,,3.864,DIGITUNDER,3,0.3162,0.0134,0.35,146,3614179619,lost,-0.35,1
11:18:17,JD100,,3.871,DIGITOVER,4,0.5230,0.0213,0.35,106,3614182019,lost,-0.35,1
11:18:19,JD100,,3.873,DIGITUNDER,4,0.4211,0.0220,0.35,196,3614182959,won,0.43,1
11:18:21,JD100,,3.873,DIGITUNDER,3,0.3162,0.0133,0.35,140,3614185719,won,0.65,1
11:18:23,JD100,,3.873,DIGITUNDER,4,0.4211,0.0221,0.35,155,3614186519,lost,-0.35,1
11:18:25,JD100,,3.873,DIGITOVER,6,0.3208,0.0280,0.35,148,3614187919,lost,-0.35,1
11:18:27,JD100,,3.877,DIGITOVER,4,0.5229,0.0213,0.35,173,3614189159,lost,-0.35,1
11:18:29,JD100,,3.880,DIGITUNDER,3,0.3162,0.0133,0.35,133,3614190439,won,0.65,1
11:18:31,JD100,,3.880,DIGITUNDER,3,0.3162,0.0134,0.35,169,3614191619,won,0.65,1
11:18:34,JD100,,3.881,DIGITUNDER,4,0.4211,0.0220,0.35,150,3614192879,won,0.43,1
11:18:36,JD100,,3.881,DIGITUNDER,3,0.3162,0.0134,0.35,149,3614193999,lost,-0.35,1
11:18:38,JD100,,3.884,DIGITUNDER,3,0.3207,0.0279,0.35,142,3614196679,lost,-0.35,1
11:18:40,JD100,,3.884,DIGITOVER,6,0.3207,0.0279,0.35,137,3614198079,lost,-0.35,1
11:18:42,JD100,,3.886,DIGITUNDER,4,0.4211,0.0220,0.35,155,3614199619,won,0.43,1
11:18:44,JD100,,3.886,DIGITUNDER,3,0.3162,0.0133,0.35,149,3614200859,won,0.65,1
11:18:46,JD100,,3.886,DIGITUNDER,3,0.3207,0.0279,0.35,145,3614201659,won,0.65,1
11:18:48,JD100,,3.891,DIGITUNDER,3,0.3162,0.0133,0.35,137,3614202879,won,0.65,1
11:18:50,JD100,,3.891,DIGITUNDER,3,0.3208,0.0280,0.35,169,3614204059,won,0.65,1
11:18:52,JD100,,3.890,DIGITUNDER,4,0.4212,0.0222,0.35,151,3614205599,lost,-0.35,1
11:18:54,JD100,,3.887,DIGITOVER,6,0.3208,0.0280,0.35,178,3614208099,lost,-0.35,1
11:18:56,JD100,,3.888,DIGITUNDER,3,0.3207,0.0280,0.35,145,3614209139,lost,-0.35,1
11:18:59,JD100,,3.888,DIGITUNDER,6,0.6215,0.0155,0.35,140,3614210419,lost,-0.35,1
11:19:01,JD100,,3.888,DIGITOVER,7,0.2150,0.0143,0.35,111,3614211279,lost,-0.35,1
11:19:03,JD100,,3.888,DIGITUNDER,3,0.3162,0.0134,0.35,121,3614213359,lost,-0.35,1
11:19:05,JD100,,3.890,DIGITOVER,6,0.3207,0.0280,0.35,125,3614214699,lost,-0.35,1
11:19:07,JD100,,3.891,DIGITUNDER,4,0.4211,0.0221,0.35,139,3614216099,won,0.43,1
11:19:09,JD100,,3.891,DIGITUNDER,6,0.6215,0.0155,0.35,141,3614217259,lost,-0.35,1
11:19:11,JD100,,3.892,DIGITOVER,6,0.3207,0.0280,0.35,148,3614218859,lost,-0.35,1
11:19:13,JD100,,3.894,DIGITUNDER,4,0.4211,0.0221,0.35,151,3614220019,won,0.43,1
11:19:15,JD100,,3.894,DIGITUNDER,3,0.3208,0.0280,0.35,125,3614221439,lost,-0.35,1
11:19:17,JD100,,3.892,DIGITOVER,5,0.4228,0.0261,0.35,150,3614223059,lost,-0.35,1
11:19:19,JD100,,3.893,DIGITUNDER,4,0.4211,0.0220,0.35,135,3614224959,won,0.43,1
11:19:21,JD100,,3.900,DIGITUNDER,4,0.4211,0.0221,0.35,155,3614225919,won,0.43,1
11:19:24,JD100,,3.899,DIGITUNDER,4,0.4211,0.0221,0.35,155,3614227299,won,0.43,1
11:19:26,JD100,,3.899,DIGITUNDER,3,0.3208,0.0281,0.35,133,3614228779,lost,-0.35,1
11:19:28,JD100,,3.900,DIGITOVER,4,0.5229,0.0213,0.35,167,3614230059,lost,-0.35,1
11:19:30,JD100,,3.902,DIGITUNDER,4,0.4211,0.0221,0.35,182,3614231399,lost,-0.35,1
11:19:32,JD100,,3.902,DIGITOVER,5,0.4228,0.0261,0.35,196,3614233059,won,0.43,1
11:19:34,JD100,,3.899,DIGITOVER,6,0.3208,0.0281,0.35,183,3614233939,lost,-0.35,1
11:19:36,JD100,,3.900,DIGITUNDER,3,0.3208,0.0281,0.35,149,3614235079,lost,-0.35,1
11:19:39,JD100,,3.901,DIGITOVER,4,0.5229,0.0212,0.35,172,3614236339,lost,-0.35,1
11:19:41,JD100,,3.902,DIGITUNDER,6,0.6214,0.0154,0.35,140,3614238059,lost,-0.35,1
11:19:43,JD100,,3.903,DIGITOVER,6,0.3207,0.0280,0.35,163,3614239119,lost,-0.35,1
11:19:45,JD100,,3.900,DIGITOVER,5,0.4227,0.0260,0.35,255,3614242979,lost,-0.35,1
11:19:47,JD100,,3.900,DIGITUNDER,3,0.3161,0.0132,0.35,159,3614244159,lost,-0.35,1
11:19:49,JD100,,3.899,DIGITOVER,7,0.2150,0.0142,0.35,103,3614245379,won,1.05,1
11:19:51,JD100,,3.899,DIGITOVER,7,0.2150,0.0143,0.35,137,3614247319,lost,-0.35,1
11:19:53,JD100,,3.899,DIGITUNDER,3,0.3207,0.0280,0.35,136,3614248359,lost,-0.35,1
11:19:55,JD100,,3.903,DIGITUNDER,3,0.3207,0.0280,0.35,177,3614253019,won,0.65,1
11:19:57,JD100,,3.903,DIGITUNDER,3,0.3208,0.0281,0.35,206,3614254079,lost,-0.35,1
11:19:59,JD100,,3.902,DIGITOVER,4,0.5229,0.0213,0.35,145,3614255359,lost,-0.35,1
11:20:01,JD100,,3.902,DIGITUNDER,3,0.3162,0.0133,0.35,168,3614256559,won,0.65,1
11:20:03,JD100,,3.899,DIGITUNDER,4,0.4211,0.0219,0.35,161,3614257779,won,0.43,1
11:20:05,JD100,,3.899,DIGITUNDER,6,0.6214,0.0153,0.35,157,3614258979,won,0.19,1
11:20:08,JD100,,3.898,DIGITUNDER,4,0.4211,0.0220,0.35,206,3614260299,lost,-0.35,1
11:20:10,JD100,,3.899,DIGITOVER,4,0.5229,0.0213,0.35,145,3614261399,won,0.29,1
11:20:12,JD100,,3.899,DIGITOVER,5,0.4228,0.0262,0.35,166,3614262719,lost,-0.35,1
11:20:14,JD100,,3.901,DIGITUNDER,6,0.6214,0.0153,0.35,169,3614263639,won,0.19,1
11:20:16,JD100,,3.901,DIGITUNDER,3,0.3162,0.0134,0.35,188,3614266319,lost,-0.35,1
11:20:18,JD100,,3.902,DIGITUNDER,6,0.6214,0.0153,0.35,158,3614268039,lost,-0.35,1
11:20:20,JD100,,3.903,DIGITOVER,5,0.4228,0.0261,0.35,178,3614269599,lost,-0.35,1
11:20:22,JD100,,3.899,DIGITUNDER,3,0.3162,0.0133,0.35,132,3614270679,lost,-0.35,1
11:20:24,JD100,,3.900,DIGITOVER,7,0.2150,0.0142,0.35,122,3614273239,won,1.05,1
11:20:26,JD100,,3.898,DIGITOVER,7,0.2150,0.0143,0.35,131,3614274259,won,1.05,1
11:20:28,JD100,,3.897,DIGITOVER,6,0.3208,0.0280,0.35,147,3614276199,won,0.65,1
11:20:30,JD100,,3.894,DIGITOVER,6,0.3208,0.0281,0.35,141,3614277319,lost,-0.35,1
11:20:32,JD100,,3.895,DIGITUNDER,4,0.4210,0.0219,0.35,135,3614278639,won,0.43,1
11:20:35,JD100,,3.894,DIGITUNDER,3,0.3208,0.0281,0.35,167,3614280079,lost,-0.35,1
11:20:37,JD100,,3.893,DIGITOVER,5,0.4228,0.0261,0.35,133,3614281619,lost,-0.35,1
11:20:39,JD100,,3.895,DIGITUNDER,3,0.3208,0.0280,0.35,150,3614282859,won,0.65,1
11:20:41,JD100,,3.894,DIGITUNDER,4,0.4211,0.0219,0.35,152,3614284359,won,0.43,1
11:20:43,JD100,,3.894,DIGITUNDER,3,0.3162,0.0133,0.35,159,3614285299,lost,-0.35,1
11:20:45,JD100,,3.892,DIGITOVER,4,0.5229,0.0213,0.35,155,3614289179,won,0.29,1
11:20:47,JD100,,3.895,DIGITOVER,7,0.2150,0.0143,0.35,168,3614290799,lost,-0.35,1
11:20:49,JD100,,3.893,DIGITUNDER,3,0.3162,0.0133,0.35,140,3614295199,lost,-0.35,1
11:20:51,JD100,,3.895,DIGITOVER,4,0.5229,0.0213,0.35,191,3614296779,won,0.29,1
11:20:53,JD100,,3.894,DIGITOVER,6,0.3208,0.0280,0.35,132,3614298079,lost,-0.35,1
11:20:55,JD100,,3.895,DIGITUNDER,4,0.4210,0.0218,0.35,125,3614299279,won,0.43,1
11:20:57,JD100,,3.894,DIGITUNDER,3,0.3162,0.0133,0.35,149,3614300539,lost,-0.35,1
11:20:59,JD100,,3.896,DIGITOVER,4,0.5229,0.0212,0.35,144,3614302119,lost,-0.35,1
11:21:02,JD100,,3.896,DIGITUNDER,6,0.6212,0.0151,0.35,153,3614303079,won,0.19,1
11:21:04,JD100,,3.896,DIGITUNDER,3,0.3207,0.0279,0.35,125,3614304459,lost,-0.35,1
11:21:06,JD100,,3.897,DIGITOVER,5,0.4227,0.0259,0.35,150,3614305559,won,0.43,1
11:21:08,JD100,,3.895,DIGITOVER,7,0.2150,0.0140,0.35,127,3614307439,lost,-0.35,1
11:21:10,JD100,,3.895,DIGITUNDER,3,0.3162,0.0133,0.35,167,3614308699,lost,-0.35,1
11:21:12,JD100,,3.891,DIGITOVER,7,0.2150,0.0141,0.35,129,3614310099,won,1.05,1
11:21:14,JD100,,3.888,DIGITOVER,6,0.3208,0.0280,0.35,182,3614311439,lost,-0.35,1
11:21:16,JD100,,3.890,DIGITUNDER,6,0.6213,0.0151,0.35,133,3614312459,won,0.19,1
11:21:18,JD100,,3.888,DIGITUNDER,6,0.6213,0.0152,0.35,154,3614313579,lost,-0.35,1
11:21:20,JD100,,3.888,DIGITOVER,7,0.2150,0.0142,0.35,166,3614315339,won,1.05,1
11:21:22,JD100,,3.888,DIGITOVER,7,0.2150,0.0143,0.35,133,3614316819,won,1.05,1
11:21:24,JD100,,3.880,DIGITOVER,7,0.2151,0.0144,0.35,136,3614318099,lost,-0.35,1
11:21:26,JD100,,3.883,DIGITUNDER,3,0.3208,0.0281,0.35,152,3614320819,lost,-0.35,1
11:21:28,JD100,,3.881,DIGITUNDER,6,0.6212,0.0151,0.35,131,3614321979,won,0.19,1
11:21:30,JD100,,3.880,DIGITUNDER,3,0.3208,0.0280,0.35,239,3614325639,won,0.65,1
11:21:32,JD100,,3.877,DIGITUNDER,3,0.3208,0.0281,0.35,153,3614327259,lost,-0.35,1
11:21:35,JD100,,3.875,DIGITOVER,5,0.4228,0.0261,0.35,144,3614328439,won,0.43,1
11:21:37,JD100,,3.870,DIGITOVER,5,0.4228,0.0261,0.35,145,3614329659,lost,-0.35,1
11:21:39,JD100,,3.868,DIGITUNDER,3,0.3208,0.0281,0.35,149,3614331259,won,0.65,1
11:21:41,JD100,,3.868,DIGITUNDER,3,0.3162,0.0134,0.35,169,3614332859,won,0.65,1
11:21:43,JD100,,3.873,DIGITUNDER,3,0.3208,0.0282,0.35,143,3614334279,lost,-0.35,1
11:21:46,JD100,,3.874,DIGITUNDER,6,0.6213,0.0151,0.35,165,3614337359,lost,-0.35,1
11:21:48,JD100,,3.874,DIGITOVER,5,0.4228,0.0261,0.35,171,3614338619,lost,-0.35,1
11:21:50,JD100,,3.875,DIGITUNDER,4,0.4211,0.0220,0.35,146,3614340039,won,0.43,1
11:21:52,JD100,,3.874,DIGITUNDER,6,0.6212,0.0151,0.35,174,3614341079,won,0.19,1
11:21:54,JD100,,3.874,DIGITUNDER,4,0.4211,0.0220,0.35,161,3614342319,won,0.43,1
11:21:56,JD100,,3.874,DIGITUNDER,4,0.4211,0.0221,0.35,129,3614343259,won,0.43,1
11:21:58,JD100,,3.874,DIGITUNDER,3,0.3209,0.0284,0.35,143,3614344419,lost,-0.35,1
11:22:00,JD100,,3.875,DIGITOVER,4,0.5229,0.0213,0.35,137,3614345939,lost,-0.35,1
11:22:02,JD100,,3.881,DIGITOVER,7,0.2151,0.0147,0.35,141,3614348219,lost,-0.35,1
11:22:04,JD100,,3.879,DIGITUNDER,4,0.4211,0.0221,0.35,175,3614350999,won,0.43,1
11:22:06,JD100,,3.879,DIGITUNDER,3,0.3208,0.0283,0.35,164,3614353259,lost,-0.35,1
11:22:08,JD100,,3.881,DIGITOVER,4,0.5229,0.0212,0.35,190,3614354199,lost,-0.35,1
11:22:10,JD100,,3.881,DIGITUNDER,6,0.6212,0.0151,0.35,143,3614355639,won,0.19,1
11:22:12,JD100,,3.879,DIGITUNDER,6,0.6213,0.0151,0.35,174,3614356939,won,0.19,1
11:22:14,JD100,,3.882,DIGITUNDER,3,0.3161,0.0133,0.35,157,3614360719,lost,-0.35,1
11:22:17,JD100,,3.880,DIGITOVER,5,0.4228,0.0261,0.35,152,3614362179,lost,-0.35,1
11:22:19,JD100,,3.881,DIGITUNDER,6,0.6212,0.0151,0.35,154,3614363119,won,0.19,1
11:22:21,JD100,,3.881,DIGITUNDER,3,0.3208,0.0283,0.35,161,3614364579,lost,-0.35,1
11:22:23,JD100,,3.882,DIGITOVER,4,0.5229,0.0212,0.35,153,3614368899,won,0.29,1
11:22:25,JD100,,3.882,DIGITOVER,6,0.3208,0.0283,0.35,157,3614370539,lost,-0.35,1
11:22:27,JD100,,3.884,DIGITUNDER,3,0.3208,0.0283,0.35,130,3614371759,lost,-0.35,1
11:22:29,JD100,,3.885,DIGITOVER,4,0.5229,0.0212,0.35,131,3614373059,won,0.29,1
11:22:31,JD100,,3.882,DIGITOVER,5,0.4228,0.0261,0.35,155,3614374539,won,0.43,1
11:22:33,JD100,,3.881,DIGITOVER,4,0.5229,0.0212,0.35,121,3614376039,lost,-0.35,1
11:22:35,JD100,,3.883,DIGITUNDER,3,0.3209,0.0283,0.35,185,3614376939,lost,-0.35,1
11:22:37,JD100,,3.885,DIGITOVER,7,0.2151,0.0145,0.35,149,3614378179,won,1.05,1
11:22:39,JD100,,3.885,DIGITOVER,6,0.3209,0.0284,0.35,140,3614379239,lost,-0.35,1
11:22:41,JD100,,3.885,DIGITOVER,4,0.5229,0.0212,0.35,131,3614380459,won,0.29,1
11:22:43,JD100,,3.883,DIGITOVER,5,0.4228,0.0262,0.35,136,3614382259,won,0.43,1
11:22:45,JD100,,3.883,DIGITOVER,7,0.2151,0.0145,0.35,147,3614383559,lost,-0.35,1
11:22:48,JD100,,3.880,DIGITOVER,4,0.5229,0.0213,0.35,159,3614387459,won,0.29,1
11:22:50,JD100,,3.880,DIGITOVER,4,0.5229,0.0213,0.35,153,3614388719,lost,-0.35,1
11:22:52,JD100,,3.881,DIGITUNDER,3,0.3209,0.0284,0.35,155,3614389619,won,0.65,1
11:22:54,JD100,,3.877,DIGITUNDER,3,0.3209,0.0285,0.35,164,3614390799,won,0.65,1
11:22:56,JD100,,3.876,DIGITUNDER,3,0.3209,0.0285,0.35,133,3614391759,lost,-0.35,1
11:22:58,JD100,,3.875,DIGITUNDER,6,0.6213,0.0152,0.35,168,3614393039,won,0.19,1
11:23:00,JD100,,3.875,DIGITUNDER,4,0.4212,0.0223,0.35,177,3614394059,won,0.43,1
11:23:02,JD100,,3.875,DIGITUNDER,4,0.4212,0.0223,0.35,148,3614395399,won,0.43,1
11:23:04,JD100,,3.874,DIGITUNDER,4,0.4212,0.0224,0.35,145,3614396359,lost,-0.35,1
11:23:06,JD100,,3.873,DIGITOVER,7,0.2152,0.0150,0.35,148,3614398959,lost,-0.35,1
11:23:08,JD100,,3.873,DIGITOVER,5,0.4229,0.0264,0.35,148,3614400379,won,0.43,1
11:23:10,JD100,,3.872,DIGITOVER,6,0.3209,0.0286,0.35,143,3614401499,won,0.65,1
11:23:12,JD100,,3.869,DIGITOVER,7,0.2152,0.0149,0.35,111,3614403019,lost,-0.35,1
11:23:14,JD100,,3.867,DIGITUNDER,4,0.4213,0.0224,0.35,160,3614404499,won,0.43,1
11:23:17,JD100,,3.867,DIGITUNDER,4,0.4213,0.0224,0.35,139,3614405819,lost,-0.35,1
11:23:19,JD100,,3.868,DIGITOVER,6,0.3210,0.0287,0.35,208,3614408019,lost,-0.35,1
11:23:21,JD100,,3.869,DIGITUNDER,6,0.6213,0.0152,0.35,135,3614409339,won,0.19,1
11:23:23,JD100,,3.870,DIGITUNDER,3,0.3162,0.0136,0.35,230,3614416419,lost,-0.35,1
11:23:25,JD100,,3.873,DIGITOVER,4,0.5230,0.0214,0.35,215,3614418019,lost,-0.35,1
11:23:27,JD100,,3.871,DIGITUNDER,6,0.6213,0.0152,0.35,182,3614419159,won,0.19,1
11:23:29,JD100,,3.867,DIGITUNDER,4,0.4212,0.0223,0.35,147,3614420939,lost,-0.35,1
11:23:31,JD100,,3.869,DIGITOVER,5,0.4229,0.0263,0.35,225,3614421919,lost,-0.35,1
11:23:33,JD100,,3.875,DIGITUNDER,6,0.6213,0.0152,0.35,162,3614424079,lost,-0.35,1
11:23:35,JD100,,3.872,DIGITOVER,7,0.2152,0.0150,0.35,176,3614425259,lost,-0.35,1
11:23:37,JD100,,3.870,DIGITOVER,4,0.5229,0.0213,0.35,198,3614426399,won,0.29,1
11:23:39,JD100,,3.870,DIGITOVER,7,0.2152,0.0149,0.35,144,3614427899,lost,-0.35,1
11:23:41,JD100,,3.870,DIGITUNDER,4,0.4212,0.0222,0.35,147,3614429879,won,0.43,1
11:23:43,JD100,,3.870,DIGITUNDER,4,0.4212,0.0222,0.35,152,3614431259,lost,-0.35,1
11:23:45,JD100,,3.871,DIGITOVER,5,0.4228,0.0263,0.35,147,3614432339,lost,-0.35,1
11:23:48,JD100,,3.872,DIGITOVER,5,0.4229,0.0263,0.35,165,3614437179,won,0.43,1
11:23:50,JD100,,3.872,DIGITOVER,6,0.3210,0.0287,0.35,127,3614438379,lost,-0.35,1
11:23:52,JD100,,3.871,DIGITOVER,4,0.5230,0.0214,0.35,179,3614439659,lost,-0.35,1
11:23:54,JD100,,3.871,DIGITUNDER,6,0.6213,0.0153,0.35,177,3614440719,won,0.19,1
11:23:56,JD100,,3.870,DIGITOVER,4,0.5230,0.0214,0.35,170,3614443859,won,0.29,1
11:23:58,JD100,,3.869,DIGITOVER,4,0.5230,0.0214,0.35,167,3614445079,lost,-0.35,1
11:24:00,JD100,,3.869,DIGITOVER,4,0.5230,0.0214,0.35,163,3614447399,lost,-0.35,1
11:24:02,JD100,,3.870,DIGITUNDER,6,0.6214,0.0153,0.35,149,3614449139,lost,-0.35,1
11:24:04,JD100,,3.871,DIGITOVER,6,0.3209,0.0286,0.35,139,3614450619,lost,-0.35,1
11:24:06,JD100,,3.873,DIGITUNDER,3,0.3209,0.0286,0.35,153,3614451799,lost,-0.35,1
11:24:08,JD100,,3.873,DIGITOVER,7,0.2152,0.0149,0.35,149,3614452939,lost,-0.35,1
11:24:10,JD100,,3.876,DIGITOVER,4,0.5230,0.0213,0.35,147,3614454399,lost,-0.35,1
11:24:12,JD100,,3.872,DIGITUNDER,6,0.6214,0.0153,0.35,169,3614455299,lost,-0.35,1
11:24:15,JD100,,3.868,DIGITOVER,7,0.2151,0.0149,0.35,172,3614456739,lost,-0.35,1
11:24:17,JD100,,3.868,DIGITUNDER,3,0.3162,0.0135,0.35,167,3614457539,lost,-0.35,1
11:24:19,JD100,,3.868,DIGITOVER,6,0.3209,0.0285,0.35,213,3614458859,won,0.65,1
11:24:21,JD100,,3.868,DIGITOVER,6,0.3209,0.0285,0.35,166,3614460239,won,0.65,1
11:24:23,JD100,,3.868,DIGITOVER,5,0.4229,0.0263,0.35,131,3614461579,won,0.43,1
11:24:25,JD100,,3.868,DIGITOVER,7,0.2152,0.0150,0.35,194,3614463059,lost,-0.35,1
11:24:27,JD100,,3.868,DIGITUNDER,3,0.3209,0.0286,0.35,208,3614463919,lost,-0.35,1
11:24:29,JD100,,3.867,DIGITOVER,7,0.2152,0.0149,0.35,148,3614465319,lost,-0.35,1
11:24:31,JD100,,3.863,DIGITUNDER,6,0.6214,0.0154,0.35,162,3614467699,lost,-0.35,1
11:24:33,JD100,,3.867,DIGITOVER,4,0.5230,0.0213,0.35,188,3614469059,lost,-0.35,1
11:24:35,JD100,,3.868,DIGITUNDER,3,0.3209,0.0285,0.35,155,3614470039,lost,-0.35,1
11:24:37,JD100,,3.867,DIGITUNDER,6,0.6214,0.0154,0.35,188,3614471039,won,0.19,1
11:24:39,JD100,,3.867,DIGITUNDER,3,0.3209,0.0284,0.35,149,3614472159,lost,-0.35,1
11:24:41,JD100,,3.867,DIGITOVER,6,0.3209,0.0284,0.35,164,3614473039,won,0.65,1
11:24:43,JD100,,3.867,DIGITOVER,5,0.4229,0.0263,0.35,130,3614474499,lost,-0.35,1
11:24:45,JD100,,3.868,DIGITUNDER,3,0.3209,0.0284,0.35,193,3614475459,lost,-0.35,1
11:24:48,JD100,,3.869,DIGITUNDER,3,0.3209,0.0284,0.35,181,3614478139,lost,-0.35,1
11:24:50,JD100,,3.874,DIGITOVER,5,0.4228,0.0262,0.35,177,3614480479,lost,-0.35,1
11:24:52,JD100,,3.870,DIGITUNDER,3,0.3208,0.0283,0.35,151,3614481759,lost,-0.35,1
11:24:54,JD100,,3.869,DIGITUNDER,6,0.6214,0.0154,0.35,167,3614482859,won,0.19,1
11:24:56,JD100,,3.872,DIGITUNDER,3,0.3162,0.0135,0.35,120,3614484239,lost,-0.35,1
11:24:58,JD100,,3.870,DIGITUNDER,6,0.6214,0.0153,0.35,142,3614485579,won,0.19,1
11:25:00,JD100,,3.869,DIGITOVER,4,0.5229,0.0213,0.35,154,3614487879,lost,-0.35,1
11:25:02,JD100,,3.869,DIGITUNDER,4,0.4212,0.0222,0.35,160,3614490899,won,0.43,1
11:25:04,JD100,,3.869,DIGITUNDER,6,0.6214,0.0154,0.35,174,3614492099,won,0.19,1
11:25:06,JD100,,3.876,DIGITUNDER,6,0.6214,0.0154,0.35,166,3614492979,won,0.19,1
11:25:08,JD100,,3.876,DIGITOVER,4,0.5230,0.0214,0.35,189,3614495419,lost,-0.35,1
11:25:10,JD100,,3.878,DIGITUNDER,3,0.3208,0.0283,0.35,166,3614496839,lost,-0.35,1
11:25:12,JD100,,3.873,DIGITOVER,5,0.4229,0.0263,0.35,168,3614498799,won,0.43,1
11:25:15,JD100,,3.873,DIGITOVER,7,0.2151,0.0145,0.35,265,3614500239,won,1.05,1
11:25:17,JD100,,3.873,DIGITOVER,7,0.2151,0.0145,0.35,164,3614502059,lost,-0.35,1
11:25:19,JD100,,3.874,DIGITOVER,4,0.5230,0.0214,0.35,167,3614503819,won,0.29,1
11:25:21,JD100,,3.873,DIGITOVER,4,0.5230,0.0214,0.35,158,3614505699,lost,-0.35,1
11:25:23,JD100,,3.874,DIGITUNDER,3,0.3163,0.0138,0.35,310,3614506919,won,0.65,1
11:25:25,JD100,,3.873,DIGITUNDER,3,0.3163,0.0138,0.35,94,3614508519,won,0.65,1
11:25:27,JD100,,3.873,DIGITUNDER,4,0.4212,0.0222,0.35,166,3614510199,won,0.43,1
11:25:29,JD100,,3.872,DIGITUNDER,6,0.6215,0.0155,0.35,130,3614511739,won,0.19,1
11:25:31,JD100,,3.872,DIGITOVER,7,0.2151,0.0146,0.35,654,3614514099,won,1.05,1
11:25:33,JD100,,3.872,DIGITOVER,6,0.3209,0.0284,0.35,304,3614515379,lost,-0.35,1
11:25:35,JD100,,3.873,DIGITOVER,6,0.3209,0.0284,0.35,167,3614517659,won,0.65,1
11:25:37,JD100,,3.870,DIGITOVER,7,0.2151,0.0146,0.35,148,3614518839,lost,-0.35,1
11:25:39,JD100,,3.870,DIGITUNDER,6,0.6214,0.0154,0.35,165,3614520379,won,0.19,1
11:25:41,JD100,,3.868,DIGITUNDER,3,0.3209,0.0284,0.35,169,3614521619,lost,-0.35,1
11:25:43,JD100,,3.868,DIGITOVER,6,0.3209,0.0284,0.35,180,3614522499,lost,-0.35,1
11:25:46,JD100,,3.869,DIGITUNDER,6,0.6214,0.0154,0.35,143,3614523839,lost,-0.35,1
11:25:48,JD100,,3.869,DIGITOVER,5,0.4229,0.0263,0.35,157,3614524839,lost,-0.35,1
11:25:50,JD100,,3.874,DIGITOVER,7,0.2151,0.0145,0.35,469,3614528359,lost,-0.35,1
11:25:52,JD100,,3.872,DIGITUNDER,3,0.3163,0.0139,0.35,169,3614529719,won,0.65,1
11:25:54,JD100,,3.872,DIGITUNDER,3,0.3209,0.0284,0.35,186,3614531159,lost,-0.35,1
11:25:56,JD100,,3.874,DIGITOVER,4,0.5230,0.0213,0.35,165,3614531979,won,0.29,1
11:25:58,JD100,,3.874,DIGITOVER,6,0.3209,0.0284,0.35,171,3614533539,lost,-0.35,1
11:26:00,JD100,,3.877,DIGITUNDER,3,0.3209,0.0284,0.35,147,3614534559,lost,-0.35,1
11:26:02,JD100,,3.878,DIGITOVER,6,0.3209,0.0283,0.35,294,3614536679,won,0.65,1
11:26:04,JD100,,3.878,DIGITOVER,6,0.3209,0.0284,0.35,137,3614537699,lost,-0.35,1
11:26:06,JD100,,3.877,DIGITUNDER,3,0.3164,0.0140,0.35,154,3614541499,won,0.65,1
11:26:08,JD100,,3.875,DIGITUNDER,3,0.3164,0.0140,0.35,129,3614543019,lost,-0.35,1
11:26:10,JD100,,3.878,DIGITUNDER,6,0.6214,0.0154,0.35,156,3614544059,lost,-0.35,1
11:26:13,JD100,,3.879,DIGITOVER,4,0.5230,0.0214,0.35,177,3614546019,lost,-0.35,1
11:26:15,JD100,,3.873,DIGITUNDER,6,0.6214,0.0154,0.35,964,3614548039,won,0.19,2
11:26:17,JD100,,3.869,DIGITUNDER,3,0.3208,0.0283,0.35,143,3614549739,lost,-0.35,1
11:26:19,JD100,,3.870,DIGITOVER,5,0.4229,0.0263,0.35,154,3614550939,lost,-0.35,1
11:26:21,JD100,,3.872,DIGITUNDER,3,0.3208,0.0283,0.35,146,3614554759,won,0.65,1
11:26:23,JD100,,3.879,DIGITUNDER,3,0.3209,0.0283,0.35,193,3614556499,lost,-0.35,1
11:26:25,JD100,,3.878,DIGITOVER,6,0.3208,0.0283,0.35,156,3614558759,lost,-0.35,1
11:26:27,JD100,,3.882,DIGITUNDER,3,0.3164,0.0140,0.35,203,3614560159,lost,-0.35,1
11:26:29,JD100,,3.882,DIGITOVER,6,0.3208,0.0282,0.35,183,3614561799,lost,-0.35,1
11:26:31,JD100,,3.881,DIGITOVER,4,0.5230,0.0213,0.35,168,3614563419,lost,-0.35,1
11:26:33,JD100,,3.883,DIGITUNDER,3,0.3164,0.0139,0.35,146,3614564419,lost,-0.35,1
11:26:35,JD100,,3.885,DIGITOVER,7,0.2150,0.0143,0.35,145,3614567059,lost,-0.35,1
11:26:37,JD100,,3.884,DIGITOVER,5,0.4228,0.0262,0.35,144,3614568139,lost,-0.35,1
11:26:39,JD100,,3.884,DIGITUNDER,3,0.3163,0.0138,0.35,179,3614569239,won,0.65,1
11:26:42,JD100,,3.884,DIGITUNDER,3,0.3163,0.0139,0.35,165,3614570659,lost,-0.35,1
11:26:44,JD100,,3.888,DIGITUNDER,6,0.6214,0.0153,0.35,138,3614574399,won,0.19,1
11:26:46,JD100,,3.899,DIGITUNDER,3,0.3208,0.0281,0.35,194,3614576999,lost,-0.35,1
11:26:48,JD100,,3.897,DIGITOVER,6,0.3207,0.0280,0.35,189,3614580659,lost,-0.35,1
11:26:50,JD100,,3.895,DIGITUNDER,6,0.6214,0.0153,0.35,165,3614583859,lost,-0.35,1
11:26:52,JD100,,3.895,DIGITOVER,4,0.5229,0.0212,0.35,162,3614584999,lost,-0.35,1
11:26:54,JD100,,3.890,DIGITUNDER,4,0.4211,0.0219,0.35,144,3614586219,won,0.43,1
11:26:56,JD100,,3.890,DIGITUNDER,4,0.4211,0.0220,0.35,158,3614587619,lost,-0.35,1
11:26:58,JD100,,3.892,DIGITOVER,7,0.2150,0.0141,0.35,149,3614589019,lost,-0.35,1
11:27:00,JD100,,3.893,DIGITOVER,4,0.5229,0.0212,0.35,137,3614591659,won,0.29,1
11:27:02,JD100,,3.893,DIGITOVER,6,0.3207,0.0279,0.35,166,3614592759,lost,-0.35,1
11:27:04,JD100,,3.893,DIGITUNDER,3,0.3207,0.0278,0.35,145,3614594019,won,0.65,1
11:27:06,JD100,,3.893,DIGITUNDER,3,0.3207,0.0279,0.35,141,3614595099,won,0.65,1
11:27:08,JD100,,3.892,DIGITUNDER,4,0.4211,0.0219,0.35,164,3614596739,lost,-0.35,1
11:27:10,JD100,,3.893,DIGITOVER,6,0.3207,0.0279,0.35,166,3614599099,won,0.65,1
11:27:12,JD100,,3.891,DIGITOVER,7,0.2150,0.0140,0.35,162,3614600459,lost,-0.35,1
11:27:15,JD100,,3.891,DIGITOVER,4,0.5229,0.0212,0.35,153,3614602119,won,0.29,1
11:27:17,JD100,,3.889,DIGITOVER,6,0.3207,0.0279,0.35,170,3614603279,won,0.65,1
11:27:19,JD100,,3.889,DIGITOVER,5,0.4228,0.0261,0.35,193,3614604279,lost,-0.35,1
11:27:21,JD100,,3.890,DIGITUNDER,3,0.3207,0.0279,0.35,158,3614606419,lost,-0.35,1
11:27:23,JD100,,3.891,DIGITOVER,6,0.3207,0.0279,0.35,146,3614607299,lost,-0.35,1
11:27:25,JD100,,3.884,DIGITOVER,4,0.5229,0.0212,0.35,163,3614608839,lost,-0.35,1
11:27:27,JD100,,3.882,DIGITUNDER,4,0.4210,0.0219,0.35,151,3614610559,won,0.43,1
11:27:29,JD100,,3.882,DIGITUNDER,4,0.4210,0.0219,0.35,182,3614612119,won,0.43,1
11:27:31,JD100,,3.882,DIGITUNDER,3,0.3163,0.0139,0.35,274,3614613639,won,0.65,1
11:27:33,JD100,,3.881,DIGITUNDER,3,0.3207,0.0280,0.35,138,3614614859,lost,-0.35,1
11:27:35,JD100,,3.881,DIGITOVER,7,0.2150,0.0140,0.35,154,3614616059,lost,-0.35,1
11:27:37,JD100,,3.881,DIGITOVER,4,0.5229,0.0211,0.35,148,3614617459,won,0.29,1
11:27:39,JD100,,3.881,DIGITOVER,5,0.4228,0.0261,0.35,156,3614618739,won,0.43,1
11:27:41,JD100,,3.881,DIGITOVER,5,0.4228,0.0261,0.35,182,3614620339,lost,-0.35,1
11:27:43,JD100,,3.880,DIGITUNDER,3,0.3207,0.0280,0.35,137,3614622799,lost,-0.35,1
11:27:45,JD100,,3.880,DIGITOVER,7,0.2150,0.0140,0.35,156,3614624159,lost,-0.35,1
11:27:48,JD100,,3.880,DIGITOVER,4,0.5228,0.0211,0.35,142,3614625619,won,0.29,1
11:27:50,JD100,,3.880,DIGITOVER,7,0.2150,0.0139,0.35,144,3614626999,lost,-0.35,1
11:27:52,JD100,,3.879,DIGITUNDER,3,0.3164,0.0139,0.35,155,3614628299,lost,-0.35,1
11:27:54,JD100,,3.879,DIGITOVER,7,0.2150,0.0140,0.35,137,3614629579,won,1.05,1
11:27:56,JD100,,3.879,DIGITOVER,6,0.3208,0.0280,0.35,118,3614630699,lost,-0.35,1
11:27:58,JD100,,3.879,DIGITUNDER,3,0.3208,0.0280,0.35,164,3614631639,lost,-0.35,1
11:28:00,JD100,,3.883,DIGITOVER,6,0.3207,0.0280,0.35,162,3614633239,won,0.65,1
11:28:02,JD100,,3.882,DIGITOVER,7,0.2150,0.0140,0.35,143,3614634119,lost,-0.35,1
11:28:04,JD100,,3.882,DIGITUNDER,4,0.4211,0.0221,0.35,166,3614635319,lost,-0.35,1
11:28:06,JD100,,3.883,DIGITOVER,6,0.3207,0.0280,0.35,156,3614636379,lost,-0.35,1
11:28:08,JD100,,3.870,DIGITUNDER,6,0.6214,0.0154,0.35,164,3614638059,lost,-0.35,1
11:28:10,JD100,,3.873,DIGITOVER,7,0.2149,0.0139,0.35,179,3614641739,lost,-0.35,1
11:28:12,JD100,,3.875,DIGITUNDER,3,0.3163,0.0138,0.35,151,3614645779,won,0.65,1
11:28:15,JD100,,3.871,DIGITUNDER,4,0.4211,0.0220,0.35,152,3614646779,lost,-0.35,1
11:28:17,JD100,,3.871,DIGITOVER,6,0.3207,0.0279,0.35,162,3614648419,lost,-0.35,1
11:28:19,JD100,,3.872,DIGITOVER,4,0.5228,0.0211,0.35,152,3614649279,lost,-0.35,1
11:28:21,JD100,,3.872,DIGITUNDER,4,0.4211,0.0220,0.35,147,3614650699,won,0.43,1
11:28:23,JD100,,3.872,DIGITUNDER,6,0.6214,0.0153,0.35,165,3614652219,won,0.19,1
11:28:25,JD100,,3.875,DIGITUNDER,3,0.3163,0.0138,0.35,142,3614653419,won,0.65,1
11:28:27,JD100,,3.875,DIGITUNDER,3,0.3163,0.0138,0.35,171,3614654319,lost,-0.35,1
11:28:29,JD100,,3.874,DIGITOVER,6,0.3207,0.0279,0.35,151,3614655759,lost,-0.35,1
11:28:31,JD100,,3.872,DIGITOVER,4,0.5228,0.0211,0.35,170,3614658499,lost,-0.35,1
11:28:33,JD100,,3.871,DIGITUNDER,4,0.4211,0.0220,0.35,149,3614660359,won,0.43,1
11:28:35,JD100,,3.869,DIGITUNDER,3,0.3207,0.0280,0.35,202,3614662459,lost,-0.35,1
11:28:37,JD100,,3.869,DIGITOVER,6,0.3207,0.0279,0.35,202,3614665039,lost,-0.35,1
11:28:39,JD100,,3.869,DIGITOVER,4,0.5228,0.0210,0.35,184,3614667219,won,0.29,1
11:28:42,JD100,,3.869,DIGITOVER,6,0.3207,0.0279,0.35,157,3614668239,lost,-0.35,1
11:28:44,JD100,,3.869,DIGITUNDER,3,0.3163,0.0138,0.35,152,3614669999,lost,-0.35,1
11:28:46,JD100,,3.869,DIGITOVER,7,0.2149,0.0139,0.35,142,3614671159,lost,-0.35,1
11:28:48,JD100,,3.872,DIGITUNDER,4,0.4211,0.0220,0.35,130,3614672079,lost,-0.35,1
11:28:50,JD100,,3.870,DIGITOVER,5,0.4227,0.0260,0.35,145,3614673079,lost,-0.35,1
11:28:52,JD100,,3.863,DIGITUNDER,6,0.6214,0.0154,0.35,153,3614675819,lost,-0.35,1
11:28:54,JD100,,3.864,DIGITOVER,7,0.2149,0.0139,0.35,149,3614676799,lost,-0.35,1
11:28:56,JD100,,3.862,DIGITUNDER,3,0.3163,0.0138,0.35,149,3614677719,won,0.65,1
11:28:58,JD100,,3.860,DIGITUNDER,3,0.3207,0.0280,0.35,150,3614679399,lost,-0.35,1
11:29:00,JD100,,3.861,DIGITOVER,6,0.3207,0.0279,0.35,164,3614680279,lost,-0.35,1
11:29:02,JD100,,3.860,DIGITOVER,4,0.5228,0.0211,0.35,183,3614682459,won,0.29,1
11:29:04,JD100,,3.859,DIGITOVER,7,0.2149,0.0137,0.35,157,3614684399,lost,-0.35,1
11:29:06,JD100,,3.859,DIGITUNDER,3,0.3207,0.0278,0.35,152,3614685779,won,0.65,1
11:29:09,JD100,,3.858,DIGITUNDER,3,0.3163,0.0138,0.35,154,3614686939,lost,-0.35,1
11:29:11,JD100,,3.859,DIGITOVER,5,0.4227,0.0260,0.35,162,3614687799,lost,-0.35,1
11:29:13,JD100,,3.860,DIGITUNDER,6,0.6214,0.0154,0.35,156,3614689019,won,0.19,1
11:29:15,JD100,,3.862,DIGITUNDER,3,0.3207,0.0279,0.35,158,3614691299,lost,-0.35,1
11:29:17,JD100,,3.861,DIGITUNDER,4,0.4211,0.0219,0.35,173,3614694659,lost,-0.35,1
11:29:19,JD100,,3.863,DIGITUNDER,3,0.3207,0.0278,0.35,181,3614697399,lost,-0.35,1
11:29:21,JD100,,3.867,DIGITOVER,7,0.2149,0.0136,0.35,177,3614698339,lost,-0.35,1
11:29:23,JD100,,3.867,DIGITUNDER,3,0.3163,0.0137,0.35,137,3614699359,lost,-0.35,1
11:29:25,JD100,,3.870,DIGITOVER,4,0.5228,0.0211,0.35,203,3614700499,lost,-0.35,1
11:29:27,JD100,,3.872,DIGITUNDER,3,0.3163,0.0137,0.35,194,3614701919,lost,-0.35,1
11:29:29,JD100,,3.871,DIGITOVER,6,0.3207,0.0277,0.35,163,3614703039,lost,-0.35,1
11:29:31,JD100,,3.871,DIGITUNDER,3,0.3207,0.0277,0.35,201,3614704539,lost,-0.35,1
11:29:33,JD100,,3.870,DIGITOVER,6,0.3207,0.0277,0.35,163,3614705879,lost,-0.35,1
11:29:35,JD100,,3.869,DIGITUNDER,3,0.3162,0.0136,0.35,155,3614709139,lost,-0.35,1
11:29:37,JD100,,3.870,DIGITOVER,6,0.3206,0.0276,0.35,124,3614710399,lost,-0.35,1
11:29:40,JD100,,3.864,DIGITUNDER,4,0.4210,0.0218,0.35,181,3614713279,won,0.43,1
11:29:42,JD100,,3.864,DIGITUNDER,4,0.4210,0.0219,0.35,187,3614714299,won,0.43,1
11:29:44,JD100,,3.860,DIGITUNDER,4,0.4210,0.0219,0.35,130,3614716059,lost,-0.35,1
11:29:46,JD100,,3.861,DIGITOVER,4,0.5227,0.0209,0.35,183,3614717719,lost,-0.35,1
11:29:48,JD100,,3.862,DIGITUNDER,4,0.4210,0.0218,0.35,154,3614718659,won,0.43,1
11:29:50,JD100,,3.862,DIGITUNDER,4,0.4210,0.0219,0.35,179,3614719839,won,0.43,1
11:29:52,JD100,,3.862,DIGITUNDER,6,0.6214,0.0154,0.35,164,3614721299,won,0.19,1
11:29:54,JD100,,3.862,DIGITUNDER,3,0.3163,0.0136,0.35,160,3614722379,lost,-0.35,1
11:29:56,JD100,,3.864,DIGITOVER,4,0.5227,0.0209,0.35,145,3614723479,lost,-0.35,1
11:29:58,JD100,,3.866,DIGITUNDER,3,0.3206,0.0276,0.35,167,3614724619,won,0.65,1
11:30:00,JD100,,3.865,DIGITUNDER,4,0.4210,0.0219,0.35,175,3614725599,won,0.43,1
11:30:02,JD100,,3.864,DIGITUNDER,4,0.4211,0.0219,0.35,177,3614726939,won,0.43,1
11:30:04,JD100,,3.863,DIGITUNDER,4,0.4211,0.0219,0.35,155,3614728499,lost,-0.35,1
11:30:07,JD100,,3.863,DIGITOVER,7,0.2149,0.0136,0.35,168,3614729679,lost,-0.35,1
11:30:09,JD100,,3.863,DIGITOVER,5,0.4226,0.0257,0.35,145,3614731379,lost,-0.35,1
11:30:11,JD100,,3.865,DIGITUNDER,4,0.4211,0.0219,0.35,170,3614732899,lost,-0.35,1
11:30:13,JD100,,3.860,DIGITOVER,5,0.4226,0.0257,0.35,156,3614735239,lost,-0.35,1
11:30:15,JD100,,3.857,DIGITOVER,6,0.3206,0.0276,0.35,230,3614740179,won,0.65,1
11:30:17,JD100,,3.857,DIGITOVER,7,0.2148,0.0134,0.35,179,3614741699,lost,-0.35,1
11:30:19,JD100,,3.857,DIGITUNDER,6,0.6214,0.0154,0.35,135,3614747759,won,0.19,1
11:30:21,JD100,,3.857,DIGITOVER,7,0.2148,0.0133,0.35,119,3614751559,lost,-0.35,1
11:30:23,JD100,,3.856,DIGITUNDER,3,0.3206,0.0276,0.35,167,3614752819,lost,-0.35,1
11:30:25,JD100,,3.854,DIGITUNDER,6,0.6215,0.0155,0.35,151,3614754219,won,0.19,1
11:30:27,JD100,,3.858,DIGITUNDER,3,0.3206,0.0276,0.35,172,3614755939,lost,-0.35,1
11:30:29,JD100,,3.860,DIGITOVER,4,0.5227,0.0209,0.35,179,3614757279,won,0.29,1
11:30:31,JD100,,3.861,DIGITOVER,7,0.2148,0.0132,0.35,163,3614758279,won,1.05,1
11:30:33,JD100,,3.860,DIGITOVER,7,0.2148,0.0133,0.35,170,3614760739,lost,-0.35,1
11:30:35,JD100,,3.860,DIGITOVER,5,0.4226,0.0257,0.35,142,3614761899,lost,-0.35,1
11:30:37,JD100,,3.861,DIGITUNDER,6,0.6215,0.0155,0.35,180,3614764319,won,0.19,1
11:30:39,JD100,,3.855,DIGITUNDER,3,0.3206,0.0275,0.35,135,3614766579,won,0.65,1
11:30:42,JD100,,3.854,DIGITUNDER,3,0.3206,0.0275,0.35,164,3614767439,lost,-0.35,1
11:30:44,JD100,,3.855,DIGITUNDER,6,0.6215,0.0155,0.35,147,3614768559,won,0.19,1
11:30:46,JD100,,3.856,DIGITOVER,7,0.2148,0.0132,0.35,156,3614771739,lost,-0.35,1
11:30:48,JD100,,3.858,DIGITOVER,6,0.3206,0.0274,0.35,133,3614773859,won,0.65,1
11:30:50,JD100,,3.858,DIGITOVER,7,0.2148,0.0131,0.35,161,3614774879,won,1.05,1
11:30:52,JD100,,3.857,DIGITOVER,6,0.3206,0.0275,0.35,136,3614776399,lost,-0.35,1
11:30:54,JD100,,3.857,DIGITUNDER,3,0.3163,0.0138,0.35,151,3614777679,won,0.65,1
11:30:56,JD100,,3.854,DIGITUNDER,4,0.4211,0.0220,0.35,124,3614778819,lost,-0.35,1
11:30:58,JD100,,3.856,DIGITOVER,5,0.4226,0.0257,0.35,159,3614779659,lost,-0.35,1
11:31:00,JD100,,3.858,DIGITUNDER,3,0.3163,0.0138,0.35,193,3614782679,lost,-0.35,1
11:31:03,JD100,,3.861,DIGITOVER,4,0.5227,0.0208,0.35,154,3614784119,won,0.29,1
11:31:05,JD100,,3.858,DIGITUNDER,3,0.3163,0.0137,0.35,155,3614786479,lost,-0.35,1
11:31:07,JD100,,3.862,DIGITOVER,5,0.4226,0.0256,0.35,162,3614788719,won,0.43,1
11:31:09,JD100,,3.861,DIGITOVER,6,0.3206,0.0274,0.35,211,3614790179,lost,-0.35,1
11:31:12,JD100,,3.861,DIGITOVER,4,0.5227,0.0208,0.35,127,3614791319,won,0.29,1
11:31:14,JD100,,3.854,DIGITOVER,7,0.2148,0.0130,0.35,142,3614792839,lost,-0.35,1
11:31:16,JD100,,3.854,DIGITUNDER,4,0.4210,0.0219,0.35,130,3614793939,won,0.43,1
11:31:18,JD100,,3.854,DIGITUNDER,3,0.3206,0.0274,0.35,190,3614797099,lost,-0.35,1
11:31:20,JD100,,3.855,DIGITOVER,6,0.3206,0.0274,0.35,199,3614799439,lost,-0.35,1
11:31:22,JD100,,3.855,DIGITUNDER,3,0.3163,0.0137,0.35,156,3614800619,won,0.65,1
11:31:24,JD100,,3.855,DIGITUNDER,4,0.4210,0.0218,0.35,154,3614802019,lost,-0.35,1
11:31:26,JD100,,3.855,DIGITOVER,4,0.5227,0.0209,0.35,158,3614802779,won,0.29,1
11:31:28,JD100,,3.853,DIGITOVER,4,0.5227,0.0209,0.35,144,3614804079,won,0.29,1
11:31:30,JD100,,3.849,DIGITOVER,5,0.4226,0.0257,0.35,185,3614805379,lost,-0.35,1
11:31:32,JD100,,3.851,DIGITUNDER,3,0.3206,0.0274,0.35,122,3614806779,lost,-0.35,1
11:31:34,JD100,,3.853,DIGITOVER,4,0.5227,0.0209,0.35,180,3614807859,lost,-0.35,1
11:31:36,JD100,,3.850,DIGITUNDER,6,0.6214,0.0154,0.35,164,3614809579,won,0.19,1
11:31:38,JD100,,3.850,DIGITUNDER,4,0.4210,0.0218,0.35,165,3614810899,won,0.43,1
11:31:41,JD100,,3.849,DIGITUNDER,6,0.6215,0.0155,0.35,145,3614811919,lost,-0.35,1
11:31:43,JD100,,3.851,DIGITOVER,5,0.4226,0.0257,0.35,163,3614813059,won,0.43,1
11:31:45,JD100,,3.850,DIGITOVER,6,0.3206,0.0275,0.35,154,3614814519,lost,-0.35,1
11:31:47,JD100,,3.851,DIGITUNDER,3,0.3206,0.0274,0.35,155,3614816059,lost,-0.35,1
11:31:49,JD100,,3.851,DIGITOVER,5,0.4226,0.0256,0.35,155,3614817659,lost,-0.35,1
11:31:51,JD100,,3.851,DIGITUNDER,6,0.6214,0.0154,0.35,174,3614818879,won,0.19,1
11:31:53,JD100,,3.845,DIGITUNDER,3,0.3163,0.0137,0.35,187,3614821199,lost,-0.35,1
11:31:55,JD100,,3.844,DIGITUNDER,6,0.6214,0.0153,0.35,128,3614822779,won,0.19,1
11:31:57,JD100,,3.844,DIGITUNDER,4,0.4210,0.0218,0.35,136,3614823699,won,0.43,1
11:31:59,JD100,,3.844,DIGITUNDER,3,0.3206,0.0275,0.35,154,3614825399,lost,-0.35,1
11:32:01,JD100,,3.850,DIGITUNDER,4,0.4210,0.0218,0.35,161,3614830379,lost,-0.35,1
11:32:03,JD100,,3.849,DIGITOVER,4,0.5227,0.0209,0.35,160,3614831299,lost,-0.35,1
11:32:05,JD100,,3.851,DIGITUNDER,3,0.3206,0.0274,0.35,334,3614834059,lost,-0.35,1
11:32:08,JD100,,3.850,DIGITOVER,7,0.2147,0.0129,0.35,108,3614836279,lost,-0.35,1
11:32:10,JD100,,3.851,DIGITUNDER,6,0.6214,0.0153,0.35,205,3614838879,lost,-0.35,1
11:32:12,JD100,,3.852,DIGITOVER,4,0.5227,0.0208,0.35,157,3614840499,won,0.29,1
11:32:14,JD100,,3.852,DIGITOVER,5,0.4225,0.0255,0.35,140,3614841779,lost,-0.35,1
11:32:16,JD100,,3.853,DIGITUNDER,3,0.3162,0.0135,0.35,191,3614844199,lost,-0.35,1
11:32:18,JD100,,3.853,DIGITUNDER,6,0.6213,0.0153,0.35,156,3614846159,won,0.19,1
11:32:20,JD100,,3.852,DIGITUNDER,3,0.3162,0.0135,0.35,159,3614848459,lost,-0.35,1
11:32:22,JD100,,3.855,DIGITOVER,5,0.4225,0.0254,0.35,247,3614851279,lost,-0.35,1
11:32:24,JD100,,3.854,DIGITOVER,5,0.4225,0.0253,0.35,127,3614854099,lost,-0.35,1
11:32:26,JD100,,3.854,DIGITUNDER,3,0.3162,0.0134,0.35,164,3614856339,won,0.65,1
11:32:28,JD100,,3.854,DIGITUNDER,3,0.3162,0.0134,0.35,148,3614857699,won,0.65,1
11:32:30,JD100,,3.853,DIGITUNDER,3,0.3162,0.0135,0.35,205,3614858639,lost,-0.35,1
11:32:32,JD100,,3.853,DIGITOVER,4,0.5227,0.0209,0.35,114,3614862159,won,0.29,1
11:32:34,JD100,,3.846,DIGITOVER,4,0.5227,0.0209,0.35,159,3614863599,won,0.29,1
11:32:36,JD100,,3.846,DIGITOVER,5,0.4225,0.0255,0.35,183,3614864839,won,0.43,1
11:32:38,JD100,,3.846,DIGITOVER,4,0.5227,0.0209,0.35,159,3614866199,won,0.29,1
11:32:40,JD100,,3.849,DIGITOVER,6,0.3206,0.0274,0.35,169,3614867479,lost,-0.35,1
11:32:43,JD100,,3.845,DIGITUNDER,4,0.4210,0.0217,0.35,175,3614870219,won,0.43,1
11:32:45,JD100,,3.841,DIGITUNDER,3,0.3162,0.0136,0.35,166,3614871819,won,0.65,1
11:32:47,JD100,,3.841,DIGITUNDER,3,0.3163,0.0136,0.35,134,3614872919,lost,-0.35,1
11:32:49,JD100,,3.842,DIGITOVER,5,0.4225,0.0254,0.35,174,3614875579,won,0.43,1
11:32:51,JD100,,3.842,DIGITOVER,4,0.5227,0.0209,0.35,169,3614877139,won,0.29,1
11:32:53,JD100,,3.846,DIGITOVER,7,0.2147,0.0128,0.35,166,3614878499,lost,-0.35,1
11:32:55,JD100,,3.846,DIGITUNDER,4,0.4210,0.0217,0.35,148,3614879999,won,0.43,1
11:32:57,JD100,,3.845,DIGITUNDER,4,0.4210,0.0217,0.35,167,3614881139,lost,-0.35,1
11:32:59,JD100,,3.846,DIGITUNDER,3,0.3162,0.0136,0.35,177,3614883759,lost,-0.35,1
11:33:01,JD100,,3.852,DIGITOVER,7,0.2147,0.0129,0.35,157,3614885039,won,1.05,1
11:33:03,JD100,,3.852,DIGITOVER,6,0.3206,0.0274,0.35,165,3614886499,won,0.65,1
11:33:05,JD100,,3.851,DIGITOVER,7,0.2148,0.0130,0.35,135,3614887879,lost,-0.35,1
11:33:07,JD100,,3.850,DIGITUNDER,3,0.3163,0.0136,0.35,134,3614889499,lost,-0.35,1
11:33:09,JD100,,3.850,DIGITOVER,6,0.3206,0.0275,0.35,151,3614891099,won,0.65,1
11:33:11,JD100,,3.854,DIGITOVER,7,0.2147,0.0129,0.35,169,3614892299,lost,-0.35,1
11:33:14,JD100,,3.856,DIGITUNDER,4,0.4211,0.0219,0.35,179,3614895359,lost,-0.35,1
11:33:16,JD100,,3.855,DIGITOVER,5,0.4226,0.0255,0.35,165,3614896719,won,0.43,1
11:33:18,JD100,,3.855,DIGITOVER,7,0.2147,0.0128,0.35,178,3614897519,won,1.05,1
11:33:20,JD100,,3.855,DIGITOVER,7,0.2147,0.0129,0.35,157,3614898619,won,1.05,1
11:33:22,JD100,,3.855,DIGITOVER,7,0.2148,0.0130,0.35,181,3614899919,lost,-0.35,1
11:33:24,JD100,,3.851,DIGITOVER,4,0.5228,0.0210,0.35,161,3614901039,lost,-0.35,1
11:33:26,JD100,,3.851,DIGITUNDER,3,0.3206,0.0275,0.35,138,3614901959,lost,-0.35,1
11:33:28,JD100,,3.851,DIGITOVER,7,0.2147,0.0129,0.35,148,3614903259,lost,-0.35,1
11:33:30,JD100,,3.854,DIGITOVER,6,0.3206,0.0274,0.35,164,3614905899,lost,-0.35,1
11:33:32,JD100,,3.856,DIGITUNDER,6,0.6213,0.0153,0.35,151,3614907119,won,0.19,1
11:33:34,JD100,,3.855,DIGITUNDER,4,0.4210,0.0219,0.35,128,3614908659,won,0.43,1
11:33:36,JD100,,3.852,DIGITUNDER,3,0.3206,0.0275,0.35,171,3614909619,won,0.65,1
11:33:38,JD100,,3.852,DIGITUNDER,4,0.4211,0.0219,0.35,125,3614910939,lost,-0.35,1
11:33:40,JD100,,3.853,DIGITUNDER,3,0.3162,0.0135,0.35,146,3614915599,lost,-0.35,1
11:33:42,JD100,,3.856,DIGITUNDER,6,0.6213,0.0153,0.35,158,3614918379,lost,-0.35,1
11:33:44,JD100,,3.857,DIGITOVER,7,0.2147,0.0129,0.35,198,3614920059,lost,-0.35,1
11:33:46,JD100,,3.857,DIGITUNDER,6,0.6213,0.0152,0.35,230,3614921419,won,0.19,1
11:33:49,JD100,,3.857,DIGITUNDER,6,0.6213,0.0152,0.35,200,3614923959,won,0.19,1
11:33:51,JD100,,3.855,DIGITUNDER,3,0.3206,0.0276,0.35,178,3614927719,lost,-0.35,1
11:33:53,JD100,,3.858,DIGITOVER,6,0.3206,0.0275,0.35,153,3614929079,lost,-0.35,1
11:33:55,JD100,,3.862,DIGITUNDER,3,0.3162,0.0135,0.35,154,3614931859,lost,-0.35,1
11:33:57,JD100,,3.862,DIGITOVER,6,0.3206,0.0275,0.35,144,3614932839,lost,-0.35,1
11:33:59,JD100,,3.863,DIGITUNDER,6,0.6213,0.0153,0.35,157,3614934179,lost,-0.35,1
11:34:01,JD100,,3.866,DIGITOVER,4,0.5227,0.0209,0.35,188,3614935239,lost,-0.35,1
11:34:03,JD100,,3.865,DIGITUNDER,4,0.4210,0.0219,0.35,188,3614940339,lost,-0.35,1
11:34:05,JD100,,3.866,DIGITOVER,4,0.5227,0.0208,0.35,165,3614942539,won,0.29,1
11:34:07,JD100,,3.866,DIGITOVER,6,0.3205,0.0273,0.35,178,3614943739,won,0.65,1
11:34:09,JD100,,3.871,DIGITOVER,5,0.4225,0.0254,0.35,172,3614945039,lost,-0.35,1
11:34:11,JD100,,3.875,DIGITUNDER,3,0.3162,0.0134,0.35,148,3614947239,lost,-0.35,1
11:34:13,JD100,,3.875,DIGITOVER,6,0.3205,0.0273,0.35,160,3614948279,lost,-0.35,1
11:34:15,JD100,,3.872,DIGITUNDER,3,0.3205,0.0273,0.35,144,3614949939,lost,-0.35,1
11:34:18,JD100,,3.873,DIGITOVER,5,0.4224,0.0253,0.35,159,3614950939,won,0.43,1
11:34:20,JD100,,3.873,DIGITOVER,4,0.5227,0.0208,0.35,150,3614952159,lost,-0.35,1
11:34:22,JD100,,3.871,DIGITUNDER,3,0.3161,0.0132,0.35,136,3614954759,lost,-0.35,1
11:34:24,JD100,,3.871,DIGITOVER,7,0.2147,0.0129,0.35,166,3614955579,lost,-0.35,1
11:34:26,JD100,,3.872,DIGITUNDER,6,0.6213,0.0152,0.35,135,3614957979,lost,-0.35,1
11:34:28,JD100,,3.873,DIGITOVER,6,0.3205,0.0273,0.35,161,3614959919,lost,-0.35,1
11:34:30,JD100,,3.863,DIGITUNDER,3,0.3161,0.0132,0.35,149,3614966399,lost,-0.35,1
11:34:32,JD100,,3.863,DIGITOVER,7,0.2148,0.0131,0.35,152,3614967639,lost,-0.35,1
11:34:34,JD100,,3.864,DIGITUNDER,6,0.6213,0.0152,0.35,132,3614968979,won,0.19,1
11:34:36,JD100,,3.864,DIGITOVER,5,0.4225,0.0254,0.35,1095,3614975539,lost,-0.35,2
11:34:38,JD100,,3.866,DIGITUNDER,4,0.4210,0.0219,0.35,150,3614977299,lost,-0.35,1
11:34:40,JD100,,3.867,DIGITOVER,5,0.4225,0.0254,0.35,159,3614978519,lost,-0.35,1
11:34:42,JD100,,3.869,DIGITUNDER,4,0.4210,0.0218,0.35,156,3614979579,won,0.43,1
11:34:44,JD100,,3.869,DIGITUNDER,3,0.3161,0.0131,0.35,149,3614980979,lost,-0.35,1
11:34:46,JD100,,3.869,DIGITOVER,7,0.2148,0.0131,0.35,139,3614981919,lost,-0.35,1
11:34:49,JD100,,3.869,DIGITUNDER,3,0.3161,0.0131,0.35,132,3614983179,won,0.65,1
11:34:51,JD100,,3.868,DIGITUNDER,3,0.3206,0.0275,0.35,143,3614984719,won,0.65,1
11:34:53,JD100,,3.868,DIGITUNDER,3,0.3161,0.0132,0.35,132,3614986139,won,0.65,1
11:34:55,JD100,,3.863,DIGITUNDER,3,0.3161,0.0132,0.35,129,3614987199,won,0.65,1
11:34:57,JD100,,3.863,DIGITUNDER,3,0.3161,0.0133,0.35,124,3614988979,lost,-0.35,1
11:34:59,JD100,,3.862,DIGITUNDER,6,0.6214,0.0153,0.35,147,3614990339,won,0.19,1
11:35:01,JD100,,3.861,DIGITOVER,6,0.3206,0.0276,0.35,144,3614992759,lost,-0.35,1
11:35:03,JD100,,3.861,DIGITUNDER,3,0.3206,0.0275,0.35,137,3614994059,lost,-0.35,1
11:35:05,JD100,,3.861,DIGITOVER,4,0.5228,0.0209,0.35,149,3614995419,won,0.29,1
11:35:07,JD100,,3.860,DIGITUNDER,3,0.3206,0.0276,0.35,142,3614999279,won,0.65,1
11:35:09,JD100,,3.860,DIGITUNDER,3,0.3206,0.0277,0.35,179,3615000639,lost,-0.35,1
11:35:11,JD100,,3.858,DIGITOVER,7,0.2148,0.0134,0.35,139,3615002119,lost,-0.35,1
11:35:13,JD100,,3.859,DIGITUNDER,4,0.4211,0.0220,0.35,149,3615003679,won,0.43,1
11:35:15,JD100,,3.858,DIGITUNDER,3,0.3161,0.0131,0.35,137,3615005419,lost,-0.35,1
11:35:18,JD100,,3.860,DIGITOVER,5,0.4225,0.0254,0.35,126,3615008059,won,0.43,1
11:35:20,JD100,,3.860,DIGITOVER,4,0.5228,0.0210,0.35,196,3615009419,lost,-0.35,1
11:35:22,JD100,,3.863,DIGITOVER,5,0.4225,0.0254,0.35,145,3615011499,won,0.43,1
11:35:24,JD100,,3.863,DIGITOVER,6,0.3206,0.0276,0.35,124,3615013239,won,0.65,1
11:35:26,JD100,,3.857,DIGITOVER,6,0.3206,0.0276,0.35,174,3615014239,won,0.65,1
11:35:28,JD100,,3.853,DIGITOVER,7,0.2148,0.0134,0.35,152,3615015599,lost,-0.35,1
11:35:30,JD100,,3.855,DIGITUNDER,4,0.4211,0.0221,0.35,172,3615016839,won,0.43,1
11:35:32,JD100,,3.855,DIGITUNDER,4,0.4212,0.0221,0.35,154,3615017799,won,0.43,1
11:35:34,JD100,,3.855,DIGITUNDER,6,0.6214,0.0153,0.35,180,3615019019,won,0.19,1
11:35:36,JD100,,3.855,DIGITUNDER,4,0.4212,0.0222,0.35,117,3615020859,lost,-0.35,1
11:35:38,JD100,,3.858,DIGITUNDER,3,0.3161,0.0132,0.35,143,3615023099,lost,-0.35,1
11:35:40,JD100,,3.859,DIGITOVER,7,0.2149,0.0135,0.35,150,3615027039,won,1.05,1
11:35:42,JD100,,3.857,DIGITOVER,6,0.3207,0.0278,0.35,133,3615028579,lost,-0.35,1
11:35:44,JD100,,3.856,DIGITOVER,4,0.5228,0.0211,0.35,156,3615030779,lost,-0.35,1
11:35:46,JD100,,3.857,DIGITUNDER,4,0.4212,0.0222,0.35,144,3615031979,won,0.43,1
11:35:48,JD100,,3.851,DIGITUNDER,6,0.6213,0.0153,0.35,136,3615032959,won,0.19,1
11:35:50,JD100,,3.852,DIGITUNDER,3,0.3161,0.0132,0.35,164,3615036279,lost,-0.35,1
11:35:53,JD100,,3.853,DIGITOVER,4,0.5228,0.0211,0.35,178,3615037519,won,0.29,1
11:35:55,JD100,,3.847,DIGITOVER,4,0.5228,0.0211,0.35,162,3615038719,won,0.29,1
11:35:57,JD100,,3.848,DIGITUNDER,3,0.3207,0.0279,0.35,156,3615041079,lost,-0.35,1
11:35:59,JD100,,3.846,DIGITOVER,6,0.3207,0.0279,0.35,140,3615042159,lost,-0.35,1
11:36:01,JD100,,3.848,DIGITUNDER,3,0.3207,0.0278,0.35,187,3615043619,lost,-0.35,1
11:36:03,JD100,,3.849,DIGITOVER,4,0.5228,0.0211,0.35,147,3615045759,won,0.29,1
11:36:05,JD100,,3.859,DIGITOVER,5,0.4226,0.0256,0.35,139,3615048259,lost,-0.35,1
11:36:07,JD100,,3.858,DIGITUNDER,6,0.6213,0.0152,0.35,143,3615049179,won,0.19,1
11:36:09,JD100,,3.852,DIGITUNDER,6,0.6213,0.0153,0.35,156,3615051479,lost,-0.35,1
11:36:11,JD100,,3.855,DIGITOVER,7,0.2149,0.0136,0.35,133,3615052919,won,1.05,1
11:36:13,JD100,,3.855,DIGITOVER,7,0.2149,0.0137,0.35,134,3615053859,won,1.05,1
11:36:15,JD100,,3.854,DIGITOVER,7,0.2149,0.0138,0.35,157,3615054999,lost,-0.35,1
11:36:17,JD100,,3.855,DIGITOVER,4,0.5229,0.0212,0.35,151,3615055839,won,0.29,1
11:36:19,JD100,,3.860,DIGITOVER,6,0.3207,0.0280,0.35,141,3615057319,lost,-0.35,1
11:36:22,JD100,,3.860,DIGITOVER,5,0.4226,0.0257,0.35,139,3615060079,lost,-0.35,1
11:36:24,JD100,,3.860,DIGITUNDER,3,0.3207,0.0279,0.35,190,3615061139,lost,-0.35,1
11:36:26,JD100,,3.861,DIGITOVER,7,0.2149,0.0136,0.35,159,3615063439,won,1.05,1
11:36:28,JD100,,3.861,DIGITOVER,7,0.2149,0.0137,0.35,168,3615065319,won,1.05,1
11:36:30,JD100,,3.860,DIGITOVER,7,0.2149,0.0138,0.35,166,3615066099,lost,-0.35,1
11:36:32,JD100,,3.860,DIGITOVER,5,0.4226,0.0256,0.35,131,3615067259,lost,-0.35,1
11:36:34,JD100,,3.857,DIGITOVER,4,0.5229,0.0212,0.35,147,3615073279,won,0.29,1
11:36:36,JD100,,3.857,DIGITOVER,5,0.4226,0.0258,0.35,138,3615074659,won,0.43,1
11:36:38,JD100,,3.857,DIGITOVER,7,0.2149,0.0138,0.35,171,3615075719,lost,-0.35,1
11:36:40,JD100,,3.859,DIGITUNDER,3,0.3162,0.0135,0.35,180,3615078139,lost,-0.35,1
11:36:42,JD100,,3.859,DIGITOVER,7,0.2149,0.0138,0.35,124,3615079699,lost,-0.35,1
11:36:44,JD100,,3.863,DIGITUNDER,3,0.3208,0.0281,0.35,433,3615080979,lost,-0.35,1
11:36:46,JD100,,3.865,DIGITOVER,4,0.5229,0.0212,0.35,152,3615082359,lost,-0.35,1
11:36:48,JD100,,3.864,DIGITUNDER,3,0.3208,0.0281,0.35,143,3615083679,won,0.65,1
11:36:50,JD100,,3.861,DIGITUNDER,3,0.3208,0.0281,0.35,149,3615084919,won,0.65,1
11:36:53,JD100,,3.861,DIGITUNDER,3,0.3208,0.0282,0.35,161,3615085639,won,0.65,1
11:36:55,JD100,,3.859,DIGITUNDER,3,0.3208,0.0282,0.35,141,3615086819,lost,-0.35,1
11:36:57,JD100,,3.856,DIGITOVER,4,0.5229,0.0212,0.35,180,3615087979,lost,-0.35,1
11:36:59,JD100,,3.857,DIGITUNDER,3,0.3208,0.0282,0.35,145,3615089659,won,0.65,1
11:37:01,JD100,,3.857,DIGITUNDER,3,0.3208,0.0283,0.35,252,3615090699,lost,-0.35,1
11:37:03,JD100,,3.853,DIGITUNDER,4,0.4212,0.0223,0.35,139,3615092619,won,0.43,1
11:37:05,JD100,,3.851,DIGITUNDER,3,0.3163,0.0136,0.35,154,3615094139,lost,-0.35,1
11:37:07,JD100,,3.851,DIGITOVER,4,0.5229,0.0212,0.35,172,3615095499,won,0.29,1
11:37:09,JD100,,3.850,DIGITOVER,4,0.5229,0.0212,0.35,137,3615096659,won,0.29,1
11:37:11,JD100,,3.849,DIGITOVER,6,0.3208,0.0282,0.35,142,3615098259,won,0.65,1
11:37:13,JD100,,3.849,DIGITOVER,7,0.2150,0.0140,0.35,133,3615099699,lost,-0.35,1
11:37:15,JD100,,3.852,DIGITOVER,4,0.5229,0.0212,0.35,196,3615101019,lost,-0.35,1
11:37:17,JD100,,3.853,DIGITUNDER,3,0.3208,0.0282,0.35,179,3615103679,lost,-0.35,1
11:37:19,JD100,,3.853,DIGITOVER,6,0.3208,0.0281,0.35,122,3615105079,lost,-0.35,1
11:37:21,JD100,,3.852,DIGITOVER,6,0.3208,0.0281,0.35,121,3615107459,won,0.65,1
11:37:23,JD100,,3.859,DIGITOVER,6,0.3208,0.0281,0.35,133,3615108539,lost,-0.35,1
11:37:25,JD100,,3.859,DIGITUNDER,3,0.3163,0.0137,0.35,130,3615109899,lost,-0.35,1
11:37:28,JD100,,3.859,DIGITOVER,6,0.3208,0.0281,0.35,140,3615110779,lost,-0.35,1
11:37:30,JD100,,3.857,DIGITUNDER,4,0.4212,0.0223,0.35,162,3615112199,lost,-0.35,1
11:37:32,JD100,,3.858,DIGITOVER,6,0.3208,0.0280,0.35,156,3615113379,lost,-0.35,1
11:37:34,JD100,,3.859,DIGITUNDER,3,0.3163,0.0137,0.35,143,3615114459,lost,-0.35,1
11:37:36,JD100,,3.859,DIGITUNDER,3,0.3208,0.0280,0.35,181,3615118299,lost,-0.35,1
11:37:38,JD100,,3.863,DIGITUNDER,3,0.3207,0.0280,0.35,121,3615120899,lost,-0.35,1
11:37:40,JD100,,3.863,DIGITOVER,6,0.3207,0.0279,0.35,121,3615122279,lost,-0.35,1
11:37:42,JD100,,3.855,DIGITOVER,7,0.2149,0.0136,0.35,145,3615124559,lost,-0.35,1
11:37:44,JD100,,3.871,DIGITOVER,5,0.4226,0.0256,0.35,144,3615126879,lost,-0.35,1
11:37:46,JD100,,3.867,DIGITUNDER,3,0.3162,0.0135,0.35,137,3615127959,won,0.65,1
11:37:48,JD100,,3.867,DIGITUNDER,4,0.4211,0.0220,0.35,154,3615129219,lost,-0.35,1
11:37:50,JD100,,3.868,DIGITOVER,7,0.2149,0.0135,0.35,139,3615130139,won,1.05,1
11:37:53,JD100,,3.868,DIGITOVER,7,0.2149,0.0136,0.35,125,3615131599,lost,-0.35,1
11:37:55,JD100,,3.872,DIGITUNDER,3,0.3163,0.0136,0.35,141,3615132839,lost,-0.35,1
11:37:57,JD100,,3.867,DIGITOVER,7,0.2149,0.0137,0.35,131,3615134499,lost,-0.35,1
11:37:59,JD100,,3.866,DIGITUNDER,3,0.3163,0.0136,0.35,157,3615135459,lost,-0.35,1
11:38:01,JD100,,3.866,DIGITOVER,7,0.2149,0.0137,0.35,136,3615136679,lost,-0.35,1
11:38:03,JD100,,3.866,DIGITUNDER,3,0.3163,0.0137,0.35,163,3615137819,won,0.65,1
11:38:05,JD100,,3.866,DIGITUNDER,4,0.4212,0.0221,0.35,145,3615139319,won,0.43,1
11:38:07,JD100,,3.866,DIGITUNDER,3,0.3163,0.0137,0.35,149,3615140799,lost,-0.35,1
11:38:09,JD100,,3.864,DIGITOVER,6,0.3208,0.0280,0.35,158,3615142339,lost,-0.35,1
11:38:11,JD100,,3.862,DIGITUNDER,6,0.6214,0.0153,0.35,157,3615143959,won,0.19,1
11:38:13,JD100,,3.861,DIGITUNDER,3,0.3163,0.0136,0.35,128,3615145239,lost,-0.35,1
11:38:15,JD100,,3.863,DIGITOVER,5,0.4226,0.0257,0.35,147,3615146339,lost,-0.35,1
11:38:17,JD100,,3.864,DIGITUNDER,3,0.3162,0.0136,0.35,160,3615147619,lost,-0.35,1
11:38:19,JD100,,3.865,DIGITOVER,6,0.3207,0.0279,0.35,172,3615150819,lost,-0.35,1
11:38:21,JD100,,3.867,DIGITUNDER,6,0.6213,0.0153,0.35,146,3615152279,lost,-0.35,1
11:38:24,JD100,,3.866,DIGITOVER,4,0.5228,0.0210,0.35,168,3615153419,won,0.29,1
11:38:26,JD100,,3.863,DIGITOVER,4,0.5228,0.0211,0.35,155,3615155239,won,0.29,1
11:38:28,JD100,,3.866,DIGITOVER,7,0.2149,0.0136,0.35,283,3615156579,lost,-0.35,1
11:38:30,JD100,,3.864,DIGITUNDER,4,0.4211,0.0220,0.35,154,3615157799,lost,-0.35,1
11:38:32,JD100,,3.865,DIGITOVER,7,0.2149,0.0135,0.35,170,3615160799,won,1.05,1
11:38:34,JD100,,3.863,DIGITOVER,6,0.3207,0.0279,0.35,139,3615161999,lost,-0.35,1
11:38:36,JD100,,3.864,DIGITUNDER,3,0.3162,0.0134,0.35,160,3615164799,won,0.65,1
11:38:38,JD100,,3.864,DIGITUNDER,3,0.3207,0.0279,0.35,127,3615166339,won,0.65,1
11:38:40,JD100,,3.860,DIGITUNDER,3,0.3207,0.0279,0.35,153,3615167739,lost,-0.35,1
11:38:42,JD100,,3.859,DIGITOVER,5,0.4226,0.0256,0.35,170,3615170819,won,0.43,1
11:38:44,JD100,,3.858,DIGITOVER,5,0.4226,0.0256,0.35,142,3615172359,won,0.43,1
11:38:46,JD100,,3.858,DIGITOVER,4,0.5229,0.0212,0.35,137,3615173559,lost,-0.35,1
11:38:48,JD100,,3.858,DIGITUNDER,6,0.6213,0.0152,0.35,173,3615174839,won,0.19,1
11:38:50,JD100,,3.862,DIGITUNDER,6,0.6213,0.0152,0.35,145,3615177359,won,0.19,1
11:38:52,JD100,,3.863,DIGITUNDER,3,0.3162,0.0135,0.35,172,3615178579,won,0.65,1
11:38:54,JD100,,3.863,DIGITUNDER,3,0.3207,0.0279,0.35,146,3615180339,lost,-0.35,1
11:38:56,JD100,,3.862,DIGITOVER,6,0.3207,0.0279,0.35,150,3615181199,won,0.65,1
11:38:59,JD100,,3.859,DIGITOVER,7,0.2149,0.0136,0.35,165,3615183659,lost,-0.35,1
11:39:01,JD100,,3.858,DIGITUNDER,3,0.3163,0.0136,0.35,166,3615184819,won,0.65,1
11:39:03,JD100,,3.857,DIGITUNDER,3,0.3208,0.0281,0.35,162,3615186039,lost,-0.35,1
11:39:05,JD100,,3.855,DIGITUNDER,6,0.6214,0.0153,0.35,107,3615187699,lost,-0.35,1
11:39:07,JD100,,3.856,DIGITOVER,7,0.2149,0.0135,0.35,160,3615189179,lost,-0.35,1
11:39:09,JD100,,3.856,DIGITUNDER,6,0.6214,0.0153,0.35,123,3615190399,won,0.19,1
11:39:11,JD100,,3.852,DIGITOVER,7,0.2149,0.0135,0.35,145,3615193959,lost,-0.35,1
11:39:13,JD100,,3.852,DIGITOVER,5,0.4226,0.0257,0.35,132,3615195199,won,0.43,1
11:39:15,JD100,,3.852,DIGITOVER,5,0.4226,0.0257,0.35,200,3615196719,lost,-0.35,1
11:39:17,JD100,,3.853,DIGITUNDER,6,0.6214,0.0153,0.35,125,3615197839,lost,-0.35,1
11:39:19,JD100,,3.853,DIGITOVER,6,0.3207,0.0280,0.35,128,3615199359,won,0.65,1
11:39:21,JD100,,3.852,DIGITOVER,7,0.2149,0.0135,0.35,149,3615200799,lost,-0.35,1
11:39:23,JD100,,3.852,DIGITUNDER,6,0.6213,0.0153,0.35,131,3615202099,won,0.19,1
11:39:25,JD100,,3.857,DIGITUNDER,4,0.4211,0.0221,0.35,146,3615203279,won,0.43,1
11:39:28,JD100,,3.856,DIGITUNDER,6,0.6214,0.0153,0.35,144,3615204839,won,0.19,1
11:39:30,JD100,,3.855,DIGITUNDER,3,0.3163,0.0137,0.35,139,3615206179,won,0.65,1
11:39:32,JD100,,3.855,DIGITUNDER,3,0.3163,0.0138,0.35,137,3615207679,lost,-0.35,1
