ts,sym,decision_epoch,digit,sigma,ctype,barrier,model_p,model_ev,rtt_ms,cid,status,pnl,exit_lag_s
10:37:24,JD100,1781260641,,4.160,DIGITUNDER,4,0.4201,0.0195,114,1974023899,lost,-1.0,1
10:37:26,JD100,1781260642,,4.163,DIGITOVER,5,0.4201,0.0195,117,1974024819,lost,-1.0,1
10:37:30,JD100,1781260647,,4.158,DIGITOVER,6,0.3177,0.0181,110,1974030759,lost,-1.0,1
10:37:35,JD100,1781260652,,4.153,DIGITOVER,6,0.3177,0.0181,93,1974037359,lost,-1.0,1
10:37:38,JD100,1781260655,,4.154,DIGITOVER,5,0.4201,0.0195,103,1974041499,won,1.43,1
10:37:41,JD100,1781260658,,4.155,DIGITOVER,5,0.4201,0.0195,112,1974045499,won,1.43,1
10:37:43,JD100,1781260661,,4.169,DIGITOVER,5,0.4201,0.0195,131,1974049459,won,1.43,1
10:37:49,JD100,1781260666,,4.160,DIGITOVER,5,0.4201,0.0195,87,1974056119,lost,-1.0,1
10:37:54,JD100,1781260671,,4.157,DIGITOVER,5,0.4201,0.0195,103,1974062759,won,1.43,1
10:37:57,JD100,1781260674,,4.154,DIGITOVER,5,0.4201,0.0195,100,1974066419,lost,-1.0,1
10:38:01,JD100,1781260678,,4.151,DIGITUNDER,4,0.4201,0.0195,114,1974070359,won,1.43,1
10:38:08,JD100,1781260685,,4.161,DIGITUNDER,4,0.4201,0.0195,102,1974079239,lost,-1.0,1
10:38:11,JD100,1781260686,,4.160,DIGITOVER,6,0.3177,0.0181,99,1974080219,won,2.21,1
10:38:13,JD100,1781260687,,4.158,DIGITOVER,6,0.3177,0.0181,118,1974081499,lost,-1.0,1
10:38:15,JD100,1781260688,,4.157,DIGITUNDER,4,0.4201,0.0195,118,1974082399,lost,-1.0,1
10:38:17,JD100,1781260690,,4.156,DIGITOVER,6,0.3177,0.0181,110,1974084779,lost,-1.0,1
10:38:19,JD100,1781260692,,4.159,DIGITUNDER,4,0.4201,0.0195,95,1974086859,lost,-1.0,1
10:38:21,JD100,1781260693,,4.163,DIGITOVER,6,0.3177,0.0181,110,1974088179,lost,-1.0,1
10:38:23,JD100,1781260701,,4.155,DIGITOVER,5,0.4201,0.0195,95,1974097719,lost,-1.0,1
10:38:32,JD100,1781260709,,4.153,DIGITUNDER,4,0.4201,0.0195,94,1974107139,won,1.43,1
10:38:34,JD100,1781260710,,4.151,DIGITUNDER,4,0.4201,0.0195,103,1974108119,lost,-1.0,1
10:38:36,JD100,1781260713,,4.151,DIGITOVER,6,0.3177,0.0181,91,1974111539,lost,-1.0,1
10:38:38,JD100,1781260716,,4.158,DIGITOVER,5,0.4201,0.0195,99,1974114959,won,1.43,1
10:38:41,JD100,1781260719,,4.166,DIGITOVER,6,0.3177,0.0181,104,1974118419,lost,-1.0,1
10:38:43,JD100,1781260721,,4.164,DIGITUNDER,4,0.4201,0.0195,91,1974121159,lost,-1.0,1
10:38:45,JD100,1781260722,,4.164,DIGITOVER,5,0.4201,0.0195,93,1974122079,lost,-1.0,1
10:38:49,JD100,1781260726,,4.167,DIGITUNDER,4,0.4201,0.0195,105,1974126979,lost,-1.0,1
10:38:56,JD100,1781260733,,4.170,DIGITOVER,5,0.4201,0.0195,87,1974136119,won,1.43,1
10:38:58,JD100,1781260735,,4.166,DIGITOVER,5,0.4201,0.0195,82,1974138479,won,1.43,1
10:39:05,JD100,1781260742,,4.160,DIGITOVER,6,0.3177,0.0181,137,1974147919,lost,-1.0,1
10:39:12,JD100,1781260750,,4.157,DIGITUNDER,4,0.4201,0.0195,105,1974156799,lost,-1.0,1
10:39:14,JD100,1781260752,,4.163,DIGITOVER,5,0.4201,0.0195,282,1974160599,lost,-1.0,1
10:39:18,JD100,1781260753,,4.163,DIGITUNDER,4,0.4201,0.0195,88,1974162079,lost,-1.0,1
10:39:21,JD100,1781260759,,4.176,DIGITUNDER,4,0.4201,0.0195,104,1974175179,won,1.43,1
10:39:26,JD100,1781260763,,4.172,DIGITUNDER,4,0.4201,0.0195,100,1974179379,lost,-1.0,1
10:39:32,JD100,1781260770,,4.176,DIGITOVER,5,0.4201,0.0195,108,1974187139,lost,-1.0,1
10:39:35,JD100,1781260772,,4.177,DIGITOVER,6,0.3177,0.0181,94,1974189119,lost,-1.0,1
10:39:38,JD100,1781260775,,4.174,DIGITOVER,5,0.4201,0.0195,98,1974192339,won,1.43,1
10:39:40,JD100,1781260777,,4.171,DIGITOVER,6,0.3177,0.0181,109,1974194519,lost,-1.0,1
10:39:42,JD100,1781260779,,4.170,DIGITUNDER,4,0.4201,0.0195,99,1974196979,won,1.43,1
10:39:44,JD100,1781260781,,4.169,DIGITOVER,6,0.3177,0.0181,122,1974199619,won,2.21,1
10:39:47,JD100,1781260784,,4.167,DIGITOVER,5,0.4201,0.0195,107,1974202199,won,1.43,1
10:39:49,JD100,1781260786,,4.164,DIGITOVER,6,0.3177,0.0181,110,1974204379,lost,-1.0,1
10:39:53,JD100,1781260791,,4.166,DIGITUNDER,4,0.4201,0.0195,115,1974212359,lost,-1.0,1
10:39:55,JD100,1781260792,,4.165,DIGITOVER,6,0.3177,0.0181,124,1974213419,lost,-1.0,1
10:40:10,JD100,1781260807,,4.166,DIGITOVER,5,0.4201,0.0195,113,1974232019,lost,-1.0,1
10:40:13,JD100,1781260811,,4.164,DIGITOVER,6,0.3177,0.0181,126,1974237079,lost,-1.0,1
10:40:17,JD100,1781260814,,4.163,DIGITOVER,6,0.3177,0.0181,118,1974240779,lost,-1.0,1
10:40:20,JD100,1781260818,,4.173,DIGITOVER,6,0.3177,0.0181,92,1974245499,lost,-1.0,1
10:40:23,JD100,1781260820,,4.179,DIGITOVER,6,0.3177,0.0181,98,1974248479,lost,-1.0,1
10:40:29,JD100,1781260827,,4.181,DIGITOVER,6,0.3177,0.0181,94,1974256019,lost,-1.0,1
10:40:31,JD100,1781260828,,4.180,DIGITUNDER,4,0.4201,0.0195,102,1974256959,won,1.43,1
10:40:38,JD100,1781260835,,4.185,DIGITOVER,6,0.3177,0.0181,99,1974264679,lost,-1.0,1
10:40:42,JD100,1781260839,,4.188,DIGITOVER,5,0.4201,0.0195,101,1974270379,lost,-1.0,1
10:40:44,JD100,1781260841,,4.189,DIGITOVER,6,0.3177,0.0181,113,1974272899,lost,-1.0,1
10:40:46,JD100,1781260843,,4.186,DIGITOVER,5,0.4201,0.0195,94,1974274639,won,1.43,1
10:40:48,JD100,1781260844,,4.185,DIGITOVER,6,0.3177,0.0181,108,1974275719,lost,-1.0,1
10:40:50,JD100,1781260848,,4.186,DIGITUNDER,4,0.4201,0.0195,103,1974280039,won,1.43,1
10:40:54,JD100,1781260851,,4.181,DIGITUNDER,4,0.4201,0.0195,108,1974283839,lost,-1.0,1
10:40:56,JD100,1781260854,,4.183,DIGITOVER,5,0.4201,0.0195,96,1974286459,lost,-1.0,1
10:40:58,JD100,1781260855,,4.183,DIGITUNDER,4,0.4201,0.0195,151,1974288739,won,1.43,1
10:41:00,JD100,1781260858,,4.197,DIGITOVER,6,0.3177,0.0181,87,1974292239,won,2.21,1
10:41:02,JD100,1781260859,,4.196,DIGITOVER,5,0.4201,0.0195,113,1974293779,lost,-1.0,1
10:41:04,JD100,1781260861,,4.195,DIGITOVER,6,0.3177,0.0181,126,1974296759,won,2.21,1
10:41:06,JD100,1781260862,,4.193,DIGITOVER,5,0.4201,0.0195,121,1974298019,lost,-1.0,1
10:41:08,JD100,1781260864,,4.191,DIGITOVER,6,0.3177,0.0181,98,1974299839,lost,-1.0,1
10:41:10,JD100,1781260868,,4.189,DIGITOVER,6,0.3177,0.0181,162,1974304079,won,2.21,1
10:41:12,JD100,1781260869,,4.187,DIGITOVER,5,0.4201,0.0195,98,1974305219,lost,-1.0,1
10:41:17,JD100,1781260875,,4.185,DIGITUNDER,4,0.4201,0.0195,114,1974311139,lost,-1.0,1
10:41:19,JD100,1781260876,,4.187,DIGITOVER,5,0.4201,0.0195,119,1974311999,won,1.43,1
10:41:27,JD100,1781260884,,4.203,DIGITOVER,5,0.4201,0.0195,109,1974321439,lost,-1.0,1
10:41:32,JD100,1781260889,,4.198,DIGITOVER,6,0.3177,0.0181,103,1974326759,won,2.21,1
10:41:35,JD100,1781260892,,4.200,DIGITOVER,5,0.4201,0.0195,94,1974331019,lost,-1.0,1
10:41:46,JD100,1781260903,,4.191,DIGITOVER,6,0.3177,0.0181,102,1974346699,lost,-1.0,1
10:41:49,JD100,1781260906,,4.191,DIGITOVER,5,0.4201,0.0195,106,1974349959,won,1.43,1
10:41:51,JD100,1781260907,,4.189,DIGITOVER,5,0.4201,0.0195,111,1974351319,won,1.43,1
10:41:53,JD100,1781260908,,4.187,DIGITOVER,5,0.4201,0.0195,103,1974352139,won,1.43,1
10:41:55,JD100,1781260910,,4.184,DIGITOVER,6,0.3177,0.0181,109,1974355479,lost,-1.0,1
10:41:57,JD100,1781260914,,4.182,DIGITOVER,5,0.4201,0.0195,114,1974359799,lost,-1.0,1
10:42:01,JD100,1781260918,,4.190,DIGITUNDER,4,0.4201,0.0195,92,1974364239,lost,-1.0,1
10:42:06,JD100,1781260923,,4.191,DIGITOVER,5,0.4201,0.0195,120,1974371219,lost,-1.0,1
10:42:18,JD100,1781260935,,4.190,DIGITOVER,6,0.3177,0.0181,96,1974387079,lost,-1.0,1
10:42:23,JD100,1781260940,,4.191,DIGITOVER,6,0.3177,0.0181,95,1974393119,lost,-1.0,1
10:42:28,JD100,1781260945,,4.185,DIGITUNDER,4,0.4201,0.0195,97,1974398879,lost,-1.0,1
10:42:30,JD100,1781260946,,4.188,DIGITOVER,6,0.3177,0.0181,122,1974400059,won,2.21,1
10:42:32,JD100,1781260947,,4.193,DIGITOVER,5,0.4201,0.0195,116,1974401099,won,1.43,1
10:42:34,JD100,1781260948,,4.199,DIGITOVER,6,0.3177,0.0181,107,1974402459,lost,-1.0,1
10:42:36,JD100,1781260951,,4.197,DIGITOVER,6,0.3177,0.0181,97,1974405999,won,2.21,1
10:42:41,JD100,1781260958,,4.200,DIGITUNDER,4,0.4201,0.0195,106,1974415459,lost,-1.0,1
10:42:50,JD100,1781260967,,4.193,DIGITUNDER,4,0.4201,0.0195,102,1974426439,won,1.43,1
10:42:53,JD100,1781260970,,4.194,DIGITOVER,5,0.4201,0.0195,97,1974429299,won,1.43,1
10:42:57,JD100,1781260974,,4.200,DIGITUNDER,4,0.4201,0.0195,116,1974433879,lost,-1.0,1
10:42:59,JD100,1781260975,,4.201,DIGITOVER,5,0.4201,0.0195,117,1974435199,lost,-1.0,1
10:43:01,JD100,1781260978,,4.212,DIGITUNDER,4,0.4201,0.0195,97,1974439159,won,1.43,1
10:43:03,JD100,1781260979,,4.211,DIGITUNDER,4,0.4201,0.0195,97,1974440359,won,1.43,1
10:43:05,JD100,1781260982,,4.207,DIGITOVER,5,0.4201,0.0195,281,1974444619,lost,-1.0,1
10:43:08,JD100,1781260985,,4.210,DIGITOVER,6,0.3177,0.0181,101,1974448179,lost,-1.0,1
10:43:10,JD100,1781260987,,4.211,DIGITOVER,6,0.3177,0.0181,92,1974450439,lost,-1.0,1
10:43:12,JD100,1781260989,,4.211,DIGITOVER,6,0.3177,0.0181,92,1974453159,lost,-1.0,1
10:43:14,JD100,1781260991,,4.213,DIGITOVER,5,0.4201,0.0195,93,1974455179,lost,-1.0,1
10:43:17,JD100,1781260994,,4.230,DIGITOVER,6,0.3177,0.0181,97,1974458399,lost,-1.0,1
10:43:24,JD100,1781261002,,4.226,DIGITOVER,6,0.3177,0.0181,99,1974467379,lost,-1.0,1
10:43:28,JD100,1781261005,,4.224,DIGITOVER,5,0.4201,0.0195,97,1974471079,won,1.43,1
10:43:32,JD100,1781261009,,4.230,DIGITOVER,5,0.4201,0.0195,96,1974476019,won,1.43,1
10:43:34,JD100,1781261010,,4.228,DIGITOVER,5,0.4201,0.0195,92,1974476959,won,1.43,1
10:43:40,JD100,1781261017,,4.239,DIGITOVER,6,0.3177,0.0181,106,1974485099,lost,-1.0,1
10:43:47,JD100,1781261025,,4.237,DIGITOVER,6,0.3177,0.0181,145,1974493859,won,2.21,1
10:43:49,JD100,1781261026,,4.236,DIGITOVER,6,0.3177,0.0181,109,1974494899,lost,-1.0,1
10:43:51,JD100,1781261027,,4.235,DIGITUNDER,4,0.4201,0.0195,150,1974496399,lost,-1.0,1
10:43:55,JD100,1781261032,,4.231,DIGITOVER,6,0.3177,0.0181,115,1974501799,won,2.21,1
10:43:57,JD100,1781261033,,4.230,DIGITOVER,5,0.4201,0.0195,97,1974503059,won,1.43,1
10:43:59,JD100,1781261034,,4.228,DIGITOVER,5,0.4201,0.0195,86,1974504099,lost,-1.0,1
10:44:03,JD100,1781261040,,4.227,DIGITOVER,6,0.3177,0.0181,105,1974511179,lost,-1.0,1
10:44:07,JD100,1781261044,,4.224,DIGITOVER,6,0.3177,0.0181,90,1974516659,won,2.21,1
10:44:09,JD100,1781261045,,4.223,DIGITOVER,5,0.4201,0.0195,106,1974517659,won,1.43,1
10:44:14,JD100,1781261051,,4.221,DIGITOVER,5,0.4201,0.0195,97,1974524099,won,1.43,1
10:44:16,JD100,1781261052,,4.227,DIGITOVER,6,0.3177,0.0181,97,1974524899,lost,-1.0,1
10:44:18,JD100,1781261053,,4.226,DIGITUNDER,4,0.4201,0.0195,110,1974526299,lost,-1.0,1
10:44:20,JD100,1781261056,,4.227,DIGITOVER,5,0.4201,0.0195,100,1974529379,won,1.43,1
10:44:22,JD100,1781261059,,4.233,DIGITOVER,6,0.3177,0.0181,99,1974532719,won,2.21,1
10:44:28,JD100,1781261065,,4.224,DIGITUNDER,4,0.4201,0.0195,94,1974539059,lost,-1.0,1
10:44:31,JD100,1781261068,,4.224,DIGITUNDER,4,0.4201,0.0195,96,1974542819,lost,-1.0,1
10:44:38,JD100,1781261075,,4.219,DIGITOVER,5,0.4201,0.0195,102,1974551439,lost,-1.0,1
10:44:40,JD100,1781261076,,4.220,DIGITUNDER,4,0.4201,0.0195,97,1974552259,lost,-1.0,1
10:44:42,JD100,1781261079,,4.220,DIGITUNDER,4,0.4201,0.0195,125,1974556299,lost,-1.0,1
10:44:44,JD100,1781261080,,4.220,DIGITOVER,5,0.4201,0.0195,98,1974557039,lost,-1.0,1
10:44:46,JD100,1781261083,,4.219,DIGITUNDER,4,0.4201,0.0195,98,1974560879,won,1.43,1
10:44:59,JD100,1781261096,,4.217,DIGITOVER,5,0.4201,0.0195,104,1974577239,won,1.43,1
10:45:01,JD100,1781261097,,4.215,DIGITOVER,6,0.3177,0.0181,112,1974578639,won,2.21,1
10:45:03,JD100,1781261098,,4.214,DIGITOVER,5,0.4201,0.0195,96,1974579499,lost,-1.0,1
10:45:06,JD100,1781261103,,4.213,DIGITOVER,6,0.3177,0.0181,95,1974586639,lost,-1.0,1
10:45:14,JD100,1781261111,,4.211,DIGITOVER,5,0.4201,0.0195,129,1974596139,lost,-1.0,1
10:45:16,JD100,1781261112,,4.212,DIGITUNDER,4,0.4201,0.0195,96,1974597139,lost,-1.0,1
10:45:18,JD100,1781261114,,4.211,DIGITOVER,5,0.4201,0.0195,120,1974599639,won,1.43,1
10:45:27,JD100,1781261124,,4.202,DIGITUNDER,4,0.4201,0.0195,98,1974611859,lost,-1.0,1
10:45:29,JD100,1781261125,,4.201,DIGITOVER,6,0.3177,0.0181,115,1974613039,won,2.21,1
10:45:32,JD100,1781261129,,4.200,DIGITOVER,5,0.4201,0.0195,116,1974617679,won,1.43,1
10:45:34,JD100,1781261130,,4.198,DIGITOVER,6,0.3177,0.0181,118,1974618659,won,2.21,1
10:45:38,JD100,1781261135,,4.199,DIGITUNDER,4,0.4201,0.0195,121,1974624399,lost,-1.0,1
10:45:44,JD100,1781261141,,4.207,DIGITOVER,6,0.3177,0.0181,101,1974631099,lost,-1.0,1
10:45:48,JD100,1781261145,,4.207,DIGITOVER,5,0.4201,0.0195,103,1974635719,won,1.43,1
10:45:50,JD100,1781261146,,4.206,DIGITOVER,6,0.3177,0.0181,101,1974636679,won,2.21,1
10:45:52,JD100,1781261147,,4.204,DIGITOVER,6,0.3177,0.0181,133,1974638019,won,2.21,1
10:45:54,JD100,1781261148,,4.203,DIGITOVER,6,0.3177,0.0181,114,1974638999,won,2.21,1
10:45:56,JD100,1781261149,,4.202,DIGITOVER,5,0.4201,0.0195,114,1974640139,won,1.43,1
10:45:58,JD100,1781261150,,4.200,DIGITOVER,6,0.3177,0.0181,97,1974641199,lost,-1.0,1
10:46:02,JD100,1781261160,,4.210,DIGITOVER,5,0.4201,0.0195,99,1974653199,lost,-1.0,1
10:46:06,JD100,1781261163,,4.210,DIGITOVER,6,0.3177,0.0181,160,1974657559,won,2.21,1
10:46:08,JD100,1781261165,,4.226,DIGITOVER,6,0.3177,0.0181,106,1974659659,lost,-1.0,1
10:46:11,JD100,1781261168,,4.225,DIGITOVER,5,0.4201,0.0195,93,1974663299,won,1.43,1
10:46:13,JD100,1781261169,,4.230,DIGITOVER,6,0.3177,0.0181,102,1974664919,lost,-1.0,1
10:46:15,JD100,1781261172,,4.236,DIGITUNDER,4,0.4201,0.0195,113,1974668439,lost,-1.0,1
10:46:17,JD100,1781261173,,4.236,DIGITOVER,5,0.4201,0.0195,112,1974669819,lost,-1.0,1
10:46:23,JD100,1781261180,,4.232,DIGITOVER,5,0.4201,0.0195,112,1974678119,lost,-1.0,1
10:46:28,JD100,1781261185,,4.236,DIGITUNDER,4,0.4201,0.0195,109,1974683299,lost,-1.0,1
10:46:30,JD100,1781261186,,4.237,DIGITOVER,5,0.4201,0.0195,106,1974684439,lost,-1.0,1
10:46:43,JD100,1781261200,,4.232,DIGITOVER,6,0.3177,0.0181,89,1974701419,won,2.21,1
10:46:45,JD100,1781261201,,4.237,DIGITOVER,5,0.4201,0.0195,109,1974702959,won,1.43,1
10:46:47,JD100,1781261202,,4.236,DIGITOVER,5,0.4201,0.0195,105,1974704079,won,1.43,1
10:46:49,JD100,1781261203,,4.234,DIGITOVER,5,0.4201,0.0195,105,1974705339,lost,-1.0,1
10:46:51,JD100,1781261206,,4.234,DIGITOVER,5,0.4201,0.0195,90,1974708839,won,1.43,1
10:46:53,JD100,1781261208,,4.232,DIGITOVER,6,0.3177,0.0181,110,1974711179,lost,-1.0,1
10:46:55,JD100,1781261212,,4.235,DIGITOVER,5,0.4201,0.0195,110,1974715839,lost,-1.0,1
10:46:57,JD100,1781261213,,4.236,DIGITUNDER,4,0.4201,0.0195,101,1974716879,lost,-1.0,1
10:46:59,JD100,1781261214,,4.237,DIGITOVER,5,0.4201,0.0195,112,1974718139,won,1.43,1
10:47:01,JD100,1781261219,,4.240,DIGITUNDER,4,0.4201,0.0195,90,1974724319,won,1.43,1
10:47:03,JD100,1781261221,,4.238,DIGITUNDER,4,0.4201,0.0195,117,1974727319,won,1.43,1
10:47:07,JD100,1781261224,,4.235,DIGITOVER,6,0.3177,0.0181,85,1974731159,lost,-1.0,1
10:47:09,JD100,1781261225,,4.238,DIGITUNDER,4,0.4201,0.0195,99,1974732759,lost,-1.0,1
10:47:17,JD100,1781261235,,4.240,DIGITUNDER,4,0.4201,0.0195,91,1974743699,lost,-1.0,1
10:47:21,JD100,1781261238,,4.239,DIGITOVER,5,0.4201,0.0195,107,1974746759,won,1.43,1
10:47:24,JD100,1781261241,,4.238,DIGITUNDER,4,0.4201,0.0195,95,1974750399,lost,-1.0,1
10:47:29,JD100,1781261246,,4.236,DIGITOVER,6,0.3177,0.0181,99,1974756819,lost,-1.0,1
10:47:34,JD100,1781261251,,4.238,DIGITOVER,5,0.4201,0.0195,98,1974762559,lost,-1.0,1
10:47:43,JD100,1781261260,,4.234,DIGITOVER,5,0.4201,0.0195,103,1974772439,lost,-1.0,1
10:47:45,JD100,1781261262,,4.236,DIGITOVER,5,0.4201,0.0195,89,1974775019,lost,-1.0,1
10:47:52,JD100,1781261269,,4.229,DIGITUNDER,4,0.4201,0.0195,96,1974783019,lost,-1.0,1
10:47:59,JD100,1781261276,,4.228,DIGITOVER,6,0.3177,0.0181,113,1974791099,won,2.21,1
10:48:01,JD100,1781261277,,4.227,DIGITOVER,6,0.3177,0.0181,97,1974792199,lost,-1.0,1
10:48:08,JD100,1781261285,,4.232,DIGITOVER,5,0.4201,0.0195,102,1974802699,won,1.43,1
10:48:11,JD100,1781261288,,4.230,DIGITUNDER,4,0.4201,0.0195,102,1974806879,won,1.43,1
10:48:14,JD100,1781261291,,4.226,DIGITOVER,6,0.3177,0.0181,106,1974810599,lost,-1.0,1
10:48:16,JD100,1781261292,,4.226,DIGITUNDER,4,0.4201,0.0195,108,1974811499,lost,-1.0,1
10:48:18,JD100,1781261294,,4.227,DIGITUNDER,4,0.4201,0.0195,109,1974814339,lost,-1.0,1
10:48:22,JD100,1781261299,,4.223,DIGITOVER,6,0.3177,0.0181,131,1974819959,lost,-1.0,1
10:48:27,JD100,1781261304,,4.224,DIGITUNDER,4,0.4201,0.0195,96,1974826179,lost,-1.0,1
10:48:29,JD100,1781261305,,4.223,DIGITOVER,6,0.3177,0.0181,91,1974827399,won,2.21,1
10:48:31,JD100,1781261306,,4.229,DIGITOVER,6,0.3177,0.0181,96,1974828619,lost,-1.0,1
10:48:38,JD100,1781261315,,4.232,DIGITOVER,6,0.3177,0.0181,112,1974838519,lost,-1.0,1
10:48:44,JD100,1781261321,,4.234,DIGITOVER,6,0.3177,0.0181,112,1974845959,lost,-1.0,1
10:48:48,JD100,1781261324,,4.232,DIGITOVER,5,0.4201,0.0195,109,1974849459,won,1.43,1
10:48:50,JD100,1781261326,,4.234,DIGITUNDER,4,0.4201,0.0195,104,1974851299,lost,-1.0,1
10:48:52,JD100,1781261327,,4.233,DIGITOVER,6,0.3177,0.0181,207,1974852619,won,2.21,1
10:48:54,JD100,1781261328,,4.238,DIGITOVER,5,0.4201,0.0195,152,1974853659,won,1.43,1
10:48:56,JD100,1781261331,,4.234,DIGITUNDER,4,0.4201,0.0195,109,1974857359,won,1.43,1
10:49:03,JD100,1781261340,,4.234,DIGITOVER,6,0.3177,0.0181,114,1974866879,lost,-1.0,1
10:49:05,JD100,1781261342,,4.235,DIGITOVER,6,0.3177,0.0181,131,1974869859,lost,-1.0,1
10:49:07,JD100,1781261344,,4.233,DIGITOVER,6,0.3177,0.0181,119,1974871959,won,2.21,1
10:49:09,JD100,1781261345,,4.232,DIGITOVER,5,0.4201,0.0195,104,1974873079,lost,-1.0,1
10:49:14,JD100,1781261351,,4.231,DIGITUNDER,4,0.4201,0.0195,89,1974879979,lost,-1.0,1
10:49:16,JD100,1781261353,,4.230,DIGITOVER,5,0.4201,0.0195,98,1974882439,lost,-1.0,1
10:49:18,JD100,1781261355,,4.231,DIGITOVER,5,0.4201,0.0195,95,1974885199,won,1.43,1
10:49:22,JD100,1781261359,,4.228,DIGITOVER,6,0.3177,0.0181,106,1974890219,lost,-1.0,1
10:49:24,JD100,1781261361,,4.228,DIGITOVER,5,0.4201,0.0195,117,1974892419,won,1.43,1
10:49:26,JD100,1781261362,,4.227,DIGITOVER,6,0.3177,0.0181,88,1974893459,lost,-1.0,1
10:49:28,JD100,1781261363,,4.226,DIGITUNDER,4,0.4201,0.0195,98,1974895039,won,1.43,1
10:49:30,JD100,1781261365,,4.225,DIGITOVER,5,0.4201,0.0195,106,1974896959,lost,-1.0,1
10:49:32,JD100,1781261366,,4.225,DIGITUNDER,4,0.4201,0.0195,146,1974898219,lost,-1.0,1
10:49:34,JD100,1781261368,,4.226,DIGITOVER,5,0.4201,0.0195,103,1974900219,lost,-1.0,1
10:49:36,JD100,1781261370,,4.227,DIGITUNDER,4,0.4201,0.0195,135,1974902379,won,1.43,1
10:49:41,JD100,1781261378,,4.233,DIGITOVER,5,0.4201,0.0195,111,1974911359,lost,-1.0,1
10:49:59,JD100,1781261396,,4.226,DIGITOVER,5,0.4201,0.0195,102,1974932159,won,1.43,1
10:50:01,JD100,1781261398,,4.232,DIGITOVER,5,0.4201,0.0195,118,1974935219,lost,-1.0,1
10:50:05,JD100,1781261402,,4.230,DIGITOVER,5,0.4201,0.0195,179,1974941439,lost,-1.0,1
10:50:15,JD100,1781261412,,4.233,DIGITOVER,6,0.3177,0.0181,85,1974952479,lost,-1.0,1
10:50:18,JD100,1781261415,,4.236,DIGITOVER,6,0.3177,0.0181,152,1974956099,won,2.21,1
10:50:20,JD100,1781261416,,4.235,DIGITOVER,5,0.4201,0.0195,159,1974956839,won,1.43,1
10:50:22,JD100,1781261417,,4.234,DIGITOVER,5,0.4201,0.0195,104,1974958299,won,1.43,1
10:50:24,JD100,1781261419,,4.233,DIGITUNDER,4,0.4201,0.0195,99,1974960399,won,1.43,1
10:50:26,JD100,1781261421,,4.231,DIGITUNDER,4,0.4201,0.0195,133,1974962539,lost,-1.0,1
10:50:28,JD100,1781261425,,4.233,DIGITUNDER,4,0.4201,0.0195,100,1974966579,lost,-1.0,1
10:50:30,JD100,1781261427,,4.241,DIGITOVER,5,0.4201,0.0195,177,1974968979,won,1.43,1
10:50:32,JD100,1781261429,,4.239,DIGITOVER,6,0.3177,0.0181,117,1974971719,lost,-1.0,1
10:50:34,JD100,1781261431,,4.237,DIGITOVER,5,0.4201,0.0195,108,1974974159,won,1.43,1
10:50:37,JD100,1781261432,,4.236,DIGITOVER,6,0.3177,0.0181,86,1974975199,won,2.21,1
10:50:39,JD100,1781261433,,4.235,DIGITOVER,5,0.4201,0.0195,94,1974976599,lost,-1.0,1
10:50:41,JD100,1781261436,,4.235,DIGITOVER,6,0.3177,0.0181,113,1974979779,lost,-1.0,1
10:50:43,JD100,1781261439,,4.234,DIGITOVER,5,0.4201,0.0195,133,1974983219,won,1.43,1
10:50:45,JD100,1781261440,,4.232,DIGITOVER,5,0.4201,0.0195,97,1974984299,lost,-1.0,1
10:50:47,JD100,1781261443,,4.232,DIGITOVER,6,0.3177,0.0181,123,1974987719,lost,-1.0,1
10:50:49,JD100,1781261445,,4.228,DIGITOVER,6,0.3177,0.0181,98,1974989859,lost,-1.0,1
10:50:53,JD100,1781261450,,4.226,DIGITUNDER,4,0.4201,0.0195,109,1974995319,lost,-1.0,1
10:50:56,JD100,1781261453,,4.215,DIGITUNDER,4,0.4201,0.0195,107,1974999319,lost,-1.0,1
10:51:01,JD100,1781261458,,4.220,DIGITOVER,5,0.4201,0.0195,191,1975005039,lost,-1.0,1
10:51:04,JD100,1781261461,,4.229,DIGITOVER,5,0.4201,0.0195,119,1975010519,lost,-1.0,1
10:51:06,JD100,1781261462,,4.227,DIGITUNDER,4,0.4201,0.0195,105,1975011579,won,1.43,1
10:51:08,JD100,1781261465,,4.222,DIGITUNDER,4,0.4201,0.0195,109,1975016459,won,1.43,1
10:51:12,JD100,1781261469,,4.228,DIGITOVER,5,0.4201,0.0195,106,1975021339,lost,-1.0,1
10:51:14,JD100,1781261471,,4.228,DIGITUNDER,4,0.4201,0.0195,99,1975023959,won,1.43,1
10:51:17,JD100,1781261474,,4.232,DIGITOVER,6,0.3177,0.0181,125,1975027539,lost,-1.0,1
10:51:21,JD100,1781261478,,4.232,DIGITOVER,5,0.4201,0.0195,108,1975032399,lost,-1.0,1
10:51:23,JD100,1781261480,,4.233,DIGITUNDER,4,0.4201,0.0195,126,1975035139,won,1.43,1
10:51:26,JD100,1781261483,,4.235,DIGITUNDER,4,0.4201,0.0195,88,1975038719,lost,-1.0,1
10:51:32,JD100,1781261489,,4.235,DIGITUNDER,4,0.4201,0.0195,191,1975045759,won,1.43,1
10:51:36,JD100,1781261493,,4.231,DIGITUNDER,4,0.4201,0.0195,125,1975050559,won,1.43,1
10:51:38,JD100,1781261495,,4.231,DIGITOVER,6,0.3177,0.0181,96,1975052859,won,2.21,1
10:51:40,JD100,1781261496,,4.231,DIGITOVER,5,0.4201,0.0195,141,1975053599,won,1.43,1
10:51:42,JD100,1781261497,,4.230,DIGITOVER,5,0.4201,0.0195,129,1975054839,lost,-1.0,1
10:51:44,JD100,1781261500,,4.223,DIGITOVER,5,0.4201,0.0195,108,1975057939,lost,-1.0,1
10:51:46,JD100,1781261502,,4.221,DIGITUNDER,4,0.4201,0.0195,103,1975060139,lost,-1.0,1
10:51:48,JD100,1781261503,,4.222,DIGITOVER,5,0.4201,0.0195,91,1975061299,won,1.43,1
10:51:50,JD100,1781261504,,4.222,DIGITOVER,6,0.3177,0.0181,96,1975062379,lost,-1.0,1
10:51:52,JD100,1781261505,,4.223,DIGITUNDER,4,0.4201,0.0195,113,1975063579,lost,-1.0,1
10:51:54,JD100,1781261507,,4.224,DIGITOVER,5,0.4201,0.0195,101,1975065559,lost,-1.0,1
10:51:56,JD100,1781261509,,4.223,DIGITOVER,6,0.3177,0.0181,114,1975068199,lost,-1.0,1
10:51:58,JD100,1781261510,,4.224,DIGITUNDER,4,0.4201,0.0195,101,1975069439,lost,-1.0,1
10:52:01,JD100,1781261511,,4.224,DIGITOVER,6,0.3177,0.0181,94,1975070739,lost,-1.0,1
10:52:03,JD100,1781261517,,4.231,DIGITUNDER,4,0.4201,0.0195,111,1975078219,won,1.43,1
10:52:09,JD100,1781261526,,4.239,DIGITOVER,5,0.4201,0.0195,99,1975092739,lost,-1.0,1
10:52:13,JD100,1781261530,,4.241,DIGITOVER,6,0.3177,0.0181,101,1975097439,lost,-1.0,1
10:52:18,JD100,1781261535,,4.243,DIGITOVER,6,0.3177,0.0181,97,1975103819,won,2.21,1
10:52:20,JD100,1781261536,,4.241,DIGITOVER,5,0.4201,0.0195,121,1975105059,lost,-1.0,1
10:52:24,JD100,1781261541,,4.243,DIGITOVER,6,0.3177,0.0181,113,1975111259,lost,-1.0,1
10:52:26,JD100,1781261543,,4.242,DIGITOVER,6,0.3177,0.0181,102,1975113699,lost,-1.0,1
10:52:30,JD100,1781261547,,4.244,DIGITOVER,5,0.4201,0.0195,176,1975118999,lost,-1.0,1
10:53:48,JD100,1781261622,,4.250,DIGITOVER,6,0.3177,0.0181,2304,1975224099,lost,-1.0,3
10:55:45,JD100,1781261739,,4.249,DIGITOVER,5,0.4201,0.0195,2262,1975378179,lost,-1.0,3
10:55:55,JD100,1781261752,,4.249,DIGITOVER,6,0.3177,0.0181,103,1975390999,lost,-1.0,1
10:56:02,JD100,1781261759,,4.239,DIGITOVER,5,0.4201,0.0195,119,1975402399,lost,-1.0,1
10:56:04,JD100,1781261760,,4.239,DIGITUNDER,4,0.4201,0.0195,115,1975403899,won,1.43,1
10:56:13,JD100,1781261770,,4.227,DIGITOVER,6,0.3177,0.0181,106,1975416339,lost,-1.0,1
10:56:17,JD100,1781261774,,4.230,DIGITOVER,5,0.4201,0.0195,107,1975423939,lost,-1.0,1
10:56:19,JD100,1781261775,,4.231,DIGITUNDER,4,0.4201,0.0195,111,1975425199,lost,-1.0,1
10:56:22,JD100,1781261779,,4.226,DIGITUNDER,4,0.4201,0.0195,96,1975429719,won,1.43,1
10:56:28,JD100,1781261785,,4.223,DIGITUNDER,4,0.4201,0.0195,111,1975437539,won,1.43,1
10:56:30,JD100,1781261787,,4.223,DIGITOVER,6,0.3177,0.0181,92,1975440359,won,2.21,1
10:56:32,JD100,1781261789,,4.218,DIGITOVER,6,0.3177,0.0181,138,1975443279,won,2.21,1
10:56:34,JD100,1781261790,,4.224,DIGITOVER,6,0.3177,0.0181,112,1975444259,lost,-1.0,1
10:56:36,JD100,1781261792,,4.224,DIGITUNDER,4,0.4201,0.0195,105,1975446879,won,1.43,1
10:56:38,JD100,1781261794,,4.223,DIGITUNDER,4,0.4201,0.0195,141,1975448959,lost,-1.0,1
10:56:40,JD100,1781261796,,4.223,DIGITOVER,6,0.3177,0.0181,114,1975451039,lost,-1.0,1
10:56:57,JD100,1781261814,,4.216,DIGITOVER,5,0.4201,0.0195,104,1975471119,lost,-1.0,1
10:56:59,JD100,1781261815,,4.218,DIGITUNDER,4,0.4201,0.0195,126,1975472559,lost,-1.0,1
10:57:01,JD100,1781261817,,4.214,DIGITOVER,5,0.4201,0.0195,107,1975474719,lost,-1.0,1
10:57:04,JD100,1781261821,,4.210,DIGITUNDER,4,0.4201,0.0195,130,1975481259,lost,-1.0,1
10:57:06,JD100,1781261823,,4.205,DIGITUNDER,4,0.4201,0.0195,140,1975483639,won,1.43,1
10:57:08,JD100,1781261825,,4.209,DIGITUNDER,4,0.4201,0.0195,88,1975486039,lost,-1.0,1
10:57:15,JD100,1781261832,,4.210,DIGITOVER,6,0.3177,0.0181,125,1975495699,lost,-1.0,1
10:57:20,JD100,1781261837,,4.208,DIGITUNDER,4,0.4201,0.0195,119,1975501699,lost,-1.0,1
10:57:22,JD100,1781261839,,4.208,DIGITOVER,5,0.4201,0.0195,100,1975503959,lost,-1.0,1
10:57:30,JD100,1781261847,,4.216,DIGITOVER,6,0.3177,0.0181,91,1975513999,won,2.21,1
10:57:32,JD100,1781261848,,4.215,DIGITOVER,6,0.3177,0.0181,117,1975515019,lost,-1.0,1
10:57:41,JD100,1781261858,,4.217,DIGITOVER,5,0.4201,0.0195,114,1975526819,won,1.43,1
10:57:43,JD100,1781261860,,4.212,DIGITUNDER,4,0.4201,0.0195,136,1975529279,won,1.43,1
10:57:45,JD100,1781261861,,4.212,DIGITUNDER,4,0.4201,0.0195,87,1975530499,won,1.43,1
10:57:48,JD100,1781261865,,4.220,DIGITOVER,5,0.4201,0.0195,99,1975535039,lost,-1.0,1
10:57:51,JD100,1781261868,,4.220,DIGITOVER,5,0.4201,0.0195,92,1975538179,won,1.43,1
10:57:53,JD100,1781261869,,4.225,DIGITOVER,6,0.3177,0.0181,130,1975539579,won,2.21,1
10:57:55,JD100,1781261870,,4.224,DIGITOVER,5,0.4201,0.0195,184,1975540539,won,1.43,1
10:57:57,JD100,1781261871,,4.223,DIGITOVER,5,0.4201,0.0195,113,1975541799,lost,-1.0,1
10:58:03,JD100,1781261880,,4.217,DIGITOVER,5,0.4201,0.0195,102,1975552299,won,1.43,1
10:58:05,JD100,1781261881,,4.216,DIGITOVER,6,0.3177,0.0181,110,1975553879,lost,-1.0,1
10:58:07,JD100,1781261884,,4.216,DIGITOVER,6,0.3177,0.0181,110,1975557659,won,2.21,1
10:58:09,JD100,1781261885,,4.215,DIGITOVER,6,0.3177,0.0181,111,1975558999,lost,-1.0,1
10:58:12,JD100,1781261889,,4.214,DIGITOVER,5,0.4201,0.0195,111,1975563179,won,1.43,1
10:58:14,JD100,1781261890,,4.213,DIGITOVER,5,0.4201,0.0195,117,1975564239,won,1.43,1
10:58:16,JD100,1781261891,,4.213,DIGITOVER,6,0.3177,0.0181,111,1975565559,lost,-1.0,1
10:58:20,JD100,1781261897,,4.204,DIGITOVER,5,0.4201,0.0195,102,1975572159,lost,-1.0,1
10:58:39,JD100,1781261916,,4.205,DIGITUNDER,4,0.4201,0.0195,97,1975594599,won,1.43,1
10:58:41,JD100,1781261918,,4.204,DIGITUNDER,4,0.4201,0.0195,105,1975597139,lost,-1.0,1
10:58:45,JD100,1781261922,,4.196,DIGITOVER,6,0.3177,0.0181,98,1975601159,won,2.21,1
10:58:47,JD100,1781261923,,4.204,DIGITOVER,5,0.4201,0.0195,109,1975602959,won,1.43,1
10:58:49,JD100,1781261924,,4.204,DIGITOVER,5,0.4201,0.0195,116,1975604039,won,1.43,1
10:58:51,JD100,1781261925,,4.203,DIGITOVER,6,0.3177,0.0181,110,1975605039,won,2.21,1
10:58:53,JD100,1781261928,,4.203,DIGITUNDER,4,0.4201,0.0195,123,1975608479,won,1.43,1
10:59:01,JD100,1781261938,,4.209,DIGITUNDER,4,0.4201,0.0195,106,1975620019,lost,-1.0,1
10:59:03,JD100,1781261939,,4.210,DIGITOVER,5,0.4201,0.0195,113,1975621139,lost,-1.0,1
10:59:05,JD100,1781261941,,4.206,DIGITUNDER,4,0.4201,0.0195,119,1975623819,lost,-1.0,1
10:59:08,JD100,1781261945,,4.209,DIGITUNDER,4,0.4201,0.0195,110,1975628199,lost,-1.0,1
10:59:10,JD100,1781261947,,4.214,DIGITOVER,6,0.3177,0.0181,117,1975630159,lost,-1.0,1
10:59:14,JD100,1781261951,,4.214,DIGITOVER,6,0.3177,0.0181,110,1975634179,won,2.21,1
10:59:16,JD100,1781261952,,4.212,DIGITOVER,6,0.3177,0.0181,109,1975635099,lost,-1.0,1
10:59:22,JD100,1781261959,,4.219,DIGITOVER,5,0.4201,0.0195,128,1975642319,won,1.43,1
10:59:24,JD100,1781261960,,4.219,DIGITOVER,6,0.3177,0.0181,175,1975643359,lost,-1.0,1
10:59:26,JD100,1781261961,,4.220,DIGITUNDER,4,0.4201,0.0195,103,1975645799,lost,-1.0,1
10:59:28,JD100,1781261962,,4.217,DIGITOVER,5,0.4201,0.0195,108,1975646679,won,1.43,1
10:59:30,JD100,1781261966,,4.220,DIGITOVER,5,0.4201,0.0195,111,1975651099,lost,-1.0,1
10:59:36,JD100,1781261973,,4.221,DIGITOVER,5,0.4201,0.0195,108,1975659279,won,1.43,1
10:59:39,JD100,1781261976,,4.220,DIGITUNDER,4,0.4201,0.0195,88,1975662079,won,1.43,1
10:59:48,JD100,1781261985,,4.223,DIGITUNDER,4,0.4201,0.0195,124,1975671799,won,1.43,1
10:59:53,JD100,1781261990,,4.226,DIGITUNDER,4,0.4201,0.0195,163,1975677379,lost,-1.0,1
10:59:56,JD100,1781261993,,4.229,DIGITOVER,5,0.4201,0.0195,190,1975680499,won,1.43,1
10:59:58,JD100,1781261994,,4.229,DIGITOVER,5,0.4201,0.0195,102,1975681899,lost,-1.0,1
11:00:00,JD100,1781261995,,4.230,DIGITUNDER,4,0.4201,0.0195,151,1975682939,won,1.43,1
11:00:02,JD100,1781261997,,4.232,DIGITOVER,6,0.3177,0.0181,113,1975685339,lost,-1.0,1
11:00:05,JD100,1781262001,,4.231,DIGITUNDER,4,0.4201,0.0195,248,1975693279,won,1.43,1
11:00:07,JD100,1781262004,,4.236,DIGITUNDER,4,0.4201,0.0195,232,1975697539,won,1.43,1
11:00:21,JD100,1781262017,,4.225,DIGITOVER,6,0.3177,0.0181,125,1975714459,lost,-1.0,1
11:00:25,JD100,1781262022,,4.221,DIGITOVER,6,0.3177,0.0181,105,1975719639,won,2.21,1
11:00:27,JD100,1781262023,,4.221,DIGITOVER,5,0.4201,0.0195,104,1975721019,lost,-1.0,1
11:00:34,JD100,1781262031,,4.224,DIGITOVER,6,0.3177,0.0181,103,1975730319,lost,-1.0,1
11:00:41,JD100,1781262038,,4.228,DIGITOVER,6,0.3177,0.0181,107,1975738999,lost,-1.0,1
11:00:44,JD100,1781262041,,4.231,DIGITOVER,6,0.3177,0.0181,101,1975742299,won,2.21,1
11:00:46,JD100,1781262042,,4.230,DIGITOVER,5,0.4201,0.0195,102,1975743439,lost,-1.0,1
11:00:52,JD100,1781262049,,4.231,DIGITUNDER,4,0.4201,0.0195,102,1975750779,won,1.43,1
11:00:57,JD100,1781262054,,4.227,DIGITOVER,5,0.4201,0.0195,133,1975755619,won,1.43,1
11:01:00,JD100,1781262057,,4.221,DIGITUNDER,4,0.4201,0.0195,240,1975759199,won,1.43,1
11:01:06,JD100,1781262063,,4.213,DIGITOVER,6,0.3177,0.0181,182,1975766759,lost,-1.0,1
11:01:08,JD100,1781262065,,4.213,DIGITUNDER,4,0.4201,0.0195,110,1975769239,lost,-1.0,1
11:01:10,JD100,1781262067,,4.212,DIGITOVER,5,0.4201,0.0195,113,1975771219,won,1.43,1
11:01:12,JD100,1781262068,,4.212,DIGITOVER,5,0.4201,0.0195,117,1975772219,lost,-1.0,1
11:01:16,JD100,1781262073,,4.218,DIGITOVER,6,0.3177,0.0181,100,1975778579,lost,-1.0,1
11:01:18,JD100,1781262075,,4.218,DIGITOVER,5,0.4201,0.0195,116,1975781479,won,1.43,1
11:01:20,JD100,1781262078,,4.220,DIGITOVER,5,0.4201,0.0195,113,1975790539,lost,-1.0,1
11:01:24,JD100,1781262081,,4.220,DIGITOVER,5,0.4201,0.0195,115,1975793879,lost,-1.0,1
11:01:27,JD100,1781262084,,4.222,DIGITOVER,5,0.4201,0.0195,99,1975797339,lost,-1.0,1
11:01:30,JD100,1781262087,,4.220,DIGITUNDER,4,0.4201,0.0195,112,1975802019,won,1.43,1
11:01:33,JD100,1781262090,,4.220,DIGITOVER,5,0.4201,0.0195,94,1975805419,lost,-1.0,1
11:01:36,JD100,1781262093,,4.222,DIGITOVER,6,0.3177,0.0181,124,1975808779,lost,-1.0,1
11:01:44,JD100,1781262101,,4.203,DIGITOVER,6,0.3177,0.0181,112,1975817559,won,2.21,1
11:01:46,JD100,1781262102,,4.203,DIGITOVER,6,0.3177,0.0181,102,1975818719,lost,-1.0,1
11:01:54,JD100,1781262111,,4.194,DIGITOVER,6,0.3177,0.0181,102,1975829319,lost,-1.0,1
11:01:56,JD100,1781262113,,4.194,DIGITOVER,5,0.4201,0.0195,103,1975831259,won,1.43,1
11:01:58,JD100,1781262114,,4.193,DIGITOVER,6,0.3177,0.0181,99,1975832299,won,2.21,1
11:02:00,JD100,1781262115,,4.198,DIGITOVER,6,0.3177,0.0181,101,1975833559,lost,-1.0,1
11:02:02,JD100,1781262118,,4.190,DIGITOVER,6,0.3177,0.0181,101,1975836479,won,2.21,1
11:02:04,JD100,1781262120,,4.189,DIGITUNDER,4,0.4201,0.0195,118,1975838639,lost,-1.0,1
11:02:06,JD100,1781262122,,4.190,DIGITUNDER,4,0.4201,0.0195,138,1975841419,lost,-1.0,1
11:02:08,JD100,1781262125,,4.190,DIGITOVER,5,0.4201,0.0195,108,1975844899,won,1.43,1
11:02:10,JD100,1781262126,,4.190,DIGITOVER,6,0.3177,0.0181,103,1975845759,lost,-1.0,1
11:02:12,JD100,1781262130,,4.191,DIGITUNDER,4,0.4201,0.0195,132,1975850239,lost,-1.0,1
11:02:14,JD100,1781262131,,4.192,DIGITOVER,5,0.4201,0.0195,99,1975851319,won,1.43,1
11:02:17,JD100,1781262132,,4.197,DIGITOVER,5,0.4201,0.0195,141,1975852279,won,1.43,1
11:02:19,JD100,1781262135,,4.201,DIGITUNDER,4,0.4201,0.0195,93,1975855779,lost,-1.0,1
11:02:31,JD100,1781262148,,4.204,DIGITOVER,6,0.3177,0.0181,98,1975871579,won,2.21,1
11:02:39,JD100,1781262156,,4.206,DIGITUNDER,4,0.4201,0.0195,99,1975880179,lost,-1.0,1
11:02:41,JD100,1781262158,,4.209,DIGITOVER,5,0.4201,0.0195,105,1975882059,won,1.43,1
11:02:43,JD100,1781262160,,4.204,DIGITOVER,6,0.3177,0.0181,133,1975884619,lost,-1.0,1
11:02:49,JD100,1781262166,,4.211,DIGITOVER,5,0.4201,0.0195,103,1975890719,lost,-1.0,1
11:02:51,JD100,1781262168,,4.209,DIGITOVER,6,0.3177,0.0181,103,1975892579,lost,-1.0,1
11:02:53,JD100,1781262169,,4.211,DIGITUNDER,4,0.4201,0.0195,94,1975893839,lost,-1.0,1
11:03:00,JD100,1781262177,,4.217,DIGITOVER,6,0.3177,0.0181,93,1975901999,lost,-1.0,1
11:03:04,JD100,1781262181,,4.218,DIGITOVER,6,0.3177,0.0181,148,1975906419,lost,-1.0,1
11:03:06,JD100,1781262183,,4.219,DIGITOVER,5,0.4201,0.0195,129,1975909119,lost,-1.0,1
11:03:12,JD100,1781262189,,4.211,DIGITUNDER,4,0.4201,0.0195,96,1975914859,lost,-1.0,1
11:03:14,JD100,1781262191,,4.203,DIGITOVER,5,0.4201,0.0195,104,1975916939,lost,-1.0,1
11:03:19,JD100,1781262196,,4.207,DIGITUNDER,4,0.4201,0.0195,103,1975921639,lost,-1.0,1
11:03:21,JD100,1781262197,,4.209,DIGITOVER,5,0.4201,0.0195,113,1975922839,won,1.43,1
11:03:23,JD100,1781262200,,4.209,DIGITUNDER,4,0.4201,0.0195,125,1975926219,lost,-1.0,1
11:03:25,JD100,1781262202,,4.213,DIGITOVER,5,0.4201,0.0195,108,1975928119,lost,-1.0,1
11:03:33,JD100,1781262210,,4.212,DIGITOVER,5,0.4201,0.0195,111,1975939379,lost,-1.0,1
11:03:35,JD100,1781262211,,4.211,DIGITUNDER,4,0.4201,0.0195,126,1975940579,won,1.43,1
11:03:37,JD100,1781262213,,4.209,DIGITUNDER,4,0.4201,0.0195,109,1975942539,lost,-1.0,1
11:03:39,JD100,1781262215,,4.209,DIGITOVER,5,0.4201,0.0195,101,1975944179,lost,-1.0,1
11:03:43,JD100,1781262220,,4.211,DIGITUNDER,4,0.4201,0.0195,139,1975949319,lost,-1.0,1
11:03:45,JD100,1781262221,,4.211,DIGITOVER,6,0.3177,0.0181,116,1975950499,lost,-1.0,1
11:03:47,JD100,1781262223,,4.214,DIGITOVER,6,0.3177,0.0181,112,1975952959,won,2.21,1
11:03:49,JD100,1781262224,,4.214,DIGITOVER,6,0.3177,0.0181,103,1975953739,lost,-1.0,1
11:03:51,JD100,1781262225,,4.217,DIGITUNDER,4,0.4201,0.0195,118,1975955039,won,1.43,1
11:03:54,JD100,1781262231,,4.209,DIGITOVER,6,0.3177,0.0181,107,1975961679,lost,-1.0,1
11:03:57,JD100,1781262234,,4.207,DIGITOVER,6,0.3177,0.0181,108,1975965099,lost,-1.0,1
11:04:05,JD100,1781262242,,4.207,DIGITOVER,5,0.4201,0.0195,96,1975974419,won,1.43,1
11:04:07,JD100,1781262243,,4.206,DIGITOVER,6,0.3177,0.0181,113,1975975739,won,2.21,1
11:04:09,JD100,1781262246,,4.208,DIGITOVER,5,0.4201,0.0195,95,1975978619,lost,-1.0,1
11:04:11,JD100,1781262247,,4.208,DIGITUNDER,4,0.4201,0.0195,104,1975980219,won,1.43,1
11:04:13,JD100,1781262248,,4.208,DIGITUNDER,4,0.4201,0.0195,100,1975981779,lost,-1.0,1
11:04:15,JD100,1781262249,,4.210,DIGITOVER,5,0.4201,0.0195,107,1975983339,lost,-1.0,1
11:04:17,JD100,1781262253,,4.210,DIGITUNDER,4,0.4201,0.0195,133,1975987939,lost,-1.0,1
11:04:19,JD100,1781262254,,4.211,DIGITOVER,5,0.4201,0.0195,99,1975989119,won,1.43,1
11:04:21,JD100,1781262256,,4.217,DIGITUNDER,4,0.4201,0.0195,94,1975990879,lost,-1.0,1
11:04:23,JD100,1781262257,,4.218,DIGITOVER,6,0.3177,0.0181,115,1975992099,lost,-1.0,1
11:04:25,JD100,1781262258,,4.219,DIGITUNDER,4,0.4201,0.0195,136,1975993319,lost,-1.0,1
11:04:28,JD100,1781262259,,4.220,DIGITOVER,5,0.4201,0.0195,97,1975994499,lost,-1.0,1
11:04:30,JD100,1781262262,,4.216,DIGITUNDER,4,0.4201,0.0195,112,1975997099,won,1.43,1
11:04:32,JD100,1781262265,,4.218,DIGITOVER,5,0.4201,0.0195,93,1976000819,won,1.43,1
11:04:34,JD100,1781262268,,4.216,DIGITOVER,6,0.3177,0.0181,98,1976003879,lost,-1.0,1
11:04:36,JD100,1781262271,,4.215,DIGITOVER,5,0.4201,0.0195,99,1976007199,lost,-1.0,1
11:04:38,JD100,1781262272,,4.216,DIGITUNDER,4,0.4201,0.0195,105,1976008379,lost,-1.0,1
11:04:40,JD100,1781262273,,4.216,DIGITOVER,5,0.4201,0.0195,112,1976009539,lost,-1.0,1
11:04:42,JD100,1781262277,,4.221,DIGITOVER,6,0.3177,0.0181,108,1976013419,lost,-1.0,1
11:04:44,JD100,1781262279,,4.221,DIGITUNDER,4,0.4201,0.0195,97,1976015719,lost,-1.0,1
11:04:46,JD100,1781262281,,4.225,DIGITOVER,6,0.3177,0.0181,108,1976017879,lost,-1.0,1
11:04:48,JD100,1781262282,,4.225,DIGITUNDER,4,0.4201,0.0195,113,1976018919,lost,-1.0,1
11:04:50,JD100,1781262288,,4.225,DIGITOVER,5,0.4201,0.0195,94,1976026599,lost,-1.0,1
11:04:52,JD100,1781262289,,4.226,DIGITUNDER,4,0.4201,0.0195,93,1976027999,won,1.43,1
11:04:58,JD100,1781262295,,4.224,DIGITUNDER,4,0.4201,0.0195,94,1976034959,lost,-1.0,1
11:05:01,JD100,1781262298,,4.225,DIGITOVER,5,0.4201,0.0195,114,1976038279,won,1.43,1
11:05:03,JD100,1781262299,,4.221,DIGITOVER,6,0.3177,0.0181,100,1976039439,lost,-1.0,1
11:05:05,JD100,1781262300,,4.221,DIGITUNDER,4,0.4201,0.0195,100,1976040659,won,1.43,1
11:05:08,JD100,1781262305,,4.229,DIGITOVER,6,0.3177,0.0181,104,1976046839,won,2.21,1
11:05:10,JD100,1781262306,,4.229,DIGITOVER,5,0.4201,0.0195,94,1976047659,lost,-1.0,1
11:05:14,JD100,1781262311,,4.232,DIGITOVER,6,0.3177,0.0181,119,1976052519,won,2.21,1
11:05:29,JD100,1781262326,,4.223,DIGITOVER,6,0.3177,0.0181,167,1976070339,won,2.21,1
11:05:31,JD100,1781262327,,4.223,DIGITOVER,6,0.3177,0.0181,96,1976071719,won,2.21,1
11:05:37,JD100,1781262334,,4.223,DIGITUNDER,4,0.4201,0.0195,133,1976078939,lost,-1.0,1
11:05:41,JD100,1781262338,,4.228,DIGITUNDER,4,0.4201,0.0195,113,1976083259,lost,-1.0,1
11:05:43,JD100,1781262340,,4.227,DIGITOVER,5,0.4201,0.0195,121,1976085539,lost,-1.0,1
11:05:48,JD100,1781262345,,4.227,DIGITOVER,5,0.4201,0.0195,105,1976091619,won,1.43,1
11:05:50,JD100,1781262346,,4.227,DIGITOVER,5,0.4201,0.0195,98,1976092879,lost,-1.0,1
11:05:57,JD100,1781262354,,4.225,DIGITOVER,6,0.3177,0.0181,107,1976101219,won,2.21,1
11:05:59,JD100,1781262355,,4.230,DIGITOVER,6,0.3177,0.0181,112,1976102559,lost,-1.0,1
11:06:03,JD100,1781262360,,4.228,DIGITOVER,6,0.3177,0.0181,95,1976107959,lost,-1.0,1
11:06:05,JD100,1781262362,,4.229,DIGITUNDER,4,0.4201,0.0195,537,1976111939,lost,-1.0,1
11:06:07,JD100,1781262364,,4.231,DIGITUNDER,4,0.4201,0.0195,100,1976113539,lost,-1.0,1
11:06:09,JD100,1781262365,,4.232,DIGITOVER,6,0.3177,0.0181,99,1976114919,lost,-1.0,1
11:06:12,JD100,1781262366,,4.235,DIGITUNDER,4,0.4201,0.0195,104,1976115879,lost,-1.0,1
11:06:14,JD100,1781262367,,4.233,DIGITOVER,6,0.3177,0.0181,104,1976117079,won,2.21,1
11:06:16,JD100,1781262368,,4.232,DIGITOVER,6,0.3177,0.0181,96,1976118379,lost,-1.0,1
11:06:18,JD100,1781262369,,4.233,DIGITUNDER,4,0.4201,0.0195,112,1976119579,won,1.43,1
11:06:20,JD100,1781262373,,4.235,DIGITOVER,6,0.3177,0.0181,103,1976124639,won,2.21,1
11:06:22,JD100,1781262374,,4.233,DIGITOVER,5,0.4201,0.0195,112,1976125719,won,1.43,1
11:06:24,JD100,1781262375,,4.233,DIGITOVER,6,0.3177,0.0181,124,1976127279,lost,-1.0,1
11:06:26,JD100,1781262378,,4.235,DIGITUNDER,4,0.4201,0.0195,121,1976130259,won,1.43,1
11:06:28,JD100,1781262379,,4.235,DIGITUNDER,4,0.4201,0.0195,96,1976131519,won,1.43,1
11:06:30,JD100,1781262380,,4.235,DIGITUNDER,4,0.4201,0.0195,179,1976132459,lost,-1.0,1
11:06:32,JD100,1781262381,,4.234,DIGITOVER,5,0.4201,0.0195,114,1976133859,lost,-1.0,1
11:06:35,JD100,1781262383,,4.238,DIGITOVER,5,0.4201,0.0195,109,1976136099,lost,-1.0,1
11:06:37,JD100,1781262388,,4.233,DIGITOVER,6,0.3177,0.0181,116,1976145579,lost,-1.0,1
11:06:39,JD100,1781262390,,4.233,DIGITOVER,6,0.3177,0.0181,114,1976148059,lost,-1.0,1
11:06:41,JD100,1781262391,,4.233,DIGITUNDER,4,0.4201,0.0195,118,1976149579,lost,-1.0,1
11:06:43,JD100,1781262394,,4.235,DIGITOVER,5,0.4201,0.0195,119,1976152559,won,1.43,1
11:06:45,JD100,1781262395,,4.235,DIGITOVER,6,0.3177,0.0181,105,1976153919,won,2.21,1
11:06:47,JD100,1781262396,,4.234,DIGITOVER,5,0.4201,0.0195,104,1976154799,lost,-1.0,1
11:06:49,JD100,1781262400,,4.234,DIGITOVER,6,0.3177,0.0181,164,1976159659,lost,-1.0,1
11:06:51,JD100,1781262408,,4.228,DIGITOVER,5,0.4201,0.0195,133,1976169259,won,1.43,1
11:06:53,JD100,1781262410,,4.227,DIGITOVER,6,0.3177,0.0181,257,1976171939,won,2.21,1
11:07:13,JD100,1781262430,,4.226,DIGITOVER,6,0.3177,0.0181,156,1976195319,lost,-1.0,1
11:07:15,JD100,1781262432,,4.215,DIGITUNDER,4,0.4201,0.0195,134,1976197419,lost,-1.0,1
11:07:17,JD100,1781262433,,4.215,DIGITOVER,6,0.3177,0.0181,93,1976198819,lost,-1.0,1
11:07:19,JD100,1781262436,,4.218,DIGITOVER,6,0.3177,0.0181,103,1976201639,lost,-1.0,1
11:07:22,JD100,1781262439,,4.230,DIGITOVER,5,0.4201,0.0195,122,1976207559,won,1.43,1
11:07:24,JD100,1781262440,,4.227,DIGITOVER,5,0.4201,0.0195,122,1976209019,lost,-1.0,1
11:07:30,JD100,1781262447,,4.225,DIGITUNDER,4,0.4201,0.0195,97,1976217179,won,1.43,1
11:07:32,JD100,1781262449,,4.226,DIGITOVER,5,0.4201,0.0195,97,1976219199,lost,-1.0,1
11:07:34,JD100,1781262451,,4.228,DIGITOVER,5,0.4201,0.0195,107,1976222099,lost,-1.0,1
11:07:38,JD100,1781262455,,4.228,DIGITOVER,5,0.4201,0.0195,129,1976227499,lost,-1.0,1
11:07:40,JD100,1781262456,,4.229,DIGITUNDER,4,0.4201,0.0195,105,1976228539,won,1.43,1
11:07:44,JD100,1781262462,,4.217,DIGITOVER,5,0.4201,0.0195,330,1976235519,won,1.43,1
11:07:46,JD100,1781262463,,4.217,DIGITOVER,5,0.4201,0.0195,118,1976236699,lost,-1.0,1
11:07:51,JD100,1781262468,,4.220,DIGITOVER,6,0.3177,0.0181,123,1976241739,won,2.21,1
11:07:55,JD100,1781262472,,4.220,DIGITUNDER,4,0.4201,0.0195,107,1976248099,lost,-1.0,1
11:07:58,JD100,1781262475,,4.221,DIGITUNDER,4,0.4201,0.0195,113,1976251699,lost,-1.0,1
11:08:01,JD100,1781262478,,4.221,DIGITOVER,6,0.3177,0.0181,126,1976254659,lost,-1.0,1
11:08:03,JD100,1781262480,,4.226,DIGITUNDER,4,0.4201,0.0195,96,1976257639,won,1.43,1
11:08:07,JD100,1781262484,,4.217,DIGITOVER,5,0.4201,0.0195,93,1976262939,won,1.43,1
11:08:09,JD100,1781262485,,4.215,DIGITOVER,5,0.4201,0.0195,103,1976264479,lost,-1.0,1
11:08:11,JD100,1781262488,,4.216,DIGITUNDER,4,0.4201,0.0195,95,1976267059,won,1.43,1
11:08:14,JD100,1781262491,,4.214,DIGITOVER,6,0.3177,0.0181,89,1976270279,lost,-1.0,1
11:08:22,JD100,1781262499,,4.218,DIGITOVER,6,0.3177,0.0181,101,1976278639,lost,-1.0,1
11:08:29,JD100,1781262506,,4.226,DIGITUNDER,4,0.4201,0.0195,104,1976285859,lost,-1.0,1
11:08:32,JD100,1781262509,,4.222,DIGITOVER,5,0.4201,0.0195,102,1976289319,lost,-1.0,1
11:08:34,JD100,1781262511,,4.227,DIGITUNDER,4,0.4201,0.0195,138,1976291539,won,1.43,1
11:08:37,JD100,1781262514,,4.236,DIGITOVER,5,0.4201,0.0195,137,1976296219,lost,-1.0,1
11:08:40,JD100,1781262517,,4.236,DIGITUNDER,4,0.4201,0.0195,102,1976300399,lost,-1.0,1
11:08:42,JD100,1781262518,,4.236,DIGITOVER,6,0.3177,0.0181,103,1976301479,lost,-1.0,1
11:08:44,JD100,1781262520,,4.228,DIGITUNDER,4,0.4201,0.0195,127,1976303519,won,1.43,1
11:08:49,JD100,1781262526,,4.230,DIGITUNDER,4,0.4201,0.0195,120,1976309859,lost,-1.0,1
11:08:51,JD100,1781262528,,4.229,DIGITOVER,6,0.3177,0.0181,160,1976311859,won,2.21,1
11:08:53,JD100,1781262529,,4.229,DIGITOVER,6,0.3177,0.0181,106,1976313259,won,2.21,1
11:08:55,JD100,1781262530,,4.224,DIGITOVER,5,0.4201,0.0195,156,1976314179,lost,-1.0,1
11:08:57,JD100,1781262533,,4.232,DIGITUNDER,4,0.4201,0.0195,93,1976317199,lost,-1.0,1
11:08:59,JD100,1781262534,,4.233,DIGITOVER,5,0.4201,0.0195,111,1976318019,lost,-1.0,1
11:09:01,JD100,1781262536,,4.233,DIGITOVER,6,0.3177,0.0181,137,1976319979,won,2.21,1
11:09:03,JD100,1781262537,,4.234,DIGITOVER,5,0.4201,0.0195,106,1976321019,won,1.43,1
11:09:05,JD100,1781262541,,4.232,DIGITOVER,6,0.3177,0.0181,149,1976326079,lost,-1.0,1
11:09:08,JD100,1781262545,,4.229,DIGITOVER,5,0.4201,0.0195,127,1976330739,lost,-1.0,1
11:09:12,JD100,1781262549,,4.231,DIGITUNDER,4,0.4201,0.0195,118,1976334859,lost,-1.0,1
11:09:16,JD100,1781262553,,4.229,DIGITUNDER,4,0.4201,0.0195,138,1976339239,lost,-1.0,1
11:09:20,JD100,1781262557,,4.231,DIGITOVER,6,0.3177,0.0181,99,1976343339,won,2.21,1
11:09:23,JD100,1781262558,,4.227,DIGITOVER,5,0.4201,0.0195,107,1976344439,lost,-1.0,1
11:09:29,JD100,1781262566,,4.225,DIGITOVER,5,0.4201,0.0195,93,1976358059,lost,-1.0,1
11:09:34,JD100,1781262571,,4.221,DIGITOVER,5,0.4201,0.0195,112,1976364039,won,1.43,1
11:09:36,JD100,1781262572,,4.219,DIGITOVER,5,0.4201,0.0195,114,1976364919,won,1.43,1
11:09:38,JD100,1781262573,,4.219,DIGITOVER,5,0.4201,0.0195,112,1976366419,won,1.43,1
11:09:42,JD100,1781262579,,4.220,DIGITUNDER,4,0.4201,0.0195,100,1976373519,won,1.43,1
11:09:46,JD100,1781262583,,4.224,DIGITOVER,6,0.3177,0.0181,94,1976378759,won,2.21,1
11:09:48,JD100,1781262584,,4.223,DIGITOVER,5,0.4201,0.0195,102,1976380039,won,1.43,1
11:09:50,JD100,1781262585,,4.223,DIGITOVER,5,0.4201,0.0195,118,1976381259,lost,-1.0,1
11:09:52,JD100,1781262587,,4.224,DIGITOVER,6,0.3177,0.0181,97,1976383299,lost,-1.0,1
11:09:59,JD100,1781262596,,4.221,DIGITUNDER,4,0.4201,0.0195,90,1976394199,lost,-1.0,1
11:10:02,JD100,1781262599,,4.220,DIGITOVER,6,0.3177,0.0181,119,1976397999,won,2.21,1
11:10:04,JD100,1781262601,,4.225,DIGITOVER,5,0.4201,0.0195,145,1976400679,lost,-1.0,1
11:10:06,JD100,1781262603,,4.221,DIGITUNDER,4,0.4201,0.0195,124,1976403059,lost,-1.0,1
11:10:08,JD100,1781262605,,4.222,DIGITOVER,5,0.4201,0.0195,109,1976405459,lost,-1.0,1
11:10:14,JD100,1781262611,,4.237,DIGITOVER,6,0.3177,0.0181,102,1976412419,lost,-1.0,1
11:10:17,JD100,1781262614,,4.236,DIGITOVER,6,0.3177,0.0181,369,1976415999,lost,-1.0,1
11:10:19,JD100,1781262615,,4.235,DIGITUNDER,4,0.4201,0.0195,113,1976416959,won,1.43,1
11:10:21,JD100,1781262616,,4.235,DIGITUNDER,4,0.4201,0.0195,112,1976417779,lost,-1.0,1
11:10:23,JD100,1781262617,,4.228,DIGITOVER,5,0.4201,0.0195,119,1976418839,lost,-1.0,1
11:10:25,JD100,1781262619,,4.225,DIGITOVER,5,0.4201,0.0195,119,1976421299,won,1.43,1
11:10:27,JD100,1781262620,,4.222,DIGITOVER,5,0.4201,0.0195,190,1976423639,won,1.43,1
11:10:29,JD100,1781262621,,4.218,DIGITOVER,6,0.3177,0.0181,114,1976424919,lost,-1.0,1
11:10:31,JD100,1781262623,,4.218,DIGITOVER,6,0.3177,0.0181,98,1976427399,won,2.21,1
11:10:33,JD100,1781262624,,4.218,DIGITOVER,5,0.4201,0.0195,113,1976428279,lost,-1.0,1
11:10:35,JD100,1781262626,,4.218,DIGITUNDER,4,0.4201,0.0195,114,1976431199,won,1.43,1
11:10:39,JD100,1781262636,,4.219,DIGITOVER,6,0.3177,0.0181,96,1976441699,lost,-1.0,1
11:10:41,JD100,1781262637,,4.219,DIGITUNDER,4,0.4201,0.0195,952,1976446379,won,1.43,2
11:10:46,JD100,1781262643,,4.217,DIGITOVER,5,0.4201,0.0195,103,1976451979,lost,-1.0,1
11:10:54,JD100,1781262651,,4.218,DIGITOVER,6,0.3177,0.0181,96,1976459639,lost,-1.0,1
11:10:58,JD100,1781262655,,4.215,DIGITUNDER,4,0.4201,0.0195,102,1976463599,lost,-1.0,1
11:11:03,JD100,1781262660,,4.206,DIGITOVER,6,0.3177,0.0181,121,1976469659,lost,-1.0,1
11:11:09,JD100,1781262666,,4.204,DIGITUNDER,4,0.4201,0.0195,99,1976477119,won,1.43,1
11:11:13,JD100,1781262670,,4.205,DIGITOVER,6,0.3177,0.0181,124,1976481479,lost,-1.0,1
11:11:16,JD100,1781262673,,4.213,DIGITUNDER,4,0.4201,0.0195,102,1976485039,won,1.43,1
11:11:18,JD100,1781262674,,4.209,DIGITUNDER,4,0.4201,0.0195,107,1976485919,lost,-1.0,1
11:11:20,JD100,1781262677,,4.205,DIGITUNDER,4,0.4201,0.0195,109,1976490139,won,1.43,1
11:11:22,JD100,1781262678,,4.203,DIGITUNDER,4,0.4201,0.0195,139,1976491059,lost,-1.0,1
11:11:24,JD100,1781262679,,4.197,DIGITOVER,6,0.3177,0.0181,101,1976493099,lost,-1.0,1
11:11:26,JD100,1781262683,,4.212,DIGITUNDER,4,0.4201,0.0195,108,1976497299,lost,-1.0,1
11:11:28,JD100,1781262685,,4.208,DIGITOVER,5,0.4201,0.0195,112,1976499679,lost,-1.0,1
11:11:32,JD100,1781262689,,4.213,DIGITOVER,5,0.4201,0.0195,104,1976503839,lost,-1.0,1
11:11:36,JD100,1781262693,,4.218,DIGITUNDER,4,0.4201,0.0195,116,1976508859,lost,-1.0,1
11:11:40,JD100,1781262697,,4.219,DIGITOVER,5,0.4201,0.0195,112,1976514359,won,1.43,1
11:11:42,JD100,1781262698,,4.224,DIGITOVER,6,0.3177,0.0181,108,1976515179,lost,-1.0,1
11:11:48,JD100,1781262705,,4.228,DIGITOVER,6,0.3177,0.0181,107,1976523119,won,2.21,1
11:11:50,JD100,1781262706,,4.226,DIGITOVER,5,0.4201,0.0195,108,1976523999,lost,-1.0,1
11:11:54,JD100,1781262711,,4.224,DIGITOVER,5,0.4201,0.0195,108,1976529959,won,1.43,1
11:11:56,JD100,1781262712,,4.224,DIGITOVER,5,0.4201,0.0195,103,1976530899,lost,-1.0,1
11:11:58,JD100,1781262714,,4.227,DIGITOVER,5,0.4201,0.0195,91,1976533039,lost,-1.0,1
11:12:01,JD100,1781262718,,4.222,DIGITOVER,5,0.4201,0.0195,108,1976538059,won,1.43,1
11:12:03,JD100,1781262720,,4.224,DIGITUNDER,4,0.4201,0.0195,105,1976540479,lost,-1.0,1
11:12:10,JD100,1781262727,,4.229,DIGITOVER,6,0.3177,0.0181,123,1976549099,lost,-1.0,1
11:12:12,JD100,1781262728,,4.229,DIGITUNDER,4,0.4201,0.0195,135,1976550619,lost,-1.0,1
11:12:14,JD100,1781262729,,4.229,DIGITOVER,6,0.3177,0.0181,112,1976551899,lost,-1.0,1
11:12:19,JD100,1781262736,,4.234,DIGITOVER,5,0.4201,0.0195,110,1976559899,lost,-1.0,1
11:12:25,JD100,1781262742,,4.249,DIGITOVER,6,0.3177,0.0181,128,1976569019,lost,-1.0,1
11:12:35,JD100,1781262752,,4.237,DIGITOVER,6,0.3177,0.0181,107,1976581899,won,2.21,1
11:12:37,JD100,1781262754,,4.236,DIGITOVER,6,0.3177,0.0181,100,1976584439,won,2.21,1
11:12:45,JD100,1781262762,,4.236,DIGITOVER,6,0.3177,0.0181,122,1976595119,lost,-1.0,1
11:12:52,JD100,1781262769,,4.248,DIGITOVER,6,0.3177,0.0181,102,1976604639,lost,-1.0,1
11:13:00,JD100,1781262777,,4.249,DIGITOVER,6,0.3177,0.0181,106,1976614819,lost,-1.0,1
11:13:02,JD100,1781262779,,4.240,DIGITOVER,6,0.3177,0.0181,99,1976616979,won,2.21,1
11:13:04,JD100,1781262780,,4.240,DIGITOVER,6,0.3177,0.0181,122,1976618179,lost,-1.0,1
11:13:06,JD100,1781262782,,4.239,DIGITOVER,5,0.4201,0.0195,301,1976621039,won,1.43,1
11:13:08,JD100,1781262785,,4.236,DIGITUNDER,4,0.4201,0.0195,124,1976624919,lost,-1.0,1
11:13:10,JD100,1781262786,,4.236,DIGITOVER,5,0.4201,0.0195,114,1976625899,lost,-1.0,1
11:13:12,JD100,1781262787,,4.236,DIGITUNDER,4,0.4201,0.0195,106,1976627459,won,1.43,1
11:13:14,JD100,1781262788,,4.235,DIGITUNDER,4,0.4201,0.0195,108,1976628939,won,1.43,1
11:13:16,JD100,1781262791,,4.231,DIGITUNDER,4,0.4201,0.0195,113,1976632219,lost,-1.0,1
11:13:19,JD100,1781262796,,4.217,DIGITUNDER,4,0.4201,0.0195,118,1976638479,lost,-1.0,1
11:13:21,JD100,1781262798,,4.218,DIGITOVER,6,0.3177,0.0181,100,1976640819,lost,-1.0,1
11:13:26,JD100,1781262803,,4.228,DIGITUNDER,4,0.4201,0.0195,119,1976647399,won,1.43,1
11:13:30,JD100,1781262807,,4.222,DIGITOVER,6,0.3177,0.0181,98,1976652319,lost,-1.0,1
11:13:34,JD100,1781262812,,4.223,DIGITUNDER,4,0.4201,0.0195,290,1976658359,lost,-1.0,1
11:13:41,JD100,1781262818,,4.215,DIGITOVER,5,0.4201,0.0195,99,1976665699,won,1.43,1
11:13:43,JD100,1781262819,,4.214,DIGITOVER,6,0.3177,0.0181,114,1976667079,lost,-1.0,1
11:13:45,JD100,1781262821,,4.213,DIGITUNDER,4,0.4201,0.0195,117,1976669519,lost,-1.0,1
11:13:49,JD100,1781262826,,4.216,DIGITUNDER,4,0.4201,0.0195,110,1976675859,lost,-1.0,1
11:13:51,JD100,1781262828,,4.220,DIGITOVER,5,0.4201,0.0195,107,1976678359,lost,-1.0,1
11:13:57,JD100,1781262834,,4.224,DIGITOVER,5,0.4201,0.0195,121,1976685859,lost,-1.0,1
11:13:59,JD100,1781262836,,4.223,DIGITUNDER,4,0.4201,0.0195,102,1976688699,lost,-1.0,1
11:14:01,JD100,1781262837,,4.223,DIGITOVER,6,0.3177,0.0181,98,1976690059,lost,-1.0,1
11:14:03,JD100,1781262839,,4.220,DIGITOVER,5,0.4201,0.0195,101,1976692179,won,1.43,1
11:14:05,JD100,1781262841,,4.224,DIGITOVER,6,0.3177,0.0181,136,1976694999,lost,-1.0,1
11:14:09,JD100,1781262846,,4.228,DIGITOVER,5,0.4201,0.0195,109,1976700959,won,1.43,1
11:14:14,JD100,1781262851,,4.230,DIGITOVER,5,0.4201,0.0195,111,1976707039,won,1.43,1
11:14:16,JD100,1781262852,,4.224,DIGITOVER,6,0.3177,0.0181,93,1976708699,lost,-1.0,1
11:14:18,JD100,1781262855,,4.221,DIGITUNDER,4,0.4201,0.0195,104,1976712499,lost,-1.0,1
11:14:20,JD100,1781262857,,4.216,DIGITOVER,5,0.4201,0.0195,98,1976715019,lost,-1.0,1
11:14:26,JD100,1781262863,,4.220,DIGITOVER,6,0.3177,0.0181,113,1976721879,lost,-1.0,1
11:14:33,JD100,1781262870,,4.223,DIGITOVER,5,0.4201,0.0195,93,1976731279,won,1.43,1
11:14:35,JD100,1781262871,,4.223,DIGITOVER,5,0.4201,0.0195,106,1976732539,lost,-1.0,1
11:14:37,JD100,1781262873,,4.223,DIGITUNDER,4,0.4201,0.0195,114,1976734619,lost,-1.0,1
11:14:41,JD100,1781262878,,4.221,DIGITOVER,6,0.3177,0.0181,124,1976740339,lost,-1.0,1
11:14:48,JD100,1781262885,,4.224,DIGITOVER,5,0.4201,0.0195,144,1976748019,lost,-1.0,1
11:14:53,JD100,1781262890,,4.225,DIGITUNDER,4,0.4201,0.0195,116,1976753859,lost,-1.0,1
11:14:59,JD100,1781262896,,4.232,DIGITOVER,5,0.4201,0.0195,108,1976760279,lost,-1.0,1
11:15:04,JD100,1781262901,,4.231,DIGITUNDER,4,0.4201,0.0195,126,1976767379,won,1.43,1
11:15:06,JD100,1781262903,,4.230,DIGITUNDER,4,0.4201,0.0195,169,1976769779,won,1.43,1
11:15:08,JD100,1781262904,,4.229,DIGITUNDER,4,0.4201,0.0195,150,1976770619,won,1.43,1
11:15:10,JD100,1781262905,,4.226,DIGITUNDER,4,0.4201,0.0195,106,1976771859,lost,-1.0,1
11:15:12,JD100,1781262909,,4.228,DIGITUNDER,4,0.4201,0.0195,120,1976776399,lost,-1.0,1
11:15:14,JD100,1781262911,,4.227,DIGITUNDER,4,0.4201,0.0195,121,1976778339,lost,-1.0,1
11:15:20,JD100,1781262917,,4.227,DIGITOVER,6,0.3177,0.0181,111,1976785119,lost,-1.0,1
11:15:22,JD100,1781262919,,4.229,DIGITOVER,5,0.4201,0.0195,107,1976787439,won,1.43,1
11:15:24,JD100,1781262920,,4.228,DIGITOVER,5,0.4201,0.0195,177,1976788419,lost,-1.0,1
11:15:26,JD100,1781262922,,4.234,DIGITUNDER,4,0.4201,0.0195,88,1976790479,lost,-1.0,1
11:15:28,JD100,1781262924,,4.243,DIGITUNDER,4,0.4201,0.0195,95,1976792799,lost,-1.0,1
11:15:30,JD100,1781262925,,4.243,DIGITOVER,5,0.4201,0.0195,137,1976794159,lost,-1.0,1
11:15:32,JD100,1781262928,,4.244,DIGITOVER,6,0.3177,0.0181,108,1976797759,lost,-1.0,1
11:15:34,JD100,1781262932,,4.245,DIGITUNDER,4,0.4201,0.0195,114,1976802779,won,1.43,1
11:15:42,JD100,1781262939,,4.246,DIGITOVER,5,0.4201,0.0195,111,1976811899,lost,-1.0,1
11:15:44,JD100,1781262941,,4.246,DIGITUNDER,4,0.4201,0.0195,105,1976814299,lost,-1.0,1
11:15:48,JD100,1781262945,,4.243,DIGITOVER,5,0.4201,0.0195,147,1976818379,lost,-1.0,1
11:15:50,JD100,1781262946,,4.244,DIGITUNDER,4,0.4201,0.0195,116,1976820039,lost,-1.0,1
11:15:52,JD100,1781262947,,4.244,DIGITOVER,6,0.3177,0.0181,140,1976821319,won,2.21,1
11:15:54,JD100,1781262948,,4.244,DIGITOVER,6,0.3177,0.0181,94,1976822499,lost,-1.0,1
11:15:57,JD100,1781262954,,4.243,DIGITUNDER,4,0.4201,0.0195,102,1976830799,won,1.43,1
11:16:01,JD100,1781262958,,4.242,DIGITOVER,6,0.3177,0.0181,112,1976834959,won,2.21,1
11:16:03,JD100,1781262959,,4.240,DIGITOVER,5,0.4201,0.0195,111,1976837259,lost,-1.0,1
11:16:11,JD100,1781262968,,4.228,DIGITOVER,5,0.4201,0.0195,125,1976847959,won,1.43,1
11:16:17,JD100,1781262974,,4.214,DIGITOVER,6,0.3177,0.0181,116,1976854439,lost,-1.0,1
11:16:19,JD100,1781262976,,4.213,DIGITOVER,5,0.4201,0.0195,109,1976856699,lost,-1.0,1
11:16:22,JD100,1781262979,,4.214,DIGITOVER,6,0.3177,0.0181,95,1976861199,won,2.21,1
11:16:24,JD100,1781262980,,4.214,DIGITOVER,5,0.4201,0.0195,119,1976862059,won,1.43,1
11:16:28,JD100,1781262985,,4.208,DIGITOVER,5,0.4201,0.0195,98,1976868559,won,1.43,1
11:16:30,JD100,1781262986,,4.206,DIGITOVER,6,0.3177,0.0181,92,1976869459,lost,-1.0,1
11:16:32,JD100,1781262989,,4.206,DIGITUNDER,4,0.4201,0.0195,118,1976873299,lost,-1.0,1
11:16:34,JD100,1781262991,,4.210,DIGITUNDER,4,0.4201,0.0195,122,1976876019,lost,-1.0,1
11:16:36,JD100,1781262992,,4.213,DIGITOVER,6,0.3177,0.0181,108,1976877139,lost,-1.0,1
11:16:39,JD100,1781262996,,4.216,DIGITUNDER,4,0.4201,0.0195,147,1976881919,lost,-1.0,1
11:16:41,JD100,1781262998,,4.220,DIGITUNDER,4,0.4201,0.0195,101,1976884539,lost,-1.0,1
11:16:43,JD100,1781262999,,4.216,DIGITOVER,5,0.4201,0.0195,111,1976885879,won,1.43,1
11:16:45,JD100,1781263001,,4.216,DIGITUNDER,4,0.4201,0.0195,125,1976888019,lost,-1.0,1
11:16:47,JD100,1781263004,,4.219,DIGITUNDER,4,0.4201,0.0195,108,1976891539,won,1.43,1
11:16:49,JD100,1781263006,,4.218,DIGITOVER,6,0.3177,0.0181,101,1976893759,lost,-1.0,1
11:17:12,JD100,1781263029,,4.208,DIGITUNDER,4,0.4201,0.0195,120,1976922879,lost,-1.0,1
11:17:16,JD100,1781263033,,4.209,DIGITOVER,5,0.4201,0.0195,117,1976927379,lost,-1.0,1
11:17:18,JD100,1781263034,,4.209,DIGITUNDER,4,0.4201,0.0195,120,1976928199,won,1.43,1
11:17:21,JD100,1781263038,,4.207,DIGITOVER,6,0.3177,0.0181,137,1976933259,lost,-1.0,1
11:17:23,JD100,1781263040,,4.211,DIGITUNDER,4,0.4201,0.0195,169,1976935899,lost,-1.0,1
11:17:26,JD100,1781263043,,4.212,DIGITOVER,5,0.4201,0.0195,117,1976939039,won,1.43,1
11:17:30,JD100,1781263047,,4.217,DIGITOVER,5,0.4201,0.0195,109,1976943839,won,1.43,1
11:17:32,JD100,1781263048,,4.216,DIGITOVER,5,0.4201,0.0195,115,1976945119,lost,-1.0,1
11:17:34,JD100,1781263050,,4.217,DIGITUNDER,4,0.4201,0.0195,120,1976947099,won,1.43,1
11:17:36,JD100,1781263052,,4.215,DIGITOVER,5,0.4201,0.0195,133,1976949439,won,1.43,1
11:17:38,JD100,1781263054,,4.214,DIGITUNDER,4,0.4201,0.0195,128,1976951579,lost,-1.0,1
11:17:40,JD100,1781263056,,4.215,DIGITOVER,6,0.3177,0.0181,108,1976954019,lost,-1.0,1
11:17:46,JD100,1781263063,,4.222,DIGITOVER,6,0.3177,0.0181,119,1976961599,lost,-1.0,1
11:17:49,JD100,1781263066,,4.225,DIGITOVER,6,0.3177,0.0181,109,1976965139,lost,-1.0,1
11:17:51,JD100,1781263068,,4.228,DIGITOVER,5,0.4201,0.0195,103,1976967439,won,1.43,1
11:17:53,JD100,1781263069,,4.228,DIGITOVER,5,0.4201,0.0195,116,1976968759,lost,-1.0,1
11:18:00,JD100,1781263077,,4.224,DIGITOVER,6,0.3177,0.0181,95,1976979499,lost,-1.0,1
11:18:09,JD100,1781263086,,4.220,DIGITUNDER,4,0.4201,0.0195,135,1976991479,lost,-1.0,1
11:18:12,JD100,1781263089,,4.224,DIGITUNDER,4,0.4201,0.0195,115,1976995139,won,1.43,1
11:18:14,JD100,1781263091,,4.233,DIGITOVER,5,0.4201,0.0195,123,1976997679,won,1.43,1
11:18:16,JD100,1781263092,,4.232,DIGITOVER,6,0.3177,0.0181,97,1976998339,won,2.21,1
11:18:18,JD100,1781263093,,4.231,DIGITOVER,6,0.3177,0.0181,103,1976999759,lost,-1.0,1
11:18:30,JD100,1781263107,,4.214,DIGITOVER,6,0.3177,0.0181,119,1977015239,won,2.21,1
11:18:32,JD100,1781263109,,4.214,DIGITUNDER,4,0.4201,0.0195,107,1977017399,won,1.43,1
11:18:35,JD100,1781263112,,4.214,DIGITOVER,5,0.4201,0.0195,100,1977021279,won,1.43,1
11:18:37,JD100,1781263114,,4.208,DIGITOVER,5,0.4201,0.0195,117,1977023519,lost,-1.0,1
11:18:40,JD100,1781263117,,4.210,DIGITUNDER,4,0.4201,0.0195,102,1977026959,lost,-1.0,1
11:18:42,JD100,1781263118,,4.209,DIGITOVER,6,0.3177,0.0181,115,1977028019,lost,-1.0,1
11:18:44,JD100,1781263121,,4.205,DIGITUNDER,4,0.4201,0.0195,111,1977031759,lost,-1.0,1
11:18:46,JD100,1781263122,,4.204,DIGITOVER,6,0.3177,0.0181,129,1977032759,lost,-1.0,1
11:18:48,JD100,1781263123,,4.204,DIGITUNDER,4,0.4201,0.0195,102,1977033939,won,1.43,1
11:18:50,JD100,1781263125,,4.205,DIGITUNDER,4,0.4201,0.0195,99,1977036679,won,1.43,1
11:18:52,JD100,1781263128,,4.198,DIGITOVER,6,0.3177,0.0181,117,1977039479,won,2.21,1
11:18:54,JD100,1781263129,,4.198,DIGITOVER,5,0.4201,0.0195,104,1977040899,lost,-1.0,1
11:18:56,JD100,1781263133,,4.204,DIGITUNDER,4,0.4201,0.0195,134,1977046619,won,1.43,1
11:19:01,JD100,1781263138,,4.204,DIGITOVER,5,0.4201,0.0195,124,1977051779,lost,-1.0,1
11:19:03,JD100,1781263139,,4.206,DIGITUNDER,4,0.4201,0.0195,119,1977053019,lost,-1.0,1
11:19:05,JD100,1781263142,,4.203,DIGITUNDER,4,0.4201,0.0195,128,1977057799,lost,-1.0,1
11:19:07,JD100,1781263143,,4.206,DIGITOVER,6,0.3177,0.0181,307,1977059619,lost,-1.0,1
11:19:09,JD100,1781263144,,4.206,DIGITUNDER,4,0.4201,0.0195,117,1977060919,lost,-1.0,1
11:19:11,JD100,1781263149,,4.206,DIGITUNDER,4,0.4201,0.0195,129,1977066039,lost,-1.0,1
11:19:13,JD100,1781263150,,4.207,DIGITOVER,5,0.4201,0.0195,110,1977066819,lost,-1.0,1
11:19:15,JD100,1781263152,,4.207,DIGITUNDER,4,0.4201,0.0195,101,1977068999,lost,-1.0,1
11:19:22,JD100,1781263159,,4.206,DIGITUNDER,4,0.4201,0.0195,116,1977077359,lost,-1.0,1
11:19:27,JD100,1781263164,,4.204,DIGITUNDER,4,0.4201,0.0195,106,1977082079,won,1.43,1
11:19:29,JD100,1781263166,,4.201,DIGITUNDER,4,0.4201,0.0195,103,1977084279,lost,-1.0,1
11:19:33,JD100,1781263170,,4.196,DIGITUNDER,4,0.4201,0.0195,116,1977088259,won,1.43,1
11:19:35,JD100,1781263171,,4.196,DIGITUNDER,4,0.4201,0.0195,103,1977089299,lost,-1.0,1
11:19:37,JD100,1781263172,,4.197,DIGITOVER,6,0.3177,0.0181,108,1977090019,lost,-1.0,1
11:19:39,JD100,1781263174,,4.198,DIGITUNDER,4,0.4201,0.0195,123,1977093119,won,1.43,1
11:19:41,JD100,1781263175,,4.191,DIGITUNDER,4,0.4201,0.0195,109,1977094899,won,1.43,1
11:19:43,JD100,1781263177,,4.193,DIGITUNDER,4,0.4201,0.0195,104,1977097179,won,1.43,1
11:19:45,JD100,1781263178,,4.192,DIGITUNDER,4,0.4201,0.0195,108,1977097879,lost,-1.0,1
11:19:47,JD100,1781263180,,4.194,DIGITUNDER,4,0.4201,0.0195,129,1977100099,lost,-1.0,1
11:19:49,JD100,1781263183,,4.194,DIGITOVER,6,0.3177,0.0181,96,1977103699,lost,-1.0,1
11:19:51,JD100,1781263186,,4.196,DIGITUNDER,4,0.4201,0.0195,173,1977106659,lost,-1.0,1
11:19:55,JD100,1781263192,,4.197,DIGITOVER,6,0.3177,0.0181,97,1977114039,lost,-1.0,1
11:19:57,JD100,1781263193,,4.200,DIGITUNDER,4,0.4201,0.0195,134,1977115499,lost,-1.0,1
11:19:59,JD100,1781263194,,4.200,DIGITOVER,6,0.3177,0.0181,88,1977116319,lost,-1.0,1
11:20:01,JD100,1781263197,,4.196,DIGITUNDER,4,0.4201,0.0195,102,1977120419,lost,-1.0,1
11:20:03,JD100,1781263199,,4.196,DIGITOVER,5,0.4201,0.0195,109,1977122139,lost,-1.0,1
11:20:05,JD100,1781263200,,4.197,DIGITUNDER,4,0.4201,0.0195,124,1977123339,won,1.43,1
11:20:07,JD100,1781263201,,4.196,DIGITUNDER,4,0.4201,0.0195,148,1977124979,lost,-1.0,1
11:20:09,JD100,1781263205,,4.191,DIGITOVER,5,0.4201,0.0195,120,1977129359,won,1.43,1
11:20:12,JD100,1781263209,,4.196,DIGITOVER,5,0.4201,0.0195,105,1977133519,won,1.43,1
11:20:14,JD100,1781263210,,4.197,DIGITOVER,6,0.3177,0.0181,187,1977134339,lost,-1.0,1
11:20:16,JD100,1781263213,,4.194,DIGITOVER,5,0.4201,0.0195,103,1977137819,lost,-1.0,1
11:20:25,JD100,1781263222,,4.196,DIGITOVER,5,0.4201,0.0195,123,1977147139,lost,-1.0,1
11:20:27,JD100,1781263223,,4.196,DIGITUNDER,4,0.4201,0.0195,98,1977148199,lost,-1.0,1
11:20:32,JD100,1781263229,,4.189,DIGITOVER,5,0.4201,0.0195,103,1977154859,lost,-1.0,1
11:20:38,JD100,1781263235,,4.193,DIGITUNDER,4,0.4201,0.0195,109,1977162319,won,1.43,1
11:20:42,JD100,1781263239,,4.190,DIGITOVER,6,0.3177,0.0181,94,1977167259,lost,-1.0,1
11:20:46,JD100,1781263243,,4.190,DIGITOVER,6,0.3177,0.0181,124,1977171599,won,2.21,1
11:20:48,JD100,1781263244,,4.189,DIGITOVER,5,0.4201,0.0195,98,1977172639,lost,-1.0,1
11:20:50,JD100,1781263245,,4.189,DIGITUNDER,4,0.4201,0.0195,104,1977174319,lost,-1.0,1
11:20:53,JD100,1781263250,,4.195,DIGITUNDER,4,0.4201,0.0195,115,1977179619,lost,-1.0,1
11:20:55,JD100,1781263251,,4.195,DIGITOVER,5,0.4201,0.0195,110,1977181179,won,1.43,1
11:21:00,JD100,1781263257,,4.197,DIGITUNDER,4,0.4201,0.0195,111,1977187479,won,1.43,1
11:21:02,JD100,1781263258,,4.197,DIGITUNDER,4,0.4201,0.0195,136,1977188479,lost,-1.0,1
11:21:04,JD100,1781263259,,4.197,DIGITOVER,5,0.4201,0.0195,122,1977189899,lost,-1.0,1
11:21:06,JD100,1781263260,,4.190,DIGITUNDER,4,0.4201,0.0195,113,1977191059,lost,-1.0,1
11:21:08,JD100,1781263263,,4.195,DIGITOVER,5,0.4201,0.0195,146,1977195319,won,1.43,1
11:21:10,JD100,1781263265,,4.192,DIGITUNDER,4,0.4201,0.0195,98,1977197979,won,1.43,1
11:21:12,JD100,1781263266,,4.192,DIGITUNDER,4,0.4201,0.0195,155,1977199099,won,1.43,1
11:21:14,JD100,1781263268,,4.190,DIGITOVER,6,0.3177,0.0181,132,1977201219,lost,-1.0,1
11:21:16,JD100,1781263269,,4.193,DIGITUNDER,4,0.4201,0.0195,119,1977202439,lost,-1.0,1
11:21:18,JD100,1781263270,,4.193,DIGITOVER,5,0.4201,0.0195,142,1977203719,lost,-1.0,1
11:21:21,JD100,1781263275,,4.194,DIGITOVER,5,0.4201,0.0195,152,1977209639,won,1.43,1
11:21:23,JD100,1781263278,,4.194,DIGITOVER,6,0.3177,0.0181,122,1977214799,lost,-1.0,1
11:21:28,JD100,1781263285,,4.191,DIGITOVER,5,0.4201,0.0195,92,1977222919,lost,-1.0,1
11:21:33,JD100,1781263290,,4.198,DIGITOVER,5,0.4201,0.0195,128,1977228259,lost,-1.0,1
11:21:37,JD100,1781263294,,4.205,DIGITOVER,5,0.4201,0.0195,99,1977232539,lost,-1.0,1
11:21:39,JD100,1781263296,,4.204,DIGITOVER,6,0.3177,0.0181,113,1977234779,lost,-1.0,1
11:21:42,JD100,1781263299,,4.204,DIGITUNDER,4,0.4201,0.0195,92,1977238479,lost,-1.0,1
11:21:45,JD100,1781263302,,4.207,DIGITUNDER,4,0.4201,0.0195,142,1977241599,won,1.43,1
11:21:47,JD100,1781263304,,4.206,DIGITOVER,5,0.4201,0.0195,101,1977244099,lost,-1.0,1
11:21:51,JD100,1781263309,,4.205,DIGITOVER,6,0.3177,0.0181,125,1977250439,lost,-1.0,1
11:22:00,JD100,1781263317,,4.208,DIGITOVER,5,0.4201,0.0195,113,1977260919,won,1.43,1
11:22:02,JD100,1781263318,,4.207,DIGITOVER,5,0.4201,0.0195,121,1977262219,lost,-1.0,1
11:22:04,JD100,1781263320,,4.208,DIGITUNDER,4,0.4201,0.0195,112,1977264079,won,1.43,1
11:22:08,JD100,1781263325,,4.209,DIGITUNDER,4,0.4201,0.0195,120,1977271499,lost,-1.0,1
11:22:10,JD100,1781263326,,4.207,DIGITOVER,5,0.4201,0.0195,106,1977272359,won,1.43,1
11:22:12,JD100,1781263327,,4.203,DIGITOVER,5,0.4201,0.0195,92,1977273519,won,1.43,1
11:22:14,JD100,1781263328,,4.203,DIGITOVER,6,0.3177,0.0181,96,1977274619,lost,-1.0,1
11:22:16,JD100,1781263332,,4.203,DIGITOVER,5,0.4201,0.0195,130,1977279339,won,1.43,1
11:22:18,JD100,1781263333,,4.210,DIGITOVER,5,0.4201,0.0195,98,1977280799,lost,-1.0,1
11:22:20,JD100,1781263335,,4.209,DIGITOVER,6,0.3177,0.0181,171,1977283119,lost,-1.0,1
11:22:22,JD100,1781263337,,4.208,DIGITOVER,5,0.4201,0.0195,117,1977285519,lost,-1.0,1
11:22:24,JD100,1781263338,,4.208,DIGITUNDER,4,0.4201,0.0195,109,1977286959,lost,-1.0,1
11:22:27,JD100,1781263344,,4.210,DIGITUNDER,4,0.4201,0.0195,99,1977294019,lost,-1.0,1
11:22:29,JD100,1781263347,,4.211,DIGITOVER,5,0.4201,0.0195,117,1977297779,lost,-1.0,1
11:22:37,JD100,1781263354,,4.184,DIGITUNDER,4,0.4201,0.0195,100,1977308819,lost,-1.0,1
11:22:39,JD100,1781263355,,4.188,DIGITOVER,6,0.3177,0.0181,121,1977310299,lost,-1.0,1
11:22:41,JD100,1781263356,,4.185,DIGITUNDER,4,0.4201,0.0195,121,1977311339,won,1.43,1
11:22:43,JD100,1781263360,,4.193,DIGITOVER,6,0.3177,0.0181,107,1977317259,won,2.21,1
11:22:45,JD100,1781263361,,4.193,DIGITOVER,5,0.4201,0.0195,319,1977318519,lost,-1.0,1
11:22:47,JD100,1781263362,,4.194,DIGITUNDER,4,0.4201,0.0195,125,1977319239,won,1.43,1
11:22:51,JD100,1781263369,,4.198,DIGITOVER,5,0.4201,0.0195,121,1977328219,won,1.43,1
11:22:53,JD100,1781263370,,4.198,DIGITOVER,5,0.4201,0.0195,181,1977329199,won,1.43,1
11:23:02,JD100,1781263379,,4.199,DIGITOVER,5,0.4201,0.0195,107,1977339019,won,1.43,1
11:23:04,JD100,1781263380,,4.199,DIGITOVER,6,0.3177,0.0181,131,1977340519,lost,-1.0,1
11:23:08,JD100,1781263385,,4.212,DIGITOVER,6,0.3177,0.0181,111,1977348859,won,2.21,1
11:23:10,JD100,1781263386,,4.212,DIGITOVER,6,0.3177,0.0181,110,1977349979,won,2.21,1
11:23:12,JD100,1781263387,,4.218,DIGITOVER,6,0.3177,0.0181,128,1977351219,lost,-1.0,1
11:23:15,JD100,1781263392,,4.219,DIGITOVER,6,0.3177,0.0181,159,1977357799,lost,-1.0,1
11:23:20,JD100,1781263397,,4.220,DIGITOVER,6,0.3177,0.0181,131,1977366039,lost,-1.0,1
11:23:37,JD100,1781263414,,4.209,DIGITOVER,5,0.4201,0.0195,95,1977386719,lost,-1.0,1
11:23:40,JD100,1781263417,,4.211,DIGITOVER,5,0.4201,0.0195,112,1977390139,won,1.43,1
11:23:42,JD100,1781263418,,4.210,DIGITOVER,6,0.3177,0.0181,94,1977391219,lost,-1.0,1
11:23:44,JD100,1781263421,,4.212,DIGITOVER,5,0.4201,0.0195,117,1977394739,lost,-1.0,1
11:23:46,JD100,1781263422,,4.214,DIGITUNDER,4,0.4201,0.0195,114,1977395919,lost,-1.0,1
11:23:48,JD100,1781263425,,4.208,DIGITUNDER,4,0.4201,0.0195,129,1977400099,won,1.43,1
11:23:57,JD100,1781263434,,4.200,DIGITOVER,5,0.4201,0.0195,119,1977411959,lost,-1.0,1
11:24:01,JD100,1781263438,,4.194,DIGITUNDER,4,0.4201,0.0195,124,1977417219,lost,-1.0,1
11:24:03,JD100,1781263440,,4.195,DIGITOVER,5,0.4201,0.0195,124,1977419779,won,1.43,1
11:24:08,JD100,1781263445,,4.191,DIGITOVER,6,0.3177,0.0181,105,1977426659,won,2.21,1
11:24:11,JD100,1781263448,,4.189,DIGITOVER,6,0.3177,0.0181,124,1977430999,lost,-1.0,1
11:24:16,JD100,1781263453,,4.185,DIGITUNDER,4,0.4201,0.0195,110,1977438379,lost,-1.0,1
11:24:18,JD100,1781263455,,4.187,DIGITOVER,5,0.4201,0.0195,119,1977440939,lost,-1.0,1
11:24:21,JD100,1781263458,,4.190,DIGITUNDER,4,0.4201,0.0195,106,1977444679,won,1.43,1
11:24:23,JD100,1781263461,,4.193,DIGITOVER,6,0.3177,0.0181,146,1977449099,lost,-1.0,1
11:24:28,JD100,1781263465,,4.194,DIGITUNDER,4,0.4201,0.0195,112,1977454219,won,1.43,1
11:24:39,JD100,1781263476,,4.173,DIGITUNDER,4,0.4201,0.0195,116,1977467859,lost,-1.0,1
11:24:45,JD100,1781263482,,4.175,DIGITUNDER,4,0.4201,0.0195,100,1977475219,lost,-1.0,1
11:24:47,JD100,1781263484,,4.174,DIGITOVER,5,0.4201,0.0195,99,1977477819,lost,-1.0,1
11:24:53,JD100,1781263490,,4.178,DIGITUNDER,4,0.4201,0.0195,180,1977485959,lost,-1.0,1
11:24:56,JD100,1781263494,,4.172,DIGITOVER,6,0.3177,0.0181,122,1977491119,won,2.21,1
11:24:58,JD100,1781263495,,4.171,DIGITOVER,5,0.4201,0.0195,211,1977492719,won,1.43,1
11:25:00,JD100,1781263496,,4.171,DIGITOVER,6,0.3177,0.0181,94,1977493979,won,2.21,1
11:25:02,JD100,1781263499,,4.170,DIGITOVER,6,0.3177,0.0181,114,1977499399,won,2.21,1
11:25:04,JD100,1781263500,,4.168,DIGITOVER,5,0.4201,0.0195,103,1977500659,won,1.43,1
11:25:06,JD100,1781263501,,4.168,DIGITOVER,5,0.4201,0.0195,565,1977502639,lost,-1.0,1
11:25:08,JD100,1781263503,,4.168,DIGITUNDER,4,0.4201,0.0195,129,1977505279,lost,-1.0,1
11:25:10,JD100,1781263504,,4.168,DIGITOVER,5,0.4201,0.0195,109,1977506859,lost,-1.0,1
11:25:12,JD100,1781263508,,4.168,DIGITOVER,6,0.3177,0.0181,116,1977514779,lost,-1.0,1
11:25:16,JD100,1781263513,,4.163,DIGITOVER,5,0.4201,0.0195,109,1977522879,lost,-1.0,1
11:25:18,JD100,1781263515,,4.161,DIGITUNDER,4,0.4201,0.0195,100,1977526639,lost,-1.0,1
11:25:21,JD100,1781263518,,4.163,DIGITOVER,6,0.3177,0.0181,135,1977530299,won,2.21,1
11:25:23,JD100,1781263519,,4.163,DIGITOVER,5,0.4201,0.0195,112,1977531659,lost,-1.0,1
11:25:39,JD100,1781263537,,4.180,DIGITOVER,5,0.4201,0.0195,110,1977554799,won,1.43,1
11:25:43,JD100,1781263541,,4.181,DIGITOVER,5,0.4201,0.0195,127,1977559799,lost,-1.0,1
11:25:48,JD100,1781263545,,4.179,DIGITOVER,5,0.4201,0.0195,116,1977564379,lost,-1.0,1
11:25:51,JD100,1781263548,,4.177,DIGITOVER,6,0.3177,0.0181,111,1977568739,lost,-1.0,1
11:25:53,JD100,1781263549,,4.177,DIGITUNDER,4,0.4201,0.0195,101,1977570399,lost,-1.0,1
11:25:55,JD100,1781263550,,4.177,DIGITOVER,6,0.3177,0.0181,109,1977571719,lost,-1.0,1
11:25:57,JD100,1781263551,,4.177,DIGITUNDER,4,0.4201,0.0195,135,1977574099,lost,-1.0,1
11:25:59,JD100,1781263552,,4.180,DIGITOVER,6,0.3177,0.0181,99,1977574939,lost,-1.0,1
11:26:01,JD100,1781263554,,4.181,DIGITOVER,6,0.3177,0.0181,101,1977577399,lost,-1.0,1
11:26:03,JD100,1781263561,,4.183,DIGITOVER,6,0.3177,0.0181,216,1977588319,lost,-1.0,1
11:26:10,JD100,1781263567,,4.181,DIGITUNDER,4,0.4201,0.0195,112,1977598499,lost,-1.0,1
11:26:12,JD100,1781263568,,4.181,DIGITOVER,5,0.4201,0.0195,120,1977599519,won,1.43,1
11:26:14,JD100,1781263569,,4.181,DIGITOVER,5,0.4201,0.0195,105,1977600939,won,1.43,1
11:26:22,JD100,1781263579,,4.181,DIGITOVER,6,0.3177,0.0181,157,1977615899,won,2.21,1
11:26:24,JD100,1781263580,,4.181,DIGITOVER,6,0.3177,0.0181,158,1977616979,won,2.21,1
11:26:26,JD100,1781263581,,4.181,DIGITOVER,5,0.4201,0.0195,92,1977618059,lost,-1.0,1
11:26:37,JD100,1781263594,,4.181,DIGITUNDER,4,0.4201,0.0195,123,1977633519,won,1.43,1
11:26:40,JD100,1781263597,,4.181,DIGITOVER,5,0.4201,0.0195,93,1977636799,lost,-1.0,1
11:26:43,JD100,1781263600,,4.186,DIGITOVER,6,0.3177,0.0181,149,1977640679,lost,-1.0,1
11:26:46,JD100,1781263603,,4.184,DIGITOVER,5,0.4201,0.0195,103,1977644779,lost,-1.0,1
11:26:51,JD100,1781263608,,4.185,DIGITOVER,5,0.4201,0.0195,99,1977650559,lost,-1.0,1
11:27:04,JD100,1781263621,,4.192,DIGITOVER,6,0.3177,0.0181,156,1977665959,lost,-1.0,1
11:27:07,JD100,1781263624,,4.190,DIGITOVER,5,0.4201,0.0195,113,1977669839,lost,-1.0,1
11:27:09,JD100,1781263626,,4.194,DIGITOVER,5,0.4201,0.0195,131,1977672119,lost,-1.0,1
11:27:14,JD100,1781263631,,4.205,DIGITOVER,5,0.4201,0.0195,109,1977678179,lost,-1.0,1
11:27:18,JD100,1781263635,,4.203,DIGITUNDER,4,0.4201,0.0195,118,1977683439,lost,-1.0,1
11:27:21,JD100,1781263638,,4.207,DIGITOVER,5,0.4201,0.0195,93,1977687439,won,1.43,1
11:27:26,JD100,1781263643,,4.200,DIGITOVER,6,0.3177,0.0181,116,1977693199,lost,-1.0,1
11:27:33,JD100,1781263651,,4.198,DIGITOVER,5,0.4201,0.0195,102,1977705939,won,1.43,1
11:27:35,JD100,1781263652,,4.205,DIGITOVER,5,0.4201,0.0195,104,1977706939,won,1.43,1
11:27:39,JD100,1781263656,,4.201,DIGITOVER,6,0.3177,0.0181,107,1977712039,lost,-1.0,1
11:27:43,JD100,1781263660,,4.198,DIGITOVER,5,0.4201,0.0195,88,1977716859,lost,-1.0,1
11:27:45,JD100,1781263662,,4.197,DIGITOVER,6,0.3177,0.0181,119,1977719719,won,2.21,1
11:27:47,JD100,1781263663,,4.197,DIGITOVER,6,0.3177,0.0181,147,1977720899,won,2.21,1
11:27:49,JD100,1781263664,,4.195,DIGITOVER,5,0.4201,0.0195,116,1977721799,lost,-1.0,1
11:27:51,JD100,1781263667,,4.193,DIGITOVER,6,0.3177,0.0181,110,1977725399,lost,-1.0,1
11:27:53,JD100,1781263669,,4.185,DIGITUNDER,4,0.4201,0.0195,111,1977728499,won,1.43,1
11:27:55,JD100,1781263671,,4.192,DIGITOVER,5,0.4201,0.0195,101,1977730899,won,1.43,1
11:27:57,JD100,1781263672,,4.192,DIGITOVER,6,0.3177,0.0181,113,1977733199,won,2.21,1
11:27:59,JD100,1781263673,,4.191,DIGITOVER,5,0.4201,0.0195,110,1977734299,won,1.43,1
11:28:01,JD100,1781263674,,4.190,DIGITOVER,5,0.4201,0.0195,122,1977735499,lost,-1.0,1
11:28:03,JD100,1781263677,,4.191,DIGITOVER,5,0.4201,0.0195,120,1977739699,lost,-1.0,1
11:28:09,JD100,1781263686,,4.207,DIGITOVER,6,0.3177,0.0181,103,1977751359,won,2.21,1
11:28:11,JD100,1781263687,,4.207,DIGITOVER,6,0.3177,0.0181,124,1977752599,lost,-1.0,1
11:28:13,JD100,1781263688,,4.208,DIGITUNDER,4,0.4201,0.0195,111,1977753659,won,1.43,1
11:28:15,JD100,1781263691,,4.210,DIGITUNDER,4,0.4201,0.0195,118,1977757459,won,1.43,1
11:28:17,JD100,1781263694,,4.209,DIGITOVER,6,0.3177,0.0181,113,1977760899,lost,-1.0,1
11:28:19,JD100,1781263696,,4.210,DIGITOVER,5,0.4201,0.0195,110,1977763619,lost,-1.0,1
11:28:24,JD100,1781263701,,4.209,DIGITUNDER,4,0.4201,0.0195,119,1977769299,lost,-1.0,1
11:28:26,JD100,1781263703,,4.213,DIGITUNDER,4,0.4201,0.0195,100,1977771839,won,1.43,1
11:28:28,JD100,1781263704,,4.213,DIGITUNDER,4,0.4201,0.0195,108,1977772559,lost,-1.0,1
11:28:30,JD100,1781263705,,4.214,DIGITOVER,5,0.4201,0.0195,102,1977773939,won,1.43,1
11:28:32,JD100,1781263706,,4.214,DIGITOVER,5,0.4201,0.0195,141,1977775179,lost,-1.0,1
11:28:34,JD100,1781263709,,4.216,DIGITOVER,6,0.3177,0.0181,108,1977778619,won,2.21,1
11:28:36,JD100,1781263710,,4.216,DIGITOVER,5,0.4201,0.0195,121,1977779419,won,1.43,1
11:28:38,JD100,1781263712,,4.216,DIGITUNDER,4,0.4201,0.0195,126,1977781519,lost,-1.0,1
11:28:40,JD100,1781263714,,4.218,DIGITOVER,5,0.4201,0.0195,121,1977783619,won,1.43,1
11:28:42,JD100,1781263715,,4.213,DIGITOVER,6,0.3177,0.0181,115,1977784859,won,2.21,1
11:28:44,JD100,1781263716,,4.218,DIGITOVER,5,0.4201,0.0195,255,1977785739,lost,-1.0,1
11:28:47,JD100,1781263722,,4.228,DIGITOVER,6,0.3177,0.0181,119,1977794759,lost,-1.0,1
11:28:49,JD100,1781263724,,4.221,DIGITOVER,6,0.3177,0.0181,140,1977797159,lost,-1.0,1
11:28:51,JD100,1781263729,,4.249,DIGITOVER,5,0.4201,0.0195,108,1977803879,lost,-1.0,1
11:28:55,JD100,1781263732,,4.244,DIGITUNDER,4,0.4201,0.0195,100,1977807679,won,1.43,1
11:28:57,JD100,1781263734,,4.245,DIGITOVER,6,0.3177,0.0181,113,1977809599,lost,-1.0,1
11:29:01,JD100,1781263738,,4.248,DIGITUNDER,4,0.4201,0.0195,108,1977815359,won,1.43,1
11:29:04,JD100,1781263742,,4.250,DIGITOVER,5,0.4201,0.0195,130,1977820439,lost,-1.0,1
11:29:11,JD100,1781263748,,4.247,DIGITOVER,5,0.4201,0.0195,124,1977826779,won,1.43,1
11:29:42,JD100,1781263779,,4.247,DIGITOVER,6,0.3177,0.0181,104,1977864239,lost,-1.0,1
11:29:46,JD100,1781263783,,4.246,DIGITOVER,6,0.3177,0.0181,128,1977868939,lost,-1.0,1
11:29:51,JD100,1781263788,,4.247,DIGITUNDER,4,0.4201,0.0195,92,1977874459,lost,-1.0,1
11:29:53,JD100,1781263789,,4.246,DIGITOVER,5,0.4201,0.0195,131,1977875679,lost,-1.0,1
11:30:01,JD100,1781263798,,4.242,DIGITOVER,5,0.4201,0.0195,110,1977887219,lost,-1.0,1
11:30:03,JD100,1781263799,,4.242,DIGITUNDER,4,0.4201,0.0195,96,1977889039,lost,-1.0,1
11:30:06,JD100,1781263804,,4.239,DIGITOVER,5,0.4201,0.0195,147,1977895919,lost,-1.0,1
11:30:08,JD100,1781263806,,4.243,DIGITOVER,5,0.4201,0.0195,118,1977897839,lost,-1.0,1
11:30:18,JD100,1781263815,,4.234,DIGITOVER,5,0.4201,0.0195,103,1977909699,won,1.43,1
11:30:22,JD100,1781263819,,4.236,DIGITUNDER,4,0.4201,0.0195,121,1977914039,lost,-1.0,1
11:30:24,JD100,1781263820,,4.235,DIGITOVER,5,0.4201,0.0195,143,1977914819,lost,-1.0,1
11:30:26,JD100,1781263821,,4.235,DIGITUNDER,4,0.4201,0.0195,106,1977916119,lost,-1.0,1
11:30:31,JD100,1781263828,,4.238,DIGITOVER,5,0.4201,0.0195,304,1977924859,won,1.43,1
11:30:34,JD100,1781263831,,4.241,DIGITOVER,6,0.3177,0.0181,102,1977928399,won,2.21,1
11:30:36,JD100,1781263832,,4.240,DIGITOVER,5,0.4201,0.0195,135,1977929459,lost,-1.0,1
11:30:38,JD100,1781263834,,4.239,DIGITOVER,5,0.4201,0.0195,109,1977931859,lost,-1.0,1
11:30:40,JD100,1781263837,,4.242,DIGITUNDER,4,0.4201,0.0195,108,1977936339,won,1.43,1
11:30:46,JD100,1781263843,,4.249,DIGITUNDER,4,0.4201,0.0195,98,1977943939,lost,-1.0,1
11:30:52,JD100,1781263849,,4.248,DIGITUNDER,4,0.4201,0.0195,100,1977950559,lost,-1.0,1
11:42:25,JD100,1781264539,,4.247,DIGITOVER,5,0.4201,0.0195,2324,1978758799,lost,-1.0,3
11:42:27,JD100,1781264542,,4.244,DIGITUNDER,4,0.4201,0.0195,163,1978760319,won,1.43,1
11:42:29,JD100,1781264545,,4.245,DIGITOVER,6,0.3177,0.0181,109,1978765239,lost,-1.0,1
11:42:34,JD100,1781264551,,4.248,DIGITOVER,6,0.3177,0.0181,131,1978772079,won,2.21,1
11:42:36,JD100,1781264552,,4.248,DIGITOVER,5,0.4201,0.0195,163,1978773199,lost,-1.0,1
11:42:43,JD100,1781264560,,4.249,DIGITOVER,6,0.3177,0.0181,151,1978784219,won,2.21,1
11:42:45,JD100,1781264561,,4.249,DIGITOVER,5,0.4201,0.0195,126,1978785579,won,1.43,1
11:42:47,JD100,1781264564,,4.250,DIGITOVER,5,0.4201,0.0195,164,1978789279,lost,-1.0,1
11:42:49,JD100,1781264566,,4.243,DIGITUNDER,4,0.4201,0.0195,133,1978791419,won,1.43,1
11:42:52,JD100,1781264569,,4.235,DIGITOVER,5,0.4201,0.0195,126,1978794839,won,1.43,1
11:42:58,JD100,1781264575,,4.230,DIGITOVER,6,0.3177,0.0181,128,1978802719,lost,-1.0,1
11:43:00,JD100,1781264577,,4.234,DIGITUNDER,4,0.4201,0.0195,128,1978806779,won,1.43,1
11:43:07,JD100,1781264584,,4.243,DIGITUNDER,4,0.4201,0.0195,126,1978815839,won,1.43,1
11:43:09,JD100,1781264585,,4.249,DIGITUNDER,4,0.4201,0.0195,120,1978817079,won,1.43,1
11:43:24,JD100,1781264602,,4.247,DIGITOVER,5,0.4201,0.0195,93,1978837819,won,1.43,1
11:43:26,JD100,1781264603,,4.246,DIGITOVER,5,0.4201,0.0195,110,1978838999,won,1.43,1
11:43:28,JD100,1781264604,,4.246,DIGITOVER,5,0.4201,0.0195,123,1978840119,won,1.43,1
11:43:30,JD100,1781264606,,4.246,DIGITOVER,6,0.3177,0.0181,137,1978842619,won,2.21,1
11:43:32,JD100,1781264607,,4.245,DIGITOVER,6,0.3177,0.0181,115,1978843859,lost,-1.0,1
11:43:34,JD100,1781264610,,4.245,DIGITUNDER,4,0.4201,0.0195,183,1978847039,lost,-1.0,1
11:43:39,JD100,1781264616,,4.240,DIGITOVER,5,0.4201,0.0195,133,1978853579,won,1.43,1
11:43:43,JD100,1781264620,,4.239,DIGITUNDER,4,0.4201,0.0195,154,1978857859,won,1.43,1
11:43:48,JD100,1781264625,,4.241,DIGITOVER,6,0.3177,0.0181,123,1978863739,won,2.21,1
11:43:52,JD100,1781264629,,4.241,DIGITOVER,6,0.3177,0.0181,117,1978867959,lost,-1.0,1
11:43:59,JD100,1781264637,,4.243,DIGITOVER,5,0.4201,0.0195,106,1978877759,won,1.43,1
11:44:01,JD100,1781264638,,4.243,DIGITOVER,6,0.3177,0.0181,154,1978878719,lost,-1.0,1
11:44:13,JD100,1781264650,,4.245,DIGITOVER,6,0.3177,0.0181,127,1978896359,won,2.21,1
11:44:15,JD100,1781264651,,4.245,DIGITOVER,6,0.3177,0.0181,120,1978897939,lost,-1.0,1
11:44:21,JD100,1781264658,,4.249,DIGITUNDER,4,0.4201,0.0195,127,1978906759,lost,-1.0,1
11:44:51,JD100,1781264688,,4.248,DIGITOVER,5,0.4201,0.0195,157,1978946399,lost,-1.0,1
11:45:01,JD100,1781264699,,4.249,DIGITOVER,5,0.4201,0.0195,105,1978958699,lost,-1.0,1
11:45:05,JD100,1781264702,,4.249,DIGITOVER,6,0.3177,0.0181,301,1978963799,won,2.21,1
11:45:07,JD100,1781264703,,4.249,DIGITOVER,6,0.3177,0.0181,164,1978965219,won,2.21,1
11:45:09,JD100,1781264704,,4.249,DIGITOVER,6,0.3177,0.0181,157,1978966019,won,2.21,1
11:45:11,JD100,1781264706,,4.248,DIGITOVER,5,0.4201,0.0195,130,1978968139,won,1.43,1
11:45:34,JD100,1781264731,,4.247,DIGITUNDER,4,0.4201,0.0195,125,1978998179,lost,-1.0,1
11:45:36,JD100,1781264732,,4.247,DIGITOVER,5,0.4201,0.0195,140,1978998939,won,1.43,1
11:45:38,JD100,1781264735,,4.242,DIGITOVER,5,0.4201,0.0195,122,1979004979,lost,-1.0,1
11:45:51,JD100,1781264749,,4.235,DIGITOVER,5,0.4201,0.0195,118,1979021459,lost,-1.0,1
11:45:53,JD100,1781264750,,4.235,DIGITUNDER,4,0.4201,0.0195,194,1979022499,won,1.43,1
11:45:59,JD100,1781264757,,4.229,DIGITUNDER,4,0.4201,0.0195,103,1979031079,won,1.43,1
11:46:06,JD100,1781264763,,4.230,DIGITOVER,5,0.4201,0.0195,132,1979038819,won,1.43,1
11:46:08,JD100,1781264764,,4.230,DIGITOVER,5,0.4201,0.0195,125,1979039799,lost,-1.0,1
11:46:10,JD100,1781264767,,4.227,DIGITOVER,5,0.4201,0.0195,121,1979043299,won,1.43,1
11:46:12,JD100,1781264768,,4.224,DIGITOVER,6,0.3177,0.0181,133,1979044819,lost,-1.0,1
11:46:14,JD100,1781264772,,4.227,DIGITOVER,5,0.4201,0.0195,140,1979049479,lost,-1.0,1
11:46:20,JD100,1781264778,,4.227,DIGITUNDER,4,0.4201,0.0195,161,1979056619,won,1.43,1
11:46:25,JD100,1781264782,,4.229,DIGITUNDER,4,0.4201,0.0195,192,1979062559,won,1.43,1
11:46:27,JD100,1781264784,,4.227,DIGITUNDER,4,0.4201,0.0195,122,1979065159,won,1.43,1
11:46:32,JD100,1781264789,,4.229,DIGITOVER,5,0.4201,0.0195,107,1979071659,won,1.43,1
11:46:34,JD100,1781264790,,4.232,DIGITOVER,5,0.4201,0.0195,129,1979072439,lost,-1.0,1
11:46:36,JD100,1781264793,,4.229,DIGITUNDER,4,0.4201,0.0195,127,1979076219,lost,-1.0,1
11:46:38,JD100,1781264794,,4.227,DIGITOVER,6,0.3177,0.0181,128,1979077499,lost,-1.0,1
11:46:40,JD100,1781264796,,4.228,DIGITUNDER,4,0.4201,0.0195,159,1979079799,won,1.43,1
11:46:43,JD100,1781264801,,4.229,DIGITUNDER,4,0.4201,0.0195,116,1979086499,lost,-1.0,1
11:46:45,JD100,1781264802,,4.230,DIGITOVER,5,0.4201,0.0195,128,1979087279,lost,-1.0,1
11:46:51,JD100,1781264808,,4.229,DIGITUNDER,4,0.4201,0.0195,127,1979094399,lost,-1.0,1
11:46:53,JD100,1781264809,,4.230,DIGITOVER,5,0.4201,0.0195,119,1979095999,lost,-1.0,1
11:46:55,JD100,1781264811,,4.230,DIGITUNDER,4,0.4201,0.0195,117,1979098159,lost,-1.0,1
11:46:57,JD100,1781264812,,4.229,DIGITOVER,5,0.4201,0.0195,133,1979100219,won,1.43,1
11:47:03,JD100,1781264820,,4.234,DIGITOVER,6,0.3177,0.0181,126,1979109299,lost,-1.0,1
11:47:05,JD100,1781264821,,4.235,DIGITUNDER,4,0.4201,0.0195,200,1979111139,won,1.43,1
11:47:07,JD100,1781264822,,4.235,DIGITUNDER,4,0.4201,0.0195,350,1979112259,lost,-1.0,1
11:47:09,JD100,1781264823,,4.237,DIGITOVER,6,0.3177,0.0181,131,1979113459,lost,-1.0,1
11:47:24,JD100,1781264841,,4.230,DIGITOVER,5,0.4201,0.0195,107,1979134979,won,1.43,1
11:47:27,JD100,1781264845,,4.221,DIGITOVER,6,0.3177,0.0181,119,1979140099,won,2.21,1
11:47:29,JD100,1781264846,,4.226,DIGITOVER,5,0.4201,0.0195,121,1979141359,won,1.43,1
11:47:31,JD100,1781264847,,4.226,DIGITOVER,6,0.3177,0.0181,97,1979142959,lost,-1.0,1
11:47:33,JD100,1781264849,,4.232,DIGITOVER,6,0.3177,0.0181,125,1979145319,lost,-1.0,1
11:47:40,JD100,1781264858,,4.227,DIGITUNDER,4,0.4201,0.0195,268,1979157039,won,1.43,1
11:47:42,JD100,1781264859,,4.234,DIGITUNDER,4,0.4201,0.0195,127,1979158819,lost,-1.0,1
11:47:44,JD100,1781264861,,4.228,DIGITOVER,6,0.3177,0.0181,115,1979160939,lost,-1.0,1
11:47:46,JD100,1781264864,,4.227,DIGITOVER,5,0.4201,0.0195,140,1979164839,won,1.43,1
11:47:48,JD100,1781264865,,4.227,DIGITOVER,6,0.3177,0.0181,109,1979166519,lost,-1.0,1
11:47:54,JD100,1781264871,,4.224,DIGITUNDER,4,0.4201,0.0195,114,1979172939,lost,-1.0,1
11:47:58,JD100,1781264876,,4.235,DIGITOVER,6,0.3177,0.0181,132,1979178579,won,2.21,1
11:48:01,JD100,1781264879,,4.239,DIGITOVER,6,0.3177,0.0181,129,1979182219,lost,-1.0,1
11:48:04,JD100,1781264881,,4.241,DIGITOVER,5,0.4201,0.0195,129,1979185319,lost,-1.0,1
11:48:06,JD100,1781264883,,4.238,DIGITOVER,5,0.4201,0.0195,168,1979187639,lost,-1.0,1
11:48:09,JD100,1781264886,,4.237,DIGITUNDER,4,0.4201,0.0195,118,1979192039,lost,-1.0,1
11:48:14,JD100,1781264892,,4.226,DIGITOVER,5,0.4201,0.0195,141,1979200019,won,1.43,1
11:48:16,JD100,1781264893,,4.226,DIGITOVER,6,0.3177,0.0181,120,1979201039,lost,-1.0,1
11:48:18,JD100,1781264895,,4.228,DIGITOVER,5,0.4201,0.0195,160,1979203719,won,1.43,1
11:48:20,JD100,1781264896,,4.228,DIGITOVER,6,0.3177,0.0181,133,1979205039,lost,-1.0,1
11:48:22,JD100,1781264900,,4.234,DIGITUNDER,4,0.4201,0.0195,194,1979210719,lost,-1.0,1
11:48:27,JD100,1781264904,,4.239,DIGITOVER,6,0.3177,0.0181,136,1979215339,lost,-1.0,1
11:48:31,JD100,1781264909,,4.241,DIGITUNDER,4,0.4201,0.0195,110,1979220739,lost,-1.0,1
11:48:35,JD100,1781264912,,4.242,DIGITUNDER,4,0.4201,0.0195,122,1979224159,won,1.43,1
11:48:37,JD100,1781264913,,4.242,DIGITUNDER,4,0.4201,0.0195,101,1979225619,lost,-1.0,1
11:48:39,JD100,1781264915,,4.249,DIGITOVER,5,0.4201,0.0195,121,1979227579,lost,-1.0,1
11:48:41,JD100,1781264918,,4.248,DIGITUNDER,4,0.4201,0.0195,139,1979231259,won,1.43,1
11:48:43,JD100,1781264919,,4.248,DIGITUNDER,4,0.4201,0.0195,143,1979232299,lost,-1.0,1
11:48:45,JD100,1781264922,,4.249,DIGITOVER,5,0.4201,0.0195,153,1979235679,lost,-1.0,1
11:48:49,JD100,1781264926,,4.249,DIGITUNDER,4,0.4201,0.0195,160,1979239879,lost,-1.0,1
11:49:07,JD100,1781264945,,4.249,DIGITOVER,6,0.3177,0.0181,126,1979261779,lost,-1.0,1
11:58:56,JD100,1781265530,,4.249,DIGITOVER,5,0.4201,0.0195,2335,1979970419,lost,-1.0,3
11:58:58,JD100,1781265534,,4.249,DIGITUNDER,4,0.4201,0.0195,110,1979971799,lost,-1.0,1
11:59:00,JD100,1781265535,,4.245,DIGITOVER,6,0.3177,0.0181,96,1979973259,won,2.21,1
11:59:03,JD100,1781265537,,4.242,DIGITOVER,6,0.3177,0.0181,94,1979975459,won,2.21,1
11:59:05,JD100,1781265538,,4.242,DIGITOVER,6,0.3177,0.0181,100,1979976259,lost,-1.0,1
11:59:07,JD100,1781265541,,4.239,DIGITOVER,5,0.4201,0.0195,105,1979981079,lost,-1.0,1
11:59:11,JD100,1781265548,,4.245,DIGITOVER,6,0.3177,0.0181,107,1979988899,lost,-1.0,1
11:59:15,JD100,1781265552,,4.237,DIGITUNDER,4,0.4201,0.0195,109,1979992779,won,1.43,1
11:59:17,JD100,1781265553,,4.235,DIGITUNDER,4,0.4201,0.0195,113,1979994139,lost,-1.0,1
11:59:19,JD100,1781265555,,4.228,DIGITOVER,6,0.3177,0.0181,109,1979996519,lost,-1.0,1
11:59:24,JD100,1781265561,,4.219,DIGITOVER,6,0.3177,0.0181,114,1980003219,lost,-1.0,1
11:59:29,JD100,1781265567,,4.222,DIGITOVER,6,0.3177,0.0181,107,1980009719,lost,-1.0,1
11:59:32,JD100,1781265570,,4.224,DIGITUNDER,4,0.4201,0.0195,97,1980012519,lost,-1.0,1
11:59:35,JD100,1781265572,,4.226,DIGITUNDER,4,0.4201,0.0195,136,1980014499,lost,-1.0,1
11:59:37,JD100,1781265573,,4.227,DIGITOVER,5,0.4201,0.0195,109,1980015559,won,1.43,1
11:59:39,JD100,1781265574,,4.227,DIGITOVER,6,0.3177,0.0181,135,1980017019,lost,-1.0,1
11:59:41,JD100,1781265579,,4.226,DIGITUNDER,4,0.4201,0.0195,105,1980023199,lost,-1.0,1
11:59:43,JD100,1781265580,,4.226,DIGITOVER,5,0.4201,0.0195,115,1980023959,won,1.43,1
11:59:45,JD100,1781265581,,4.225,DIGITOVER,6,0.3177,0.0181,94,1980025159,won,2.21,1
11:59:47,JD100,1781265582,,4.224,DIGITOVER,6,0.3177,0.0181,115,1980025939,lost,-1.0,1
11:59:49,JD100,1781265584,,4.221,DIGITOVER,6,0.3177,0.0181,117,1980027899,lost,-1.0,1
12:00:01,JD100,1781265598,,4.219,DIGITOVER,6,0.3177,0.0181,141,1980044479,won,2.21,1
12:00:03,JD100,1781265599,,4.218,DIGITOVER,6,0.3177,0.0181,95,1980045959,lost,-1.0,1
12:00:07,JD100,1781265605,,4.220,DIGITOVER,5,0.4201,0.0195,181,1980053639,lost,-1.0,1
12:00:18,JD100,1781265615,,4.225,DIGITOVER,5,0.4201,0.0195,110,1980065559,lost,-1.0,1
12:00:21,JD100,1781265619,,4.226,DIGITUNDER,4,0.4201,0.0195,98,1980070419,won,1.43,1
12:00:33,JD100,1781265630,,4.223,DIGITOVER,6,0.3177,0.0181,130,1980082639,won,2.21,1
12:00:35,JD100,1781265631,,4.217,DIGITOVER,6,0.3177,0.0181,118,1980084059,lost,-1.0,1
12:00:37,JD100,1781265635,,4.221,DIGITOVER,6,0.3177,0.0181,128,1980088879,won,2.21,1
12:00:39,JD100,1781265636,,4.220,DIGITOVER,6,0.3177,0.0181,153,1980089939,won,2.21,1
12:00:41,JD100,1781265637,,4.220,DIGITOVER,6,0.3177,0.0181,133,1980091339,lost,-1.0,1
12:00:53,JD100,1781265651,,4.217,DIGITUNDER,4,0.4201,0.0195,125,1980110579,won,1.43,1
12:00:55,JD100,1781265652,,4.221,DIGITUNDER,4,0.4201,0.0195,106,1980111899,won,1.43,1
12:00:57,JD100,1781265655,,4.213,DIGITOVER,6,0.3177,0.0181,131,1980114899,won,2.21,1
12:01:00,JD100,1781265657,,4.212,DIGITOVER,6,0.3177,0.0181,109,1980117199,lost,-1.0,1
12:01:04,JD100,1781265662,,4.196,DIGITOVER,5,0.4201,0.0195,298,1980123739,won,1.43,1
12:01:06,JD100,1781265663,,4.196,DIGITOVER,5,0.4201,0.0195,123,1980125099,lost,-1.0,1
12:01:08,JD100,1781265664,,4.196,DIGITUNDER,4,0.4201,0.0195,114,1980125939,won,1.43,1
12:01:12,JD100,1781265670,,4.195,DIGITOVER,5,0.4201,0.0195,103,1980132739,lost,-1.0,1
12:01:14,JD100,1781265672,,4.196,DIGITUNDER,4,0.4201,0.0195,264,1980135379,won,1.43,1
12:01:16,JD100,1781265674,,4.193,DIGITOVER,5,0.4201,0.0195,120,1980138239,won,1.43,1
12:01:21,JD100,1781265679,,4.201,DIGITUNDER,4,0.4201,0.0195,100,1980144399,lost,-1.0,1
12:01:23,JD100,1781265681,,4.203,DIGITUNDER,4,0.4201,0.0195,96,1980146639,won,1.43,1
12:01:28,JD100,1781265686,,4.202,DIGITUNDER,4,0.4201,0.0195,119,1980152539,lost,-1.0,1
12:01:30,JD100,1781265687,,4.204,DIGITOVER,5,0.4201,0.0195,124,1980153759,won,1.43,1
12:01:32,JD100,1781265688,,4.204,DIGITOVER,6,0.3177,0.0181,105,1980154839,won,2.21,1
12:01:36,JD100,1781265693,,4.202,DIGITUNDER,4,0.4201,0.0195,98,1980160759,lost,-1.0,1
12:01:44,JD100,1781265701,,4.201,DIGITOVER,6,0.3177,0.0181,95,1980169939,lost,-1.0,1
12:01:46,JD100,1781265703,,4.202,DIGITOVER,6,0.3177,0.0181,173,1980172339,lost,-1.0,1
12:01:50,JD100,1781265707,,4.201,DIGITOVER,6,0.3177,0.0181,102,1980176499,lost,-1.0,1
12:01:52,JD100,1781265709,,4.202,DIGITOVER,6,0.3177,0.0181,120,1980178619,lost,-1.0,1
12:01:54,JD100,1781265710,,4.197,DIGITUNDER,4,0.4201,0.0195,202,1980179819,lost,-1.0,1
12:01:56,JD100,1781265711,,4.198,DIGITOVER,6,0.3177,0.0181,169,1980181359,lost,-1.0,1
12:01:58,JD100,1781265712,,4.197,DIGITUNDER,4,0.4201,0.0195,110,1980181979,won,1.43,1
12:02:00,JD100,1781265714,,4.197,DIGITOVER,6,0.3177,0.0181,110,1980184159,lost,-1.0,1
12:02:03,JD100,1781265721,,4.193,DIGITOVER,6,0.3177,0.0181,121,1980193979,lost,-1.0,1
12:02:06,JD100,1781265723,,4.191,DIGITOVER,6,0.3177,0.0181,105,1980196139,lost,-1.0,1
12:02:08,JD100,1781265725,,4.192,DIGITOVER,5,0.4201,0.0195,93,1980198579,lost,-1.0,1
12:02:10,JD100,1781265728,,4.191,DIGITOVER,5,0.4201,0.0195,95,1980202539,won,1.43,1
12:02:13,JD100,1781265731,,4.193,DIGITOVER,5,0.4201,0.0195,107,1980206179,won,1.43,1
12:02:15,JD100,1781265732,,4.193,DIGITOVER,6,0.3177,0.0181,149,1980207059,won,2.21,1
12:02:17,JD100,1781265733,,4.189,DIGITOVER,5,0.4201,0.0195,92,1980208739,lost,-1.0,1
12:02:22,JD100,1781265739,,4.187,DIGITOVER,6,0.3177,0.0181,106,1980215579,lost,-1.0,1
12:02:24,JD100,1781265741,,4.189,DIGITOVER,5,0.4201,0.0195,137,1980218099,lost,-1.0,1
12:02:26,JD100,1781265743,,4.190,DIGITUNDER,4,0.4201,0.0195,115,1980220199,lost,-1.0,1
12:02:44,JD100,1781265761,,4.172,DIGITOVER,5,0.4201,0.0195,101,1980240439,won,1.43,1
12:02:46,JD100,1781265763,,4.170,DIGITOVER,5,0.4201,0.0195,101,1980242839,lost,-1.0,1
12:02:51,JD100,1781265769,,4.168,DIGITUNDER,4,0.4201,0.0195,104,1980249759,lost,-1.0,1
12:02:53,JD100,1781265770,,4.168,DIGITOVER,5,0.4201,0.0195,148,1980250479,won,1.43,1
12:02:59,JD100,1781265777,,4.180,DIGITOVER,6,0.3177,0.0181,102,1980259239,won,2.21,1
12:03:01,JD100,1781265778,,4.176,DIGITOVER,5,0.4201,0.0195,101,1980260359,lost,-1.0,1
12:03:05,JD100,1781265783,,4.183,DIGITOVER,5,0.4201,0.0195,118,1980267599,won,1.43,1
12:03:07,JD100,1781265784,,4.182,DIGITOVER,5,0.4201,0.0195,125,1980268519,lost,-1.0,1
12:03:21,JD100,1781265799,,4.158,DIGITUNDER,4,0.4201,0.0195,109,1980286339,won,1.43,1
12:03:23,JD100,1781265801,,4.154,DIGITUNDER,4,0.4201,0.0195,100,1980288799,won,1.43,1
12:03:25,JD100,1781265802,,4.154,DIGITUNDER,4,0.4201,0.0195,143,1980289699,lost,-1.0,1
12:03:28,JD100,1781265806,,4.160,DIGITOVER,6,0.3177,0.0181,110,1980293939,lost,-1.0,1
12:03:31,JD100,1781265809,,4.170,DIGITOVER,5,0.4201,0.0195,97,1980297619,lost,-1.0,1
12:03:33,JD100,1781265811,,4.169,DIGITOVER,6,0.3177,0.0181,105,1980299699,lost,-1.0,1
12:03:37,JD100,1781265814,,4.170,DIGITOVER,5,0.4201,0.0195,115,1980303099,won,1.43,1
12:03:39,JD100,1781265815,,4.168,DIGITOVER,5,0.4201,0.0195,107,1980304419,won,1.43,1
12:03:41,JD100,1781265818,,4.165,DIGITOVER,6,0.3177,0.0181,129,1980307579,lost,-1.0,1
12:03:52,JD100,1781265830,,4.181,DIGITOVER,6,0.3177,0.0181,163,1980321219,lost,-1.0,1
12:03:57,JD100,1781265834,,4.183,DIGITOVER,5,0.4201,0.0195,100,1980326679,won,1.43,1
12:03:59,JD100,1781265835,,4.181,DIGITOVER,6,0.3177,0.0181,97,1980327899,lost,-1.0,1
12:04:01,JD100,1781265837,,4.181,DIGITOVER,6,0.3177,0.0181,123,1980330219,lost,-1.0,1
12:04:03,JD100,1781265841,,4.183,DIGITOVER,6,0.3177,0.0181,339,1980335979,lost,-1.0,1
12:04:05,JD100,1781265843,,4.183,DIGITOVER,6,0.3177,0.0181,133,1980338619,lost,-1.0,1
12:04:11,JD100,1781265849,,4.210,DIGITOVER,5,0.4201,0.0195,128,1980346359,won,1.43,1
12:04:13,JD100,1781265850,,4.218,DIGITOVER,6,0.3177,0.0181,156,1980347359,lost,-1.0,1
12:04:20,JD100,1781265857,,4.212,DIGITOVER,5,0.4201,0.0195,111,1980356559,lost,-1.0,1
12:04:22,JD100,1781265859,,4.211,DIGITOVER,6,0.3177,0.0181,113,1980358839,lost,-1.0,1
12:04:25,JD100,1781265863,,4.211,DIGITOVER,5,0.4201,0.0195,119,1980364259,lost,-1.0,1
12:04:27,JD100,1781265864,,4.211,DIGITUNDER,4,0.4201,0.0195,123,1980365599,lost,-1.0,1
12:04:33,JD100,1781265870,,4.213,DIGITOVER,5,0.4201,0.0195,113,1980373319,lost,-1.0,1
12:04:35,JD100,1781265871,,4.215,DIGITUNDER,4,0.4201,0.0195,126,1980375039,lost,-1.0,1
12:04:37,JD100,1781265873,,4.215,DIGITOVER,6,0.3177,0.0181,113,1980377359,won,2.21,1
12:04:39,JD100,1781265874,,4.221,DIGITOVER,6,0.3177,0.0181,115,1980378439,lost,-1.0,1
12:04:41,JD100,1781265876,,4.221,DIGITOVER,5,0.4201,0.0195,111,1980381679,lost,-1.0,1
12:04:43,JD100,1781265877,,4.222,DIGITUNDER,4,0.4201,0.0195,104,1980382899,lost,-1.0,1
12:04:45,JD100,1781265879,,4.225,DIGITUNDER,4,0.4201,0.0195,103,1980385059,won,1.43,1
12:04:47,JD100,1781265880,,4.225,DIGITUNDER,4,0.4201,0.0195,135,1980386259,won,1.43,1
12:04:49,JD100,1781265885,,4.224,DIGITOVER,5,0.4201,0.0195,138,1980392859,lost,-1.0,1
12:04:58,JD100,1781265896,,4.238,DIGITOVER,5,0.4201,0.0195,118,1980406739,lost,-1.0,1
12:05:00,JD100,1781265898,,4.238,DIGITOVER,6,0.3177,0.0181,108,1980409279,lost,-1.0,1
12:05:05,JD100,1781265903,,4.238,DIGITUNDER,4,0.4201,0.0195,135,1980416699,lost,-1.0,1
12:05:07,JD100,1781265905,,4.233,DIGITUNDER,4,0.4201,0.0195,134,1980419319,won,1.43,1
12:05:11,JD100,1781265908,,4.237,DIGITOVER,5,0.4201,0.0195,106,1980424259,won,1.43,1
12:05:17,JD100,1781265915,,4.236,DIGITUNDER,4,0.4201,0.0195,113,1980433019,lost,-1.0,1
12:05:19,JD100,1781265917,,4.234,DIGITOVER,5,0.4201,0.0195,100,1980435819,won,1.43,1
12:05:21,JD100,1781265918,,4.242,DIGITOVER,6,0.3177,0.0181,109,1980436859,lost,-1.0,1
12:05:24,JD100,1781265922,,4.237,DIGITOVER,6,0.3177,0.0181,135,1980442019,lost,-1.0,1
12:05:29,JD100,1781265927,,4.230,DIGITUNDER,4,0.4201,0.0195,102,1980448939,lost,-1.0,1
12:05:33,JD100,1781265930,,4.230,DIGITUNDER,4,0.4201,0.0195,123,1980452459,lost,-1.0,1
12:05:35,JD100,1781265932,,4.230,DIGITOVER,5,0.4201,0.0195,115,1980454319,won,1.43,1
12:05:37,JD100,1781265933,,4.228,DIGITOVER,6,0.3177,0.0181,111,1980455839,lost,-1.0,1
12:05:39,JD100,1781265935,,4.228,DIGITOVER,5,0.4201,0.0195,107,1980458299,lost,-1.0,1
12:05:41,JD100,1781265939,,4.224,DIGITOVER,5,0.4201,0.0195,108,1980462839,won,1.43,1
12:05:43,JD100,1781265940,,4.224,DIGITOVER,6,0.3177,0.0181,133,1980465039,lost,-1.0,1
12:05:49,JD100,1781265946,,4.226,DIGITUNDER,4,0.4201,0.0195,110,1980472899,won,1.43,1
12:05:51,JD100,1781265947,,4.226,DIGITUNDER,4,0.4201,0.0195,109,1980474319,lost,-1.0,1
12:05:53,JD100,1781265949,,4.226,DIGITOVER,6,0.3177,0.0181,97,1980476999,lost,-1.0,1
12:05:55,JD100,1781265951,,4.226,DIGITUNDER,4,0.4201,0.0195,117,1980479219,won,1.43,1
12:05:57,JD100,1781265953,,4.225,DIGITUNDER,4,0.4201,0.0195,99,1980482799,won,1.43,1
12:05:59,JD100,1781265954,,4.224,DIGITUNDER,4,0.4201,0.0195,134,1980483859,lost,-1.0,1
12:06:03,JD100,1781265961,,4.225,DIGITUNDER,4,0.4201,0.0195,197,1980492899,lost,-1.0,1
12:06:05,JD100,1781265962,,4.223,DIGITOVER,5,0.4201,0.0195,173,1980493839,lost,-1.0,1
12:06:11,JD100,1781265969,,4.224,DIGITOVER,5,0.4201,0.0195,116,1980503699,lost,-1.0,1
12:06:14,JD100,1781265972,,4.226,DIGITOVER,6,0.3177,0.0181,112,1980507119,lost,-1.0,1
12:06:16,JD100,1781265973,,4.226,DIGITUNDER,4,0.4201,0.0195,132,1980508239,won,1.43,1
12:06:18,JD100,1781265976,,4.214,DIGITUNDER,4,0.4201,0.0195,152,1980511719,won,1.43,1
12:06:20,JD100,1781265977,,4.214,DIGITUNDER,4,0.4201,0.0195,95,1980512959,won,1.43,1
12:06:23,JD100,1781265981,,4.210,DIGITOVER,6,0.3177,0.0181,98,1980517619,lost,-1.0,1
12:06:36,JD100,1781265993,,4.205,DIGITUNDER,4,0.4201,0.0195,102,1980531959,won,1.43,1
12:06:46,JD100,1781266004,,4.205,DIGITOVER,6,0.3177,0.0181,131,1980545779,lost,-1.0,1
12:06:52,JD100,1781266009,,4.210,DIGITUNDER,4,0.4201,0.0195,114,1980552639,won,1.43,1
12:06:55,JD100,1781266013,,4.206,DIGITOVER,6,0.3177,0.0181,119,1980557419,lost,-1.0,1
12:07:00,JD100,1781266018,,4.208,DIGITUNDER,4,0.4201,0.0195,105,1980563979,won,1.43,1
12:07:05,JD100,1781266023,,4.205,DIGITOVER,6,0.3177,0.0181,121,1980571179,lost,-1.0,1
12:07:09,JD100,1781266027,,4.211,DIGITUNDER,4,0.4201,0.0195,114,1980576699,won,1.43,1
12:07:11,JD100,1781266028,,4.211,DIGITUNDER,4,0.4201,0.0195,134,1980577699,won,1.43,1
12:07:16,JD100,1781266033,,4.211,DIGITOVER,5,0.4201,0.0195,93,1980584339,won,1.43,1
12:07:18,JD100,1781266036,,4.209,DIGITOVER,5,0.4201,0.0195,96,1980589179,won,1.43,1
12:07:20,JD100,1781266037,,4.209,DIGITOVER,5,0.4201,0.0195,103,1980590399,lost,-1.0,1
12:07:24,JD100,1781266042,,4.212,DIGITUNDER,4,0.4201,0.0195,130,1980597279,won,1.43,1
12:07:30,JD100,1781266048,,4.213,DIGITOVER,6,0.3177,0.0181,111,1980605019,won,2.21,1
12:07:32,JD100,1781266049,,4.213,DIGITOVER,6,0.3177,0.0181,106,1980606319,won,2.21,1
12:07:34,JD100,1781266050,,4.213,DIGITOVER,6,0.3177,0.0181,130,1980607639,lost,-1.0,1
12:07:36,JD100,1781266054,,4.213,DIGITUNDER,4,0.4201,0.0195,99,1980612679,lost,-1.0,1
12:07:41,JD100,1781266059,,4.223,DIGITOVER,6,0.3177,0.0181,107,1980618779,lost,-1.0,1
12:07:43,JD100,1781266061,,4.223,DIGITOVER,5,0.4201,0.0195,102,1980621599,won,1.43,1
12:07:50,JD100,1781266068,,4.241,DIGITOVER,5,0.4201,0.0195,143,1980630319,lost,-1.0,1
12:07:54,JD100,1781266072,,4.239,DIGITUNDER,4,0.4201,0.0195,98,1980636319,won,1.43,1
12:08:03,JD100,1781266080,,4.241,DIGITOVER,6,0.3177,0.0181,148,1980646539,lost,-1.0,1
12:08:10,JD100,1781266088,,4.239,DIGITUNDER,4,0.4201,0.0195,114,1980657539,lost,-1.0,1
12:08:13,JD100,1781266091,,4.234,DIGITOVER,5,0.4201,0.0195,128,1980661559,won,1.43,1
12:08:15,JD100,1781266092,,4.242,DIGITOVER,6,0.3177,0.0181,110,1980662939,lost,-1.0,1
12:08:17,JD100,1781266094,,4.239,DIGITUNDER,4,0.4201,0.0195,134,1980665379,lost,-1.0,1
12:08:19,JD100,1781266095,,4.235,DIGITOVER,6,0.3177,0.0181,105,1980666979,lost,-1.0,1
12:08:21,JD100,1781266099,,4.235,DIGITOVER,5,0.4201,0.0195,113,1980671399,won,1.43,1
12:08:23,JD100,1781266100,,4.240,DIGITOVER,6,0.3177,0.0181,169,1980672699,won,2.21,1
12:08:25,JD100,1781266103,,4.227,DIGITOVER,5,0.4201,0.0195,120,1980676139,won,1.43,1
12:08:27,JD100,1781266104,,4.225,DIGITOVER,6,0.3177,0.0181,115,1980677399,won,2.21,1
12:08:29,JD100,1781266105,,4.224,DIGITOVER,6,0.3177,0.0181,108,1980678799,won,2.21,1
12:08:31,JD100,1781266106,,4.224,DIGITOVER,5,0.4201,0.0195,105,1980679839,lost,-1.0,1
12:08:33,JD100,1781266108,,4.226,DIGITUNDER,4,0.4201,0.0195,112,1980681759,won,1.43,1
12:08:38,JD100,1781266116,,4.232,DIGITOVER,6,0.3177,0.0181,104,1980692659,lost,-1.0,1
12:08:49,JD100,1781266126,,4.221,DIGITOVER,6,0.3177,0.0181,143,1980705619,lost,-1.0,1
12:09:02,JD100,1781266140,,4.225,DIGITOVER,6,0.3177,0.0181,149,1980723599,lost,-1.0,1
12:09:12,JD100,1781266150,,4.220,DIGITOVER,6,0.3177,0.0181,128,1980737339,lost,-1.0,1
12:09:17,JD100,1781266155,,4.220,DIGITOVER,6,0.3177,0.0181,104,1980744099,lost,-1.0,1
12:09:20,JD100,1781266157,,4.218,DIGITOVER,6,0.3177,0.0181,118,1980746479,lost,-1.0,1
12:09:22,JD100,1781266160,,4.214,DIGITOVER,6,0.3177,0.0181,137,1980750039,lost,-1.0,1
12:09:24,JD100,1781266162,,4.215,DIGITUNDER,4,0.4201,0.0195,104,1980752679,lost,-1.0,1
12:09:26,JD100,1781266164,,4.217,DIGITOVER,5,0.4201,0.0195,111,1980754699,lost,-1.0,1
12:09:30,JD100,1781266168,,4.219,DIGITOVER,5,0.4201,0.0195,113,1980759639,won,1.43,1
12:09:32,JD100,1781266170,,4.218,DIGITOVER,6,0.3177,0.0181,106,1980762099,won,2.21,1
12:09:34,JD100,1781266171,,4.216,DIGITOVER,6,0.3177,0.0181,102,1980763579,lost,-1.0,1
12:09:37,JD100,1781266175,,4.210,DIGITUNDER,4,0.4201,0.0195,95,1980768119,lost,-1.0,1
12:09:40,JD100,1781266178,,4.210,DIGITOVER,6,0.3177,0.0181,142,1980771699,lost,-1.0,1
12:09:42,JD100,1781266179,,4.211,DIGITUNDER,4,0.4201,0.0195,134,1980773059,lost,-1.0,1
12:09:44,JD100,1781266180,,4.208,DIGITOVER,6,0.3177,0.0181,113,1980774439,lost,-1.0,1
12:09:48,JD100,1781266185,,4.203,DIGITOVER,6,0.3177,0.0181,105,1980781419,won,2.21,1
12:09:50,JD100,1781266186,,4.202,DIGITOVER,6,0.3177,0.0181,126,1980782339,won,2.21,1
12:09:52,JD100,1781266187,,4.199,DIGITOVER,5,0.4201,0.0195,107,1980783919,lost,-1.0,1
12:09:54,JD100,1781266191,,4.199,DIGITUNDER,4,0.4201,0.0195,155,1980788319,won,1.43,1
12:09:56,JD100,1781266192,,4.198,DIGITUNDER,4,0.4201,0.0195,134,1980789279,lost,-1.0,1
12:09:58,JD100,1781266193,,4.200,DIGITOVER,5,0.4201,0.0195,139,1980790659,lost,-1.0,1
12:10:00,JD100,1781266195,,4.203,DIGITOVER,5,0.4201,0.0195,132,1980793939,lost,-1.0,1
12:10:07,JD100,1781266204,,4.200,DIGITUNDER,4,0.4201,0.0195,131,1980804719,lost,-1.0,1
12:10:09,JD100,1781266207,,4.203,DIGITOVER,5,0.4201,0.0195,145,1980808679,won,1.43,1
12:10:27,JD100,1781266224,,4.204,DIGITUNDER,4,0.4201,0.0195,135,1980828799,lost,-1.0,1
12:10:37,JD100,1781266234,,4.200,DIGITUNDER,4,0.4201,0.0195,142,1980841259,won,1.43,1
12:10:39,JD100,1781266236,,4.196,DIGITOVER,6,0.3177,0.0181,120,1980843779,lost,-1.0,1
12:10:41,JD100,1781266238,,4.196,DIGITOVER,5,0.4201,0.0195,144,1980846359,won,1.43,1
12:10:43,JD100,1781266239,,4.194,DIGITOVER,6,0.3177,0.0181,130,1980847699,won,2.21,1
12:10:45,JD100,1781266240,,4.199,DIGITOVER,5,0.4201,0.0195,133,1980848539,won,1.43,1
12:10:47,JD100,1781266242,,4.203,DIGITUNDER,4,0.4201,0.0195,125,1980850539,lost,-1.0,1
12:10:49,JD100,1781266246,,4.207,DIGITUNDER,4,0.4201,0.0195,143,1980854679,won,1.43,1
12:10:51,JD100,1781266248,,4.206,DIGITOVER,5,0.4201,0.0195,125,1980857379,won,1.43,1
12:10:53,JD100,1781266249,,4.205,DIGITOVER,5,0.4201,0.0195,130,1980858499,won,1.43,1
12:10:55,JD100,1781266253,,4.195,DIGITOVER,6,0.3177,0.0181,118,1980862819,won,2.21,1
12:11:02,JD100,1781266260,,4.197,DIGITUNDER,4,0.4201,0.0195,150,1980871359,won,1.43,1
12:11:07,JD100,1781266265,,4.194,DIGITOVER,6,0.3177,0.0181,170,1980877639,lost,-1.0,1
12:11:09,JD100,1781266267,,4.193,DIGITOVER,5,0.4201,0.0195,140,1980880379,won,1.43,1
12:11:12,JD100,1781266270,,4.192,DIGITUNDER,4,0.4201,0.0195,164,1980883359,won,1.43,1
12:11:14,JD100,1781266271,,4.191,DIGITUNDER,4,0.4201,0.0195,131,1980884699,lost,-1.0,1
12:11:21,JD100,1781266279,,4.192,DIGITOVER,6,0.3177,0.0181,121,1980894199,won,2.21,1
12:11:23,JD100,1781266280,,4.191,DIGITOVER,5,0.4201,0.0195,186,1980894979,won,1.43,1
12:11:25,JD100,1781266283,,4.188,DIGITOVER,6,0.3177,0.0181,162,1980898619,lost,-1.0,1
12:11:28,JD100,1781266286,,4.188,DIGITOVER,5,0.4201,0.0195,153,1980902079,lost,-1.0,1
12:11:30,JD100,1781266288,,4.188,DIGITOVER,6,0.3177,0.0181,137,1980904299,lost,-1.0,1
12:11:32,JD100,1781266289,,4.191,DIGITUNDER,4,0.4201,0.0195,114,1980906159,won,1.43,1
12:11:36,JD100,1781266293,,4.189,DIGITOVER,6,0.3177,0.0181,131,1980910359,won,2.21,1
12:11:39,JD100,1781266296,,4.185,DIGITOVER,6,0.3177,0.0181,138,1980913619,lost,-1.0,1
12:11:42,JD100,1781266300,,4.180,DIGITUNDER,4,0.4201,0.0195,185,1980918619,lost,-1.0,1
12:11:45,JD100,1781266302,,4.183,DIGITUNDER,4,0.4201,0.0195,137,1980920859,won,1.43,1
12:11:51,JD100,1781266309,,4.183,DIGITOVER,6,0.3177,0.0181,131,1980929539,lost,-1.0,1
12:11:53,JD100,1781266310,,4.182,DIGITUNDER,4,0.4201,0.0195,183,1980930979,lost,-1.0,1
12:11:55,JD100,1781266311,,4.182,DIGITOVER,6,0.3177,0.0181,132,1980932219,lost,-1.0,1
12:11:57,JD100,1781266315,,4.184,DIGITOVER,5,0.4201,0.0195,132,1980936499,won,1.43,1
12:11:59,JD100,1781266316,,4.184,DIGITOVER,6,0.3177,0.0181,143,1980937439,won,2.21,1
12:12:01,JD100,1781266317,,4.183,DIGITOVER,6,0.3177,0.0181,151,1980939199,lost,-1.0,1
12:12:03,JD100,1781266319,,4.183,DIGITUNDER,4,0.4201,0.0195,133,1980941639,lost,-1.0,1
12:12:05,JD100,1781266321,,4.183,DIGITOVER,6,0.3177,0.0181,137,1980944479,won,2.21,1
12:12:07,JD100,1781266324,,4.183,DIGITUNDER,4,0.4201,0.0195,164,1980948039,lost,-1.0,1
12:12:09,JD100,1781266326,,4.189,DIGITOVER,5,0.4201,0.0195,123,1980950559,lost,-1.0,1
12:12:14,JD100,1781266332,,4.188,DIGITUNDER,4,0.4201,0.0195,126,1980958779,lost,-1.0,1
12:12:16,JD100,1781266334,,4.188,DIGITOVER,6,0.3177,0.0181,142,1980961499,won,2.21,1
12:12:18,JD100,1781266336,,4.198,DIGITUNDER,4,0.4201,0.0195,137,1980963439,won,1.43,1
12:12:23,JD100,1781266340,,4.197,DIGITOVER,5,0.4201,0.0195,193,1980969219,lost,-1.0,1
12:12:29,JD100,1781266347,,4.194,DIGITUNDER,4,0.4201,0.0195,134,1980979859,lost,-1.0,1
12:12:32,JD100,1781266349,,4.194,DIGITUNDER,4,0.4201,0.0195,112,1980982619,lost,-1.0,1
12:12:34,JD100,1781266350,,4.196,DIGITOVER,5,0.4201,0.0195,135,1980983719,won,1.43,1
12:12:36,JD100,1781266351,,4.196,DIGITOVER,6,0.3177,0.0181,127,1980984959,lost,-1.0,1
12:12:38,JD100,1781266355,,4.192,DIGITOVER,5,0.4201,0.0195,144,1980989439,lost,-1.0,1
12:12:40,JD100,1781266356,,4.194,DIGITUNDER,4,0.4201,0.0195,136,1980990339,lost,-1.0,1
12:12:43,JD100,1781266361,,4.196,DIGITOVER,6,0.3177,0.0181,133,1980996419,lost,-1.0,1
12:12:47,JD100,1781266364,,4.197,DIGITUNDER,4,0.4201,0.0195,151,1980999759,won,1.43,1
12:12:50,JD100,1781266367,,4.200,DIGITOVER,5,0.4201,0.0195,124,1981004659,won,1.43,1
12:12:54,JD100,1781266371,,4.194,DIGITOVER,6,0.3177,0.0181,126,1981009979,lost,-1.0,1
12:12:56,JD100,1781266372,,4.196,DIGITUNDER,4,0.4201,0.0195,147,1981011079,lost,-1.0,1
12:12:58,JD100,1781266376,,4.196,DIGITUNDER,4,0.4201,0.0195,129,1981015899,lost,-1.0,1
12:13:00,JD100,1781266377,,4.198,DIGITOVER,5,0.4201,0.0195,132,1981017299,lost,-1.0,1
12:13:04,JD100,1781266382,,4.183,DIGITOVER,6,0.3177,0.0181,222,1981024259,lost,-1.0,1
12:13:06,JD100,1781266384,,4.187,DIGITOVER,6,0.3177,0.0181,113,1981026799,lost,-1.0,1
12:13:08,JD100,1781266386,,4.186,DIGITUNDER,4,0.4201,0.0195,128,1981029099,won,1.43,1
12:13:14,JD100,1781266392,,4.176,DIGITUNDER,4,0.4201,0.0195,154,1981036639,won,1.43,1
12:13:17,JD100,1781266395,,4.180,DIGITUNDER,4,0.4201,0.0195,133,1981040419,lost,-1.0,1
12:13:21,JD100,1781266399,,4.181,DIGITUNDER,4,0.4201,0.0195,137,1981046539,lost,-1.0,1
12:13:23,JD100,1781266401,,4.179,DIGITUNDER,4,0.4201,0.0195,147,1981049239,won,1.43,1
12:13:27,JD100,1781266404,,4.183,DIGITOVER,5,0.4201,0.0195,968,1981053819,lost,-1.0,2
12:13:46,JD100,1781266424,,4.182,DIGITUNDER,4,0.4201,0.0195,537,1981073879,lost,-1.0,1
12:13:48,JD100,1781266425,,4.183,DIGITOVER,5,0.4201,0.0195,447,1981075199,lost,-1.0,1
12:13:50,JD100,1781266428,,4.184,DIGITOVER,5,0.4201,0.0195,134,1981080219,lost,-1.0,1
12:13:53,JD100,1781266430,,4.183,DIGITOVER,6,0.3177,0.0181,143,1981082099,lost,-1.0,1
12:13:59,JD100,1781266437,,4.176,DIGITUNDER,4,0.4201,0.0195,129,1981090059,lost,-1.0,1
12:14:04,JD100,1781266442,,4.173,DIGITOVER,6,0.3177,0.0181,272,1981095499,lost,-1.0,1
12:14:08,JD100,1781266445,,4.167,DIGITUNDER,4,0.4201,0.0195,173,1981099019,lost,-1.0,1
12:14:10,JD100,1781266447,,4.167,DIGITUNDER,4,0.4201,0.0195,139,1981101199,won,1.43,1
12:14:12,JD100,1781266449,,4.168,DIGITOVER,6,0.3177,0.0181,118,1981103299,lost,-1.0,1
12:14:15,JD100,1781266452,,4.174,DIGITOVER,5,0.4201,0.0195,123,1981106479,lost,-1.0,1
12:14:19,JD100,1781266456,,4.176,DIGITUNDER,4,0.4201,0.0195,134,1981111479,won,1.43,1
12:14:21,JD100,1781266457,,4.175,DIGITUNDER,4,0.4201,0.0195,124,1981112699,lost,-1.0,1
12:14:23,JD100,1781266458,,4.175,DIGITOVER,5,0.4201,0.0195,144,1981114359,lost,-1.0,1
12:14:25,JD100,1781266461,,4.169,DIGITUNDER,4,0.4201,0.0195,226,1981117339,lost,-1.0,1
12:14:31,JD100,1781266468,,4.168,DIGITUNDER,4,0.4201,0.0195,134,1981124999,won,1.43,1
12:14:33,JD100,1781266469,,4.167,DIGITUNDER,4,0.4201,0.0195,96,1981126059,lost,-1.0,1
12:14:35,JD100,1781266470,,4.169,DIGITOVER,5,0.4201,0.0195,131,1981126859,lost,-1.0,1
12:14:38,JD100,1781266475,,4.178,DIGITUNDER,4,0.4201,0.0195,125,1981132379,lost,-1.0,1
12:14:43,JD100,1781266480,,4.184,DIGITOVER,5,0.4201,0.0195,152,1981137919,won,1.43,1
12:14:45,JD100,1781266481,,4.183,DIGITOVER,5,0.4201,0.0195,144,1981139399,won,1.43,1
12:14:50,JD100,1781266487,,4.187,DIGITUNDER,4,0.4201,0.0195,128,1981145499,won,1.43,1
12:14:52,JD100,1781266488,,4.182,DIGITUNDER,4,0.4201,0.0195,122,1981146339,won,1.43,1
12:14:54,JD100,1781266489,,4.182,DIGITUNDER,4,0.4201,0.0195,122,1981147379,lost,-1.0,1
12:14:56,JD100,1781266490,,4.180,DIGITOVER,5,0.4201,0.0195,216,1981148359,lost,-1.0,1
12:14:58,JD100,1781266495,,4.188,DIGITUNDER,4,0.4201,0.0195,130,1981154359,lost,-1.0,1
12:15:04,JD100,1781266501,,4.199,DIGITUNDER,4,0.4201,0.0195,219,1981161699,won,1.43,1
12:15:07,JD100,1781266505,,4.202,DIGITOVER,6,0.3177,0.0181,154,1981166419,won,2.21,1
12:15:11,JD100,1781266508,,4.205,DIGITOVER,5,0.4201,0.0195,137,1981169919,lost,-1.0,1
12:15:14,JD100,1781266511,,4.203,DIGITOVER,6,0.3177,0.0181,126,1981173959,lost,-1.0,1
12:15:16,JD100,1781266512,,4.207,DIGITUNDER,4,0.4201,0.0195,122,1981175159,lost,-1.0,1
12:15:18,JD100,1781266513,,4.208,DIGITOVER,5,0.4201,0.0195,135,1981176239,lost,-1.0,1
12:15:21,JD100,1781266518,,4.210,DIGITUNDER,4,0.4201,0.0195,137,1981183259,won,1.43,1
12:15:25,JD100,1781266523,,4.207,DIGITUNDER,4,0.4201,0.0195,126,1981189199,won,1.43,1
12:15:31,JD100,1781266528,,4.200,DIGITUNDER,4,0.4201,0.0195,135,1981195399,won,1.43,1
12:15:33,JD100,1781266531,,4.199,DIGITOVER,6,0.3177,0.0181,134,1981198739,lost,-1.0,1
12:15:39,JD100,1781266536,,4.202,DIGITUNDER,4,0.4201,0.0195,135,1981204119,lost,-1.0,1
12:15:41,JD100,1781266538,,4.202,DIGITOVER,5,0.4201,0.0195,149,1981206919,lost,-1.0,1
12:15:43,JD100,1781266539,,4.203,DIGITUNDER,4,0.4201,0.0195,143,1981208139,won,1.43,1
12:15:46,JD100,1781266544,,4.203,DIGITUNDER,4,0.4201,0.0195,157,1981214339,lost,-1.0,1
12:15:49,JD100,1781266546,,4.204,DIGITOVER,5,0.4201,0.0195,164,1981216719,won,1.43,1
12:15:51,JD100,1781266547,,4.202,DIGITOVER,5,0.4201,0.0195,158,1981217999,lost,-1.0,1
12:15:55,JD100,1781266552,,4.211,DIGITOVER,5,0.4201,0.0195,161,1981224459,lost,-1.0,1
12:15:57,JD100,1781266553,,4.212,DIGITUNDER,4,0.4201,0.0195,128,1981225819,won,1.43,1
12:15:59,JD100,1781266554,,4.218,DIGITUNDER,4,0.4201,0.0195,147,1981227319,won,1.43,1
12:16:01,JD100,1781266558,,4.225,DIGITUNDER,4,0.4201,0.0195,160,1981231959,won,1.43,1
12:16:07,JD100,1781266564,,4.229,DIGITUNDER,4,0.4201,0.0195,136,1981240019,lost,-1.0,1
12:16:09,JD100,1781266565,,4.233,DIGITOVER,6,0.3177,0.0181,115,1981241259,lost,-1.0,1
12:16:11,JD100,1781266567,,4.238,DIGITUNDER,4,0.4201,0.0195,125,1981243879,lost,-1.0,1
12:16:13,JD100,1781266569,,4.239,DIGITUNDER,4,0.4201,0.0195,119,1981246659,won,1.43,1
12:16:15,JD100,1781266570,,4.246,DIGITUNDER,4,0.4201,0.0195,188,1981250039,lost,-1.0,1
12:16:25,JD100,1781266583,,4.249,DIGITUNDER,4,0.4201,0.0195,121,1981264739,lost,-1.0,1
12:16:42,JD100,1781266599,,4.235,DIGITOVER,5,0.4201,0.0195,126,1981285299,lost,-1.0,1
12:16:44,JD100,1781266601,,4.237,DIGITUNDER,4,0.4201,0.0195,135,1981287959,lost,-1.0,1
12:16:47,JD100,1781266605,,4.232,DIGITOVER,5,0.4201,0.0195,151,1981293519,won,1.43,1
12:16:51,JD100,1781266608,,4.237,DIGITOVER,5,0.4201,0.0195,135,1981297319,lost,-1.0,1
12:16:53,JD100,1781266609,,4.238,DIGITUNDER,4,0.4201,0.0195,127,1981298619,won,1.43,1
12:16:56,JD100,1781266613,,4.236,DIGITUNDER,4,0.4201,0.0195,154,1981304599,lost,-1.0,1
12:16:58,JD100,1781266614,,4.237,DIGITOVER,6,0.3177,0.0181,137,1981305939,lost,-1.0,1
12:17:04,JD100,1781266621,,4.239,DIGITUNDER,4,0.4201,0.0195,126,1981314939,lost,-1.0,1
12:17:06,JD100,1781266622,,4.241,DIGITOVER,5,0.4201,0.0195,207,1981316639,lost,-1.0,1
12:17:08,JD100,1781266624,,4.239,DIGITOVER,5,0.4201,0.0195,145,1981319619,lost,-1.0,1
12:17:11,JD100,1781266628,,4.247,DIGITUNDER,4,0.4201,0.0195,136,1981325639,won,1.43,1
12:17:14,JD100,1781266631,,4.246,DIGITOVER,6,0.3177,0.0181,127,1981329379,won,2.21,1
12:20:20,JD100,1781266814,,4.246,DIGITOVER,5,0.4201,0.0195,2288,1981552459,lost,-1.0,3
12:20:28,JD100,1781266825,,4.250,DIGITOVER,5,0.4201,0.0195,121,1981565639,won,1.43,1
12:21:04,JD100,1781266861,,4.248,DIGITOVER,5,0.4201,0.0195,144,1981609319,won,1.43,1
12:21:06,JD100,1781266862,,4.247,DIGITOVER,5,0.4201,0.0195,134,1981610319,lost,-1.0,1
12:21:08,JD100,1781266865,,4.247,DIGITOVER,6,0.3177,0.0181,127,1981614939,won,2.21,1
12:21:12,JD100,1781266869,,4.246,DIGITUNDER,4,0.4201,0.0195,133,1981621619,won,1.43,1
12:21:18,JD100,1781266875,,4.247,DIGITOVER,6,0.3177,0.0181,138,1981628479,lost,-1.0,1
12:21:20,JD100,1781266876,,4.247,DIGITUNDER,4,0.4201,0.0195,140,1981629399,won,1.43,1
12:21:22,JD100,1781266879,,4.248,DIGITOVER,6,0.3177,0.0181,111,1981635599,lost,-1.0,1
12:21:55,JD100,1781266912,,4.244,DIGITUNDER,4,0.4201,0.0195,138,1981673599,won,1.43,1
12:21:58,JD100,1781266915,,4.237,DIGITOVER,6,0.3177,0.0181,143,1981676799,won,2.21,1
12:22:00,JD100,1781266916,,4.237,DIGITOVER,6,0.3177,0.0181,127,1981677599,lost,-1.0,1
12:22:03,JD100,1781266920,,4.235,DIGITOVER,6,0.3177,0.0181,133,1981682119,won,2.21,1
12:22:05,JD100,1781266921,,4.234,DIGITOVER,5,0.4201,0.0195,117,1981683579,won,1.43,1
12:22:07,JD100,1781266922,,4.238,DIGITOVER,6,0.3177,0.0181,157,1981684539,won,2.21,1
12:22:12,JD100,1781266929,,4.241,DIGITOVER,6,0.3177,0.0181,125,1981693819,lost,-1.0,1
12:22:15,JD100,1781266932,,4.242,DIGITOVER,6,0.3177,0.0181,133,1981698799,lost,-1.0,1
12:22:17,JD100,1781266934,,4.240,DIGITUNDER,4,0.4201,0.0195,144,1981701379,won,1.43,1
12:22:19,JD100,1781266936,,4.242,DIGITOVER,6,0.3177,0.0181,130,1981704119,lost,-1.0,1
12:22:25,JD100,1781266942,,4.247,DIGITOVER,5,0.4201,0.0195,113,1981711219,lost,-1.0,1
12:22:27,JD100,1781266944,,4.246,DIGITUNDER,4,0.4201,0.0195,145,1981713139,lost,-1.0,1
