epoch,price,last_digit
1780815936,10165.18,8
1780815937,10165.36,6
1780815938,10165.19,9
1780815939,10165.33,3
1780815940,10165.26,6
1780815941,10165.12,2
1780815942,10164.89,9
1780815943,10165.04,4
1780815944,10164.71,1
1780815945,10164.66,6
1780815946,10164.53,3
1780815947,10164.35,5
1780815948,10164.25,5
1780815949,10164.04,4
1780815950,10164.09,9
1780815951,10163.76,6
1780815952,10163.63,3
1780815953,10163.56,6
1780815954,10163.48,8
1780815955,10163.48,8
1780815956,10163.27,7
1780815957,10163.51,1
1780815958,10163.62,2
1780815959,10163.87,7
1780815960,10163.61,1
1780815961,10163.36,6
1780815962,10163.29,9
1780815963,10163.14,4
1780815964,10163.17,7
1780815965,10163.10,0
1780815966,10162.99,9
1780815967,10163.06,6
1780815968,10162.94,4
1780815969,10162.99,9
1780815970,10163.01,1
1780815971,10163.23,3
1780815972,10162.84,4
1780815973,10162.88,8
1780815974,10162.99,9
1780815975,10162.97,7
1780815976,10162.52,2
1780815977,10162.48,8
1780815978,10162.49,9
1780815979,10162.23,3
1780815980,10162.49,9
1780815981,10162.47,7
1780815982,10162.64,4
1780815983,10162.69,9
1780815984,10162.90,0
1780815985,10162.90,0
1780815986,10162.92,2
1780815987,10162.98,8
1780815988,10163.05,5
1780815989,10163.22,2
1780815990,10163.15,5
1780815991,10163.52,2
1780815992,10163.42,2
1780815993,10163.40,0
1780815994,10163.61,1
1780815995,10163.45,5
1780815996,10163.25,5
1780815997,10163.21,1
1780815998,10163.46,6
1780815999,10163.43,3
1780816000,10163.53,3
1780816001,10163.55,5
1780816002,10163.48,8
1780816003,10163.41,1
1780816004,10163.36,6
1780816005,10163.36,6
1780816006,10163.33,3
1780816007,10163.35,5
1780816008,10163.34,4
1780816009,10163.29,9
1780816010,10163.12,2
1780816011,10163.46,6
1780816012,10163.46,6
1780816013,10163.06,6
1780816014,10163.19,9
1780816015,10163.07,7
1780816016,10163.07,7
1780816017,10163.08,8
1780816018,10163.06,6
1780816019,10162.91,1
1780816020,10162.83,3
1780816021,10162.66,6
1780816022,10162.75,5
1780816023,10162.80,0
1780816024,10163.00,0
1780816025,10163.13,3
1780816026,10162.90,0
1780816027,10162.61,1
1780816028,10162.45,5
1780816029,10162.40,0
1780816030,10162.23,3
1780816031,10162.18,8
1780816032,10161.85,5
1780816033,10161.65,5
1780816034,10161.55,5
1780816035,10161.61,1
1780816036,10161.67,7
1780816037,10162.13,3
1780816038,10162.03,3
1780816039,10162.15,5
1780816040,10162.36,6
1780816041,10162.46,6
1780816042,10162.82,2
1780816043,10163.01,1
1780816044,10162.95,5
1780816045,10162.89,9
1780816046,10162.83,3
1780816047,10162.80,0
1780816048,10162.48,8
1780816049,10162.33,3
1780816050,10162.23,3
1780816051,10162.03,3
1780816052,10161.76,6
1780816053,10162.02,2
1780816054,10162.08,8
1780816055,10162.16,6
1780816056,10162.06,6
1780816057,10162.16,6
1780816058,10161.95,5
1780816059,10161.77,7
1780816060,10161.76,6
1780816061,10161.63,3
1780816062,10161.82,2
1780816063,10161.95,5
1780816064,10162.03,3
1780816065,10162.23,3
1780816066,10162.30,0
1780816067,10162.50,0
1780816068,10162.66,6
1780816069,10162.68,8
1780816070,10162.69,9
1780816071,10162.53,3
1780816072,10162.78,8
1780816073,10163.02,2
1780816074,10163.18,8
1780816075,10163.18,8
1780816076,10163.09,9
1780816077,10162.95,5
1780816078,10163.11,1
1780816079,10163.23,3
1780816080,10163.38,8
1780816081,10163.32,2
1780816082,10163.14,4
1780816083,10163.02,2
1780816084,10163.09,9
1780816085,10163.38,8
1780816086,10163.44,4
1780816087,10163.58,8
1780816088,10163.47,7
1780816089,10163.36,6
1780816090,10163.49,9
1780816091,10163.50,0
1780816092,10163.35,5
1780816093,10163.49,9
1780816094,10163.65,5
1780816095,10163.28,8
1780816096,10163.67,7
1780816097,10163.72,2
1780816098,10163.82,2
1780816099,10164.20,0
1780816100,10164.01,1
1780816101,10163.77,7
1780816102,10163.57,7
1780816103,10163.31,1
1780816104,10163.15,5
1780816105,10163.43,3
1780816106,10163.53,3
1780816107,10163.42,2
1780816108,10163.75,5
1780816109,10163.84,4
1780816110,10164.05,5
1780816111,10163.77,7
1780816112,10163.75,5
1780816113,10163.73,3
1780816114,10163.76,6
1780816115,10163.99,9
1780816116,10164.17,7
1780816117,10164.24,4
1780816118,10164.18,8
1780816119,10164.10,0
1780816120,10163.95,5
1780816121,10164.18,8
1780816122,10164.43,3
1780816123,10164.49,9
1780816124,10164.42,2
1780816125,10164.37,7
1780816126,10164.21,1
1780816127,10163.88,8
1780816128,10164.30,0
1780816129,10164.59,9
1780816130,10164.65,5
1780816131,10164.88,8
1780816132,10164.86,6
1780816133,10164.76,6
1780816134,10164.63,3
1780816135,10164.79,9
1780816136,10165.05,5
1780816137,10164.77,7
1780816138,10164.85,5
1780816139,10164.85,5
1780816140,10164.64,4
1780816141,10164.64,4
1780816142,10164.81,1
1780816143,10164.63,3
1780816144,10164.72,2
1780816145,10164.93,3
1780816146,10164.89,9
1780816147,10164.99,9
1780816148,10165.15,5
1780816149,10165.22,2
1780816150,10165.14,4
1780816151,10164.99,9
1780816152,10164.98,8
1780816153,10165.16,6
1780816154,10165.18,8
1780816155,10165.35,5
1780816156,10165.14,4
1780816157,10165.14,4
1780816158,10165.00,0
1780816159,10164.84,4
1780816160,10164.62,2
1780816161,10164.61,1
1780816162,10164.49,9
1780816163,10164.51,1
1780816164,10164.69,9
1780816165,10164.60,0
1780816166,10164.57,7
1780816167,10165.00,0
1780816168,10164.80,0
1780816169,10164.63,3
1780816170,10164.89,9
1780816171,10164.68,8
1780816172,10164.50,0
1780816173,10164.46,6
1780816174,10164.38,8
1780816175,10164.50,0
1780816176,10164.65,5
1780816177,10164.52,2
1780816178,10164.66,6
1780816179,10164.71,1
1780816180,10164.83,3
1780816181,10164.78,8
1780816182,10164.86,6
1780816183,10164.69,9
1780816184,10164.65,5
1780816185,10164.55,5
1780816186,10164.62,2
1780816187,10164.44,4
1780816188,10164.59,9
1780816189,10164.92,2
1780816190,10164.88,8
1780816191,10164.65,5
1780816192,10164.52,2
1780816193,10164.58,8
1780816194,10164.45,5
1780816195,10164.48,8
1780816196,10164.32,2
1780816197,10164.53,3
1780816198,10164.31,1
1780816199,10164.47,7
1780816200,10164.23,3
1780816201,10164.34,4
1780816202,10164.12,2
1780816203,10164.11,1
1780816204,10164.04,4
1780816205,10164.00,0
1780816206,10164.13,3
1780816207,10163.99,9
1780816208,10164.20,0
1780816209,10164.13,3
1780816210,10164.00,0
1780816211,10164.18,8
1780816212,10163.90,0
1780816213,10163.88,8
1780816214,10163.95,5
1780816215,10164.06,6
1780816216,10164.31,1
1780816217,10163.87,7
1780816218,10163.85,5
1780816219,10163.82,2
1780816220,10163.66,6
1780816221,10163.55,5
1780816222,10163.34,4
1780816223,10163.48,8
1780816224,10163.59,9
1780816225,10163.58,8
1780816226,10163.49,9
1780816227,10163.67,7
1780816228,10163.22,2
1780816229,10163.32,2
1780816230,10163.27,7
1780816231,10163.00,0
1780816232,10162.61,1
1780816233,10162.79,9
1780816234,10163.17,7
1780816235,10163.24,4
1780816236,10163.31,1
1780816237,10163.32,2
1780816238,10163.17,7
1780816239,10163.31,1
1780816240,10163.38,8
1780816241,10163.48,8
1780816242,10163.45,5
1780816243,10163.28,8
1780816244,10163.20,0
1780816245,10163.19,9
1780816246,10163.13,3
1780816247,10163.55,5
1780816248,10163.25,5
1780816249,10163.07,7
1780816250,10163.34,4
1780816251,10163.40,0
1780816252,10163.18,8
1780816253,10163.01,1
1780816254,10162.98,8
1780816255,10163.29,9
1780816256,10163.32,2
1780816257,10163.34,4
1780816258,10163.25,5
1780816259,10163.42,2
1780816260,10163.65,5
1780816261,10163.60,0
1780816262,10163.74,4
1780816263,10163.92,2
1780816264,10163.77,7
1780816265,10164.00,0
1780816266,10164.31,1
1780816267,10164.18,8
1780816268,10164.21,1
1780816269,10164.35,5
1780816270,10164.54,4
1780816271,10164.28,8
1780816272,10164.23,3
1780816273,10164.40,0
1780816274,10164.33,3
1780816275,10164.27,7
1780816276,10164.23,3
1780816277,10164.68,8
1780816278,10164.70,0
1780816279,10164.61,1
1780816280,10164.76,6
1780816281,10165.00,0
1780816282,10164.88,8
1780816283,10164.69,9
1780816284,10164.76,6
1780816285,10165.00,0
1780816286,10165.51,1
1780816287,10165.61,1
1780816288,10165.75,5
1780816289,10165.87,7
1780816290,10165.89,9
1780816291,10165.85,5
1780816292,10165.63,3
1780816293,10165.87,7
1780816294,10165.96,6
1780816295,10165.98,8
1780816296,10166.03,3
1780816297,10166.09,9
1780816298,10165.91,1
1780816299,10165.78,8
1780816300,10165.29,9
1780816301,10165.29,9
1780816302,10165.12,2
1780816303,10165.00,0
1780816304,10164.95,5
1780816305,10164.78,8
1780816306,10164.75,5
1780816307,10164.61,1
1780816308,10164.50,0
1780816309,10165.15,5
1780816310,10165.21,1
1780816311,10165.07,7
1780816312,10164.93,3
1780816313,10164.78,8
1780816314,10164.75,5
1780816315,10164.55,5
1780816316,10164.21,1
1780816317,10163.96,6
1780816318,10163.93,3
1780816319,10164.00,0
1780816320,10164.04,4
1780816321,10164.16,6
1780816322,10164.21,1
1780816323,10164.37,7
1780816324,10164.12,2
1780816325,10163.97,7
1780816326,10163.82,2
1780816327,10163.82,2
1780816328,10163.70,0
1780816329,10163.66,6
1780816330,10163.76,6
1780816331,10163.92,2
1780816332,10163.77,7
1780816333,10163.90,0
1780816334,10164.00,0
1780816335,10164.25,5
1780816336,10164.40,0
1780816337,10164.26,6
1780816338,10164.53,3
1780816339,10164.30,0
1780816340,10164.20,0
1780816341,10164.24,4
1780816342,10164.23,3
1780816343,10164.00,0
1780816344,10163.89,9
1780816345,10163.95,5
1780816346,10163.98,8
1780816347,10164.13,3
1780816348,10164.02,2
1780816349,10164.11,1
1780816350,10164.01,1
1780816351,10163.98,8
1780816352,10163.86,6
1780816353,10163.54,4
1780816354,10163.49,9
1780816355,10163.59,9
1780816356,10163.60,0
1780816357,10163.32,2
1780816358,10163.55,5
1780816359,10163.36,6
1780816360,10163.26,6
1780816361,10163.06,6
1780816362,10163.19,9
1780816363,10162.68,8
1780816364,10162.77,7
1780816365,10162.65,5
1780816366,10162.52,2
1780816367,10162.49,9
1780816368,10162.56,6
1780816369,10162.31,1
1780816370,10162.35,5
1780816371,10162.57,7
1780816372,10162.37,7
1780816373,10162.36,6
1780816374,10162.24,4
1780816375,10162.20,0
1780816376,10162.25,5
1780816377,10162.14,4
1780816378,10162.08,8
1780816379,10161.76,6
1780816380,10161.49,9
1780816381,10161.35,5
1780816382,10161.10,0
1780816383,10160.95,5
1780816384,10160.98,8
1780816385,10160.96,6
1780816386,10160.77,7
1780816387,10160.79,9
1780816388,10161.02,2
1780816389,10161.01,1
1780816390,10160.52,2
1780816391,10160.59,9
1780816392,10160.35,5
1780816393,10160.57,7
1780816394,10160.83,3
1780816395,10160.72,2
1780816396,10160.90,0
1780816397,10160.86,6
1780816398,10160.61,1
1780816399,10160.64,4
1780816400,10160.79,9
1780816401,10160.65,5
1780816402,10160.96,6
1780816403,10160.72,2
1780816404,10160.51,1
1780816405,10160.55,5
1780816406,10160.64,4
1780816407,10160.67,7
1780816408,10160.73,3
1780816409,10161.07,7
1780816410,10161.03,3
1780816411,10161.13,3
1780816412,10160.81,1
1780816413,10160.92,2
1780816414,10160.84,4
1780816415,10160.61,1
1780816416,10160.73,3
1780816417,10160.72,2
1780816418,10160.82,2
1780816419,10160.77,7
1780816420,10160.94,4
1780816421,10161.15,5
1780816422,10161.29,9
1780816423,10161.10,0
1780816424,10161.09,9
1780816425,10161.30,0
1780816426,10161.27,7
1780816427,10161.16,6
1780816428,10161.30,0
1780816429,10161.25,5
1780816430,10161.54,4
1780816431,10161.75,5
1780816432,10161.92,2
1780816433,10161.80,0
1780816434,10161.51,1
1780816435,10161.48,8
1780816436,10161.15,5
1780816437,10161.44,4
1780816438,10161.38,8
1780816439,10161.47,7
1780816440,10161.21,1
1780816441,10160.95,5
1780816442,10160.90,0
1780816443,10161.05,5
1780816444,10161.04,4
1780816445,10160.97,7
1780816446,10161.05,5
1780816447,10161.13,3
1780816448,10160.99,9
1780816449,10161.13,3
1780816450,10160.85,5
1780816451,10160.78,8
1780816452,10160.85,5
1780816453,10160.91,1
1780816454,10160.87,7
1780816455,10160.81,1
1780816456,10160.86,6
1780816457,10161.02,2
1780816458,10160.89,9
1780816459,10160.81,1
1780816460,10160.83,3
1780816461,10160.77,7
1780816462,10161.04,4
1780816463,10161.15,5
1780816464,10161.26,6
1780816465,10160.86,6
1780816466,10160.84,4
1780816467,10160.75,5
1780816468,10160.63,3
1780816469,10161.05,5
1780816470,10161.21,1
1780816471,10161.33,3
1780816472,10161.57,7
1780816473,10161.42,2
1780816474,10161.23,3
1780816475,10160.89,9
1780816476,10160.93,3
1780816477,10160.79,9
1780816478,10160.92,2
1780816479,10160.85,5
1780816480,10160.68,8
1780816481,10161.13,3
1780816482,10161.12,2
1780816483,10161.09,9
1780816484,10161.16,6
1780816485,10161.27,7
1780816486,10161.17,7
1780816487,10160.99,9
1780816488,10160.90,0
1780816489,10160.79,9
1780816490,10160.84,4
1780816491,10161.14,4
1780816492,10161.20,0
1780816493,10161.13,3
1780816494,10161.28,8
1780816495,10161.43,3
1780816496,10161.23,3
1780816497,10161.44,4
1780816498,10161.42,2
1780816499,10161.26,6
1780816500,10160.95,5
1780816501,10160.87,7
1780816502,10160.98,8
1780816503,10161.23,3
1780816504,10161.23,3
1780816505,10161.44,4
1780816506,10161.31,1
1780816507,10161.24,4
1780816508,10161.21,1
1780816509,10161.22,2
1780816510,10161.63,3
1780816511,10161.55,5
1780816512,10161.46,6
1780816513,10161.66,6
1780816514,10161.03,3
1780816515,10161.09,9
1780816516,10161.08,8
1780816517,10161.38,8
1780816518,10161.23,3
1780816519,10161.23,3
1780816520,10161.09,9
1780816521,10161.20,0
1780816522,10161.30,0
1780816523,10161.42,2
1780816524,10161.24,4
1780816525,10160.95,5
1780816526,10161.05,5
1780816527,10161.06,6
1780816528,10161.13,3
1780816529,10161.43,3
1780816530,10161.20,0
1780816531,10161.09,9
1780816532,10160.99,9
1780816533,10161.05,5
1780816534,10161.14,4
1780816535,10161.28,8
1780816536,10161.22,2
1780816537,10161.29,9
1780816538,10160.98,8
1780816539,10161.33,3
1780816540,10161.43,3
1780816541,10161.47,7
1780816542,10161.49,9
1780816543,10161.11,1
1780816544,10160.67,7
1780816545,10160.55,5
1780816546,10160.52,2
1780816547,10160.16,6
1780816548,10160.14,4
1780816549,10160.16,6
1780816550,10160.30,0
1780816551,10160.47,7
1780816552,10160.43,3
1780816553,10160.66,6
1780816554,10160.77,7
1780816555,10160.84,4
1780816556,10160.80,0
1780816557,10160.69,9
1780816558,10160.80,0
1780816559,10160.87,7
1780816560,10160.85,5
1780816561,10161.30,0
1780816562,10161.52,2
1780816563,10161.90,0
1780816564,10161.92,2
1780816565,10161.83,3
1780816566,10161.59,9
1780816567,10161.47,7
1780816568,10161.25,5
1780816569,10161.16,6
1780816570,10161.06,6
1780816571,10161.21,1
1780816572,10161.04,4
1780816573,10161.00,0
1780816574,10161.14,4
1780816575,10161.16,6
1780816576,10160.97,7
1780816577,10161.26,6
1780816578,10161.42,2
1780816579,10161.75,5
1780816580,10161.72,2
1780816581,10161.61,1
1780816582,10161.86,6
1780816583,10161.65,5
1780816584,10161.74,4
1780816585,10161.95,5
1780816586,10161.99,9
1780816587,10162.17,7
1780816588,10162.09,9
1780816589,10162.12,2
1780816590,10162.26,6
1780816591,10162.40,0
1780816592,10162.54,4
1780816593,10162.38,8
1780816594,10162.06,6
1780816595,10162.27,7
1780816596,10162.27,7
1780816597,10161.98,8
1780816598,10161.92,2
1780816599,10161.94,4
1780816600,10161.95,5
1780816601,10161.89,9
1780816602,10162.03,3
1780816603,10161.57,7
1780816604,10161.70,0
1780816605,10161.69,9
1780816606,10161.60,0
1780816607,10161.50,0
1780816608,10161.51,1
1780816609,10161.66,6
1780816610,10161.39,9
1780816611,10161.29,9
1780816612,10161.45,5
1780816613,10161.26,6
1780816614,10160.96,6
1780816615,10160.69,9
1780816616,10160.74,4
1780816617,10160.95,5
1780816618,10161.27,7
1780816619,10161.03,3
1780816620,10161.04,4
1780816621,10161.29,9
1780816622,10161.26,6
1780816623,10161.36,6
1780816624,10161.06,6
1780816625,10161.19,9
1780816626,10161.16,6
1780816627,10161.24,4
1780816628,10161.39,9
1780816629,10161.16,6
1780816630,10161.22,2
1780816631,10161.25,5
1780816632,10161.19,9
1780816633,10161.31,1
1780816634,10161.43,3
1780816635,10161.12,2
1780816636,10161.22,2
1780816637,10161.37,7
1780816638,10161.50,0
1780816639,10161.69,9
1780816640,10161.47,7
1780816641,10161.47,7
1780816642,10161.34,4
1780816643,10161.39,9
1780816644,10160.93,3
1780816645,10161.06,6
1780816646,10160.92,2
1780816647,10160.99,9
1780816648,10160.98,8
1780816649,10161.07,7
1780816650,10161.08,8
1780816651,10161.14,4
1780816652,10161.24,4
1780816653,10161.29,9
1780816654,10161.39,9
1780816655,10161.53,3
1780816656,10161.37,7
1780816657,10161.06,6
1780816658,10161.07,7
1780816659,10161.07,7
1780816660,10161.29,9
1780816661,10161.07,7
1780816662,10160.86,6
1780816663,10160.82,2
1780816664,10160.82,2
1780816665,10160.63,3
1780816666,10160.68,8
1780816667,10160.71,1
1780816668,10160.54,4
1780816669,10160.81,1
1780816670,10160.79,9
1780816671,10160.85,5
1780816672,10161.06,6
1780816673,10161.11,1
1780816674,10161.19,9
1780816675,10161.28,8
1780816676,10161.30,0
1780816677,10161.37,7
1780816678,10161.25,5
1780816679,10161.43,3
1780816680,10161.31,1
1780816681,10161.08,8
1780816682,10160.93,3
1780816683,10161.01,1
1780816684,10160.49,9
1780816685,10160.40,0
1780816686,10160.48,8
1780816687,10160.63,3
1780816688,10160.30,0
1780816689,10160.31,1
1780816690,10160.17,7
1780816691,10160.42,2
1780816692,10160.65,5
1780816693,10160.71,1
1780816694,10160.60,0
1780816695,10160.54,4
1780816696,10160.52,2
1780816697,10160.40,0
1780816698,10160.76,6
1780816699,10160.51,1
1780816700,10160.36,6
1780816701,10160.31,1
1780816702,10160.40,0
1780816703,10160.16,6
1780816704,10160.01,1
1780816705,10159.94,4
1780816706,10160.11,1
1780816707,10160.10,0
1780816708,10160.12,2
1780816709,10160.10,0
1780816710,10159.93,3
1780816711,10159.67,7
1780816712,10159.63,3
1780816713,10159.80,0
1780816714,10159.45,5
1780816715,10159.30,0
1780816716,10159.30,0
1780816717,10159.34,4
1780816718,10159.23,3
1780816719,10159.21,1
1780816720,10159.37,7
1780816721,10159.48,8
1780816722,10159.50,0
1780816723,10159.50,0
1780816724,10159.46,6
1780816725,10159.63,3
1780816726,10159.49,9
1780816727,10159.33,3
1780816728,10159.52,2
1780816729,10159.53,3
1780816730,10159.45,5
1780816731,10159.41,1
1780816732,10159.44,4
1780816733,10159.62,2
1780816734,10159.35,5
1780816735,10159.54,4
1780816736,10159.51,1
1780816737,10158.95,5
1780816738,10158.85,5
1780816739,10158.73,3
1780816740,10158.62,2
1780816741,10158.68,8
1780816742,10158.71,1
1780816743,10158.90,0
1780816744,10158.88,8
1780816745,10158.71,1
1780816746,10158.84,4
1780816747,10158.89,9
1780816748,10159.06,6
1780816749,10159.04,4
1780816750,10159.02,2
1780816751,10158.88,8
1780816752,10158.79,9
1780816753,10158.59,9
1780816754,10158.49,9
1780816755,10158.49,9
1780816756,10158.50,0
1780816757,10158.31,1
1780816758,10158.01,1
1780816759,10158.12,2
1780816760,10157.94,4
1780816761,10158.14,4
1780816762,10158.28,8
1780816763,10158.40,0
1780816764,10158.46,6
1780816765,10158.36,6
1780816766,10158.41,1
1780816767,10158.31,1
1780816768,10158.20,0
1780816769,10158.37,7
1780816770,10158.16,6
1780816771,10158.33,3
1780816772,10158.65,5
1780816773,10158.91,1
1780816774,10158.97,7
1780816775,10159.20,0
1780816776,10159.17,7
1780816777,10159.50,0
1780816778,10159.68,8
1780816779,10159.62,2
1780816780,10159.73,3
1780816781,10159.66,6
1780816782,10159.57,7
1780816783,10159.59,9
1780816784,10159.56,6
1780816785,10159.60,0
1780816786,10159.92,2
1780816787,10160.06,6
1780816788,10160.18,8
1780816789,10160.08,8
1780816790,10159.86,6
1780816791,10160.21,1
1780816792,10160.09,9
1780816793,10159.97,7
1780816794,10159.78,8
1780816795,10159.80,0
1780816796,10160.08,8
1780816797,10159.95,5
1780816798,10159.72,2
1780816799,10159.91,1
1780816800,10159.92,2
1780816801,10160.15,5
1780816802,10160.18,8
1780816803,10160.01,1
1780816804,10159.87,7
1780816805,10160.05,5
1780816806,10160.35,5
1780816807,10160.04,4
1780816808,10160.05,5
1780816809,10159.95,5
1780816810,10159.76,6
1780816811,10159.75,5
1780816812,10159.80,0
1780816813,10159.89,9
1780816814,10160.18,8
1780816815,10160.15,5
1780816816,10159.68,8
1780816817,10159.61,1
1780816818,10160.07,7
1780816819,10159.95,5
1780816820,10160.06,6
1780816821,10160.27,7
1780816822,10160.09,9
1780816823,10160.06,6
1780816824,10160.28,8
1780816825,10160.41,1
1780816826,10160.69,9
1780816827,10160.82,2
1780816828,10160.95,5
1780816829,10160.89,9
1780816830,10160.86,6
1780816831,10160.82,2
1780816832,10160.61,1
1780816833,10160.62,2
1780816834,10160.57,7
1780816835,10160.82,2
1780816836,10160.59,9
1780816837,10160.77,7
1780816838,10161.11,1
1780816839,10161.06,6
1780816840,10160.91,1
1780816841,10161.06,6
1780816842,10161.06,6
1780816843,10160.99,9
1780816844,10161.18,8
1780816845,10161.05,5
1780816846,10161.26,6
1780816847,10161.25,5
1780816848,10161.19,9
1780816849,10161.23,3
1780816850,10161.11,1
1780816851,10161.00,0
1780816852,10160.89,9
1780816853,10160.79,9
1780816854,10160.76,6
1780816855,10160.54,4
1780816856,10160.37,7
1780816857,10160.43,3
1780816858,10160.84,4
1780816859,10160.59,9
1780816860,10160.41,1
1780816861,10160.60,0
1780816862,10160.68,8
1780816863,10160.56,6
1780816864,10160.72,2
1780816865,10160.45,5
1780816866,10160.50,0
1780816867,10160.59,9
1780816868,10160.73,3
1780816869,10160.59,9
1780816870,10160.59,9
1780816871,10160.57,7
1780816872,10160.68,8
1780816873,10160.78,8
1780816874,10160.51,1
1780816875,10160.41,1
1780816876,10160.27,7
1780816877,10160.30,0
1780816878,10160.28,8
1780816879,10160.35,5
1780816880,10160.67,7
1780816881,10160.65,5
1780816882,10160.70,0
1780816883,10160.83,3
1780816884,10160.64,4
1780816885,10160.61,1
1780816886,10160.53,3
1780816887,10160.77,7
1780816888,10160.83,3
1780816889,10161.44,4
1780816890,10161.52,2
1780816891,10161.53,3
1780816892,10161.68,8
1780816893,10161.67,7
1780816894,10161.46,6
1780816895,10161.52,2
1780816896,10161.41,1
1780816897,10161.71,1
1780816898,10161.92,2
1780816899,10162.05,5
1780816900,10162.22,2
1780816901,10162.18,8
1780816902,10161.86,6
1780816903,10162.21,1
1780816904,10162.21,1
1780816905,10162.48,8
1780816906,10162.77,7
1780816907,10162.79,9
1780816908,10162.67,7
1780816909,10162.67,7
1780816910,10162.44,4
1780816911,10162.50,0
1780816912,10162.84,4
1780816913,10162.83,3
1780816914,10162.82,2
1780816915,10162.86,6
1780816916,10162.66,6
1780816917,10162.83,3
1780816918,10162.98,8
1780816919,10162.93,3
1780816920,10163.03,3
1780816921,10163.34,4
1780816922,10163.41,1
1780816923,10162.87,7
1780816924,10162.89,9
1780816925,10162.63,3
1780816926,10162.90,0
1780816927,10162.94,4
1780816928,10162.94,4
1780816929,10162.60,0
1780816930,10162.67,7
1780816931,10162.71,1
1780816932,10162.78,8
1780816933,10162.79,9
1780816934,10162.76,6
1780816935,10162.96,6
1780816936,10162.82,2
1780816937,10162.90,0
1780816938,10162.66,6
1780816939,10162.59,9
1780816940,10162.59,9
1780816941,10162.61,1
1780816942,10162.61,1
1780816943,10162.34,4
1780816944,10162.36,6
1780816945,10162.36,6
1780816946,10162.12,2
1780816947,10162.13,3
1780816948,10162.00,0
1780816949,10161.92,2
1780816950,10161.84,4
1780816951,10161.73,3
1780816952,10162.05,5
1780816953,10162.28,8
1780816954,10162.16,6
1780816955,10162.24,4
1780816956,10162.47,7
1780816957,10162.45,5
1780816958,10162.27,7
1780816959,10162.37,7
1780816960,10162.10,0
1780816961,10162.12,2
1780816962,10162.06,6
1780816963,10162.18,8
1780816964,10162.17,7
1780816965,10161.79,9
1780816966,10161.30,0
1780816967,10161.26,6
1780816968,10160.89,9
1780816969,10160.71,1
1780816970,10160.70,0
1780816971,10160.76,6
1780816972,10160.52,2
1780816973,10160.48,8
1780816974,10160.37,7
1780816975,10160.52,2
1780816976,10160.47,7
1780816977,10160.91,1
1780816978,10160.86,6
1780816979,10160.86,6
1780816980,10161.05,5
1780816981,10161.04,4
1780816982,10160.66,6
1780816983,10160.75,5
1780816984,10160.44,4
1780816985,10160.45,5
1780816986,10160.75,5
1780816987,10160.93,3
1780816988,10160.89,9
1780816989,10160.91,1
1780816990,10161.10,0
1780816991,10161.12,2
1780816992,10161.44,4
1780816993,10161.62,2
1780816994,10161.27,7
1780816995,10161.74,4
1780816996,10161.60,0
1780816997,10161.54,4
1780816998,10161.74,4
1780816999,10161.90,0
1780817000,10162.19,9
1780817001,10161.92,2
1780817002,10162.02,2
1780817003,10161.97,7
1780817004,10162.14,4
1780817005,10162.38,8
1780817006,10162.56,6
1780817007,10162.54,4
1780817008,10162.72,2
1780817009,10162.81,1
1780817010,10162.89,9
1780817011,10162.79,9
1780817012,10162.73,3
1780817013,10162.69,9
1780817014,10162.57,7
1780817015,10162.66,6
1780817016,10162.77,7
1780817017,10163.03,3
1780817018,10163.44,4
1780817019,10163.26,6
1780817020,10163.22,2
1780817021,10163.34,4
1780817022,10163.12,2
1780817023,10162.66,6
1780817024,10162.86,6
1780817025,10162.96,6
1780817026,10162.91,1
1780817027,10162.58,8
1780817028,10162.62,2
1780817029,10162.76,6
1780817030,10162.89,9
1780817031,10162.80,0
1780817032,10162.79,9
1780817033,10162.80,0
1780817034,10162.91,1
1780817035,10163.00,0
1780817036,10163.11,1
1780817037,10163.19,9
1780817038,10163.36,6
1780817039,10163.11,1
1780817040,10163.19,9
1780817041,10163.26,6
1780817042,10163.60,0
1780817043,10163.53,3
1780817044,10163.45,5
1780817045,10163.17,7
1780817046,10162.93,3
1780817047,10163.32,2
1780817048,10163.49,9
1780817049,10163.47,7
1780817050,10163.42,2
1780817051,10163.48,8
1780817052,10163.22,2
1780817053,10163.51,1
1780817054,10163.31,1
1780817055,10163.18,8
1780817056,10162.81,1
1780817057,10162.90,0
1780817058,10162.82,2
1780817059,10162.48,8
1780817060,10162.55,5
1780817061,10162.77,7
1780817062,10162.71,1
1780817063,10162.59,9
1780817064,10162.35,5
1780817065,10162.46,6
1780817066,10162.20,0
1780817067,10162.17,7
1780817068,10162.36,6
1780817069,10162.29,9
1780817070,10162.39,9
1780817071,10162.42,2
1780817072,10162.49,9
1780817073,10162.55,5
1780817074,10162.45,5
1780817075,10162.34,4
1780817076,10162.19,9
1780817077,10162.09,9
1780817078,10162.12,2
1780817079,10162.19,9
1780817080,10162.24,4
1780817081,10162.50,0
1780817082,10162.52,2
1780817083,10162.61,1
1780817084,10162.74,4
1780817085,10162.73,3
1780817086,10162.77,7
1780817087,10162.84,4
1780817088,10162.71,1
1780817089,10162.84,4
1780817090,10162.82,2
1780817091,10162.74,4
1780817092,10162.69,9
1780817093,10162.73,3
1780817094,10162.68,8
1780817095,10162.32,2
1780817096,10162.63,3
1780817097,10162.53,3
1780817098,10162.51,1
1780817099,10163.06,6
1780817100,10163.27,7
1780817101,10163.36,6
1780817102,10163.40,0
1780817103,10163.44,4
1780817104,10163.26,6
1780817105,10163.63,3
1780817106,10163.44,4
1780817107,10163.46,6
1780817108,10163.38,8
1780817109,10163.51,1
1780817110,10163.62,2
1780817111,10163.59,9
1780817112,10163.48,8
1780817113,10163.78,8
1780817114,10163.41,1
1780817115,10163.39,9
1780817116,10163.14,4
1780817117,10162.94,4
1780817118,10163.00,0
1780817119,10162.97,7
1780817120,10163.31,1
1780817121,10163.15,5
1780817122,10163.21,1
1780817123,10163.03,3
1780817124,10163.15,5
1780817125,10162.98,8
1780817126,10163.13,3
1780817127,10163.06,6
1780817128,10163.56,6
1780817129,10163.70,0
1780817130,10163.74,4
1780817131,10163.50,0
1780817132,10163.41,1
1780817133,10163.39,9
1780817134,10163.58,8
1780817135,10163.43,3
1780817136,10163.37,7
1780817137,10163.36,6
1780817138,10163.18,8
1780817139,10163.24,4
1780817140,10163.34,4
1780817141,10163.35,5
1780817142,10163.38,8
1780817143,10163.45,5
1780817144,10163.62,2
1780817145,10163.52,2
1780817146,10163.59,9
1780817147,10163.27,7
1780817148,10163.02,2
1780817149,10162.82,2
1780817150,10162.63,3
1780817151,10162.65,5
1780817152,10162.66,6
1780817153,10162.51,1
1780817154,10162.37,7
1780817155,10162.58,8
1780817156,10162.64,4
1780817157,10162.68,8
1780817158,10162.68,8
1780817159,10162.51,1
1780817160,10162.25,5
1780817161,10162.37,7
1780817162,10162.59,9
1780817163,10162.89,9
1780817164,10162.89,9
1780817165,10162.81,1
1780817166,10162.56,6
1780817167,10162.77,7
1780817168,10162.78,8
1780817169,10162.40,0
1780817170,10162.37,7
1780817171,10162.22,2
1780817172,10162.27,7
1780817173,10162.22,2
1780817174,10162.26,6
1780817175,10162.44,4
1780817176,10162.51,1
1780817177,10162.65,5
1780817178,10162.57,7
1780817179,10162.77,7
1780817180,10162.57,7
1780817181,10162.56,6
1780817182,10162.44,4
1780817183,10162.49,9
1780817184,10162.55,5
1780817185,10162.41,1
1780817186,10161.99,9
1780817187,10161.81,1
1780817188,10161.64,4
1780817189,10161.66,6
1780817190,10161.64,4
1780817191,10161.65,5
1780817192,10161.57,7
1780817193,10161.49,9
1780817194,10161.08,8
1780817195,10160.88,8
1780817196,10161.00,0
1780817197,10160.86,6
1780817198,10160.76,6
1780817199,10160.79,9
1780817200,10160.86,6
1780817201,10160.62,2
1780817202,10160.58,8
1780817203,10160.30,0
1780817204,10160.28,8
1780817205,10160.13,3
1780817206,10159.86,6
1780817207,10159.96,6
1780817208,10160.05,5
1780817209,10160.15,5
1780817210,10160.10,0
1780817211,10159.95,5
1780817212,10159.82,2
1780817213,10159.70,0
1780817214,10159.66,6
1780817215,10159.54,4
1780817216,10159.25,5
1780817217,10159.23,3
1780817218,10159.36,6
1780817219,10159.26,6
1780817220,10159.04,4
1780817221,10158.94,4
1780817222,10158.88,8
1780817223,10159.39,9
1780817224,10159.45,5
1780817225,10159.58,8
1780817226,10159.68,8
1780817227,10159.65,5
1780817228,10159.51,1
1780817229,10159.48,8
1780817230,10159.24,4
1780817231,10158.95,5
1780817232,10159.00,0
1780817233,10158.90,0
1780817234,10159.08,8
1780817235,10159.22,2
1780817236,10159.42,2
1780817237,10159.49,9
1780817238,10159.76,6
1780817239,10159.84,4
1780817240,10160.09,9
1780817241,10159.81,1
1780817242,10160.17,7
1780817243,10160.09,9
1780817244,10159.92,2
1780817245,10160.07,7
1780817246,10160.29,9
1780817247,10160.36,6
1780817248,10160.46,6
1780817249,10160.43,3
1780817250,10160.58,8
1780817251,10160.52,2
1780817252,10160.37,7
1780817253,10160.45,5
1780817254,10160.45,5
1780817255,10160.43,3
1780817256,10160.49,9
1780817257,10160.35,5
1780817258,10160.44,4
1780817259,10160.73,3
1780817260,10160.53,3
1780817261,10160.49,9
1780817262,10160.52,2
1780817263,10160.56,6
1780817264,10160.28,8
1780817265,10160.39,9
1780817266,10160.63,3
1780817267,10160.45,5
1780817268,10160.67,7
1780817269,10160.72,2
1780817270,10160.83,3
1780817271,10160.86,6
1780817272,10160.94,4
1780817273,10161.16,6
1780817274,10161.08,8
1780817275,10161.22,2
1780817276,10161.24,4
1780817277,10161.56,6
1780817278,10161.15,5
1780817279,10160.96,6
1780817280,10161.15,5
1780817281,10161.05,5
1780817282,10161.10,0
1780817283,10161.15,5
1780817284,10160.79,9
1780817285,10160.83,3
1780817286,10161.02,2
1780817287,10161.18,8
1780817288,10161.21,1
1780817289,10161.13,3
1780817290,10161.01,1
1780817291,10161.31,1
1780817292,10161.12,2
1780817293,10161.46,6
1780817294,10161.44,4
1780817295,10161.31,1
1780817296,10161.19,9
1780817297,10161.01,1
1780817298,10160.90,0
1780817299,10160.96,6
1780817300,10161.16,6
1780817301,10160.98,8
1780817302,10160.86,6
1780817303,10160.80,0
1780817304,10160.71,1
1780817305,10160.64,4
1780817306,10160.65,5
1780817307,10160.75,5
1780817308,10160.67,7
1780817309,10160.66,6
1780817310,10160.60,0
1780817311,10160.63,3
1780817312,10160.73,3
1780817313,10160.88,8
1780817314,10160.92,2
1780817315,10160.96,6
1780817316,10160.82,2
1780817317,10160.95,5
1780817318,10160.92,2
1780817319,10160.98,8
1780817320,10161.26,6
1780817321,10161.38,8
1780817322,10161.49,9
1780817323,10161.45,5
1780817324,10161.39,9
1780817325,10161.40,0
1780817326,10161.27,7
1780817327,10161.01,1
1780817328,10161.06,6
1780817329,10160.88,8
1780817330,10160.91,1
1780817331,10160.86,6
1780817332,10160.75,5
1780817333,10160.55,5
1780817334,10160.61,1
1780817335,10160.50,0
1780817336,10160.40,0
1780817337,10160.46,6
1780817338,10160.25,5
1780817339,10160.13,3
1780817340,10160.10,0
1780817341,10160.30,0
1780817342,10160.33,3
1780817343,10160.34,4
1780817344,10160.08,8
1780817345,10160.06,6
1780817346,10160.05,5
1780817347,10160.17,7
1780817348,10160.44,4
1780817349,10160.43,3
1780817350,10160.52,2
1780817351,10160.60,0
1780817352,10160.54,4
1780817353,10160.55,5
1780817354,10160.81,1
1780817355,10160.72,2
1780817356,10160.80,0
1780817357,10160.89,9
1780817358,10160.99,9
1780817359,10160.66,6
1780817360,10160.83,3
1780817361,10160.76,6
1780817362,10161.08,8
1780817363,10160.83,3
1780817364,10160.83,3
1780817365,10161.09,9
1780817366,10160.88,8
1780817367,10160.68,8
1780817368,10160.55,5
1780817369,10160.31,1
1780817370,10160.67,7
1780817371,10160.81,1
1780817372,10160.98,8
1780817373,10161.33,3
1780817374,10161.12,2
1780817375,10160.86,6
1780817376,10160.56,6
1780817377,10160.42,2
1780817378,10160.37,7
1780817379,10160.37,7
1780817380,10160.31,1
1780817381,10160.12,2
1780817382,10160.19,9
1780817383,10160.36,6
1780817384,10160.57,7
1780817385,10160.67,7
1780817386,10160.88,8
1780817387,10161.35,5
1780817388,10161.16,6
1780817389,10160.98,8
1780817390,10161.01,1
1780817391,10161.09,9
1780817392,10161.20,0
1780817393,10161.49,9
1780817394,10161.42,2
1780817395,10161.41,1
1780817396,10161.53,3
1780817397,10161.65,5
1780817398,10161.84,4
1780817399,10161.92,2
1780817400,10161.70,0
1780817401,10161.76,6
1780817402,10161.77,7
1780817403,10161.68,8
1780817404,10161.45,5
1780817405,10161.40,0
1780817406,10161.35,5
1780817407,10161.21,1
1780817408,10161.31,1
1780817409,10161.31,1
1780817410,10161.05,5
1780817411,10161.10,0
1780817412,10160.91,1
1780817413,10160.67,7
1780817414,10160.58,8
1780817415,10160.84,4
1780817416,10160.65,5
1780817417,10160.49,9
1780817418,10160.36,6
1780817419,10160.31,1
1780817420,10160.46,6
1780817421,10160.78,8
1780817422,10160.72,2
1780817423,10160.75,5
1780817424,10160.80,0
1780817425,10161.19,9
1780817426,10161.29,9
1780817427,10161.31,1
1780817428,10161.01,1
1780817429,10160.90,0
1780817430,10161.14,4
1780817431,10161.02,2
1780817432,10161.03,3
1780817433,10161.33,3
1780817434,10161.29,9
1780817435,10161.29,9
1780817436,10160.99,9
1780817437,10160.71,1
1780817438,10160.55,5
1780817439,10161.00,0
1780817440,10161.05,5
1780817441,10161.08,8
1780817442,10161.24,4
1780817443,10161.14,4
1780817444,10160.76,6
1780817445,10160.60,0
1780817446,10160.65,5
1780817447,10160.63,3
1780817448,10160.53,3
1780817449,10160.57,7
1780817450,10160.71,1
1780817451,10160.81,1
1780817452,10160.79,9
1780817453,10161.00,0
1780817454,10160.98,8
1780817455,10161.15,5
1780817456,10161.11,1
1780817457,10161.07,7
1780817458,10161.27,7
1780817459,10161.17,7
1780817460,10161.00,0
1780817461,10161.09,9
1780817462,10160.91,1
1780817463,10160.81,1
1780817464,10160.90,0
1780817465,10160.83,3
1780817466,10160.66,6
1780817467,10160.86,6
1780817468,10160.63,3
1780817469,10160.47,7
1780817470,10160.46,6
1780817471,10160.14,4
1780817472,10159.71,1
1780817473,10159.65,5
1780817474,10159.57,7
1780817475,10159.23,3
1780817476,10159.19,9
1780817477,10159.23,3
1780817478,10159.37,7
1780817479,10159.61,1
1780817480,10159.50,0
1780817481,10159.52,2
1780817482,10159.02,2
1780817483,10159.17,7
1780817484,10159.46,6
1780817485,10159.39,9
1780817486,10159.52,2
1780817487,10159.21,1
1780817488,10158.94,4
1780817489,10159.18,8
1780817490,10159.13,3
1780817491,10159.03,3
1780817492,10159.09,9
1780817493,10159.42,2
1780817494,10159.49,9
1780817495,10159.72,2
1780817496,10159.59,9
1780817497,10159.73,3
1780817498,10159.61,1
1780817499,10159.57,7
1780817500,10159.56,6
1780817501,10159.63,3
1780817502,10159.86,6
1780817503,10159.88,8
1780817504,10160.03,3
1780817505,10160.03,3
1780817506,10159.82,2
1780817507,10159.92,2
1780817508,10159.84,4
1780817509,10159.81,1
1780817510,10159.64,4
1780817511,10159.75,5
1780817512,10159.67,7
1780817513,10159.80,0
1780817514,10159.99,9
1780817515,10159.90,0
1780817516,10160.04,4
1780817517,10160.23,3
1780817518,10160.16,6
1780817519,10159.95,5
1780817520,10160.01,1
1780817521,10159.78,8
1780817522,10159.95,5
1780817523,10160.03,3
1780817524,10160.09,9
1780817525,10160.01,1
1780817526,10160.30,0
1780817527,10159.96,6
1780817528,10160.32,2
1780817529,10160.21,1
1780817530,10160.22,2
1780817531,10160.06,6
1780817532,10160.03,3
1780817533,10159.67,7
1780817534,10159.54,4
1780817535,10159.52,2
1780817536,10159.72,2
1780817537,10159.28,8
1780817538,10159.62,2
1780817539,10159.24,4
1780817540,10159.37,7
1780817541,10159.45,5
1780817542,10159.42,2
1780817543,10159.44,4
1780817544,10159.25,5
1780817545,10159.53,3
1780817546,10159.15,5
1780817547,10159.13,3
1780817548,10159.17,7
1780817549,10159.36,6
1780817550,10159.43,3
1780817551,10159.36,6
1780817552,10159.55,5
1780817553,10159.63,3
1780817554,10159.56,6
1780817555,10159.05,5
1780817556,10158.85,5
1780817557,10158.98,8
1780817558,10158.91,1
1780817559,10158.90,0
1780817560,10158.94,4
1780817561,10158.97,7
1780817562,10159.14,4
1780817563,10159.09,9
1780817564,10158.92,2
1780817565,10159.10,0
1780817566,10158.97,7
1780817567,10158.93,3
1780817568,10158.72,2
1780817569,10158.81,1
1780817570,10158.96,6
1780817571,10159.06,6
1780817572,10159.30,0
1780817573,10159.30,0
1780817574,10159.36,6
1780817575,10159.42,2
1780817576,10159.68,8
1780817577,10159.41,1
1780817578,10159.32,2
1780817579,10159.32,2
1780817580,10159.41,1
1780817581,10159.68,8
1780817582,10159.37,7
1780817583,10159.25,5
1780817584,10158.86,6
1780817585,10158.84,4
1780817586,10158.32,2
1780817587,10158.33,3
1780817588,10158.40,0
1780817589,10158.27,7
1780817590,10158.31,1
1780817591,10158.14,4
1780817592,10158.25,5
1780817593,10158.47,7
1780817594,10158.58,8
1780817595,10158.93,3
1780817596,10158.98,8
1780817597,10159.01,1
1780817598,10158.92,2
1780817599,10159.04,4
1780817600,10159.02,2
1780817601,10158.83,3
1780817602,10159.20,0
1780817603,10158.67,7
1780817604,10158.85,5
1780817605,10159.03,3
1780817606,10159.11,1
1780817607,10159.22,2
1780817608,10159.40,0
1780817609,10159.81,1
1780817610,10159.67,7
1780817611,10159.92,2
1780817612,10159.61,1
1780817613,10159.75,5
1780817614,10159.76,6
1780817615,10160.02,2
1780817616,10160.16,6
1780817617,10160.19,9
1780817618,10160.15,5
1780817619,10160.30,0
1780817620,10160.60,0
1780817621,10160.68,8
1780817622,10160.64,4
1780817623,10160.90,0
1780817624,10160.88,8
1780817625,10160.72,2
1780817626,10160.61,1
1780817627,10160.58,8
1780817628,10160.82,2
1780817629,10160.90,0
1780817630,10160.73,3
1780817631,10160.82,2
1780817632,10160.87,7
1780817633,10160.98,8
1780817634,10161.29,9
1780817635,10161.29,9
1780817636,10161.10,0
1780817637,10160.99,9
1780817638,10160.80,0
1780817639,10160.60,0
1780817640,10160.04,4
1780817641,10160.01,1
1780817642,10159.90,0
1780817643,10159.84,4
1780817644,10159.38,8
1780817645,10159.26,6
1780817646,10159.13,3
1780817647,10158.90,0
1780817648,10158.67,7
1780817649,10158.53,3
1780817650,10158.77,7
1780817651,10158.78,8
1780817652,10159.05,5
1780817653,10158.84,4
1780817654,10158.78,8
1780817655,10158.99,9
1780817656,10158.75,5
1780817657,10158.86,6
1780817658,10158.68,8
1780817659,10158.58,8
1780817660,10158.33,3
1780817661,10158.39,9
1780817662,10158.38,8
1780817663,10158.36,6
1780817664,10158.52,2
1780817665,10158.42,2
1780817666,10158.49,9
1780817667,10158.66,6
1780817668,10158.34,4
1780817669,10158.52,2
1780817670,10158.48,8
1780817671,10158.63,3
1780817672,10158.62,2
1780817673,10158.51,1
1780817674,10158.74,4
1780817675,10158.78,8
1780817676,10158.56,6
1780817677,10158.58,8
1780817678,10158.42,2
1780817679,10158.43,3
1780817680,10158.86,6
1780817681,10159.22,2
1780817682,10158.98,8
1780817683,10159.11,1
1780817684,10159.24,4
1780817685,10158.88,8
1780817686,10158.79,9
1780817687,10158.61,1
1780817688,10158.79,9
1780817689,10158.78,8
1780817690,10158.52,2
1780817691,10158.39,9
1780817692,10158.65,5
1780817693,10158.32,2
1780817694,10158.53,3
1780817695,10158.66,6
1780817696,10158.63,3
1780817697,10158.87,7
1780817698,10158.58,8
1780817699,10158.93,3
1780817700,10158.81,1
1780817701,10158.47,7
1780817702,10158.91,1
1780817703,10158.71,1
1780817704,10158.72,2
1780817705,10158.65,5
1780817706,10158.57,7
1780817707,10158.52,2
1780817708,10158.29,9
1780817709,10158.47,7
1780817710,10158.16,6
1780817711,10158.09,9
1780817712,10157.98,8
1780817713,10158.18,8
1780817714,10157.87,7
1780817715,10158.08,8
1780817716,10158.14,4
1780817717,10158.06,6
1780817718,10158.31,1
1780817719,10158.42,2
1780817720,10158.37,7
1780817721,10158.53,3
1780817722,10158.24,4
1780817723,10158.47,7
1780817724,10158.37,7
1780817725,10158.33,3
1780817726,10158.51,1
1780817727,10158.60,0
1780817728,10158.77,7
1780817729,10158.95,5
1780817730,10158.89,9
1780817731,10159.15,5
1780817732,10159.67,7
1780817733,10159.55,5
1780817734,10159.68,8
1780817735,10159.59,9
1780817736,10159.58,8
1780817737,10159.37,7
1780817738,10159.31,1
1780817739,10159.14,4
1780817740,10159.19,9
1780817741,10159.14,4
1780817742,10159.20,0
1780817743,10158.92,2
1780817744,10158.95,5
1780817745,10159.15,5
1780817746,10159.19,9
1780817747,10159.33,3
1780817748,10159.26,6
1780817749,10159.48,8
1780817750,10159.28,8
1780817751,10159.50,0
1780817752,10159.45,5
1780817753,10159.35,5
1780817754,10159.48,8
1780817755,10159.32,2
1780817756,10159.40,0
1780817757,10159.50,0
1780817758,10159.67,7
1780817759,10159.65,5
1780817760,10159.35,5
1780817761,10159.29,9
1780817762,10159.18,8
1780817763,10158.90,0
1780817764,10158.95,5
1780817765,10158.92,2
1780817766,10159.05,5
1780817767,10158.83,3
1780817768,10158.92,2
1780817769,10159.25,5
1780817770,10159.11,1
1780817771,10159.02,2
1780817772,10159.09,9
1780817773,10159.03,3
1780817774,10159.32,2
1780817775,10159.68,8
1780817776,10159.51,1
1780817777,10159.37,7
1780817778,10159.18,8
1780817779,10159.38,8
1780817780,10159.26,6
1780817781,10159.52,2
1780817782,10159.72,2
1780817783,10159.45,5
1780817784,10159.46,6
1780817785,10159.46,6
1780817786,10159.68,8
1780817787,10159.44,4
1780817788,10159.27,7
1780817789,10159.27,7
1780817790,10158.88,8
1780817791,10158.99,9
1780817792,10159.04,4
1780817793,10158.93,3
1780817794,10158.99,9
1780817795,10159.07,7
1780817796,10159.10,0
1780817797,10159.24,4
1780817798,10159.35,5
1780817799,10159.10,0
1780817800,10159.32,2
1780817801,10159.35,5
1780817802,10159.27,7
1780817803,10159.13,3
1780817804,10159.23,3
1780817805,10159.01,1
1780817806,10158.96,6
1780817807,10158.77,7
1780817808,10158.72,2
1780817809,10158.86,6
1780817810,10159.21,1
1780817811,10159.07,7
1780817812,10159.08,8
1780817813,10159.17,7
1780817814,10159.24,4
1780817815,10159.38,8
1780817816,10159.35,5
1780817817,10159.28,8
1780817818,10158.83,3
1780817819,10158.94,4
1780817820,10158.80,0
1780817821,10158.92,2
1780817822,10159.03,3
1780817823,10159.16,6
1780817824,10159.19,9
1780817825,10158.84,4
1780817826,10158.91,1
1780817827,10159.20,0
1780817828,10159.25,5
1780817829,10159.12,2
1780817830,10158.68,8
1780817831,10158.37,7
1780817832,10158.37,7
1780817833,10158.24,4
1780817834,10158.28,8
1780817835,10158.17,7
1780817836,10158.28,8
1780817837,10158.22,2
1780817838,10158.20,0
1780817839,10158.38,8
1780817840,10158.39,9
1780817841,10158.76,6
1780817842,10158.50,0
1780817843,10158.41,1
1780817844,10158.35,5
1780817845,10157.85,5
1780817846,10158.04,4
1780817847,10157.93,3
1780817848,10158.08,8
1780817849,10158.36,6
1780817850,10158.26,6
1780817851,10158.33,3
1780817852,10158.47,7
1780817853,10158.41,1
1780817854,10158.50,0
1780817855,10158.62,2
1780817856,10158.69,9
1780817857,10158.34,4
1780817858,10158.43,3
1780817859,10158.42,2
1780817860,10158.31,1
1780817861,10158.37,7
1780817862,10158.43,3
1780817863,10158.49,9
1780817864,10158.59,9
1780817865,10158.56,6
1780817866,10158.14,4
1780817867,10158.29,9
1780817868,10158.44,4
1780817869,10158.48,8
1780817870,10158.55,5
1780817871,10158.54,4
1780817872,10158.71,1
1780817873,10158.60,0
1780817874,10158.35,5
1780817875,10158.15,5
1780817876,10158.35,5
1780817877,10158.31,1
1780817878,10158.06,6
1780817879,10158.10,0
1780817880,10158.03,3
1780817881,10158.04,4
1780817882,10157.93,3
1780817883,10157.83,3
1780817884,10157.78,8
1780817885,10157.85,5
1780817886,10157.84,4
1780817887,10157.59,9
1780817888,10157.76,6
1780817889,10157.62,2
1780817890,10157.47,7
1780817891,10157.57,7
1780817892,10157.48,8
1780817893,10157.58,8
1780817894,10157.43,3
1780817895,10157.61,1
1780817896,10157.75,5
1780817897,10157.71,1
1780817898,10157.73,3
1780817899,10157.80,0
1780817900,10157.93,3
1780817901,10157.60,0
1780817902,10157.71,1
1780817903,10157.67,7
1780817904,10157.60,0
1780817905,10157.87,7
1780817906,10158.03,3
1780817907,10157.82,2
1780817908,10157.70,0
1780817909,10157.26,6
1780817910,10156.96,6
1780817911,10156.82,2
1780817912,10156.97,7
1780817913,10157.03,3
1780817914,10157.12,2
1780817915,10157.22,2
1780817916,10157.10,0
1780817917,10157.16,6
1780817918,10157.00,0
1780817919,10156.70,0
1780817920,10156.76,6
1780817921,10156.76,6
1780817922,10157.02,2
1780817923,10156.81,1
1780817924,10156.85,5
1780817925,10156.63,3
1780817926,10156.79,9
1780817927,10156.83,3
1780817928,10156.90,0
1780817929,10156.94,4
1780817930,10156.70,0
1780817931,10156.62,2
1780817932,10156.59,9
1780817933,10156.56,6
1780817934,10156.74,4
1780817935,10156.71,1
1780817936,10156.52,2
1780817937,10156.52,2
1780817938,10156.80,0
1780817939,10156.92,2
1780817940,10156.70,0
1780817941,10156.70,0
1780817942,10156.96,6
1780817943,10157.02,2
1780817944,10157.33,3
1780817945,10157.37,7
1780817946,10157.32,2
1780817947,10157.05,5
1780817948,10157.12,2
1780817949,10157.12,2
1780817950,10156.99,9
1780817951,10157.36,6
1780817952,10157.17,7
1780817953,10157.21,1
1780817954,10157.17,7
1780817955,10157.29,9
1780817956,10157.25,5
1780817957,10157.44,4
1780817958,10157.46,6
1780817959,10157.25,5
1780817960,10157.51,1
1780817961,10157.55,5
1780817962,10157.84,4
1780817963,10157.44,4
1780817964,10157.53,3
1780817965,10157.63,3
1780817966,10157.76,6
1780817967,10157.52,2
1780817968,10157.44,4
1780817969,10157.42,2
1780817970,10157.02,2
1780817971,10157.11,1
1780817972,10157.25,5
1780817973,10157.28,8
1780817974,10157.46,6
1780817975,10157.54,4
1780817976,10157.20,0
1780817977,10156.84,4
1780817978,10157.01,1
1780817979,10156.91,1
1780817980,10157.08,8
1780817981,10156.97,7
1780817982,10157.00,0
1780817983,10156.92,2
1780817984,10156.79,9
1780817985,10156.93,3
1780817986,10156.89,9
1780817987,10156.83,3
1780817988,10156.86,6
1780817989,10156.58,8
1780817990,10156.56,6
1780817991,10156.30,0
1780817992,10156.24,4
1780817993,10155.97,7
1780817994,10156.19,9
1780817995,10155.94,4
1780817996,10155.66,6
1780817997,10155.50,0
1780817998,10155.39,9
1780817999,10155.52,2
1780818000,10155.89,9
1780818001,10156.09,9
1780818002,10156.07,7
1780818003,10156.00,0
1780818004,10155.90,0
1780818005,10155.54,4
1780818006,10155.68,8
1780818007,10155.35,5
1780818008,10155.40,0
1780818009,10155.20,0
1780818010,10155.22,2
1780818011,10155.49,9
1780818012,10155.57,7
1780818013,10155.68,8
1780818014,10155.63,3
1780818015,10155.69,9
1780818016,10155.95,5
1780818017,10155.78,8
1780818018,10155.91,1
1780818019,10155.58,8
1780818020,10155.66,6
1780818021,10155.43,3
1780818022,10155.08,8
1780818023,10154.94,4
1780818024,10154.86,6
1780818025,10154.91,1
1780818026,10154.96,6
1780818027,10154.96,6
1780818028,10154.90,0
1780818029,10155.02,2
1780818030,10155.44,4
1780818031,10155.32,2
1780818032,10154.99,9
1780818033,10155.10,0
1780818034,10155.08,8
1780818035,10154.85,5
1780818036,10154.82,2
1780818037,10154.77,7
1780818038,10154.68,8
1780818039,10154.88,8
1780818040,10154.75,5
1780818041,10154.67,7
1780818042,10154.55,5
1780818043,10154.43,3
1780818044,10154.04,4
1780818045,10153.97,7
1780818046,10153.82,2
1780818047,10153.70,0
1780818048,10153.50,0
1780818049,10153.34,4
1780818050,10153.22,2
1780818051,10153.07,7
1780818052,10153.27,7
1780818053,10153.48,8
1780818054,10153.13,3
1780818055,10153.17,7
1780818056,10153.38,8
1780818057,10153.85,5
1780818058,10154.14,4
1780818059,10154.20,0
1780818060,10154.25,5
1780818061,10154.23,3
1780818062,10154.14,4
1780818063,10154.17,7
1780818064,10154.17,7
1780818065,10154.08,8
1780818066,10154.26,6
1780818067,10154.40,0
1780818068,10154.13,3
1780818069,10153.92,2
1780818070,10153.68,8
1780818071,10153.50,0
1780818072,10153.47,7
1780818073,10153.32,2
1780818074,10153.22,2
1780818075,10153.27,7
1780818076,10153.10,0
1780818077,10153.06,6
1780818078,10153.20,0
1780818079,10153.12,2
1780818080,10152.82,2
1780818081,10152.91,1
1780818082,10153.07,7
1780818083,10153.00,0
1780818084,10152.97,7
1780818085,10152.95,5
1780818086,10153.19,9
1780818087,10153.16,6
1780818088,10152.94,4
1780818089,10152.86,6
1780818090,10152.53,3
1780818091,10152.45,5
1780818092,10152.40,0
1780818093,10152.51,1
1780818094,10152.71,1
1780818095,10152.59,9
1780818096,10152.56,6
1780818097,10152.45,5
1780818098,10152.37,7
1780818099,10151.75,5
1780818100,10151.86,6
1780818101,10151.74,4
1780818102,10151.50,0
1780818103,10151.20,0
1780818104,10151.16,6
1780818105,10151.19,9
1780818106,10151.42,2
1780818107,10151.47,7
1780818108,10150.91,1
1780818109,10150.96,6
1780818110,10150.76,6
1780818111,10150.83,3
1780818112,10150.89,9
1780818113,10150.85,5
1780818114,10150.87,7
1780818115,10150.94,4
1780818116,10151.06,6
1780818117,10151.43,3
1780818118,10151.46,6
1780818119,10151.73,3
1780818120,10151.98,8
1780818121,10152.02,2
1780818122,10151.93,3
1780818123,10151.76,6
1780818124,10152.02,2
1780818125,10151.95,5
1780818126,10151.75,5
1780818127,10151.78,8
1780818128,10151.67,7
1780818129,10151.58,8
1780818130,10151.57,7
1780818131,10151.55,5
1780818132,10151.31,1
1780818133,10151.47,7
1780818134,10151.12,2
1780818135,10151.29,9
1780818136,10151.24,4
1780818137,10151.18,8
1780818138,10151.31,1
1780818139,10150.98,8
1780818140,10151.35,5
1780818141,10151.12,2
1780818142,10151.27,7
1780818143,10151.36,6
1780818144,10151.44,4
1780818145,10151.71,1
1780818146,10151.48,8
1780818147,10151.23,3
1780818148,10151.11,1
1780818149,10151.00,0
1780818150,10151.33,3
1780818151,10151.65,5
1780818152,10151.43,3
1780818153,10151.30,0
1780818154,10151.36,6
1780818155,10151.57,7
1780818156,10151.64,4
1780818157,10151.39,9
1780818158,10151.38,8
1780818159,10151.46,6
1780818160,10151.65,5
1780818161,10151.51,1
1780818162,10151.44,4
1780818163,10151.43,3
1780818164,10151.39,9
1780818165,10151.39,9
1780818166,10151.18,8
1780818167,10151.17,7
1780818168,10151.01,1
1780818169,10150.81,1
1780818170,10150.94,4
1780818171,10151.25,5
1780818172,10150.87,7
1780818173,10151.00,0
1780818174,10150.93,3
1780818175,10150.85,5
1780818176,10150.77,7
1780818177,10150.96,6
1780818178,10150.76,6
1780818179,10150.88,8
1780818180,10150.89,9
1780818181,10151.32,2
1780818182,10151.29,9
1780818183,10151.51,1
1780818184,10151.83,3
1780818185,10151.38,8
1780818186,10151.43,3
1780818187,10151.51,1
1780818188,10151.48,8
1780818189,10151.53,3
1780818190,10151.94,4
1780818191,10151.86,6
1780818192,10152.25,5
1780818193,10152.10,0
1780818194,10152.38,8
1780818195,10152.50,0
1780818196,10152.32,2
1780818197,10152.18,8
1780818198,10152.32,2
1780818199,10152.15,5
1780818200,10152.09,9
1780818201,10152.13,3
1780818202,10152.25,5
1780818203,10152.44,4
1780818204,10152.50,0
1780818205,10152.50,0
1780818206,10152.19,9
1780818207,10152.16,6
1780818208,10152.31,1
1780818209,10152.43,3
1780818210,10152.21,1
1780818211,10152.23,3
1780818212,10151.88,8
1780818213,10151.97,7
1780818214,10151.93,3
1780818215,10152.04,4
1780818216,10151.85,5
1780818217,10151.82,2
1780818218,10151.45,5
1780818219,10151.15,5
1780818220,10151.12,2
1780818221,10151.27,7
1780818222,10151.27,7
1780818223,10151.26,6
1780818224,10151.30,0
1780818225,10151.11,1
1780818226,10151.21,1
1780818227,10151.21,1
1780818228,10151.14,4
1780818229,10151.17,7
1780818230,10151.45,5
1780818231,10151.29,9
1780818232,10150.93,3
1780818233,10150.66,6
1780818234,10150.73,3
1780818235,10150.83,3
1780818236,10150.50,0
1780818237,10150.45,5
1780818238,10150.12,2
1780818239,10150.20,0
1780818240,10150.22,2
1780818241,10150.54,4
1780818242,10150.63,3
1780818243,10150.63,3
1780818244,10150.50,0
1780818245,10150.93,3
1780818246,10150.91,1
1780818247,10150.96,6
1780818248,10150.99,9
1780818249,10150.84,4
1780818250,10151.12,2
1780818251,10151.37,7
1780818252,10151.60,0
1780818253,10151.40,0
1780818254,10151.18,8
1780818255,10150.96,6
1780818256,10150.77,7
1780818257,10150.54,4
1780818258,10150.50,0
1780818259,10150.18,8
1780818260,10149.92,2
1780818261,10150.21,1
1780818262,10150.07,7
1780818263,10150.08,8
1780818264,10150.01,1
1780818265,10149.56,6
1780818266,10149.37,7
1780818267,10149.35,5
1780818268,10149.30,0
1780818269,10149.45,5
1780818270,10149.33,3
1780818271,10149.17,7
1780818272,10148.95,5
1780818273,10148.85,5
1780818274,10148.90,0
1780818275,10148.85,5
1780818276,10148.88,8
1780818277,10149.12,2
1780818278,10149.37,7
1780818279,10149.28,8
1780818280,10149.54,4
1780818281,10149.56,6
1780818282,10149.48,8
1780818283,10149.72,2
1780818284,10149.74,4
1780818285,10149.72,2
1780818286,10149.81,1
1780818287,10149.83,3
1780818288,10149.66,6
1780818289,10149.66,6
1780818290,10149.71,1
1780818291,10149.65,5
1780818292,10149.60,0
1780818293,10149.65,5
1780818294,10149.87,7
1780818295,10150.19,9
1780818296,10149.89,9
1780818297,10149.55,5
1780818298,10149.22,2
1780818299,10148.92,2
1780818300,10148.73,3
1780818301,10148.57,7
1780818302,10148.76,6
1780818303,10149.07,7
1780818304,10148.89,9
1780818305,10148.77,7
1780818306,10148.67,7
1780818307,10148.84,4
1780818308,10148.92,2
1780818309,10148.87,7
1780818310,10148.95,5
1780818311,10149.10,0
1780818312,10149.13,3
1780818313,10149.20,0
1780818314,10149.33,3
1780818315,10149.17,7
1780818316,10149.14,4
1780818317,10149.24,4
1780818318,10149.40,0
1780818319,10149.12,2
1780818320,10149.40,0
1780818321,10149.73,3
1780818322,10149.83,3
1780818323,10149.88,8
1780818324,10149.84,4
1780818325,10149.73,3
1780818326,10149.52,2
1780818327,10149.78,8
1780818328,10149.84,4
1780818329,10149.76,6
1780818330,10149.92,2
1780818331,10150.16,6
1780818332,10150.21,1
1780818333,10150.42,2
1780818334,10150.43,3
1780818335,10150.12,2
1780818336,10150.40,0
1780818337,10150.38,8
1780818338,10150.39,9
1780818339,10150.34,4
1780818340,10150.42,2
1780818341,10150.44,4
1780818342,10150.40,0
1780818343,10150.54,4
1780818344,10150.55,5
1780818345,10150.56,6
1780818346,10150.76,6
1780818347,10150.60,0
1780818348,10150.47,7
1780818349,10150.43,3
1780818350,10150.15,5
1780818351,10149.90,0
1780818352,10150.03,3
1780818353,10150.05,5
1780818354,10149.97,7
1780818355,10150.05,5
1780818356,10150.31,1
1780818357,10150.37,7
1780818358,10150.42,2
1780818359,10150.62,2
1780818360,10150.91,1
1780818361,10150.77,7
1780818362,10150.72,2
1780818363,10150.80,0
1780818364,10150.90,0
1780818365,10151.06,6
1780818366,10150.94,4
1780818367,10150.95,5
1780818368,10150.80,0
1780818369,10150.89,9
1780818370,10151.02,2
1780818371,10150.83,3
1780818372,10150.88,8
1780818373,10150.78,8
1780818374,10150.66,6
1780818375,10150.49,9
1780818376,10150.52,2
1780818377,10150.75,5
1780818378,10150.64,4
1780818379,10150.62,2
1780818380,10150.29,9
1780818381,10150.02,2
1780818382,10150.01,1
1780818383,10150.18,8
1780818384,10150.67,7
1780818385,10150.68,8
1780818386,10150.51,1
1780818387,10150.36,6
1780818388,10149.98,8
1780818389,10149.93,3
1780818390,10150.11,1
1780818391,10150.48,8
1780818392,10150.34,4
1780818393,10150.23,3
1780818394,10150.21,1
1780818395,10150.26,6
1780818396,10150.29,9
1780818397,10150.41,1
1780818398,10150.43,3
1780818399,10150.08,8
1780818400,10149.88,8
1780818401,10150.17,7
1780818402,10150.49,9
1780818403,10150.32,2
1780818404,10150.37,7
1780818405,10150.55,5
1780818406,10150.39,9
1780818407,10150.48,8
1780818408,10150.45,5
1780818409,10150.47,7
1780818410,10150.43,3
1780818411,10150.10,0
1780818412,10150.20,0
1780818413,10150.24,4
1780818414,10150.54,4
1780818415,10150.47,7
1780818416,10150.48,8
1780818417,10150.32,2
1780818418,10150.20,0
1780818419,10149.83,3
1780818420,10149.92,2
1780818421,10149.93,3
1780818422,10150.18,8
1780818423,10150.21,1
1780818424,10150.23,3
1780818425,10150.10,0
1780818426,10150.09,9
1780818427,10150.40,0
1780818428,10149.97,7
1780818429,10150.06,6
1780818430,10150.07,7
1780818431,10150.10,0
1780818432,10149.64,4
1780818433,10149.76,6
1780818434,10149.64,4
1780818435,10149.53,3
1780818436,10149.87,7
1780818437,10149.71,1
1780818438,10149.74,4
1780818439,10149.89,9
1780818440,10150.21,1
1780818441,10150.07,7
1780818442,10150.14,4
1780818443,10150.21,1
1780818444,10150.64,4
1780818445,10150.47,7
1780818446,10150.61,1
1780818447,10150.39,9
1780818448,10150.44,4
1780818449,10150.47,7
1780818450,10150.37,7
1780818451,10150.34,4
1780818452,10150.71,1
1780818453,10151.01,1
1780818454,10151.15,5
1780818455,10151.31,1
1780818456,10151.26,6
1780818457,10151.59,9
1780818458,10151.89,9
1780818459,10151.67,7
1780818460,10151.80,0
1780818461,10151.19,9
1780818462,10151.15,5
1780818463,10151.32,2
1780818464,10151.24,4
1780818465,10151.09,9
1780818466,10151.11,1
1780818467,10151.27,7
1780818468,10151.66,6
1780818469,10151.75,5
1780818470,10152.10,0
1780818471,10152.13,3
1780818472,10152.03,3
1780818473,10151.92,2
1780818474,10151.94,4
1780818475,10152.01,1
1780818476,10152.03,3
1780818477,10151.98,8
1780818478,10151.89,9
1780818479,10151.98,8
1780818480,10152.10,0
1780818481,10152.18,8
1780818482,10152.02,2
1780818483,10152.15,5
1780818484,10152.16,6
1780818485,10152.27,7
1780818486,10152.14,4
1780818487,10152.11,1
1780818488,10152.12,2
1780818489,10152.27,7
1780818490,10151.81,1
1780818491,10151.45,5
1780818492,10151.41,1
1780818493,10151.42,2
1780818494,10151.08,8
1780818495,10150.92,2
1780818496,10150.87,7
1780818497,10150.52,2
1780818498,10150.56,6
1780818499,10150.55,5
1780818500,10150.35,5
1780818501,10150.08,8
1780818502,10150.32,2
1780818503,10150.49,9
1780818504,10150.46,6
1780818505,10150.53,3
1780818506,10150.47,7
1780818507,10150.37,7
1780818508,10150.59,9
1780818509,10150.47,7
1780818510,10150.40,0
1780818511,10150.27,7
1780818512,10150.07,7
1780818513,10150.09,9
1780818514,10150.10,0
1780818515,10150.25,5
1780818516,10149.92,2
1780818517,10149.94,4
1780818518,10150.19,9
1780818519,10150.23,3
1780818520,10150.09,9
1780818521,10150.43,3
1780818522,10150.41,1
1780818523,10150.64,4
1780818524,10150.68,8
1780818525,10150.68,8
1780818526,10150.71,1
1780818527,10150.66,6
1780818528,10150.63,3
1780818529,10150.46,6
1780818530,10150.87,7
1780818531,10150.72,2
1780818532,10150.58,8
1780818533,10150.85,5
1780818534,10150.68,8
1780818535,10150.89,9
1780818536,10151.15,5
1780818537,10150.99,9
1780818538,10151.15,5
1780818539,10151.20,0
1780818540,10151.17,7
1780818541,10150.89,9
1780818542,10151.01,1
1780818543,10151.14,4
1780818544,10151.33,3
1780818545,10151.01,1
1780818546,10151.02,2
1780818547,10150.95,5
1780818548,10150.92,2
1780818549,10150.92,2
1780818550,10150.91,1
1780818551,10150.82,2
1780818552,10151.05,5
1780818553,10151.02,2
1780818554,10150.88,8
1780818555,10150.70,0
1780818556,10150.48,8
1780818557,10150.35,5
1780818558,10150.37,7
1780818559,10150.48,8
1780818560,10150.34,4
1780818561,10150.71,1
1780818562,10150.64,4
1780818563,10150.43,3
1780818564,10150.50,0
1780818565,10150.49,9
1780818566,10150.64,4
1780818567,10150.68,8
1780818568,10150.73,3
1780818569,10150.61,1
1780818570,10150.62,2
1780818571,10150.46,6
1780818572,10150.68,8
1780818573,10150.56,6
1780818574,10150.41,1
1780818575,10150.26,6
1780818576,10150.38,8
1780818577,10150.28,8
1780818578,10150.15,5
1780818579,10149.84,4
1780818580,10149.82,2
1780818581,10150.12,2
1780818582,10150.02,2
1780818583,10150.06,6
1780818584,10150.07,7
1780818585,10149.95,5
1780818586,10150.20,0
1780818587,10150.18,8
1780818588,10150.19,9
1780818589,10149.80,0
1780818590,10149.75,5
1780818591,10149.89,9
1780818592,10149.85,5
1780818593,10149.64,4
1780818594,10149.55,5
1780818595,10149.60,0
1780818596,10149.80,0
1780818597,10149.71,1
1780818598,10149.67,7
1780818599,10149.83,3
1780818600,10149.64,4
1780818601,10149.83,3
1780818602,10149.78,8
1780818603,10149.58,8
1780818604,10149.48,8
1780818605,10149.41,1
1780818606,10149.44,4
1780818607,10149.59,9
1780818608,10149.68,8
1780818609,10149.78,8
1780818610,10149.82,2
1780818611,10149.63,3
1780818612,10149.62,2
1780818613,10149.51,1
1780818614,10149.86,6
1780818615,10149.94,4
1780818616,10150.13,3
1780818617,10150.32,2
1780818618,10150.47,7
1780818619,10150.68,8
1780818620,10150.85,5
1780818621,10150.65,5
1780818622,10150.39,9
1780818623,10150.26,6
1780818624,10150.00,0
1780818625,10149.90,0
1780818626,10149.96,6
1780818627,10149.86,6
1780818628,10149.88,8
1780818629,10149.68,8
1780818630,10149.67,7
1780818631,10149.90,0
1780818632,10149.97,7
1780818633,10149.92,2
1780818634,10149.84,4
1780818635,10149.89,9
1780818636,10149.66,6
1780818637,10149.75,5
1780818638,10149.57,7
1780818639,10149.55,5
1780818640,10149.66,6
1780818641,10149.42,2
1780818642,10149.39,9
1780818643,10149.20,0
1780818644,10149.06,6
1780818645,10148.98,8
1780818646,10149.39,9
1780818647,10149.21,1
1780818648,10149.29,9
1780818649,10149.40,0
1780818650,10149.41,1
1780818651,10149.13,3
1780818652,10149.00,0
1780818653,10149.19,9
1780818654,10149.42,2
1780818655,10149.43,3
1780818656,10149.49,9
1780818657,10149.80,0
1780818658,10149.77,7
1780818659,10149.46,6
1780818660,10149.67,7
1780818661,10149.63,3
1780818662,10149.51,1
1780818663,10149.47,7
1780818664,10149.67,7
1780818665,10149.70,0
1780818666,10149.87,7
1780818667,10149.88,8
1780818668,10149.92,2
1780818669,10150.11,1
1780818670,10149.92,2
1780818671,10149.70,0
1780818672,10149.43,3
1780818673,10149.33,3
1780818674,10149.25,5
1780818675,10149.28,8
1780818676,10149.53,3
1780818677,10149.47,7
1780818678,10149.37,7
1780818679,10149.44,4
1780818680,10149.31,1
1780818681,10149.54,4
1780818682,10149.66,6
1780818683,10149.66,6
1780818684,10149.83,3
1780818685,10149.67,7
1780818686,10150.05,5
1780818687,10150.17,7
1780818688,10150.02,2
1780818689,10150.30,0
1780818690,10150.13,3
1780818691,10150.18,8
1780818692,10150.18,8
1780818693,10149.89,9
1780818694,10149.86,6
1780818695,10149.98,8
1780818696,10150.00,0
1780818697,10150.09,9
1780818698,10150.34,4
1780818699,10150.44,4
1780818700,10150.52,2
1780818701,10150.41,1
1780818702,10150.57,7
1780818703,10150.57,7
1780818704,10150.51,1
1780818705,10150.46,6
1780818706,10150.69,9
1780818707,10150.67,7
1780818708,10150.89,9
1780818709,10150.55,5
1780818710,10150.41,1
1780818711,10150.38,8
1780818712,10150.76,6
1780818713,10150.56,6
1780818714,10151.02,2
1780818715,10151.25,5
1780818716,10151.26,6
1780818717,10151.19,9
1780818718,10151.27,7
1780818719,10151.21,1
1780818720,10151.29,9
1780818721,10151.12,2
1780818722,10151.09,9
1780818723,10151.05,5
1780818724,10151.04,4
1780818725,10151.24,4
1780818726,10151.30,0
1780818727,10151.69,9
1780818728,10151.49,9
1780818729,10151.32,2
1780818730,10151.01,1
1780818731,10150.79,9
1780818732,10150.79,9
1780818733,10150.95,5
1780818734,10150.99,9
1780818735,10151.09,9
1780818736,10151.06,6
1780818737,10151.20,0
1780818738,10151.48,8
1780818739,10151.82,2
1780818740,10151.72,2
1780818741,10151.65,5
1780818742,10151.86,6
1780818743,10151.78,8
1780818744,10151.67,7
1780818745,10151.58,8
1780818746,10151.41,1
1780818747,10151.28,8
1780818748,10151.21,1
1780818749,10151.35,5
1780818750,10151.81,1
1780818751,10152.30,0
1780818752,10152.23,3
1780818753,10152.20,0
1780818754,10152.21,1
1780818755,10152.00,0
1780818756,10152.04,4
1780818757,10152.26,6
1780818758,10151.95,5
1780818759,10152.07,7
1780818760,10152.11,1
1780818761,10151.75,5
1780818762,10151.41,1
1780818763,10151.26,6
1780818764,10151.28,8
1780818765,10151.24,4
1780818766,10151.32,2
1780818767,10151.52,2
1780818768,10151.34,4
1780818769,10151.48,8
1780818770,10151.58,8
1780818771,10151.41,1
1780818772,10151.09,9
1780818773,10151.20,0
1780818774,10151.38,8
1780818775,10151.57,7
1780818776,10151.80,0
1780818777,10151.85,5
1780818778,10151.93,3
1780818779,10152.07,7
1780818780,10151.93,3
1780818781,10152.17,7
1780818782,10152.26,6
1780818783,10152.46,6
1780818784,10152.53,3
1780818785,10151.83,3
1780818786,10151.88,8
1780818787,10151.55,5
1780818788,10151.60,0
1780818789,10151.81,1
1780818790,10151.59,9
1780818791,10151.49,9
1780818792,10151.21,1
1780818793,10151.36,6
1780818794,10151.21,1
1780818795,10151.11,1
1780818796,10151.01,1
1780818797,10150.93,3
1780818798,10150.72,2
1780818799,10150.61,1
1780818800,10150.66,6
1780818801,10150.78,8
1780818802,10150.89,9
1780818803,10150.91,1
1780818804,10150.87,7
1780818805,10150.98,8
1780818806,10150.82,2
1780818807,10151.17,7
1780818808,10151.23,3
1780818809,10151.42,2
1780818810,10151.51,1
1780818811,10151.31,1
1780818812,10151.32,2
1780818813,10151.25,5
1780818814,10150.95,5
1780818815,10150.71,1
1780818816,10150.67,7
1780818817,10150.67,7
1780818818,10150.47,7
1780818819,10150.32,2
1780818820,10150.09,9
1780818821,10149.88,8
1780818822,10149.82,2
1780818823,10150.24,4
1780818824,10150.11,1
1780818825,10150.46,6
1780818826,10150.77,7
1780818827,10150.70,0
1780818828,10150.74,4
1780818829,10150.55,5
1780818830,10150.42,2
1780818831,10150.34,4
1780818832,10150.19,9
1780818833,10150.54,4
1780818834,10150.68,8
1780818835,10150.74,4
1780818836,10150.89,9
1780818837,10151.05,5
1780818838,10150.89,9
1780818839,10150.85,5
1780818840,10150.70,0
1780818841,10150.66,6
1780818842,10150.50,0
1780818843,10150.79,9
1780818844,10151.01,1
1780818845,10150.97,7
1780818846,10151.09,9
1780818847,10150.98,8
1780818848,10151.32,2
1780818849,10151.43,3
1780818850,10151.35,5
1780818851,10151.42,2
1780818852,10151.29,9
1780818853,10151.18,8
1780818854,10150.99,9
1780818855,10151.34,4
1780818856,10151.15,5
1780818857,10151.20,0
1780818858,10150.83,3
1780818859,10150.89,9
1780818860,10151.02,2
1780818861,10151.03,3
1780818862,10151.02,2
1780818863,10151.10,0
1780818864,10151.11,1
1780818865,10151.09,9
1780818866,10150.88,8
1780818867,10150.78,8
1780818868,10150.61,1
1780818869,10150.71,1
1780818870,10150.79,9
1780818871,10150.77,7
1780818872,10150.80,0
1780818873,10150.78,8
1780818874,10150.46,6
1780818875,10150.62,2
1780818876,10150.70,0
1780818877,10150.55,5
1780818878,10150.60,0
1780818879,10150.54,4
1780818880,10150.16,6
1780818881,10150.10,0
1780818882,10150.11,1
1780818883,10150.12,2
1780818884,10150.08,8
1780818885,10149.98,8
1780818886,10149.58,8
1780818887,10149.48,8
1780818888,10149.56,6
1780818889,10149.42,2
1780818890,10149.79,9
1780818891,10149.52,2
1780818892,10149.71,1
1780818893,10149.71,1
1780818894,10149.62,2
1780818895,10149.65,5
1780818896,10149.45,5
1780818897,10149.52,2
1780818898,10149.67,7
1780818899,10149.59,9
1780818900,10149.63,3
1780818901,10149.68,8
1780818902,10149.70,0
1780818903,10149.85,5
1780818904,10149.84,4
1780818905,10150.07,7
1780818906,10150.16,6
1780818907,10150.01,1
1780818908,10150.08,8
1780818909,10150.04,4
1780818910,10149.94,4
1780818911,10150.38,8
1780818912,10150.72,2
1780818913,10150.80,0
1780818914,10150.75,5
1780818915,10150.51,1
1780818916,10150.18,8
1780818917,10150.31,1
1780818918,10150.23,3
1780818919,10150.34,4
1780818920,10150.31,1
1780818921,10150.05,5
1780818922,10149.95,5
1780818923,10149.78,8
1780818924,10149.83,3
1780818925,10149.80,0
1780818926,10150.04,4
1780818927,10149.97,7
1780818928,10149.78,8
1780818929,10149.67,7
1780818930,10149.52,2
1780818931,10149.19,9
1780818932,10149.35,5
1780818933,10149.63,3
1780818934,10149.20,0
1780818935,10149.26,6
1780818936,10149.21,1
1780818937,10149.39,9
1780818938,10149.55,5
1780818939,10149.71,1
1780818940,10149.54,4
1780818941,10149.63,3
1780818942,10149.69,9
1780818943,10149.63,3
1780818944,10149.49,9
1780818945,10149.61,1
1780818946,10149.59,9
1780818947,10149.59,9
1780818948,10149.80,0
1780818949,10149.46,6
1780818950,10149.44,4
1780818951,10149.43,3
1780818952,10149.30,0
1780818953,10149.14,4
1780818954,10149.12,2
1780818955,10149.24,4
1780818956,10149.07,7
1780818957,10148.83,3
1780818958,10149.03,3
1780818959,10148.72,2
1780818960,10148.59,9
1780818961,10148.67,7
1780818962,10148.37,7
1780818963,10148.45,5
1780818964,10148.49,9
1780818965,10148.45,5
1780818966,10148.38,8
1780818967,10148.31,1
1780818968,10148.36,6
1780818969,10148.49,9
1780818970,10148.47,7
1780818971,10148.45,5
1780818972,10148.37,7
1780818973,10148.37,7
1780818974,10148.23,3
1780818975,10148.16,6
1780818976,10148.26,6
1780818977,10148.27,7
1780818978,10148.38,8
1780818979,10148.65,5
1780818980,10148.57,7
1780818981,10148.54,4
1780818982,10148.25,5
1780818983,10148.07,7
1780818984,10147.85,5
1780818985,10148.00,0
1780818986,10147.63,3
1780818987,10147.91,1
1780818988,10147.85,5
1780818989,10147.92,2
1780818990,10147.77,7
1780818991,10147.84,4
1780818992,10147.80,0
1780818993,10147.90,0
1780818994,10147.97,7
1780818995,10147.65,5
1780818996,10147.80,0
1780818997,10147.99,9
1780818998,10147.86,6
1780818999,10148.00,0
1780819000,10148.00,0
1780819001,10148.08,8
1780819002,10148.14,4
1780819003,10147.96,6
1780819004,10148.43,3
1780819005,10148.47,7
1780819006,10148.40,0
1780819007,10148.33,3
1780819008,10148.30,0
1780819009,10148.32,2
1780819010,10148.57,7
1780819011,10148.44,4
1780819012,10148.43,3
1780819013,10148.58,8
1780819014,10148.88,8
1780819015,10148.67,7
1780819016,10148.87,7
1780819017,10149.16,6
1780819018,10148.95,5
1780819019,10149.13,3
1780819020,10149.11,1
1780819021,10148.95,5
1780819022,10149.03,3
1780819023,10148.97,7
1780819024,10149.03,3
1780819025,10149.13,3
1780819026,10149.09,9
1780819027,10149.22,2
1780819028,10149.63,3
1780819029,10149.63,3
1780819030,10149.34,4
1780819031,10149.47,7
1780819032,10149.78,8
1780819033,10149.57,7
1780819034,10149.14,4
1780819035,10149.35,5
1780819036,10148.97,7
1780819037,10148.93,3
1780819038,10149.14,4
1780819039,10149.08,8
1780819040,10149.18,8
1780819041,10149.29,9
1780819042,10149.00,0
1780819043,10148.66,6
1780819044,10148.36,6
1780819045,10148.23,3
1780819046,10148.64,4
1780819047,10148.51,1
1780819048,10148.43,3
1780819049,10148.63,3
1780819050,10148.67,7
1780819051,10148.65,5
1780819052,10148.86,6
1780819053,10149.19,9
1780819054,10149.31,1
1780819055,10149.67,7
1780819056,10149.63,3
1780819057,10149.66,6
1780819058,10149.51,1
1780819059,10149.27,7
1780819060,10149.51,1
1780819061,10149.15,5
1780819062,10149.01,1
1780819063,10149.15,5
1780819064,10149.15,5
1780819065,10149.20,0
1780819066,10149.02,2
1780819067,10149.21,1
1780819068,10149.10,0
1780819069,10149.42,2
1780819070,10149.29,9
1780819071,10149.36,6
1780819072,10149.24,4
1780819073,10148.78,8
1780819074,10148.79,9
1780819075,10148.93,3
1780819076,10148.90,0
1780819077,10148.88,8
1780819078,10148.72,2
1780819079,10148.92,2
1780819080,10148.68,8
1780819081,10148.69,9
1780819082,10148.89,9
1780819083,10149.22,2
1780819084,10149.35,5
1780819085,10149.70,0
1780819086,10149.49,9
1780819087,10149.79,9
1780819088,10149.79,9
1780819089,10149.76,6
1780819090,10149.27,7
1780819091,10149.35,5
1780819092,10148.88,8
1780819093,10149.02,2
1780819094,10149.02,2
1780819095,10148.97,7
1780819096,10148.65,5
1780819097,10148.67,7
1780819098,10148.86,6
1780819099,10149.01,1
1780819100,10148.96,6
1780819101,10148.96,6
1780819102,10149.07,7
1780819103,10149.04,4
1780819104,10148.94,4
1780819105,10148.88,8
1780819106,10149.05,5
1780819107,10148.89,9
1780819108,10149.07,7
1780819109,10148.80,0
1780819110,10149.08,8
1780819111,10149.02,2
1780819112,10148.81,1
1780819113,10148.71,1
1780819114,10148.55,5
1780819115,10148.58,8
1780819116,10148.38,8
1780819117,10148.47,7
1780819118,10148.33,3
1780819119,10148.31,1
1780819120,10148.46,6
1780819121,10148.55,5
1780819122,10148.23,3
1780819123,10147.89,9
1780819124,10147.94,4
1780819125,10147.66,6
1780819126,10147.74,4
1780819127,10148.05,5
1780819128,10148.22,2
1780819129,10148.67,7
1780819130,10148.81,1
1780819131,10149.04,4
1780819132,10149.00,0
1780819133,10149.01,1
1780819134,10148.86,6
1780819135,10148.72,2
1780819136,10148.90,0
1780819137,10148.82,2
1780819138,10149.06,6
1780819139,10149.43,3
1780819140,10149.31,1
1780819141,10149.20,0
1780819142,10149.75,5
1780819143,10149.66,6
1780819144,10149.74,4
1780819145,10149.54,4
1780819146,10149.24,4
1780819147,10149.35,5
1780819148,10149.49,9
1780819149,10149.98,8
1780819150,10149.99,9
1780819151,10149.79,9
1780819152,10150.16,6
1780819153,10150.33,3
1780819154,10150.22,2
1780819155,10150.14,4
1780819156,10150.32,2
1780819157,10150.47,7
1780819158,10150.40,0
1780819159,10150.49,9
1780819160,10150.30,0
1780819161,10150.00,0
1780819162,10150.25,5
1780819163,10149.98,8
1780819164,10150.00,0
1780819165,10150.29,9
1780819166,10150.40,0
1780819167,10150.39,9
1780819168,10150.72,2
1780819169,10150.63,3
1780819170,10151.08,8
1780819171,10150.90,0
1780819172,10150.97,7
1780819173,10150.83,3
1780819174,10150.62,2
1780819175,10150.54,4
1780819176,10150.36,6
1780819177,10150.09,9
1780819178,10150.44,4
1780819179,10150.72,2
1780819180,10150.59,9
1780819181,10150.69,9
1780819182,10150.93,3
1780819183,10150.70,0
1780819184,10150.59,9
1780819185,10150.73,3
1780819186,10150.80,0
1780819187,10150.63,3
1780819188,10150.69,9
1780819189,10150.70,0
1780819190,10150.43,3
1780819191,10150.29,9
1780819192,10150.43,3
1780819193,10150.52,2
1780819194,10150.56,6
1780819195,10150.74,4
1780819196,10150.60,0
1780819197,10150.38,8
1780819198,10150.54,4
1780819199,10150.77,7
1780819200,10150.71,1
1780819201,10150.53,3
1780819202,10150.42,2
1780819203,10150.42,2
1780819204,10150.51,1
1780819205,10150.60,0
1780819206,10150.86,6
1780819207,10150.92,2
1780819208,10151.04,4
1780819209,10150.88,8
1780819210,10150.99,9
1780819211,10150.81,1
1780819212,10150.95,5
1780819213,10150.62,2
1780819214,10150.36,6
1780819215,10150.24,4
1780819216,10150.14,4
1780819217,10149.78,8
1780819218,10150.03,3
1780819219,10150.22,2
1780819220,10150.52,2
1780819221,10150.57,7
1780819222,10150.56,6
1780819223,10150.72,2
1780819224,10151.27,7
1780819225,10150.94,4
1780819226,10151.05,5
1780819227,10151.26,6
1780819228,10151.18,8
1780819229,10150.99,9
1780819230,10150.89,9
1780819231,10150.91,1
1780819232,10150.56,6
1780819233,10150.77,7
1780819234,10150.93,3
1780819235,10151.25,5
1780819236,10151.02,2
1780819237,10150.79,9
1780819238,10150.68,8
1780819239,10150.82,2
1780819240,10151.02,2
1780819241,10150.96,6
1780819242,10150.70,0
1780819243,10150.84,4
1780819244,10150.50,0
1780819245,10150.94,4
1780819246,10151.20,0
1780819247,10151.05,5
1780819248,10151.19,9
1780819249,10151.30,0
1780819250,10151.59,9
1780819251,10151.20,0
1780819252,10151.16,6
1780819253,10151.02,2
1780819254,10151.15,5
1780819255,10151.29,9
1780819256,10151.24,4
1780819257,10151.44,4
1780819258,10151.22,2
1780819259,10151.06,6
1780819260,10151.15,5
1780819261,10151.18,8
1780819262,10151.00,0
1780819263,10150.75,5
1780819264,10150.62,2
1780819265,10150.77,7
1780819266,10150.72,2
1780819267,10150.84,4
1780819268,10150.82,2
1780819269,10150.87,7
1780819270,10151.16,6
1780819271,10151.30,0
1780819272,10151.40,0
1780819273,10151.51,1
1780819274,10151.86,6
1780819275,10151.92,2
1780819276,10152.28,8
1780819277,10152.48,8
1780819278,10152.35,5
1780819279,10152.22,2
1780819280,10152.42,2
1780819281,10152.69,9
1780819282,10153.00,0
1780819283,10152.92,2
1780819284,10153.11,1
1780819285,10153.19,9
1780819286,10153.17,7
1780819287,10153.27,7
1780819288,10153.34,4
1780819289,10153.36,6
1780819290,10153.43,3
1780819291,10153.50,0
1780819292,10153.44,4
1780819293,10153.18,8
1780819294,10152.93,3
1780819295,10153.00,0
1780819296,10152.93,3
1780819297,10153.13,3
1780819298,10153.22,2
1780819299,10153.19,9
1780819300,10152.95,5
1780819301,10152.94,4
1780819302,10153.15,5
1780819303,10153.31,1
1780819304,10153.29,9
1780819305,10153.03,3
1780819306,10153.36,6
1780819307,10153.42,2
1780819308,10153.53,3
1780819309,10153.33,3
1780819310,10153.16,6
1780819311,10153.36,6
1780819312,10153.35,5
1780819313,10153.58,8
1780819314,10153.61,1
1780819315,10153.71,1
1780819316,10153.57,7
1780819317,10153.39,9
1780819318,10153.40,0
1780819319,10153.34,4
1780819320,10153.43,3
1780819321,10153.43,3
1780819322,10153.48,8
1780819323,10153.34,4
1780819324,10153.25,5
1780819325,10153.45,5
1780819326,10153.10,0
1780819327,10153.07,7
1780819328,10152.93,3
1780819329,10152.83,3
1780819330,10153.09,9
1780819331,10153.24,4
1780819332,10153.57,7
1780819333,10153.55,5
1780819334,10153.43,3
1780819335,10153.62,2
1780819336,10153.67,7
1780819337,10153.68,8
1780819338,10153.76,6
1780819339,10153.57,7
1780819340,10153.56,6
1780819341,10153.59,9
1780819342,10153.49,9
1780819343,10153.44,4
1780819344,10153.55,5
1780819345,10153.34,4
1780819346,10153.31,1
1780819347,10153.53,3
1780819348,10153.63,3
1780819349,10153.45,5
1780819350,10153.37,7
1780819351,10153.32,2
1780819352,10153.32,2
1780819353,10153.02,2
1780819354,10152.84,4
1780819355,10152.82,2
1780819356,10152.66,6
1780819357,10152.74,4
1780819358,10152.62,2
1780819359,10152.62,2
1780819360,10152.47,7
1780819361,10152.41,1
1780819362,10152.42,2
1780819363,10152.31,1
1780819364,10152.10,0
1780819365,10152.25,5
1780819366,10152.10,0
1780819367,10151.88,8
1780819368,10151.84,4
1780819369,10152.24,4
1780819370,10152.61,1
1780819371,10152.67,7
1780819372,10152.65,5
1780819373,10152.66,6
1780819374,10152.51,1
1780819375,10152.55,5
1780819376,10152.57,7
1780819377,10152.77,7
1780819378,10152.53,3
1780819379,10152.88,8
1780819380,10153.06,6
1780819381,10152.89,9
1780819382,10153.25,5
1780819383,10153.45,5
1780819384,10153.46,6
1780819385,10153.10,0
1780819386,10152.77,7
1780819387,10152.63,3
1780819388,10152.79,9
1780819389,10152.79,9
1780819390,10152.76,6
1780819391,10153.18,8
1780819392,10153.38,8
1780819393,10153.27,7
1780819394,10153.13,3
1780819395,10153.26,6
1780819396,10153.10,0
1780819397,10153.22,2
1780819398,10152.94,4
1780819399,10153.19,9
1780819400,10153.30,0
1780819401,10153.51,1
1780819402,10153.58,8
1780819403,10153.73,3
1780819404,10153.51,1
1780819405,10153.24,4
1780819406,10153.03,3
1780819407,10153.07,7
1780819408,10152.79,9
1780819409,10152.66,6
1780819410,10152.65,5
1780819411,10152.53,3
1780819412,10152.42,2
1780819413,10152.49,9
1780819414,10152.49,9
1780819415,10152.04,4
1780819416,10152.03,3
1780819417,10151.78,8
1780819418,10151.68,8
1780819419,10151.74,4
1780819420,10151.71,1
1780819421,10151.71,1
1780819422,10151.65,5
1780819423,10151.91,1
1780819424,10152.04,4
1780819425,10151.83,3
1780819426,10151.61,1
1780819427,10152.00,0
1780819428,10151.90,0
1780819429,10151.74,4
1780819430,10151.86,6
1780819431,10151.81,1
1780819432,10151.72,2
1780819433,10151.63,3
1780819434,10151.46,6
1780819435,10151.50,0
1780819436,10151.59,9
1780819437,10151.33,3
1780819438,10151.10,0
1780819439,10151.08,8
1780819440,10150.76,6
1780819441,10151.07,7
1780819442,10151.19,9
1780819443,10151.00,0
1780819444,10150.68,8
1780819445,10150.47,7
1780819446,10150.43,3
1780819447,10150.32,2
1780819448,10150.51,1
1780819449,10150.25,5
1780819450,10150.33,3
1780819451,10150.07,7
1780819452,10150.13,3
1780819453,10150.32,2
1780819454,10150.16,6
1780819455,10149.91,1
1780819456,10150.10,0
1780819457,10149.82,2
1780819458,10149.75,5
1780819459,10149.49,9
1780819460,10149.66,6
1780819461,10149.84,4
1780819462,10149.63,3
1780819463,10149.77,7
1780819464,10149.69,9
1780819465,10149.60,0
1780819466,10149.61,1
1780819467,10149.35,5
1780819468,10149.46,6
1780819469,10149.52,2
1780819470,10149.64,4
1780819471,10149.58,8
1780819472,10149.71,1
1780819473,10149.69,9
1780819474,10149.90,0
1780819475,10149.96,6
1780819476,10150.22,2
1780819477,10150.01,1
1780819478,10150.23,3
1780819479,10150.15,5
1780819480,10150.49,9
1780819481,10150.75,5
1780819482,10150.55,5
1780819483,10150.56,6
1780819484,10151.01,1
1780819485,10150.79,9
1780819486,10151.10,0
1780819487,10150.97,7
1780819488,10151.04,4
1780819489,10150.83,3
1780819490,10150.89,9
1780819491,10151.15,5
1780819492,10151.07,7
1780819493,10151.01,1
1780819494,10151.04,4
1780819495,10150.90,0
1780819496,10150.78,8
1780819497,10150.72,2
1780819498,10150.63,3
1780819499,10150.41,1
1780819500,10150.34,4
1780819501,10150.40,0
1780819502,10150.36,6
1780819503,10150.29,9
1780819504,10149.89,9
1780819505,10150.22,2
1780819506,10150.06,6
1780819507,10150.18,8
1780819508,10150.27,7
1780819509,10150.15,5
1780819510,10150.19,9
1780819511,10150.28,8
1780819512,10150.50,0
1780819513,10150.53,3
1780819514,10150.70,0
1780819515,10150.27,7
1780819516,10150.28,8
1780819517,10150.64,4
1780819518,10150.64,4
1780819519,10150.61,1
1780819520,10150.49,9
1780819521,10150.82,2
1780819522,10150.87,7
1780819523,10150.79,9
1780819524,10150.94,4
1780819525,10151.00,0
1780819526,10151.11,1
1780819527,10151.10,0
1780819528,10151.36,6
1780819529,10151.54,4
1780819530,10151.66,6
1780819531,10151.82,2
1780819532,10151.72,2
1780819533,10151.84,4
1780819534,10151.67,7
1780819535,10151.69,9
1780819536,10151.44,4
1780819537,10151.46,6
1780819538,10151.13,3
1780819539,10150.93,3
1780819540,10151.01,1
1780819541,10150.92,2
1780819542,10151.12,2
1780819543,10151.22,2
1780819544,10151.46,6
1780819545,10151.33,3
1780819546,10151.19,9
1780819547,10151.08,8
1780819548,10150.91,1
1780819549,10151.25,5
1780819550,10151.28,8
1780819551,10150.88,8
1780819552,10150.76,6
1780819553,10150.65,5
1780819554,10150.79,9
1780819555,10150.36,6
1780819556,10150.08,8
1780819557,10149.88,8
1780819558,10150.06,6
1780819559,10150.04,4
1780819560,10149.88,8
1780819561,10149.86,6
1780819562,10150.26,6
1780819563,10150.59,9
1780819564,10150.55,5
1780819565,10150.55,5
1780819566,10150.26,6
1780819567,10150.46,6
1780819568,10150.61,1
1780819569,10150.63,3
1780819570,10150.60,0
1780819571,10150.91,1
1780819572,10150.98,8
1780819573,10151.16,6
1780819574,10151.18,8
1780819575,10151.43,3
1780819576,10151.44,4
1780819577,10151.50,0
1780819578,10151.51,1
1780819579,10151.83,3
1780819580,10151.77,7
1780819581,10151.53,3
1780819582,10151.65,5
1780819583,10151.63,3
1780819584,10151.61,1
1780819585,10151.19,9
1780819586,10151.05,5
1780819587,10151.30,0
1780819588,10151.03,3
1780819589,10151.02,2
1780819590,10151.12,2
1780819591,10151.02,2
1780819592,10151.09,9
1780819593,10151.10,0
1780819594,10151.15,5
1780819595,10150.92,2
1780819596,10150.97,7
1780819597,10150.78,8
1780819598,10150.47,7
1780819599,10150.41,1
1780819600,10150.51,1
1780819601,10150.39,9
1780819602,10150.63,3
1780819603,10150.55,5
1780819604,10150.52,2
1780819605,10150.67,7
1780819606,10150.56,6
1780819607,10150.43,3
1780819608,10150.60,0
1780819609,10150.75,5
1780819610,10150.87,7
1780819611,10150.95,5
1780819612,10150.91,1
1780819613,10150.87,7
1780819614,10151.37,7
1780819615,10151.09,9
1780819616,10151.29,9
1780819617,10151.51,1
1780819618,10151.44,4
1780819619,10151.55,5
1780819620,10151.44,4
1780819621,10151.45,5
1780819622,10151.60,0
1780819623,10151.23,3
1780819624,10151.43,3
1780819625,10151.27,7
1780819626,10151.37,7
1780819627,10151.22,2
1780819628,10151.50,0
1780819629,10151.43,3
1780819630,10151.24,4
1780819631,10151.31,1
1780819632,10151.08,8
1780819633,10151.13,3
1780819634,10150.95,5
1780819635,10150.79,9
1780819636,10150.92,2
1780819637,10150.90,0
1780819638,10151.02,2
1780819639,10150.90,0
1780819640,10151.47,7
1780819641,10151.62,2
1780819642,10151.46,6
1780819643,10151.33,3
1780819644,10151.37,7
1780819645,10151.08,8
1780819646,10151.14,4
1780819647,10151.18,8
1780819648,10151.49,9
1780819649,10151.24,4
1780819650,10151.35,5
1780819651,10151.47,7
1780819652,10151.95,5
1780819653,10151.81,1
1780819654,10151.58,8
1780819655,10151.60,0
1780819656,10151.51,1
1780819657,10151.61,1
1780819658,10151.64,4
1780819659,10151.48,8
1780819660,10151.37,7
1780819661,10151.17,7
1780819662,10151.23,3
1780819663,10151.33,3
1780819664,10151.40,0
1780819665,10151.42,2
1780819666,10151.61,1
1780819667,10151.88,8
1780819668,10151.90,0
1780819669,10152.09,9
1780819670,10152.30,0
1780819671,10151.96,6
1780819672,10152.03,3
1780819673,10152.05,5
1780819674,10152.14,4
1780819675,10152.28,8
1780819676,10152.08,8
1780819677,10152.33,3
1780819678,10152.38,8
1780819679,10152.54,4
1780819680,10152.28,8
1780819681,10152.26,6
1780819682,10152.45,5
1780819683,10152.39,9
1780819684,10152.71,1
1780819685,10153.03,3
1780819686,10153.11,1
1780819687,10152.84,4
1780819688,10152.77,7
1780819689,10152.87,7
1780819690,10153.37,7
1780819691,10153.35,5
1780819692,10153.11,1
1780819693,10153.33,3
1780819694,10153.29,9
1780819695,10153.18,8
1780819696,10153.03,3
1780819697,10153.18,8
1780819698,10153.30,0
1780819699,10153.19,9
1780819700,10153.23,3
1780819701,10153.51,1
1780819702,10153.21,1
1780819703,10153.17,7
1780819704,10153.25,5
1780819705,10153.40,0
1780819706,10153.45,5
1780819707,10153.25,5
1780819708,10153.04,4
1780819709,10153.06,6
1780819710,10153.09,9
1780819711,10152.86,6
1780819712,10153.04,4
1780819713,10153.33,3
1780819714,10153.39,9
1780819715,10153.41,1
1780819716,10153.28,8
1780819717,10153.70,0
1780819718,10153.58,8
1780819719,10154.06,6
1780819720,10154.20,0
1780819721,10154.27,7
1780819722,10154.26,6
1780819723,10154.39,9
1780819724,10154.13,3
1780819725,10154.22,2
1780819726,10154.67,7
1780819727,10154.57,7
1780819728,10154.74,4
1780819729,10155.25,5
1780819730,10155.01,1
1780819731,10155.07,7
1780819732,10155.01,1
1780819733,10154.95,5
1780819734,10154.65,5
1780819735,10154.68,8
1780819736,10154.59,9
1780819737,10154.62,2
1780819738,10154.87,7
1780819739,10154.97,7
1780819740,10155.02,2
1780819741,10154.96,6
1780819742,10154.90,0
1780819743,10154.79,9
1780819744,10154.68,8
1780819745,10154.49,9
1780819746,10154.23,3
1780819747,10154.24,4
1780819748,10154.33,3
1780819749,10154.29,9
1780819750,10154.56,6
1780819751,10154.64,4
1780819752,10154.82,2
1780819753,10154.97,7
1780819754,10155.05,5
1780819755,10155.02,2
1780819756,10155.04,4
1780819757,10155.14,4
1780819758,10155.27,7
1780819759,10155.36,6
1780819760,10155.45,5
1780819761,10155.49,9
1780819762,10155.35,5
1780819763,10155.38,8
1780819764,10155.41,1
1780819765,10155.62,2
1780819766,10155.36,6
1780819767,10155.26,6
1780819768,10155.13,3
1780819769,10154.87,7
1780819770,10154.98,8
1780819771,10155.16,6
1780819772,10155.07,7
1780819773,10154.91,1
1780819774,10154.90,0
1780819775,10155.10,0
1780819776,10155.22,2
1780819777,10155.19,9
1780819778,10155.26,6
1780819779,10155.26,6
1780819780,10155.41,1
1780819781,10155.61,1
1780819782,10155.28,8
1780819783,10155.17,7
1780819784,10155.41,1
1780819785,10155.49,9
1780819786,10155.59,9
1780819787,10155.63,3
1780819788,10155.46,6
1780819789,10155.60,0
1780819790,10155.71,1
1780819791,10155.42,2
1780819792,10155.22,2
1780819793,10155.24,4
1780819794,10155.56,6
1780819795,10155.87,7
1780819796,10155.78,8
1780819797,10155.76,6
1780819798,10155.73,3
1780819799,10156.02,2
1780819800,10155.76,6
1780819801,10155.84,4
1780819802,10155.78,8
1780819803,10155.65,5
1780819804,10155.43,3
1780819805,10155.95,5
1780819806,10156.30,0
1780819807,10156.05,5
1780819808,10155.94,4
1780819809,10156.04,4
1780819810,10155.89,9
1780819811,10155.80,0
1780819812,10155.52,2
1780819813,10155.48,8
1780819814,10155.88,8
1780819815,10155.75,5
1780819816,10155.51,1
1780819817,10155.34,4
1780819818,10155.29,9
1780819819,10155.39,9
1780819820,10155.72,2
1780819821,10155.98,8
1780819822,10155.86,6
1780819823,10155.82,2
1780819824,10155.88,8
1780819825,10155.78,8
1780819826,10155.84,4
1780819827,10156.11,1
1780819828,10156.24,4
1780819829,10156.40,0
1780819830,10156.31,1
1780819831,10156.15,5
1780819832,10156.23,3
1780819833,10156.03,3
1780819834,10156.05,5
1780819835,10156.10,0
1780819836,10156.21,1
1780819837,10156.25,5
1780819838,10155.99,9
1780819839,10155.66,6
1780819840,10155.70,0
1780819841,10155.47,7
1780819842,10155.48,8
1780819843,10155.47,7
1780819844,10155.52,2
1780819845,10155.56,6
1780819846,10155.63,3
1780819847,10155.53,3
1780819848,10155.86,6
1780819849,10156.09,9
1780819850,10156.47,7
1780819851,10156.41,1
1780819852,10156.22,2
1780819853,10156.18,8
1780819854,10156.03,3
1780819855,10155.75,5
1780819856,10155.91,1
1780819857,10156.05,5
1780819858,10156.02,2
1780819859,10155.89,9
1780819860,10155.66,6
1780819861,10156.05,5
1780819862,10156.07,7
1780819863,10156.11,1
1780819864,10156.28,8
1780819865,10156.37,7
1780819866,10156.51,1
1780819867,10156.39,9
1780819868,10156.29,9
1780819869,10156.41,1
1780819870,10156.44,4
1780819871,10156.48,8
1780819872,10156.46,6
1780819873,10156.43,3
1780819874,10156.64,4
1780819875,10156.74,4
1780819876,10156.67,7
1780819877,10157.12,2
1780819878,10156.98,8
1780819879,10157.25,5
1780819880,10157.13,3
1780819881,10157.04,4
1780819882,10157.37,7
1780819883,10157.53,3
1780819884,10157.73,3
1780819885,10157.80,0
1780819886,10157.73,3
1780819887,10157.61,1
1780819888,10157.62,2
1780819889,10157.46,6
1780819890,10157.31,1
1780819891,10157.18,8
1780819892,10157.48,8
1780819893,10157.81,1
1780819894,10157.64,4
1780819895,10157.62,2
1780819896,10157.96,6
1780819897,10157.68,8
1780819898,10157.88,8
1780819899,10157.79,9
1780819900,10158.09,9
1780819901,10157.56,6
1780819902,10157.64,4
1780819903,10157.50,0
1780819904,10157.16,6
1780819905,10157.43,3
1780819906,10157.37,7
1780819907,10157.68,8
1780819908,10157.58,8
1780819909,10157.67,7
1780819910,10157.58,8
1780819911,10157.71,1
1780819912,10157.78,8
1780819913,10157.89,9
1780819914,10157.81,1
1780819915,10157.90,0
1780819916,10157.94,4
1780819917,10157.74,4
1780819918,10157.68,8
1780819919,10157.49,9
1780819920,10157.50,0
1780819921,10157.61,1
1780819922,10157.60,0
1780819923,10157.55,5
1780819924,10157.44,4
1780819925,10157.30,0
1780819926,10157.27,7
1780819927,10157.41,1
1780819928,10157.36,6
1780819929,10157.42,2
1780819930,10157.06,6
1780819931,10157.47,7
1780819932,10157.29,9
1780819933,10157.42,2
1780819934,10157.30,0
1780819935,10157.62,2
1780819936,10157.74,4
1780819937,10157.40,0
1780819938,10157.69,9
1780819939,10157.61,1
1780819940,10157.47,7
1780819941,10157.27,7
1780819942,10157.44,4
1780819943,10157.71,1
1780819944,10157.66,6
1780819945,10157.65,5
1780819946,10157.64,4
1780819947,10157.86,6
1780819948,10157.69,9
1780819949,10157.78,8
1780819950,10157.61,1
1780819951,10157.57,7
1780819952,10157.50,0
1780819953,10157.34,4
1780819954,10157.34,4
1780819955,10157.54,4
1780819956,10157.28,8
1780819957,10157.21,1
1780819958,10157.35,5
1780819959,10157.40,0
1780819960,10157.50,0
1780819961,10157.62,2
1780819962,10157.72,2
1780819963,10157.60,0
1780819964,10157.51,1
1780819965,10157.40,0
1780819966,10157.62,2
1780819967,10157.96,6
1780819968,10157.75,5
1780819969,10157.83,3
1780819970,10157.69,9
1780819971,10157.49,9
1780819972,10157.55,5
1780819973,10157.60,0
1780819974,10157.59,9
1780819975,10157.60,0
1780819976,10157.31,1
1780819977,10157.57,7
1780819978,10157.47,7
1780819979,10157.40,0
1780819980,10157.48,8
1780819981,10157.48,8
1780819982,10157.71,1
1780819983,10158.03,3
1780819984,10157.82,2
1780819985,10157.79,9
1780819986,10157.66,6
1780819987,10157.75,5
1780819988,10157.48,8
1780819989,10157.49,9
1780819990,10157.48,8
1780819991,10157.82,2
1780819992,10157.95,5
1780819993,10157.79,9
1780819994,10157.81,1
1780819995,10158.01,1
1780819996,10157.94,4
1780819997,10158.02,2
1780819998,10158.37,7
1780819999,10158.29,9
1780820000,10158.42,2
1780820001,10158.25,5
1780820002,10158.11,1
1780820003,10158.14,4
1780820004,10158.17,7
1780820005,10157.88,8
1780820006,10157.97,7
1780820007,10158.35,5
1780820008,10158.18,8
1780820009,10157.97,7
1780820010,10158.25,5
1780820011,10158.55,5
1780820012,10158.39,9
1780820013,10158.58,8
1780820014,10158.23,3
1780820015,10158.06,6
1780820016,10157.87,7
1780820017,10157.73,3
1780820018,10157.94,4
1780820019,10157.86,6
1780820020,10157.85,5
1780820021,10157.70,0
1780820022,10157.82,2
1780820023,10157.40,0
1780820024,10157.43,3
1780820025,10157.65,5
1780820026,10157.70,0
1780820027,10157.69,9
1780820028,10157.74,4
1780820029,10157.61,1
1780820030,10157.41,1
1780820031,10157.62,2
1780820032,10157.74,4
1780820033,10157.81,1
1780820034,10157.38,8
1780820035,10157.17,7
1780820036,10157.07,7
1780820037,10157.27,7
1780820038,10157.56,6
1780820039,10157.22,2
1780820040,10157.49,9
1780820041,10157.36,6
1780820042,10157.74,4
1780820043,10157.42,2
1780820044,10157.46,6
1780820045,10157.33,3
1780820046,10157.19,9
1780820047,10156.73,3
1780820048,10156.46,6
1780820049,10156.43,3
1780820050,10156.57,7
1780820051,10156.83,3
1780820052,10156.94,4
1780820053,10156.85,5
1780820054,10156.81,1
1780820055,10156.90,0
1780820056,10157.12,2
1780820057,10157.03,3
1780820058,10157.06,6
1780820059,10156.79,9
1780820060,10157.05,5
1780820061,10157.03,3
1780820062,10156.89,9
1780820063,10157.41,1
1780820064,10157.43,3
1780820065,10157.72,2
1780820066,10157.80,0
1780820067,10157.66,6
1780820068,10157.63,3
1780820069,10157.48,8
1780820070,10157.20,0
1780820071,10157.15,5
1780820072,10157.07,7
1780820073,10156.91,1
1780820074,10156.71,1
1780820075,10156.62,2
1780820076,10157.13,3
1780820077,10157.22,2
1780820078,10157.06,6
1780820079,10157.07,7
1780820080,10157.02,2
1780820081,10157.28,8
1780820082,10157.54,4
1780820083,10157.56,6
1780820084,10157.65,5
1780820085,10157.78,8
1780820086,10157.62,2
1780820087,10157.57,7
1780820088,10157.49,9
1780820089,10157.44,4
1780820090,10157.59,9
1780820091,10157.74,4
1780820092,10157.60,0
1780820093,10157.64,4
1780820094,10157.46,6
1780820095,10157.52,2
1780820096,10157.53,3
1780820097,10157.76,6
1780820098,10157.77,7
1780820099,10157.82,2
1780820100,10157.90,0
1780820101,10157.75,5
1780820102,10157.50,0
1780820103,10157.42,2
1780820104,10157.72,2
1780820105,10157.83,3
1780820106,10157.93,3
1780820107,10158.28,8
1780820108,10158.12,2
1780820109,10157.75,5
1780820110,10157.80,0
1780820111,10157.90,0
1780820112,10157.96,6
1780820113,10158.03,3
1780820114,10158.28,8
1780820115,10158.42,2
1780820116,10158.53,3
1780820117,10158.45,5
1780820118,10158.44,4
1780820119,10158.43,3
1780820120,10158.33,3
1780820121,10158.34,4
1780820122,10158.40,0
1780820123,10158.61,1
1780820124,10158.49,9
1780820125,10158.71,1
1780820126,10158.82,2
1780820127,10159.21,1
1780820128,10159.19,9
1780820129,10159.12,2
1780820130,10159.06,6
1780820131,10159.19,9
1780820132,10158.78,8
1780820133,10158.81,1
1780820134,10158.67,7
1780820135,10159.00,0
1780820136,10158.94,4
1780820137,10158.89,9
1780820138,10158.90,0
1780820139,10158.77,7
1780820140,10158.80,0
1780820141,10158.88,8
1780820142,10158.85,5
1780820143,10158.61,1
1780820144,10158.74,4
1780820145,10158.72,2
1780820146,10158.86,6
1780820147,10159.03,3
1780820148,10158.78,8
1780820149,10158.94,4
1780820150,10159.13,3
1780820151,10159.28,8
1780820152,10159.07,7
1780820153,10159.08,8
1780820154,10158.79,9
1780820155,10158.50,0
1780820156,10158.15,5
1780820157,10158.24,4
1780820158,10158.52,2
1780820159,10158.41,1
1780820160,10158.47,7
1780820161,10158.78,8
1780820162,10158.31,1
1780820163,10158.35,5
1780820164,10158.17,7
1780820165,10158.17,7
1780820166,10158.37,7
1780820167,10158.23,3
1780820168,10158.48,8
1780820169,10158.28,8
1780820170,10158.42,2
1780820171,10158.56,6
1780820172,10158.66,6
1780820173,10158.60,0
1780820174,10158.53,3
1780820175,10158.55,5
1780820176,10158.76,6
1780820177,10158.38,8
1780820178,10158.35,5
1780820179,10158.36,6
1780820180,10158.31,1
1780820181,10158.34,4
1780820182,10158.37,7
1780820183,10158.42,2
1780820184,10158.25,5
1780820185,10158.08,8
1780820186,10158.41,1
1780820187,10158.61,1
1780820188,10158.50,0
1780820189,10158.72,2
1780820190,10159.03,3
1780820191,10158.89,9
1780820192,10158.77,7
1780820193,10158.98,8
1780820194,10159.24,4
1780820195,10159.09,9
1780820196,10158.76,6
1780820197,10158.91,1
1780820198,10159.15,5
1780820199,10159.03,3
1780820200,10158.88,8
1780820201,10158.64,4
1780820202,10158.49,9
1780820203,10158.52,2
1780820204,10158.45,5
1780820205,10158.62,2
1780820206,10158.57,7
1780820207,10158.44,4
1780820208,10158.70,0
1780820209,10159.11,1
1780820210,10159.07,7
1780820211,10159.21,1
1780820212,10159.23,3
1780820213,10159.32,2
1780820214,10159.25,5
1780820215,10159.46,6
1780820216,10159.38,8
1780820217,10159.47,7
1780820218,10159.55,5
1780820219,10159.66,6
1780820220,10160.12,2
1780820221,10160.45,5
1780820222,10160.16,6
1780820223,10160.19,9
1780820224,10160.52,2
1780820225,10160.41,1
1780820226,10160.35,5
1780820227,10160.11,1
1780820228,10160.12,2
1780820229,10160.01,1
1780820230,10160.24,4
1780820231,10160.34,4
1780820232,10160.02,2
1780820233,10160.20,0
1780820234,10159.85,5
1780820235,10159.68,8
1780820236,10159.56,6
1780820237,10159.55,5
1780820238,10159.74,4
1780820239,10159.99,9
1780820240,10159.85,5
1780820241,10160.02,2
1780820242,10160.14,4
1780820243,10160.02,2
1780820244,10160.04,4
1780820245,10159.76,6
1780820246,10159.62,2
1780820247,10159.85,5
1780820248,10159.71,1
1780820249,10160.09,9
1780820250,10160.06,6
1780820251,10159.92,2
1780820252,10159.93,3
1780820253,10159.85,5
1780820254,10159.90,0
1780820255,10159.90,0
1780820256,10160.02,2
1780820257,10160.30,0
1780820258,10160.27,7
1780820259,10160.50,0
1780820260,10160.66,6
1780820261,10160.51,1
1780820262,10160.36,6
1780820263,10160.37,7
1780820264,10160.28,8
1780820265,10160.41,1
1780820266,10160.55,5
1780820267,10160.65,5
1780820268,10160.71,1
1780820269,10160.51,1
1780820270,10160.34,4
1780820271,10160.36,6
1780820272,10160.44,4
1780820273,10160.53,3
1780820274,10160.73,3
1780820275,10160.59,9
1780820276,10160.21,1
1780820277,10160.29,9
1780820278,10160.38,8
1780820279,10160.47,7
1780820280,10160.42,2
1780820281,10160.53,3
1780820282,10160.74,4
1780820283,10160.81,1
1780820284,10160.86,6
1780820285,10160.88,8
1780820286,10160.90,0
1780820287,10160.74,4
1780820288,10160.51,1
1780820289,10160.10,0
1780820290,10159.76,6
1780820291,10159.55,5
1780820292,10159.97,7
1780820293,10160.07,7
1780820294,10160.11,1
1780820295,10159.84,4
1780820296,10159.98,8
1780820297,10159.82,2
1780820298,10159.79,9
1780820299,10159.69,9
1780820300,10159.76,6
1780820301,10159.46,6
1780820302,10159.60,0
1780820303,10160.05,5
1780820304,10159.85,5
1780820305,10159.88,8
1780820306,10159.78,8
1780820307,10159.77,7
1780820308,10159.51,1
1780820309,10159.47,7
1780820310,10159.42,2
1780820311,10159.29,9
1780820312,10158.90,0
1780820313,10158.79,9
1780820314,10158.53,3
1780820315,10158.85,5
1780820316,10158.99,9
1780820317,10158.95,5
1780820318,10158.61,1
1780820319,10158.40,0
1780820320,10158.56,6
1780820321,10158.70,0
1780820322,10158.75,5
1780820323,10158.91,1
1780820324,10159.09,9
1780820325,10159.11,1
1780820326,10159.42,2
1780820327,10159.09,9
1780820328,10159.24,4
1780820329,10159.09,9
1780820330,10159.00,0
1780820331,10158.97,7
1780820332,10159.14,4
1780820333,10159.30,0
1780820334,10159.38,8
1780820335,10159.50,0
1780820336,10159.46,6
1780820337,10159.39,9
1780820338,10159.21,1
1780820339,10159.29,9
1780820340,10159.44,4
1780820341,10159.26,6
1780820342,10159.59,9
1780820343,10159.57,7
1780820344,10159.70,0
1780820345,10159.78,8
1780820346,10159.42,2
1780820347,10159.47,7
1780820348,10159.58,8
1780820349,10159.72,2
1780820350,10160.01,1
1780820351,10160.05,5
1780820352,10159.94,4
1780820353,10160.10,0
1780820354,10160.08,8
1780820355,10160.01,1
1780820356,10160.14,4
1780820357,10160.23,3
1780820358,10160.36,6
1780820359,10160.53,3
1780820360,10160.57,7
1780820361,10160.12,2
1780820362,10160.28,8
1780820363,10160.22,2
1780820364,10159.88,8
1780820365,10159.90,0
1780820366,10159.99,9
1780820367,10159.99,9
1780820368,10160.18,8
1780820369,10160.16,6
1780820370,10159.96,6
1780820371,10159.65,5
1780820372,10159.57,7
1780820373,10159.50,0
1780820374,10159.59,9
1780820375,10159.59,9
1780820376,10159.52,2
1780820377,10159.53,3
1780820378,10159.66,6
1780820379,10159.78,8
1780820380,10160.01,1
1780820381,10159.74,4
1780820382,10159.77,7
1780820383,10159.79,9
1780820384,10159.36,6
1780820385,10159.31,1
1780820386,10159.10,0
1780820387,10159.01,1
1780820388,10158.94,4
1780820389,10158.76,6
1780820390,10158.53,3
1780820391,10158.54,4
1780820392,10158.92,2
1780820393,10158.99,9
1780820394,10158.95,5
1780820395,10159.17,7
1780820396,10158.88,8
1780820397,10158.60,0
1780820398,10158.66,6
1780820399,10158.64,4
1780820400,10158.64,4
1780820401,10158.91,1
1780820402,10158.85,5
1780820403,10159.01,1
1780820404,10158.79,9
1780820405,10158.69,9
1780820406,10158.78,8
1780820407,10159.12,2
1780820408,10158.94,4
1780820409,10158.85,5
1780820410,10158.73,3
1780820411,10158.57,7
1780820412,10158.38,8
1780820413,10158.64,4
1780820414,10158.31,1
1780820415,10158.47,7
1780820416,10158.37,7
1780820417,10158.31,1
1780820418,10158.23,3
1780820419,10158.55,5
1780820420,10158.24,4
1780820421,10158.05,5
1780820422,10158.04,4
1780820423,10158.11,1
1780820424,10158.18,8
1780820425,10158.71,1
1780820426,10158.66,6
1780820427,10158.94,4
1780820428,10158.82,2
1780820429,10158.65,5
1780820430,10158.70,0
1780820431,10158.93,3
1780820432,10158.83,3
1780820433,10158.99,9
1780820434,10159.22,2
1780820435,10159.29,9
1780820436,10159.74,4
1780820437,10159.77,7
1780820438,10159.56,6
1780820439,10159.84,4
1780820440,10159.77,7
1780820441,10159.72,2
1780820442,10159.87,7
1780820443,10159.84,4
1780820444,10159.80,0
1780820445,10159.89,9
1780820446,10160.07,7
1780820447,10159.91,1
1780820448,10160.01,1
1780820449,10160.06,6
1780820450,10160.37,7
1780820451,10160.57,7
1780820452,10160.83,3
1780820453,10160.57,7
1780820454,10160.67,7
1780820455,10160.73,3
1780820456,10160.69,9
1780820457,10160.42,2
1780820458,10160.40,0
1780820459,10160.69,9
1780820460,10160.89,9
1780820461,10161.27,7
1780820462,10161.46,6
1780820463,10161.72,2
1780820464,10161.73,3
1780820465,10161.63,3
1780820466,10161.55,5
1780820467,10161.57,7
1780820468,10161.50,0
1780820469,10161.52,2
1780820470,10161.16,6
1780820471,10161.14,4
1780820472,10161.19,9
1780820473,10161.25,5
1780820474,10161.12,2
1780820475,10161.05,5
1780820476,10161.15,5
1780820477,10161.53,3
1780820478,10161.81,1
1780820479,10161.74,4
1780820480,10161.73,3
1780820481,10161.60,0
1780820482,10161.83,3
1780820483,10162.16,6
1780820484,10162.18,8
1780820485,10162.23,3
1780820486,10162.33,3
1780820487,10162.07,7
1780820488,10162.03,3
1780820489,10162.35,5
1780820490,10162.28,8
1780820491,10162.16,6
1780820492,10162.21,1
1780820493,10162.39,9
1780820494,10162.40,0
1780820495,10162.15,5
1780820496,10162.10,0
1780820497,10161.77,7
1780820498,10161.87,7
1780820499,10161.57,7
1780820500,10161.86,6
1780820501,10161.60,0
1780820502,10161.34,4
1780820503,10161.42,2
1780820504,10161.37,7
1780820505,10161.30,0
1780820506,10161.37,7
1780820507,10161.30,0
1780820508,10161.04,4
1780820509,10161.16,6
1780820510,10161.33,3
1780820511,10161.44,4
1780820512,10161.68,8
1780820513,10161.46,6
1780820514,10161.58,8
1780820515,10161.78,8
1780820516,10161.91,1
1780820517,10162.11,1
1780820518,10161.75,5
1780820519,10161.90,0
1780820520,10161.63,3
1780820521,10161.64,4
1780820522,10161.91,1
1780820523,10161.85,5
1780820524,10161.75,5
1780820525,10161.41,1
1780820526,10161.63,3
1780820527,10161.88,8
1780820528,10161.79,9
1780820529,10161.70,0
1780820530,10161.99,9
1780820531,10162.09,9
1780820532,10162.01,1
1780820533,10161.85,5
1780820534,10161.80,0
1780820535,10161.80,0
1780820536,10162.11,1
1780820537,10162.36,6
1780820538,10162.58,8
1780820539,10162.54,4
1780820540,10162.49,9
1780820541,10162.47,7
1780820542,10162.27,7
1780820543,10162.32,2
1780820544,10162.23,3
1780820545,10162.37,7
1780820546,10162.26,6
1780820547,10162.09,9
1780820548,10162.43,3
1780820549,10162.43,3
1780820550,10162.56,6
1780820551,10162.43,3
1780820552,10162.43,3
1780820553,10162.41,1
1780820554,10162.63,3
1780820555,10162.41,1
1780820556,10162.16,6
1780820557,10162.43,3
1780820558,10162.47,7
1780820559,10162.41,1
1780820560,10162.34,4
1780820561,10162.41,1
1780820562,10162.42,2
1780820563,10162.31,1
1780820564,10162.34,4
1780820565,10162.11,1
1780820566,10162.00,0
1780820567,10161.97,7
1780820568,10162.38,8
1780820569,10162.12,2
1780820570,10162.03,3
1780820571,10162.20,0
1780820572,10161.77,7
1780820573,10161.62,2
1780820574,10161.89,9
1780820575,10161.80,0
1780820576,10161.82,2
1780820577,10161.88,8
1780820578,10161.80,0
1780820579,10161.75,5
1780820580,10162.10,0
1780820581,10162.01,1
1780820582,10161.94,4
1780820583,10162.06,6
1780820584,10161.82,2
1780820585,10161.67,7
1780820586,10161.85,5
1780820587,10161.97,7
1780820588,10161.58,8
1780820589,10161.34,4
1780820590,10161.20,0
1780820591,10161.05,5
1780820592,10161.04,4
1780820593,10160.93,3
1780820594,10160.84,4
1780820595,10161.18,8
1780820596,10161.55,5
1780820597,10161.59,9
1780820598,10161.77,7
1780820599,10161.99,9
1780820600,10162.42,2
1780820601,10162.18,8
1780820602,10162.38,8
1780820603,10162.28,8
1780820604,10162.00,0
1780820605,10161.97,7
1780820606,10161.97,7
1780820607,10161.93,3
1780820608,10162.06,6
1780820609,10162.22,2
1780820610,10162.05,5
1780820611,10162.04,4
1780820612,10161.74,4
1780820613,10161.57,7
1780820614,10161.58,8
1780820615,10161.61,1
1780820616,10161.51,1
1780820617,10161.69,9
1780820618,10161.72,2
1780820619,10161.75,5
1780820620,10161.84,4
1780820621,10162.01,1
1780820622,10162.18,8
1780820623,10161.95,5
1780820624,10162.15,5
1780820625,10162.04,4
1780820626,10161.71,1
1780820627,10161.58,8
1780820628,10161.30,0
1780820629,10161.54,4
1780820630,10161.32,2
1780820631,10161.06,6
1780820632,10161.37,7
1780820633,10161.54,4
1780820634,10161.45,5
1780820635,10161.41,1
1780820636,10161.62,2
1780820637,10161.60,0
1780820638,10161.51,1
1780820639,10161.22,2
1780820640,10161.40,0
1780820641,10161.50,0
1780820642,10161.70,0
1780820643,10161.84,4
1780820644,10162.09,9
1780820645,10162.02,2
1780820646,10161.69,9
1780820647,10161.62,2
1780820648,10161.43,3
1780820649,10161.61,1
1780820650,10161.68,8
1780820651,10161.96,6
1780820652,10162.08,8
1780820653,10161.94,4
1780820654,10161.93,3
1780820655,10161.78,8
1780820656,10161.61,1
1780820657,10161.56,6
1780820658,10161.61,1
1780820659,10161.48,8
1780820660,10161.42,2
1780820661,10161.42,2
1780820662,10161.59,9
1780820663,10161.59,9
1780820664,10161.58,8
1780820665,10161.83,3
1780820666,10161.71,1
1780820667,10161.84,4
1780820668,10161.44,4
1780820669,10161.68,8
1780820670,10161.59,9
1780820671,10161.73,3
1780820672,10162.11,1
1780820673,10162.16,6
1780820674,10162.20,0
1780820675,10162.10,0
1780820676,10162.05,5
1780820677,10162.09,9
1780820678,10162.21,1
1780820679,10162.13,3
1780820680,10161.96,6
1780820681,10161.87,7
1780820682,10161.84,4
1780820683,10162.14,4
1780820684,10162.31,1
1780820685,10162.45,5
1780820686,10162.42,2
1780820687,10162.32,2
1780820688,10162.16,6
1780820689,10162.19,9
1780820690,10162.51,1
1780820691,10162.37,7
1780820692,10162.54,4
1780820693,10162.26,6
1780820694,10162.07,7
1780820695,10162.05,5
1780820696,10162.40,0
1780820697,10162.44,4
1780820698,10162.71,1
1780820699,10162.74,4
1780820700,10162.79,9
1780820701,10162.32,2
1780820702,10162.56,6
1780820703,10162.52,2
1780820704,10162.45,5
1780820705,10162.28,8
1780820706,10162.26,6
1780820707,10162.39,9
1780820708,10162.29,9
1780820709,10162.11,1
1780820710,10162.04,4
1780820711,10162.05,5
1780820712,10162.01,1
1780820713,10162.14,4
1780820714,10161.93,3
1780820715,10161.88,8
1780820716,10161.69,9
1780820717,10161.53,3
1780820718,10161.48,8
1780820719,10162.03,3
1780820720,10162.20,0
1780820721,10162.23,3
1780820722,10161.76,6
1780820723,10161.94,4
1780820724,10162.34,4
1780820725,10162.25,5
1780820726,10162.18,8
1780820727,10162.25,5
1780820728,10162.38,8
1780820729,10162.32,2
1780820730,10162.40,0
1780820731,10162.34,4
1780820732,10162.15,5
1780820733,10162.14,4
1780820734,10162.16,6
1780820735,10161.85,5
1780820736,10161.44,4
1780820737,10161.44,4
1780820738,10161.43,3
1780820739,10161.00,0
1780820740,10160.89,9
1780820741,10160.85,5
1780820742,10160.81,1
1780820743,10160.81,1
1780820744,10161.01,1
1780820745,10160.97,7
1780820746,10161.00,0
1780820747,10160.90,0
1780820748,10160.56,6
1780820749,10160.75,5
1780820750,10160.64,4
1780820751,10160.65,5
1780820752,10160.84,4
1780820753,10161.01,1
1780820754,10160.85,5
1780820755,10160.68,8
1780820756,10160.64,4
1780820757,10160.49,9
1780820758,10160.69,9
1780820759,10160.71,1
1780820760,10160.36,6
1780820761,10159.98,8
1780820762,10160.01,1
1780820763,10160.33,3
1780820764,10160.34,4
1780820765,10160.25,5
1780820766,10160.08,8
1780820767,10160.02,2
1780820768,10160.01,1
1780820769,10160.26,6
1780820770,10160.53,3
1780820771,10160.59,9
1780820772,10160.24,4
1780820773,10160.22,2
1780820774,10160.26,6
1780820775,10160.03,3
1780820776,10160.05,5
1780820777,10160.15,5
1780820778,10160.55,5
1780820779,10160.56,6
1780820780,10160.44,4
1780820781,10160.55,5
1780820782,10160.24,4
1780820783,10159.87,7
1780820784,10160.05,5
1780820785,10159.74,4
1780820786,10159.84,4
1780820787,10159.92,2
1780820788,10159.48,8
1780820789,10159.32,2
1780820790,10159.63,3
1780820791,10159.67,7
1780820792,10159.72,2
1780820793,10159.90,0
1780820794,10159.85,5
1780820795,10159.76,6
1780820796,10159.45,5
1780820797,10159.03,3
1780820798,10158.99,9
1780820799,10158.90,0
1780820800,10158.97,7
1780820801,10158.98,8
1780820802,10159.00,0
1780820803,10159.22,2
1780820804,10159.18,8
1780820805,10159.21,1
1780820806,10159.26,6
1780820807,10159.33,3
1780820808,10159.19,9
1780820809,10159.25,5
1780820810,10159.23,3
1780820811,10159.19,9
1780820812,10159.03,3
1780820813,10158.96,6
1780820814,10159.33,3
1780820815,10159.34,4
1780820816,10159.35,5
1780820817,10159.28,8
1780820818,10159.45,5
1780820819,10159.73,3
1780820820,10159.78,8
1780820821,10159.79,9
1780820822,10159.68,8
1780820823,10159.61,1
1780820824,10159.29,9
1780820825,10159.30,0
1780820826,10159.21,1
1780820827,10159.51,1
1780820828,10159.68,8
1780820829,10160.11,1
1780820830,10159.98,8
1780820831,10159.94,4
1780820832,10159.77,7
1780820833,10159.67,7
1780820834,10159.44,4
1780820835,10159.25,5
1780820836,10158.89,9
1780820837,10158.76,6
1780820838,10158.87,7
1780820839,10158.83,3
1780820840,10158.71,1
1780820841,10158.78,8
1780820842,10158.90,0
1780820843,10159.16,6
1780820844,10159.21,1
1780820845,10159.35,5
1780820846,10159.00,0
1780820847,10159.23,3
1780820848,10159.24,4
1780820849,10159.21,1
1780820850,10159.39,9
1780820851,10159.32,2
1780820852,10159.28,8
1780820853,10159.46,6
1780820854,10159.42,2
1780820855,10159.48,8
1780820856,10159.60,0
1780820857,10159.54,4
1780820858,10159.31,1
1780820859,10159.15,5
1780820860,10159.00,0
1780820861,10159.03,3
1780820862,10158.83,3
1780820863,10158.94,4
1780820864,10159.20,0
1780820865,10159.18,8
1780820866,10159.40,0
1780820867,10159.62,2
1780820868,10159.71,1
1780820869,10159.85,5
1780820870,10159.43,3
1780820871,10159.69,9
1780820872,10159.92,2
1780820873,10159.72,2
1780820874,10159.88,8
1780820875,10159.76,6
1780820876,10160.05,5
1780820877,10159.87,7
1780820878,10159.85,5
1780820879,10159.57,7
1780820880,10159.61,1
1780820881,10159.66,6
1780820882,10159.92,2
1780820883,10159.95,5
1780820884,10159.99,9
1780820885,10159.86,6
1780820886,10159.82,2
1780820887,10159.92,2
1780820888,10160.24,4
1780820889,10160.00,0
1780820890,10160.09,9
1780820891,10160.02,2
1780820892,10159.80,0
1780820893,10159.79,9
1780820894,10159.66,6
1780820895,10159.46,6
1780820896,10159.80,0
1780820897,10159.72,2
1780820898,10159.44,4
1780820899,10159.31,1
1780820900,10159.46,6
1780820901,10159.31,1
1780820902,10159.49,9
1780820903,10159.48,8
1780820904,10160.08,8
1780820905,10160.21,1
1780820906,10160.66,6
1780820907,10160.64,4
1780820908,10160.68,8
1780820909,10160.76,6
1780820910,10160.64,4
1780820911,10160.59,9
1780820912,10160.62,2
1780820913,10160.40,0
1780820914,10160.42,2
1780820915,10160.41,1
1780820916,10160.45,5
1780820917,10160.58,8
1780820918,10160.51,1
1780820919,10160.65,5
1780820920,10160.40,0
1780820921,10160.53,3
1780820922,10160.38,8
1780820923,10160.57,7
1780820924,10160.50,0
1780820925,10160.43,3
1780820926,10160.50,0
1780820927,10160.61,1
1780820928,10160.70,0
1780820929,10160.60,0
1780820930,10160.84,4
1780820931,10160.93,3
1780820932,10161.06,6
1780820933,10161.13,3
1780820934,10160.89,9
1780820935,10161.03,3
