epoch,price,last_digit
1780815937,766141.41,1
1780815938,766167.51,1
1780815939,766113.12,2
1780815940,766118.39,9
1780815941,766126.43,3
1780815942,766172.67,7
1780815943,766182.39,9
1780815944,766180.41,1
1780815945,766178.65,5
1780815946,766125.01,1
1780815947,766108.96,6
1780815948,766053.39,9
1780815949,766011.68,8
1780815950,766024.41,1
1780815951,766041.51,1
1780815952,766035.05,5
1780815953,766023.54,4
1780815954,766006.78,8
1780815955,766013.35,5
1780815956,766019.27,7
1780815957,765984.41,1
1780815958,765971.93,3
1780815959,765955.59,9
1780815960,765939.05,5
1780815961,765932.50,0
1780815962,765903.01,1
1780815963,765910.05,5
1780815964,765939.49,9
1780815965,765937.51,1
1780815966,765945.26,6
1780815967,766007.28,8
1780815968,766003.56,6
1780815969,766011.83,3
1780815970,765994.24,4
1780815971,766009.86,6
1780815972,765942.10,0
1780815973,765983.92,2
1780815974,765969.62,2
1780815975,765953.34,4
1780815976,765980.03,3
1780815977,765957.46,6
1780815978,765893.40,0
1780815979,765892.85,5
1780815980,765912.67,7
1780815981,765933.15,5
1780815982,765962.71,1
1780815983,765937.97,7
1780815984,765966.49,9
1780815985,765947.84,4
1780815986,765954.46,6
1780815987,766001.29,9
1780815988,766059.87,7
1780815989,766017.93,3
1780815990,766044.76,6
1780815991,766033.68,8
1780815992,766071.57,7
1780815993,766064.78,8
1780815994,766120.70,0
1780815995,766095.74,4
1780815996,766100.54,4
1780815997,766107.47,7
1780815998,766128.03,3
1780815999,766162.37,7
1780816000,766157.71,1
1780816001,766158.15,5
1780816002,766168.03,3
1780816003,766179.55,5
1780816004,766177.39,9
1780816005,766149.35,5
1780816006,766140.91,1
1780816007,766145.88,8
1780816008,766144.37,7
1780816009,766099.74,4
1780816010,766151.78,8
1780816011,766192.28,8
1780816012,766218.69,9
1780816013,766199.29,9
1780816014,766201.08,8
1780816015,766221.01,1
1780816016,766212.38,8
1780816017,766236.34,4
1780816018,766249.41,1
1780816019,766276.40,0
1780816020,766293.42,2
1780816021,766244.57,7
1780816022,766267.08,8
1780816023,766273.43,3
1780816024,766223.29,9
1780816025,766228.74,4
1780816026,766135.81,1
1780816027,766096.27,7
1780816028,766091.96,6
1780816029,766123.95,5
1780816030,766113.85,5
1780816031,766133.63,3
1780816032,766088.16,6
1780816033,766075.80,0
1780816034,766114.69,9
1780816035,766114.25,5
1780816036,766146.12,2
1780816037,766152.31,1
1780816038,766145.72,2
1780816039,766058.44,4
1780816040,766120.73,3
1780816041,766133.30,0
1780816042,766082.45,5
1780816043,766054.04,4
1780816044,766122.70,0
1780816045,766193.27,7
1780816046,766179.94,4
1780816047,766125.78,8
1780816048,766094.33,3
1780816049,766074.80,0
1780816050,766034.90,0
1780816051,766073.91,1
1780816052,766028.39,9
1780816053,765984.48,8
1780816054,765977.95,5
1780816055,765922.77,7
1780816056,765889.40,0
1780816057,765893.43,3
1780816058,765878.37,7
1780816059,765840.91,1
1780816060,765826.40,0
1780816061,765837.67,7
1780816062,765843.94,4
1780816063,765877.91,1
1780816064,765875.85,5
1780816065,765812.98,8
1780816066,765770.77,7
1780816067,765772.85,5
1780816068,765763.68,8
1780816069,765728.00,0
1780816070,765671.09,9
1780816071,765689.61,1
1780816072,765684.46,6
1780816073,765721.47,7
1780816074,765756.90,0
1780816075,765796.40,0
1780816076,765776.86,6
1780816077,765769.30,0
1780816078,765779.96,6
1780816079,765759.76,6
1780816080,765732.37,7
1780816081,765753.22,2
1780816082,765780.34,4
1780816083,765739.60,0
1780816084,765780.47,7
1780816085,765730.56,6
1780816086,765753.43,3
1780816087,765724.12,2
1780816088,765720.90,0
1780816089,765773.24,4
1780816090,765806.38,8
1780816091,765787.72,2
1780816092,765781.70,0
1780816093,765788.40,0
1780816094,765810.81,1
1780816095,765824.12,2
1780816096,765880.23,3
1780816097,765928.29,9
1780816098,765899.97,7
1780816099,765876.38,8
1780816100,765879.16,6
1780816101,765870.27,7
1780816102,765891.83,3
1780816103,765809.01,1
1780816104,765830.83,3
1780816105,765842.47,7
1780816106,765824.19,9
1780816107,765836.17,7
1780816108,765839.67,7
1780816109,765840.40,0
1780816110,765811.37,7
1780816111,765796.44,4
1780816112,765856.42,2
1780816113,765850.46,6
1780816114,765924.12,2
1780816115,765915.62,2
1780816116,765954.75,5
1780816117,765888.07,7
1780816118,765869.88,8
1780816119,765863.44,4
1780816120,765835.18,8
1780816121,765809.83,3
1780816122,765778.79,9
1780816123,765717.31,1
1780816124,765676.79,9
1780816125,765661.75,5
1780816126,765618.26,6
1780816127,765587.18,8
1780816128,765587.18,8
1780816129,765564.46,6
1780816130,765615.73,3
1780816131,765574.80,0
1780816132,765607.76,6
1780816133,765617.14,4
1780816134,765607.39,9
1780816135,765590.65,5
1780816136,765597.65,5
1780816137,765613.67,7
1780816138,765629.83,3
1780816139,765623.29,9
1780816140,765610.72,2
1780816141,765624.47,7
1780816142,765654.61,1
1780816143,765638.78,8
1780816144,765642.53,3
1780816145,765664.85,5
1780816146,765673.51,1
1780816147,765637.91,1
1780816148,765585.99,9
1780816149,765595.78,8
1780816150,765647.84,4
1780816151,765594.66,6
1780816152,765601.05,5
1780816153,765618.53,3
1780816154,765636.13,3
1780816155,765616.53,3
1780816156,765652.67,7
1780816157,765601.87,7
1780816158,765627.20,0
1780816159,765650.28,8
1780816160,765691.97,7
1780816161,765729.39,9
1780816162,765711.07,7
1780816163,765695.81,1
1780816164,765690.23,3
1780816165,765693.77,7
1780816166,765698.48,8
1780816167,765727.50,0
1780816168,765780.19,9
1780816169,765720.67,7
1780816170,765736.35,5
1780816171,765747.67,7
1780816172,765773.70,0
1780816173,765792.92,2
1780816174,765775.70,0
1780816175,765788.88,8
1780816176,765860.01,1
1780816177,765822.52,2
1780816178,765890.00,0
1780816179,765879.93,3
1780816180,765871.64,4
1780816181,765864.65,5
1780816182,765889.99,9
1780816183,765893.52,2
1780816184,765922.47,7
1780816185,765906.21,1
1780816186,765929.47,7
1780816187,765945.99,9
1780816188,765947.74,4
1780816189,765938.09,9
1780816190,765928.11,1
1780816191,765930.97,7
1780816192,765915.88,8
1780816193,765892.04,4
1780816194,765904.45,5
1780816195,765934.27,7
1780816196,765873.50,0
1780816197,765878.38,8
1780816198,765880.98,8
1780816199,765924.38,8
1780816200,765979.93,3
1780816201,765958.94,4
1780816202,765967.13,3
1780816203,765969.33,3
1780816204,765961.75,5
1780816205,765932.15,5
1780816206,765971.45,5
1780816207,765969.84,4
1780816208,765958.52,2
1780816209,765933.66,6
1780816210,765972.84,4
1780816211,766038.41,1
1780816212,765996.31,1
1780816213,765976.43,3
1780816214,765983.46,6
1780816215,765964.28,8
1780816216,765983.90,0
1780816217,765991.88,8
1780816218,765966.76,6
1780816219,765918.51,1
1780816220,765902.07,7
1780816221,765906.23,3
1780816222,765968.16,6
1780816223,765952.89,9
1780816224,765911.19,9
1780816225,765841.59,9
1780816226,765863.84,4
1780816227,765903.63,3
1780816228,765946.11,1
1780816229,765930.30,0
1780816230,765954.50,0
1780816231,765952.58,8
1780816232,765944.67,7
1780816233,765927.92,2
1780816234,765954.61,1
1780816235,765977.92,2
1780816236,766068.58,8
1780816237,766122.76,6
1780816238,766164.25,5
1780816239,766210.32,2
1780816240,766227.39,9
1780816241,766268.85,5
1780816242,766279.79,9
1780816243,766265.34,4
1780816244,766260.81,1
1780816245,766243.73,3
1780816246,766239.93,3
1780816247,766259.83,3
1780816248,766208.13,3
1780816249,766164.24,4
1780816250,766196.63,3
1780816251,766171.38,8
1780816252,766143.30,0
1780816253,766146.25,5
1780816254,766119.73,3
1780816255,766178.82,2
1780816256,766175.57,7
1780816257,766218.51,1
1780816258,766212.91,1
1780816259,766276.04,4
1780816260,766334.92,2
1780816261,766323.23,3
1780816262,766269.32,2
1780816263,766330.80,0
1780816264,766296.91,1
1780816265,766288.96,6
1780816266,766312.11,1
1780816267,766333.28,8
1780816268,766356.40,0
1780816269,766381.39,9
1780816270,766389.68,8
1780816271,766349.37,7
1780816272,766361.28,8
1780816273,766378.55,5
1780816274,766413.92,2
1780816275,766423.85,5
1780816276,766469.15,5
1780816277,766446.59,9
1780816278,766410.45,5
1780816279,766451.06,6
1780816280,766457.60,0
1780816281,766447.97,7
1780816282,766491.34,4
1780816283,766558.38,8
1780816284,766602.44,4
1780816285,766623.81,1
1780816286,766602.11,1
1780816287,766624.82,2
1780816288,766673.78,8
1780816289,766681.32,2
1780816290,766749.45,5
1780816291,766710.70,0
1780816292,766754.75,5
1780816293,766742.58,8
1780816294,766757.63,3
1780816295,766783.36,6
1780816296,766781.40,0
1780816297,766805.20,0
1780816298,766805.52,2
1780816299,766801.09,9
1780816300,766764.85,5
1780816301,766692.23,3
1780816302,766680.77,7
1780816303,766728.58,8
1780816304,766781.23,3
1780816305,766777.14,4
1780816306,766776.76,6
1780816307,766753.91,1
1780816308,766781.93,3
1780816309,766789.98,8
1780816310,766793.61,1
1780816311,766792.42,2
1780816312,766742.28,8
1780816313,766740.22,2
1780816314,766758.16,6
1780816315,766750.45,5
1780816316,766767.25,5
1780816317,766786.23,3
1780816318,766777.26,6
1780816319,766767.63,3
1780816320,766757.15,5
1780816321,766767.66,6
1780816322,766741.72,2
1780816323,766718.54,4
1780816324,766738.99,9
1780816325,766776.56,6
1780816326,766750.56,6
1780816327,766749.21,1
1780816328,766726.01,1
1780816329,766700.48,8
1780816330,766648.59,9
1780816331,766642.45,5
1780816332,766669.08,8
1780816333,766741.92,2
1780816334,766803.02,2
1780816335,766788.79,9
1780816336,766775.75,5
1780816337,766804.07,7
1780816338,766802.44,4
1780816339,766814.89,9
1780816340,766805.73,3
1780816341,766841.33,3
1780816342,766834.44,4
1780816343,766819.94,4
1780816344,766829.14,4
1780816345,766846.42,2
1780816346,766853.29,9
1780816347,766877.28,8
1780816348,766883.71,1
1780816349,766835.37,7
1780816350,766823.64,4
1780816351,766799.60,0
1780816352,766777.26,6
1780816353,766813.26,6
1780816354,766788.41,1
1780816355,766766.68,8
1780816356,766746.58,8
1780816357,766758.90,0
1780816358,766791.94,4
1780816359,766795.80,0
1780816360,766769.77,7
1780816361,766681.25,5
1780816362,766637.89,9
1780816363,766552.19,9
1780816364,766521.25,5
1780816365,766515.19,9
1780816366,766519.40,0
1780816367,766520.00,0
1780816368,766535.11,1
1780816369,766529.88,8
1780816370,766504.86,6
1780816371,766529.59,9
1780816372,766541.65,5
1780816373,766597.19,9
1780816374,766585.88,8
1780816375,766601.34,4
1780816376,766592.12,2
1780816377,766536.60,0
1780816378,766537.23,3
1780816379,766565.97,7
1780816380,766563.35,5
1780816381,766604.76,6
1780816382,766606.80,0
1780816383,766574.11,1
1780816384,766602.15,5
1780816385,766581.58,8
1780816386,766541.24,4
1780816387,766521.91,1
1780816388,766489.65,5
1780816389,766521.40,0
1780816390,766552.77,7
1780816391,766536.77,7
1780816392,766480.86,6
1780816393,766488.62,2
1780816394,766477.04,4
1780816395,766428.62,2
1780816396,766429.94,4
1780816397,766433.80,0
1780816398,766417.77,7
1780816399,766403.64,4
1780816400,766393.04,4
1780816401,766467.33,3
1780816402,766460.31,1
1780816403,766384.66,6
1780816404,766366.00,0
1780816405,766349.27,7
1780816406,766366.16,6
1780816407,766390.88,8
1780816408,766423.03,3
1780816409,766423.21,1
1780816410,766427.59,9
1780816411,766342.78,8
1780816412,766352.78,8
1780816413,766367.55,5
1780816414,766348.32,2
1780816415,766329.50,0
1780816416,766384.71,1
1780816417,766416.43,3
1780816418,766449.14,4
1780816419,766451.31,1
1780816420,766465.32,2
1780816421,766470.98,8
1780816422,766493.59,9
1780816423,766603.32,2
1780816424,766646.75,5
1780816425,766655.30,0
1780816426,766665.63,3
1780816427,766729.22,2
1780816428,766753.06,6
1780816429,766736.87,7
1780816430,766719.38,8
1780816431,766693.47,7
1780816432,766697.05,5
1780816433,766696.48,8
1780816434,766683.99,9
1780816435,766771.08,8
1780816436,766734.54,4
1780816437,766707.41,1
1780816438,766648.65,5
1780816439,766670.07,7
1780816440,766651.72,2
1780816441,766624.84,4
1780816442,766674.60,0
1780816443,766663.28,8
1780816444,766679.11,1
1780816445,766722.47,7
1780816446,766717.54,4
1780816447,766765.89,9
1780816448,766793.04,4
1780816449,766769.93,3
1780816450,766782.17,7
1780816451,766794.11,1
1780816452,766797.74,4
1780816453,766766.57,7
1780816454,766783.37,7
1780816455,766753.84,4
1780816456,766733.02,2
1780816457,766708.43,3
1780816458,766681.92,2
1780816459,766736.87,7
1780816460,766709.33,3
1780816461,766718.53,3
1780816462,766739.15,5
1780816463,766747.54,4
1780816464,766724.36,6
1780816465,766735.63,3
1780816466,766781.58,8
1780816467,766759.90,0
1780816468,766786.21,1
1780816469,766790.44,4
1780816470,766776.13,3
1780816471,766820.80,0
1780816472,766813.69,9
1780816473,766825.14,4
1780816474,766819.48,8
1780816475,766815.65,5
1780816476,766826.18,8
1780816477,766817.80,0
1780816478,766794.29,9
1780816479,766762.48,8
1780816480,766785.05,5
1780816481,766789.90,0
1780816482,766775.76,6
1780816483,766699.80,0
1780816484,766722.79,9
1780816485,766710.04,4
1780816486,766680.14,4
1780816487,766648.07,7
1780816488,766615.11,1
1780816489,766632.65,5
1780816490,766613.64,4
1780816491,766621.44,4
1780816492,766621.74,4
1780816493,766671.84,4
1780816494,766740.63,3
1780816495,766733.34,4
1780816496,766671.97,7
1780816497,766662.08,8
1780816498,766665.89,9
1780816499,766711.73,3
1780816500,766762.08,8
1780816501,766796.65,5
1780816502,766869.47,7
1780816503,766912.32,2
1780816504,766951.27,7
1780816505,767000.98,8
1780816506,766960.67,7
1780816507,766955.46,6
1780816508,766948.28,8
1780816509,766912.73,3
1780816510,766861.66,6
1780816511,766846.92,2
1780816512,766861.55,5
1780816513,766903.57,7
1780816514,766912.94,4
1780816515,766896.18,8
1780816516,766906.56,6
1780816517,766874.73,3
1780816518,766852.62,2
1780816519,766902.81,1
1780816520,766904.86,6
1780816521,766930.24,4
1780816522,766945.81,1
1780816523,766922.39,9
1780816524,766894.12,2
1780816525,766901.18,8
1780816526,766869.35,5
1780816527,766902.20,0
1780816528,766911.96,6
1780816529,766982.21,1
1780816530,767015.54,4
1780816531,767053.41,1
1780816532,767021.97,7
1780816533,766999.98,8
1780816534,767049.79,9
1780816535,766957.98,8
1780816536,766969.77,7
1780816537,766949.58,8
1780816538,766882.68,8
1780816539,766828.86,6
1780816540,766835.31,1
1780816541,766784.31,1
1780816542,766824.11,1
1780816543,766838.48,8
1780816544,766829.73,3
1780816545,766835.30,0
1780816546,766814.89,9
1780816547,766859.61,1
1780816548,766867.34,4
1780816549,766829.84,4
1780816550,766835.61,1
1780816551,766878.56,6
1780816552,766914.66,6
1780816553,766920.73,3
1780816554,766971.98,8
1780816555,766990.28,8
1780816556,766984.61,1
1780816557,767004.06,6
1780816558,767043.29,9
1780816559,766963.60,0
1780816560,766998.10,0
1780816561,767010.31,1
1780816562,766990.17,7
1780816563,767005.23,3
1780816564,766978.48,8
1780816565,766923.87,7
1780816566,766958.91,1
1780816567,767023.56,6
1780816568,767053.28,8
1780816569,767029.32,2
1780816570,766965.25,5
1780816571,766913.76,6
1780816572,766934.91,1
1780816573,766921.46,6
1780816574,766937.52,2
1780816575,766939.11,1
1780816576,766913.87,7
1780816577,766918.85,5
1780816578,766991.54,4
1780816579,767020.54,4
1780816580,767006.01,1
1780816581,767005.66,6
1780816582,767031.23,3
1780816583,766984.72,2
1780816584,766987.58,8
1780816585,766984.94,4
1780816586,767007.86,6
1780816587,767033.49,9
1780816588,767042.30,0
1780816589,767035.00,0
1780816590,766957.06,6
1780816591,766900.20,0
1780816592,766858.25,5
1780816593,766829.85,5
1780816594,766828.78,8
1780816595,766880.57,7
1780816596,766856.55,5
1780816597,766927.65,5
1780816598,766910.68,8
1780816599,766900.58,8
1780816600,766918.88,8
1780816601,766923.87,7
1780816602,766874.73,3
1780816603,766812.67,7
1780816604,766818.45,5
1780816605,766848.38,8
1780816606,766847.72,2
1780816607,766800.57,7
1780816608,766829.03,3
1780816609,766800.49,9
1780816610,766748.63,3
1780816611,766767.72,2
1780816612,766733.84,4
1780816613,766763.58,8
1780816614,766688.57,7
1780816615,766650.24,4
1780816616,766673.14,4
1780816617,766603.28,8
1780816618,766644.69,9
1780816619,766625.75,5
1780816620,766508.44,4
1780816621,766521.13,3
1780816622,766560.89,9
1780816623,766567.57,7
1780816624,766602.69,9
1780816625,766608.55,5
1780816626,766607.78,8
1780816627,766561.08,8
1780816628,766602.18,8
1780816629,766570.44,4
1780816630,766519.87,7
1780816631,766503.94,4
1780816632,766515.05,5
1780816633,766574.30,0
1780816634,766617.77,7
1780816635,766561.04,4
1780816636,766585.32,2
1780816637,766647.11,1
1780816638,766625.16,6
1780816639,766673.13,3
1780816640,766642.80,0
1780816641,766657.32,2
1780816642,766652.97,7
1780816643,766652.00,0
1780816644,766579.53,3
1780816645,766587.60,0
1780816646,766594.11,1
1780816647,766549.88,8
1780816648,766533.90,0
1780816649,766488.18,8
1780816650,766509.21,1
1780816651,766488.07,7
1780816652,766447.68,8
1780816653,766524.85,5
1780816654,766537.75,5
1780816655,766580.35,5
1780816656,766628.75,5
1780816657,766667.72,2
1780816658,766637.69,9
1780816659,766591.95,5
1780816660,766530.22,2
1780816661,766561.73,3
1780816662,766646.45,5
1780816663,766696.95,5
1780816664,766744.07,7
1780816665,766750.74,4
1780816666,766799.77,7
1780816667,766775.46,6
1780816668,766810.01,1
1780816669,766845.25,5
1780816670,766787.77,7
1780816671,766798.65,5
1780816672,766755.78,8
1780816673,766724.58,8
1780816674,766790.79,9
1780816675,766767.49,9
1780816676,766801.81,1
1780816677,766748.99,9
1780816678,766700.89,9
1780816679,766702.27,7
1780816680,766699.84,4
1780816681,766705.28,8
1780816682,766675.97,7
1780816683,766655.15,5
1780816684,766629.11,1
1780816685,766604.50,0
1780816686,766667.07,7
1780816687,766586.21,1
1780816688,766613.32,2
1780816689,766558.57,7
1780816690,766536.20,0
1780816691,766584.58,8
1780816692,766567.48,8
1780816693,766554.97,7
1780816694,766616.40,0
1780816695,766595.30,0
1780816696,766570.95,5
1780816697,766573.59,9
1780816698,766541.78,8
1780816699,766521.93,3
1780816700,766579.06,6
1780816701,766559.66,6
1780816702,766487.96,6
1780816703,766521.66,6
1780816704,766506.98,8
1780816705,766482.44,4
1780816706,766447.83,3
1780816707,766464.27,7
1780816708,766445.48,8
1780816709,766463.95,5
1780816710,766472.19,9
1780816711,766497.19,9
1780816712,766550.37,7
1780816713,766556.78,8
1780816714,766557.12,2
1780816715,766566.61,1
1780816716,766561.08,8
1780816717,766495.40,0
1780816718,766479.63,3
1780816719,766441.19,9
1780816720,766456.59,9
1780816721,766479.05,5
1780816722,766452.11,1
1780816723,766408.85,5
1780816724,766403.03,3
1780816725,766417.33,3
1780816726,766443.23,3
1780816727,766441.11,1
1780816728,766470.85,5
1780816729,766516.55,5
1780816730,766496.06,6
1780816731,766568.02,2
1780816732,766598.26,6
1780816733,766639.30,0
1780816734,766611.15,5
1780816735,766586.45,5
1780816736,766562.82,2
1780816737,766579.79,9
1780816738,766577.64,4
1780816739,766617.57,7
1780816740,766656.79,9
1780816741,766645.97,7
1780816742,766655.69,9
1780816743,766654.13,3
1780816744,766680.53,3
1780816745,766624.06,6
1780816746,766648.87,7
1780816747,766648.56,6
1780816748,766685.76,6
1780816749,766696.00,0
1780816750,766704.34,4
1780816751,766688.75,5
1780816752,766684.79,9
1780816753,766736.21,1
1780816754,766736.17,7
1780816755,766712.31,1
1780816756,766687.26,6
1780816757,766683.52,2
1780816758,766675.98,8
1780816759,766687.81,1
1780816760,766708.54,4
1780816761,766697.50,0
1780816762,766669.65,5
1780816763,766637.96,6
1780816764,766643.47,7
1780816765,766607.73,3
1780816766,766643.42,2
1780816767,766689.98,8
1780816768,766671.01,1
1780816769,766605.57,7
1780816770,766642.70,0
1780816771,766603.80,0
1780816772,766679.45,5
1780816773,766682.63,3
1780816774,766626.72,2
1780816775,766555.52,2
1780816776,766512.09,9
1780816777,766455.68,8
1780816778,766418.91,1
1780816779,766388.19,9
1780816780,766431.02,2
1780816781,766413.49,9
1780816782,766390.90,0
1780816783,766359.32,2
1780816784,766434.17,7
1780816785,766453.32,2
1780816786,766485.30,0
1780816787,766497.09,9
1780816788,766495.31,1
1780816789,766499.48,8
1780816790,766511.38,8
1780816791,766466.89,9
1780816792,766485.16,6
1780816793,766469.73,3
1780816794,766462.33,3
1780816795,766487.42,2
1780816796,766573.07,7
1780816797,766504.15,5
1780816798,766554.64,4
1780816799,766593.13,3
1780816800,766545.27,7
1780816801,766569.59,9
1780816802,766589.21,1
1780816803,766531.70,0
1780816804,766504.60,0
1780816805,766466.22,2
1780816806,766445.49,9
1780816807,766452.13,3
1780816808,766485.26,6
1780816809,766506.76,6
1780816810,766511.98,8
1780816811,766524.41,1
1780816812,766591.77,7
1780816813,766596.03,3
1780816814,766571.16,6
1780816815,766574.93,3
1780816816,766555.61,1
1780816817,766578.09,9
1780816818,766566.53,3
1780816819,766607.10,0
1780816820,766547.01,1
1780816821,766536.46,6
1780816822,766505.73,3
1780816823,766485.22,2
1780816824,766546.93,3
1780816825,766562.57,7
1780816826,766557.72,2
1780816827,766535.70,0
1780816828,766460.61,1
1780816829,766508.07,7
1780816830,766530.94,4
1780816831,766508.16,6
1780816832,766527.41,1
1780816833,766544.88,8
1780816834,766580.52,2
1780816835,766571.35,5
1780816836,766561.53,3
1780816837,766580.33,3
1780816838,766554.10,0
1780816839,766550.11,1
1780816840,766520.85,5
1780816841,766523.25,5
1780816842,766551.70,0
1780816843,766552.70,0
1780816844,766565.79,9
1780816845,766610.43,3
1780816846,766662.23,3
1780816847,766638.95,5
1780816848,766598.89,9
1780816849,766576.24,4
1780816850,766553.50,0
1780816851,766543.85,5
1780816852,766502.20,0
1780816853,766483.00,0
1780816854,766480.25,5
1780816855,766490.93,3
1780816856,766508.65,5
1780816857,766475.92,2
1780816858,766480.66,6
1780816859,766440.72,2
1780816860,766436.82,2
1780816861,766417.12,2
1780816862,766472.74,4
1780816863,766517.70,0
1780816864,766561.97,7
1780816865,766531.68,8
1780816866,766564.94,4
1780816867,766628.24,4
1780816868,766580.97,7
1780816869,766612.20,0
1780816870,766589.33,3
1780816871,766613.09,9
1780816872,766647.96,6
1780816873,766636.89,9
1780816874,766689.40,0
1780816875,766661.35,5
1780816876,766683.84,4
1780816877,766756.55,5
1780816878,766759.60,0
1780816879,766760.56,6
1780816880,766770.10,0
1780816881,766751.39,9
1780816882,766761.85,5
1780816883,766754.70,0
1780816884,766800.36,6
1780816885,766821.10,0
1780816886,766877.87,7
1780816887,766865.72,2
1780816888,766844.53,3
1780816889,766770.68,8
1780816890,766766.96,6
1780816891,766733.68,8
1780816892,766746.31,1
1780816893,766745.77,7
1780816894,766695.31,1
1780816895,766741.60,0
1780816896,766735.31,1
1780816897,766702.84,4
1780816898,766748.66,6
1780816899,766755.06,6
1780816900,766752.04,4
1780816901,766725.63,3
1780816902,766809.15,5
1780816903,766774.40,0
1780816904,766780.15,5
1780816905,766815.88,8
1780816906,766799.73,3
1780816907,766788.45,5
1780816908,766784.65,5
1780816909,766770.27,7
1780816910,766779.65,5
1780816911,766811.89,9
1780816912,766778.86,6
1780816913,766830.77,7
1780816914,766861.55,5
1780816915,766839.42,2
1780816916,766863.39,9
1780816917,766800.91,1
1780816918,766763.67,7
1780816919,766800.85,5
1780816920,766814.11,1
1780816921,766818.92,2
1780816922,766784.86,6
1780816923,766824.04,4
1780816924,766835.67,7
1780816925,766833.96,6
1780816926,766822.37,7
1780816927,766765.82,2
1780816928,766750.67,7
1780816929,766778.79,9
1780816930,766735.96,6
1780816931,766712.93,3
1780816932,766732.75,5
1780816933,766749.22,2
1780816934,766806.08,8
1780816935,766867.61,1
1780816936,766864.03,3
1780816937,766846.71,1
1780816938,766838.14,4
1780816939,766825.20,0
1780816940,766787.13,3
1780816941,766802.22,2
1780816942,766739.52,2
1780816943,766753.99,9
1780816944,766715.70,0
1780816945,766688.80,0
1780816946,766779.72,2
1780816947,766771.09,9
1780816948,766745.85,5
1780816949,766779.97,7
1780816950,766738.20,0
1780816951,766749.24,4
1780816952,766767.84,4
1780816953,766739.00,0
1780816954,766693.05,5
1780816955,766680.61,1
1780816956,766731.68,8
1780816957,766762.76,6
1780816958,766795.61,1
1780816959,766780.88,8
1780816960,766706.17,7
1780816961,766698.57,7
1780816962,766679.29,9
1780816963,766720.53,3
1780816964,766721.43,3
1780816965,766783.81,1
1780816966,766740.13,3
1780816967,766760.44,4
1780816968,766682.53,3
1780816969,766688.85,5
1780816970,766710.14,4
1780816971,766684.89,9
1780816972,766708.92,2
1780816973,766671.22,2
1780816974,766697.12,2
1780816975,766706.27,7
1780816976,766748.82,2
1780816977,766749.27,7
1780816978,766760.84,4
1780816979,766757.75,5
1780816980,766735.36,6
1780816981,766786.63,3
1780816982,766772.89,9
1780816983,766819.99,9
1780816984,766777.41,1
1780816985,766832.55,5
1780816986,766815.64,4
1780816987,766819.85,5
1780816988,766781.10,0
1780816989,766801.41,1
1780816990,766820.06,6
1780816991,766808.14,4
1780816992,766782.82,2
1780816993,766775.42,2
1780816994,766758.00,0
1780816995,766805.56,6
1780816996,766828.64,4
1780816997,766803.65,5
1780816998,766869.41,1
1780816999,766855.31,1
1780817000,766845.38,8
1780817001,766862.64,4
1780817002,766868.11,1
1780817003,766892.25,5
1780817004,766912.06,6
1780817005,766899.70,0
1780817006,766950.88,8
1780817007,766961.73,3
1780817008,766977.72,2
1780817009,767039.16,6
1780817010,767011.29,9
1780817011,767061.38,8
1780817012,767074.74,4
1780817013,767045.46,6
1780817014,766992.63,3
1780817015,767034.80,0
1780817016,767095.42,2
1780817017,767076.45,5
1780817018,767069.06,6
1780817019,767021.05,5
1780817020,766965.85,5
1780817021,766907.56,6
1780817022,766888.00,0
1780817023,766883.00,0
1780817024,766824.70,0
1780817025,766813.45,5
1780817026,766846.17,7
1780817027,766782.87,7
1780817028,766798.44,4
1780817029,766843.40,0
1780817030,766777.10,0
1780817031,766749.30,0
1780817032,766728.56,6
1780817033,766743.18,8
1780817034,766685.96,6
1780817035,766654.71,1
1780817036,766678.94,4
1780817037,766684.17,7
1780817038,766671.60,0
1780817039,766636.58,8
1780817040,766636.36,6
1780817041,766573.84,4
1780817042,766556.14,4
1780817043,766533.49,9
1780817044,766511.90,0
1780817045,766544.10,0
1780817046,766563.18,8
1780817047,766523.62,2
1780817048,766524.80,0
1780817049,766507.47,7
1780817050,766460.13,3
1780817051,766481.79,9
1780817052,766508.60,0
1780817053,766534.90,0
1780817054,766444.84,4
1780817055,766402.00,0
1780817056,766413.11,1
1780817057,766481.84,4
1780817058,766462.10,0
1780817059,766453.41,1
1780817060,766469.20,0
1780817061,766476.24,4
1780817062,766504.70,0
1780817063,766559.84,4
1780817064,766592.25,5
1780817065,766574.47,7
1780817066,766546.77,7
1780817067,766502.14,4
1780817068,766528.18,8
1780817069,766540.34,4
1780817070,766505.59,9
1780817071,766524.38,8
1780817072,766505.21,1
1780817073,766545.95,5
1780817074,766536.59,9
1780817075,766468.78,8
1780817076,766487.77,7
1780817077,766479.55,5
1780817078,766450.35,5
1780817079,766511.93,3
1780817080,766543.80,0
1780817081,766568.13,3
1780817082,766524.27,7
1780817083,766548.29,9
1780817084,766549.81,1
1780817085,766591.36,6
1780817086,766606.57,7
1780817087,766616.49,9
1780817088,766652.88,8
1780817089,766593.46,6
1780817090,766580.98,8
1780817091,766577.44,4
1780817092,766560.00,0
1780817093,766569.82,2
1780817094,766568.10,0
1780817095,766546.76,6
1780817096,766526.19,9
1780817097,766516.37,7
1780817098,766458.78,8
1780817099,766531.28,8
1780817100,766549.27,7
1780817101,766578.28,8
1780817102,766599.58,8
1780817103,766617.27,7
1780817104,766643.35,5
1780817105,766667.57,7
1780817106,766601.06,6
1780817107,766579.17,7
1780817108,766574.71,1
1780817109,766566.19,9
1780817110,766558.44,4
1780817111,766561.91,1
1780817112,766548.21,1
1780817113,766552.32,2
1780817114,766506.95,5
1780817115,766563.95,5
1780817116,766602.82,2
1780817117,766651.61,1
1780817118,766606.39,9
1780817119,766614.52,2
1780817120,766647.74,4
1780817121,766625.76,6
1780817122,766589.04,4
1780817123,766625.95,5
1780817124,766541.37,7
1780817125,766539.05,5
1780817126,766607.50,0
1780817127,766652.32,2
1780817128,766641.46,6
1780817129,766651.45,5
1780817130,766651.22,2
1780817131,766649.01,1
1780817132,766613.08,8
1780817133,766580.33,3
1780817134,766534.84,4
1780817135,766530.68,8
1780817136,766503.64,4
1780817137,766466.96,6
1780817138,766478.95,5
1780817139,766517.39,9
1780817140,766502.57,7
1780817141,766503.97,7
1780817142,766520.66,6
1780817143,766498.20,0
1780817144,766437.88,8
1780817145,766422.44,4
1780817146,766391.16,6
1780817147,766344.16,6
1780817148,766329.69,9
1780817149,766322.44,4
1780817150,766314.44,4
1780817151,766284.17,7
1780817152,766279.73,3
1780817153,766222.02,2
1780817154,766285.17,7
1780817155,766316.82,2
1780817156,766299.92,2
1780817157,766259.15,5
1780817158,766203.26,6
1780817159,766190.07,7
1780817160,766145.82,2
1780817161,766050.20,0
1780817162,766094.72,2
1780817163,766047.58,8
1780817164,766077.20,0
1780817165,766045.00,0
1780817166,766023.73,3
1780817167,765989.85,5
1780817168,766046.32,2
1780817169,766041.14,4
1780817170,766041.96,6
1780817171,766000.14,4
1780817172,765963.80,0
1780817173,765980.47,7
1780817174,765964.65,5
1780817175,765919.75,5
1780817176,765886.22,2
1780817177,765850.15,5
1780817178,765899.22,2
1780817179,765918.62,2
1780817180,765966.69,9
1780817181,765907.91,1
1780817182,765913.99,9
1780817183,765941.44,4
1780817184,765995.97,7
1780817185,765980.20,0
1780817186,765982.01,1
1780817187,766010.44,4
1780817188,765999.66,6
1780817189,766043.86,6
1780817190,766034.51,1
1780817191,766076.31,1
1780817192,766120.96,6
1780817193,766131.05,5
1780817194,766110.00,0
1780817195,766072.34,4
1780817196,766023.99,9
1780817197,766060.99,9
1780817198,766063.44,4
1780817199,766019.28,8
1780817200,765986.98,8
1780817201,766009.46,6
1780817202,766005.10,0
1780817203,765968.76,6
1780817204,765998.35,5
1780817205,765933.23,3
1780817206,765944.34,4
1780817207,765864.41,1
1780817208,765850.31,1
1780817209,765823.13,3
1780817210,765753.22,2
1780817211,765772.01,1
1780817212,765838.15,5
1780817213,765820.89,9
1780817214,765841.89,9
1780817215,765867.34,4
1780817216,765848.46,6
1780817217,765869.99,9
1780817218,765845.03,3
1780817219,765861.44,4
1780817220,765877.59,9
1780817221,765951.20,0
1780817222,765955.74,4
1780817223,765957.15,5
1780817224,765967.35,5
1780817225,765937.45,5
1780817226,765928.88,8
1780817227,765930.24,4
1780817228,765932.29,9
1780817229,765965.98,8
1780817230,766016.68,8
1780817231,766018.33,3
1780817232,766029.07,7
1780817233,766043.42,2
1780817234,766050.99,9
1780817235,766042.49,9
1780817236,766097.80,0
1780817237,766075.90,0
1780817238,766048.19,9
1780817239,766037.34,4
1780817240,766069.64,4
1780817241,766099.18,8
1780817242,766106.71,1
1780817243,766160.82,2
1780817244,766171.59,9
1780817245,766177.84,4
1780817246,766164.11,1
1780817247,766143.86,6
1780817248,766134.27,7
1780817249,766049.61,1
1780817250,766085.81,1
1780817251,766159.15,5
1780817252,766164.91,1
1780817253,766160.87,7
1780817254,766158.34,4
1780817255,766130.96,6
1780817256,766061.45,5
1780817257,766036.47,7
1780817258,766023.22,2
1780817259,766065.84,4
1780817260,766067.37,7
1780817261,766111.98,8
1780817262,766107.77,7
1780817263,766106.90,0
1780817264,766177.75,5
1780817265,766120.75,5
1780817266,766180.83,3
1780817267,766184.85,5
1780817268,766240.33,3
1780817269,766238.34,4
1780817270,766183.88,8
1780817271,766180.95,5
1780817272,766161.29,9
1780817273,766164.92,2
1780817274,766181.32,2
1780817275,766176.42,2
1780817276,766149.63,3
1780817277,766123.39,9
1780817278,766153.06,6
1780817279,766183.99,9
1780817280,766229.55,5
1780817281,766269.04,4
1780817282,766215.96,6
1780817283,766226.18,8
1780817284,766181.47,7
1780817285,766228.89,9
1780817286,766227.92,2
1780817287,766202.47,7
1780817288,766162.24,4
1780817289,766195.12,2
1780817290,766238.29,9
1780817291,766172.10,0
1780817292,766212.05,5
1780817293,766130.71,1
1780817294,766162.85,5
1780817295,766193.31,1
1780817296,766187.41,1
1780817297,766153.81,1
1780817298,766180.49,9
1780817299,766175.89,9
1780817300,766166.67,7
1780817301,766150.68,8
1780817302,766178.98,8
1780817303,766212.53,3
1780817304,766212.58,8
1780817305,766203.15,5
1780817306,766180.19,9
1780817307,766213.55,5
1780817308,766170.53,3
1780817309,766206.71,1
1780817310,766174.38,8
1780817311,766117.01,1
1780817312,766127.77,7
1780817313,766122.24,4
1780817314,766084.17,7
1780817315,766091.48,8
1780817316,766087.94,4
1780817317,766180.43,3
1780817318,766173.05,5
1780817319,766203.14,4
1780817320,766182.21,1
1780817321,766151.82,2
1780817322,766132.88,8
1780817323,766125.47,7
1780817324,766088.37,7
1780817325,766080.30,0
1780817326,766109.67,7
1780817327,766055.84,4
1780817328,766076.23,3
1780817329,766088.78,8
1780817330,766054.85,5
1780817331,766040.67,7
1780817332,766067.19,9
1780817333,766077.16,6
1780817334,766076.77,7
1780817335,766089.60,0
1780817336,766122.70,0
1780817337,766149.54,4
1780817338,766174.63,3
1780817339,766201.86,6
1780817340,766159.99,9
1780817341,766174.34,4
1780817342,766183.14,4
1780817343,766142.18,8
1780817344,766122.88,8
1780817345,766122.51,1
1780817346,766157.74,4
1780817347,766127.16,6
1780817348,766160.67,7
1780817349,766155.37,7
1780817350,766200.10,0
1780817351,766141.85,5
1780817352,766108.13,3
1780817353,766143.15,5
1780817354,766144.73,3
1780817355,766158.89,9
1780817356,766217.57,7
1780817357,766253.55,5
1780817358,766307.28,8
1780817359,766309.80,0
1780817360,766263.17,7
1780817361,766262.69,9
1780817362,766251.43,3
1780817363,766249.66,6
1780817364,766251.79,9
1780817365,766208.92,2
1780817366,766221.47,7
1780817367,766238.22,2
1780817368,766220.32,2
1780817369,766198.83,3
1780817370,766232.56,6
1780817371,766213.56,6
1780817372,766198.90,0
1780817373,766235.65,5
1780817374,766185.52,2
1780817375,766183.48,8
1780817376,766255.86,6
1780817377,766292.28,8
1780817378,766332.74,4
1780817379,766375.74,4
1780817380,766415.67,7
1780817381,766445.34,4
1780817382,766469.49,9
1780817383,766410.57,7
1780817384,766356.13,3
1780817385,766337.40,0
1780817386,766355.17,7
1780817387,766365.93,3
1780817388,766382.30,0
1780817389,766388.59,9
1780817390,766426.50,0
1780817391,766423.54,4
1780817392,766372.09,9
1780817393,766417.00,0
1780817394,766438.53,3
1780817395,766416.83,3
1780817396,766426.98,8
1780817397,766474.02,2
1780817398,766484.31,1
1780817399,766502.51,1
1780817400,766513.68,8
1780817401,766474.25,5
1780817402,766439.72,2
1780817403,766498.22,2
1780817404,766479.83,3
1780817405,766509.69,9
1780817406,766507.21,1
1780817407,766497.23,3
1780817408,766549.72,2
1780817409,766500.85,5
1780817410,766462.35,5
1780817411,766477.82,2
1780817412,766477.35,5
1780817413,766454.90,0
1780817414,766413.11,1
1780817415,766370.02,2
1780817416,766433.07,7
1780817417,766471.22,2
1780817418,766500.32,2
1780817419,766506.58,8
1780817420,766533.83,3
1780817421,766506.34,4
1780817422,766506.41,1
1780817423,766485.97,7
1780817424,766510.60,0
1780817425,766433.07,7
1780817426,766388.56,6
1780817427,766398.59,9
1780817428,766390.59,9
1780817429,766401.47,7
1780817430,766419.38,8
1780817431,766368.69,9
1780817432,766335.72,2
1780817433,766303.84,4
1780817434,766281.19,9
1780817435,766293.54,4
1780817436,766304.51,1
1780817437,766348.56,6
1780817438,766304.70,0
1780817439,766267.01,1
1780817440,766259.06,6
1780817441,766213.56,6
1780817442,766228.90,0
1780817443,766214.42,2
1780817444,766252.29,9
1780817445,766226.24,4
1780817446,766214.35,5
1780817447,766233.98,8
1780817448,766231.98,8
1780817449,766221.69,9
1780817450,766219.53,3
1780817451,766224.40,0
1780817452,766215.90,0
1780817453,766225.61,1
1780817454,766255.29,9
1780817455,766231.55,5
1780817456,766247.05,5
1780817457,766184.66,6
1780817458,766170.97,7
1780817459,766144.87,7
1780817460,766120.65,5
1780817461,766116.30,0
1780817462,766084.58,8
1780817463,766152.56,6
1780817464,766145.58,8
1780817465,766115.02,2
1780817466,766174.73,3
1780817467,766174.12,2
1780817468,766199.46,6
1780817469,766197.75,5
1780817470,766156.53,3
1780817471,766151.64,4
1780817472,766072.01,1
1780817473,766108.42,2
1780817474,766100.94,4
1780817475,766106.47,7
1780817476,766071.78,8
1780817477,766052.17,7
1780817478,766031.31,1
1780817479,766059.61,1
1780817480,766041.70,0
1780817481,766082.80,0
1780817482,766121.50,0
1780817483,766148.20,0
1780817484,766140.42,2
1780817485,766147.14,4
1780817486,766140.54,4
1780817487,766169.75,5
1780817488,766157.42,2
1780817489,766178.54,4
1780817490,766206.36,6
1780817491,766230.70,0
1780817492,766230.04,4
1780817493,766175.91,1
1780817494,766238.28,8
1780817495,766248.99,9
1780817496,766237.78,8
1780817497,766287.80,0
1780817498,766261.95,5
1780817499,766224.63,3
1780817500,766243.15,5
1780817501,766263.65,5
1780817502,766282.55,5
1780817503,766318.26,6
1780817504,766335.73,3
1780817505,766333.19,9
1780817506,766381.12,2
1780817507,766280.80,0
1780817508,766289.68,8
1780817509,766287.36,6
1780817510,766214.70,0
1780817511,766190.91,1
1780817512,766160.65,5
1780817513,766082.82,2
1780817514,766135.06,6
1780817515,766109.80,0
1780817516,766096.83,3
1780817517,766083.52,2
1780817518,766096.46,6
1780817519,766093.64,4
1780817520,766123.07,7
1780817521,766173.18,8
1780817522,766192.78,8
1780817523,766204.71,1
1780817524,766239.80,0
1780817525,766183.24,4
1780817526,766193.77,7
1780817527,766223.64,4
1780817528,766222.61,1
1780817529,766259.94,4
1780817530,766188.81,1
1780817531,766151.79,9
1780817532,766132.89,9
1780817533,766077.49,9
1780817534,766031.72,2
1780817535,766067.11,1
1780817536,766090.55,5
1780817537,766065.69,9
1780817538,765993.63,3
1780817539,765972.77,7
1780817540,765985.66,6
1780817541,765965.74,4
1780817542,765986.36,6
1780817543,765976.37,7
1780817544,765926.39,9
1780817545,765958.07,7
1780817546,765987.34,4
1780817547,765964.25,5
1780817548,765969.34,4
1780817549,765976.25,5
1780817550,766039.31,1
1780817551,766020.69,9
1780817552,765997.11,1
1780817553,765967.81,1
1780817554,765952.10,0
1780817555,766001.56,6
1780817556,765998.68,8
1780817557,765990.50,0
1780817558,765988.86,6
1780817559,765986.75,5
1780817560,766015.78,8
1780817561,766043.54,4
1780817562,766001.34,4
1780817563,765973.84,4
1780817564,765931.13,3
1780817565,765967.84,4
1780817566,766021.82,2
1780817567,766001.47,7
1780817568,765935.14,4
1780817569,765922.91,1
1780817570,765876.05,5
1780817571,765845.92,2
1780817572,765806.72,2
1780817573,765776.90,0
1780817574,765811.20,0
1780817575,765816.66,6
1780817576,765866.52,2
1780817577,765898.34,4
1780817578,765929.99,9
1780817579,765965.97,7
1780817580,765964.71,1
1780817581,765936.97,7
1780817582,765979.53,3
1780817583,765910.97,7
1780817584,765893.27,7
1780817585,765828.13,3
1780817586,765846.20,0
1780817587,765860.77,7
1780817588,765837.70,0
1780817589,765853.30,0
1780817590,765921.28,8
1780817591,765888.33,3
1780817592,765857.15,5
1780817593,765839.90,0
1780817594,765834.78,8
1780817595,765783.60,0
1780817596,765799.75,5
1780817597,765783.45,5
1780817598,765821.01,1
1780817599,765795.41,1
1780817600,765795.24,4
1780817601,765827.43,3
1780817602,765772.59,9
1780817603,765746.43,3
1780817604,765738.49,9
1780817605,765721.41,1
1780817606,765630.16,6
1780817607,765655.97,7
1780817608,765618.24,4
1780817609,765573.58,8
1780817610,765546.63,3
1780817611,765560.99,9
1780817612,765600.72,2
1780817613,765631.32,2
1780817614,765626.96,6
1780817615,765654.78,8
1780817616,765652.85,5
1780817617,765638.10,0
1780817618,765662.48,8
1780817619,765608.96,6
1780817620,765659.78,8
1780817621,765652.09,9
1780817622,765645.10,0
1780817623,765603.23,3
1780817624,765579.64,4
1780817625,765541.97,7
1780817626,765538.95,5
1780817627,765516.80,0
1780817628,765515.06,6
1780817629,765549.97,7
1780817630,765602.65,5
1780817631,765659.76,6
1780817632,765702.74,4
1780817633,765675.57,7
1780817634,765741.90,0
1780817635,765752.05,5
1780817636,765778.11,1
1780817637,765767.75,5
1780817638,765736.29,9
1780817639,765828.82,2
1780817640,765824.95,5
1780817641,765828.15,5
1780817642,765828.91,1
1780817643,765802.14,4
1780817644,765781.95,5
1780817645,765771.81,1
1780817646,765737.94,4
1780817647,765752.45,5
1780817648,765730.34,4
1780817649,765730.53,3
1780817650,765743.50,0
1780817651,765769.96,6
1780817652,765778.03,3
1780817653,765822.15,5
1780817654,765827.28,8
1780817655,765826.13,3
1780817656,765785.13,3
1780817657,765765.02,2
1780817658,765772.27,7
1780817659,765732.53,3
1780817660,765791.02,2
1780817661,765784.26,6
1780817662,765782.64,4
1780817663,765797.72,2
1780817664,765800.97,7
1780817665,765782.51,1
1780817666,765799.11,1
1780817667,765797.74,4
1780817668,765842.68,8
1780817669,765826.07,7
1780817670,765806.75,5
1780817671,765846.36,6
1780817672,765831.87,7
1780817673,765869.93,3
1780817674,765883.18,8
1780817675,765857.47,7
1780817676,765894.23,3
1780817677,765911.58,8
1780817678,765924.17,7
1780817679,765923.24,4
1780817680,765965.55,5
1780817681,765982.90,0
1780817682,766009.16,6
1780817683,766008.77,7
1780817684,766002.85,5
1780817685,765967.15,5
1780817686,765986.18,8
1780817687,766038.00,0
1780817688,766018.63,3
1780817689,766061.05,5
1780817690,766101.58,8
1780817691,766104.76,6
1780817692,766153.78,8
1780817693,766137.46,6
1780817694,766138.73,3
1780817695,766155.87,7
1780817696,766174.24,4
1780817697,766153.13,3
1780817698,766143.55,5
1780817699,766164.53,3
1780817700,766136.04,4
1780817701,766168.84,4
1780817702,766178.67,7
1780817703,766202.68,8
1780817704,766184.31,1
1780817705,766179.71,1
1780817706,766173.53,3
1780817707,766175.96,6
1780817708,766154.53,3
1780817709,766134.73,3
1780817710,766151.44,4
1780817711,766201.57,7
1780817712,766110.79,9
1780817713,766072.75,5
1780817714,766148.66,6
1780817715,766105.87,7
1780817716,766096.16,6
1780817717,766064.36,6
1780817718,766060.63,3
1780817719,766084.28,8
1780817720,766099.54,4
1780817721,766038.87,7
1780817722,766019.40,0
1780817723,766012.23,3
1780817724,765965.83,3
1780817725,765965.82,2
1780817726,765942.72,2
1780817727,765944.24,4
1780817728,765982.74,4
1780817729,765939.47,7
1780817730,765968.71,1
1780817731,765922.12,2
1780817732,765870.59,9
1780817733,765829.99,9
1780817734,765800.94,4
1780817735,765887.85,5
1780817736,765925.79,9
1780817737,765931.79,9
1780817738,765921.83,3
1780817739,765914.03,3
1780817740,765896.20,0
1780817741,765917.29,9
1780817742,765925.68,8
1780817743,765933.75,5
1780817744,765961.69,9
1780817745,765987.96,6
1780817746,765996.28,8
1780817747,766009.26,6
1780817748,765973.80,0
1780817749,765987.67,7
1780817750,765982.27,7
1780817751,766031.50,0
1780817752,766093.23,3
1780817753,766050.85,5
1780817754,766092.23,3
1780817755,766133.44,4
1780817756,766203.68,8
1780817757,766269.03,3
1780817758,766251.88,8
1780817759,766224.19,9
1780817760,766262.16,6
1780817761,766236.91,1
1780817762,766261.95,5
1780817763,766211.14,4
1780817764,766193.43,3
1780817765,766179.88,8
1780817766,766180.96,6
1780817767,766151.78,8
1780817768,766099.20,0
1780817769,766069.25,5
1780817770,766078.34,4
1780817771,766081.46,6
1780817772,766104.51,1
1780817773,766113.37,7
1780817774,766064.71,1
1780817775,766029.72,2
1780817776,765979.92,2
1780817777,765950.52,2
1780817778,765953.30,0
1780817779,765949.51,1
1780817780,765916.59,9
1780817781,765927.25,5
1780817782,765963.50,0
1780817783,765932.04,4
1780817784,765958.90,0
1780817785,765975.77,7
1780817786,766028.14,4
1780817787,766071.03,3
1780817788,766115.52,2
1780817789,766168.51,1
1780817790,766172.20,0
1780817791,766131.58,8
1780817792,766130.77,7
1780817793,766122.22,2
1780817794,766064.77,7
1780817795,766079.72,2
1780817796,766067.20,0
1780817797,766080.93,3
1780817798,766123.57,7
1780817799,766133.81,1
1780817800,766159.61,1
1780817801,766081.74,4
1780817802,766056.44,4
1780817803,766113.60,0
1780817804,766128.45,5
1780817805,766133.99,9
1780817806,766114.30,0
1780817807,766100.95,5
1780817808,766091.40,0
1780817809,766106.86,6
1780817810,766127.46,6
1780817811,766089.25,5
1780817812,766095.51,1
1780817813,766127.01,1
1780817814,766152.69,9
1780817815,766200.00,0
1780817816,766222.23,3
1780817817,766247.55,5
1780817818,766271.23,3
1780817819,766230.98,8
1780817820,766254.77,7
1780817821,766272.90,0
1780817822,766276.91,1
1780817823,766238.21,1
1780817824,766236.48,8
1780817825,766205.94,4
1780817826,766225.64,4
1780817827,766224.05,5
1780817828,766176.85,5
1780817829,766200.10,0
1780817830,766210.86,6
1780817831,766216.12,2
1780817832,766284.31,1
1780817833,766259.20,0
1780817834,766179.22,2
1780817835,766176.19,9
1780817836,766164.91,1
1780817837,766169.98,8
1780817838,766205.52,2
1780817839,766199.80,0
1780817840,766188.98,8
1780817841,766187.36,6
1780817842,766194.82,2
1780817843,766179.61,1
1780817844,766139.34,4
1780817845,766126.18,8
1780817846,766131.11,1
1780817847,766129.75,5
1780817848,766149.72,2
1780817849,766153.51,1
1780817850,766143.67,7
1780817851,766160.79,9
1780817852,766163.23,3
1780817853,766201.77,7
1780817854,766165.50,0
1780817855,766137.09,9
1780817856,766157.25,5
1780817857,766195.90,0
1780817858,766187.58,8
1780817859,766202.81,1
1780817860,766224.71,1
1780817861,766190.48,8
1780817862,766194.37,7
1780817863,766209.99,9
1780817864,766268.82,2
1780817865,766230.61,1
1780817866,766170.79,9
1780817867,766129.18,8
1780817868,766084.20,0
1780817869,766087.44,4
1780817870,766105.16,6
1780817871,766192.13,3
1780817872,766181.66,6
1780817873,766153.67,7
1780817874,766208.14,4
1780817875,766236.90,0
1780817876,766196.03,3
1780817877,766213.03,3
1780817878,766202.68,8
1780817879,766223.27,7
1780817880,766245.82,2
1780817881,766238.09,9
1780817882,766234.85,5
1780817883,766280.78,8
1780817884,766264.64,4
1780817885,766309.56,6
1780817886,766293.99,9
1780817887,766274.03,3
1780817888,766292.82,2
1780817889,766302.79,9
1780817890,766324.69,9
1780817891,766337.90,0
1780817892,766301.35,5
1780817893,766302.16,6
1780817894,766299.75,5
1780817895,766292.01,1
1780817896,766259.31,1
1780817897,766237.54,4
1780817898,766300.90,0
1780817899,766335.52,2
1780817900,766365.28,8
1780817901,766411.82,2
1780817902,766402.17,7
1780817903,766431.18,8
1780817904,766452.06,6
1780817905,766485.83,3
1780817906,766470.18,8
1780817907,766416.39,9
1780817908,766410.00,0
1780817909,766440.85,5
1780817910,766455.61,1
1780817911,766475.51,1
1780817912,766459.30,0
1780817913,766420.89,9
1780817914,766434.13,3
1780817915,766486.17,7
1780817916,766471.53,3
1780817917,766428.66,6
1780817918,766413.38,8
1780817919,766465.24,4
1780817920,766459.96,6
1780817921,766445.35,5
1780817922,766375.12,2
1780817923,766367.59,9
1780817924,766370.69,9
1780817925,766396.90,0
1780817926,766334.44,4
1780817927,766354.84,4
1780817928,766340.98,8
1780817929,766329.00,0
1780817930,766322.52,2
1780817931,766338.40,0
1780817932,766288.19,9
1780817933,766282.39,9
1780817934,766311.59,9
1780817935,766268.38,8
1780817936,766260.87,7
1780817937,766311.40,0
1780817938,766277.82,2
1780817939,766307.76,6
1780817940,766303.22,2
1780817941,766347.10,0
1780817942,766326.45,5
1780817943,766339.62,2
1780817944,766268.96,6
1780817945,766240.84,4
1780817946,766249.41,1
1780817947,766279.40,0
1780817948,766311.88,8
1780817949,766297.86,6
1780817950,766298.40,0
1780817951,766319.52,2
1780817952,766353.57,7
1780817953,766455.49,9
1780817954,766447.45,5
1780817955,766403.34,4
1780817956,766436.69,9
1780817957,766388.89,9
1780817958,766365.71,1
1780817959,766302.05,5
1780817960,766302.99,9
1780817961,766263.25,5
1780817962,766284.71,1
1780817963,766292.90,0
1780817964,766297.76,6
1780817965,766316.81,1
1780817966,766359.40,0
1780817967,766384.11,1
1780817968,766405.08,8
1780817969,766356.11,1
1780817970,766307.98,8
1780817971,766293.01,1
1780817972,766346.36,6
1780817973,766397.95,5
1780817974,766453.57,7
1780817975,766457.64,4
1780817976,766452.00,0
1780817977,766455.40,0
1780817978,766480.52,2
1780817979,766527.05,5
1780817980,766494.03,3
1780817981,766485.09,9
1780817982,766457.05,5
1780817983,766469.41,1
1780817984,766414.52,2
1780817985,766409.26,6
1780817986,766418.92,2
1780817987,766457.87,7
1780817988,766382.94,4
1780817989,766377.90,0
1780817990,766409.93,3
1780817991,766416.87,7
1780817992,766463.19,9
1780817993,766473.00,0
1780817994,766490.01,1
1780817995,766537.93,3
1780817996,766466.48,8
1780817997,766535.02,2
1780817998,766488.59,9
1780817999,766493.99,9
1780818000,766500.01,1
1780818001,766576.62,2
1780818002,766558.24,4
1780818003,766565.51,1
1780818004,766574.98,8
1780818005,766558.11,1
1780818006,766542.64,4
1780818007,766522.92,2
1780818008,766471.16,6
1780818009,766483.40,0
1780818010,766513.11,1
1780818011,766523.43,3
1780818012,766556.00,0
1780818013,766595.14,4
1780818014,766633.20,0
1780818015,766638.53,3
1780818016,766684.99,9
1780818017,766645.01,1
1780818018,766596.98,8
1780818019,766568.51,1
1780818020,766529.51,1
1780818021,766545.95,5
1780818022,766541.20,0
1780818023,766548.55,5
1780818024,766556.63,3
1780818025,766549.26,6
1780818026,766588.05,5
1780818027,766562.06,6
1780818028,766639.60,0
1780818029,766656.19,9
1780818030,766704.30,0
1780818031,766731.52,2
1780818032,766730.99,9
1780818033,766732.16,6
1780818034,766732.19,9
1780818035,766785.05,5
1780818036,766745.76,6
1780818037,766713.72,2
1780818038,766757.39,9
1780818039,766821.54,4
1780818040,766836.66,6
1780818041,766845.50,0
1780818042,766826.02,2
1780818043,766831.85,5
1780818044,766844.07,7
1780818045,766862.70,0
1780818046,766897.47,7
1780818047,766835.15,5
1780818048,766791.38,8
1780818049,766801.35,5
1780818050,766800.77,7
1780818051,766818.60,0
1780818052,766828.74,4
1780818053,766824.82,2
1780818054,766788.36,6
1780818055,766794.00,0
1780818056,766747.52,2
1780818057,766690.10,0
1780818058,766683.74,4
1780818059,766666.53,3
1780818060,766670.25,5
1780818061,766695.52,2
1780818062,766704.53,3
1780818063,766729.77,7
1780818064,766739.26,6
1780818065,766773.31,1
1780818066,766745.96,6
1780818067,766749.55,5
1780818068,766785.41,1
1780818069,766824.57,7
1780818070,766840.72,2
1780818071,766794.44,4
1780818072,766767.12,2
1780818073,766732.39,9
1780818074,766683.78,8
1780818075,766657.35,5
1780818076,766718.07,7
1780818077,766666.62,2
1780818078,766702.70,0
1780818079,766671.49,9
1780818080,766679.77,7
1780818081,766652.82,2
1780818082,766686.99,9
1780818083,766683.14,4
1780818084,766687.01,1
1780818085,766686.45,5
1780818086,766617.85,5
1780818087,766608.56,6
1780818088,766670.36,6
1780818089,766646.36,6
1780818090,766694.37,7
1780818091,766684.61,1
1780818092,766729.44,4
1780818093,766731.70,0
1780818094,766713.27,7
1780818095,766722.90,0
1780818096,766757.01,1
1780818097,766780.07,7
1780818098,766792.03,3
1780818099,766788.35,5
1780818100,766853.38,8
1780818101,766906.05,5
1780818102,766877.31,1
1780818103,766862.33,3
1780818104,766846.06,6
1780818105,766891.95,5
1780818106,766914.31,1
1780818107,766878.22,2
1780818108,766830.10,0
1780818109,766850.21,1
1780818110,766914.88,8
1780818111,766883.40,0
1780818112,766858.42,2
1780818113,766867.10,0
1780818114,766901.31,1
1780818115,766889.05,5
1780818116,766839.33,3
1780818117,766845.87,7
1780818118,766852.44,4
1780818119,766843.97,7
1780818120,766825.60,0
1780818121,766853.58,8
1780818122,766848.01,1
1780818123,766910.97,7
1780818124,766856.72,2
1780818125,766892.41,1
1780818126,766872.00,0
1780818127,766848.15,5
1780818128,766866.27,7
1780818129,766913.16,6
1780818130,766888.87,7
1780818131,766885.75,5
1780818132,766853.33,3
1780818133,766855.19,9
1780818134,766843.47,7
1780818135,766814.17,7
1780818136,766772.44,4
1780818137,766776.60,0
1780818138,766804.41,1
1780818139,766792.13,3
1780818140,766812.13,3
1780818141,766838.16,6
1780818142,766814.03,3
1780818143,766830.87,7
1780818144,766719.41,1
1780818145,766700.25,5
1780818146,766726.62,2
1780818147,766730.16,6
1780818148,766719.96,6
1780818149,766715.45,5
1780818150,766738.25,5
1780818151,766740.51,1
1780818152,766742.18,8
1780818153,766697.97,7
1780818154,766776.74,4
1780818155,766795.41,1
1780818156,766838.41,1
1780818157,766831.53,3
1780818158,766836.25,5
1780818159,766830.19,9
1780818160,766844.37,7
1780818161,766825.58,8
1780818162,766841.12,2
1780818163,766832.12,2
1780818164,766835.87,7
1780818165,766864.64,4
1780818166,766869.14,4
1780818167,766841.28,8
1780818168,766811.50,0
1780818169,766839.02,2
1780818170,766751.00,0
1780818171,766734.77,7
1780818172,766801.50,0
1780818173,766867.41,1
1780818174,766972.86,6
1780818175,766939.83,3
1780818176,766962.16,6
1780818177,766939.86,6
1780818178,766952.95,5
1780818179,766987.41,1
1780818180,766974.40,0
1780818181,766940.78,8
1780818182,766983.46,6
1780818183,766969.04,4
1780818184,766996.88,8
1780818185,767017.14,4
1780818186,766987.12,2
1780818187,766944.38,8
1780818188,766972.58,8
1780818189,766971.10,0
1780818190,767005.99,9
1780818191,767062.35,5
1780818192,767070.09,9
1780818193,767093.51,1
1780818194,767120.63,3
1780818195,767164.47,7
1780818196,767233.40,0
1780818197,767227.24,4
1780818198,767221.36,6
1780818199,767143.75,5
1780818200,767153.70,0
1780818201,767191.58,8
1780818202,767199.04,4
1780818203,767267.21,1
1780818204,767238.28,8
1780818205,767278.03,3
1780818206,767260.51,1
1780818207,767293.19,9
1780818208,767298.24,4
1780818209,767305.74,4
1780818210,767261.58,8
1780818211,767221.15,5
1780818212,767194.79,9
1780818213,767234.39,9
1780818214,767244.93,3
1780818215,767247.99,9
1780818216,767315.66,6
1780818217,767336.99,9
1780818218,767336.53,3
1780818219,767355.81,1
1780818220,767366.18,8
1780818221,767313.30,0
1780818222,767309.39,9
1780818223,767321.53,3
1780818224,767323.47,7
1780818225,767356.47,7
1780818226,767354.76,6
1780818227,767398.53,3
1780818228,767416.54,4
1780818229,767442.06,6
1780818230,767480.30,0
1780818231,767485.33,3
1780818232,767534.68,8
1780818233,767532.55,5
1780818234,767540.37,7
1780818235,767554.46,6
1780818236,767516.48,8
1780818237,767535.08,8
1780818238,767600.49,9
1780818239,767559.42,2
1780818240,767533.44,4
1780818241,767556.04,4
1780818242,767604.01,1
1780818243,767614.29,9
1780818244,767586.40,0
1780818245,767586.82,2
1780818246,767581.18,8
1780818247,767587.32,2
1780818248,767595.56,6
1780818249,767612.08,8
1780818250,767601.87,7
1780818251,767551.91,1
1780818252,767587.20,0
1780818253,767533.67,7
1780818254,767574.91,1
1780818255,767541.70,0
1780818256,767561.59,9
1780818257,767588.44,4
1780818258,767595.59,9
1780818259,767580.12,2
1780818260,767534.75,5
1780818261,767608.90,0
1780818262,767628.29,9
1780818263,767612.14,4
1780818264,767599.02,2
1780818265,767594.12,2
1780818266,767554.57,7
1780818267,767519.03,3
1780818268,767533.24,4
1780818269,767552.53,3
1780818270,767596.45,5
1780818271,767649.33,3
1780818272,767641.98,8
1780818273,767600.52,2
1780818274,767572.91,1
1780818275,767618.53,3
1780818276,767611.40,0
1780818277,767612.33,3
1780818278,767588.44,4
1780818279,767527.59,9
1780818280,767526.68,8
1780818281,767479.00,0
1780818282,767440.04,4
1780818283,767450.10,0
1780818284,767422.06,6
1780818285,767388.15,5
1780818286,767410.12,2
1780818287,767424.07,7
1780818288,767327.25,5
1780818289,767345.73,3
1780818290,767310.75,5
1780818291,767272.67,7
1780818292,767238.28,8
1780818293,767251.81,1
1780818294,767243.02,2
1780818295,767219.25,5
1780818296,767223.46,6
1780818297,767190.18,8
1780818298,767128.25,5
1780818299,767184.72,2
1780818300,767207.79,9
1780818301,767191.56,6
1780818302,767204.39,9
1780818303,767201.57,7
1780818304,767169.38,8
1780818305,767191.22,2
1780818306,767159.19,9
1780818307,767151.72,2
1780818308,767225.25,5
1780818309,767251.99,9
1780818310,767230.57,7
1780818311,767213.83,3
1780818312,767195.30,0
1780818313,767229.37,7
1780818314,767255.17,7
1780818315,767249.28,8
1780818316,767189.84,4
1780818317,767178.68,8
1780818318,767171.10,0
1780818319,767222.86,6
1780818320,767234.37,7
1780818321,767224.77,7
1780818322,767161.37,7
1780818323,767170.14,4
1780818324,767184.42,2
1780818325,767157.09,9
1780818326,767070.07,7
1780818327,767073.80,0
1780818328,767091.01,1
1780818329,767119.65,5
1780818330,767119.19,9
1780818331,767101.27,7
1780818332,767162.70,0
1780818333,767122.82,2
1780818334,767130.64,4
1780818335,767156.74,4
1780818336,767156.14,4
1780818337,767158.60,0
1780818338,767182.70,0
1780818339,767209.69,9
1780818340,767197.83,3
1780818341,767207.68,8
1780818342,767238.54,4
1780818343,767219.16,6
1780818344,767276.58,8
1780818345,767303.50,0
1780818346,767406.00,0
1780818347,767432.36,6
1780818348,767516.17,7
1780818349,767535.82,2
1780818350,767511.16,6
1780818351,767480.60,0
1780818352,767449.92,2
1780818353,767424.33,3
1780818354,767387.91,1
1780818355,767348.26,6
1780818356,767280.87,7
1780818357,767283.02,2
1780818358,767246.91,1
1780818359,767273.96,6
1780818360,767248.45,5
1780818361,767262.30,0
1780818362,767256.40,0
1780818363,767302.97,7
1780818364,767302.89,9
1780818365,767273.95,5
1780818366,767290.78,8
1780818367,767329.74,4
1780818368,767379.45,5
1780818369,767392.32,2
1780818370,767398.06,6
1780818371,767370.86,6
1780818372,767361.02,2
1780818373,767344.88,8
1780818374,767372.29,9
1780818375,767317.44,4
1780818376,767281.88,8
1780818377,767295.80,0
1780818378,767295.84,4
1780818379,767304.78,8
1780818380,767270.74,4
1780818381,767296.31,1
1780818382,767347.12,2
1780818383,767370.93,3
1780818384,767380.75,5
1780818385,767362.29,9
1780818386,767344.35,5
1780818387,767352.78,8
1780818388,767359.85,5
1780818389,767347.31,1
1780818390,767327.91,1
1780818391,767342.97,7
1780818392,767410.65,5
1780818393,767428.13,3
1780818394,767377.85,5
1780818395,767377.08,8
1780818396,767312.67,7
1780818397,767357.64,4
1780818398,767338.84,4
1780818399,767337.75,5
1780818400,767342.63,3
1780818401,767267.22,2
1780818402,767284.47,7
1780818403,767190.60,0
1780818404,767198.40,0
1780818405,767179.17,7
1780818406,767214.00,0
1780818407,767219.20,0
1780818408,767215.26,6
1780818409,767152.42,2
1780818410,767115.90,0
1780818411,767090.95,5
1780818412,767127.33,3
1780818413,767141.07,7
1780818414,767163.83,3
1780818415,767198.94,4
1780818416,767211.23,3
1780818417,767248.59,9
1780818418,767263.14,4
1780818419,767239.94,4
1780818420,767266.67,7
1780818421,767249.86,6
1780818422,767253.85,5
1780818423,767308.54,4
1780818424,767297.62,2
1780818425,767283.52,2
1780818426,767261.37,7
1780818427,767262.31,1
1780818428,767238.20,0
1780818429,767228.69,9
1780818430,767234.82,2
1780818431,767260.72,2
1780818432,767250.29,9
1780818433,767208.15,5
1780818434,767223.97,7
1780818435,767217.38,8
1780818436,767200.16,6
1780818437,767235.26,6
1780818438,767182.42,2
1780818439,767183.89,9
1780818440,767110.76,6
1780818441,767120.94,4
1780818442,767168.79,9
1780818443,767122.42,2
1780818444,767146.41,1
1780818445,767135.45,5
1780818446,767143.68,8
1780818447,767131.89,9
1780818448,767110.77,7
1780818449,767048.56,6
1780818450,767024.18,8
1780818451,767049.47,7
1780818452,767035.34,4
1780818453,767055.83,3
1780818454,767099.84,4
1780818455,767109.54,4
1780818456,767102.73,3
1780818457,767089.15,5
1780818458,767033.64,4
1780818459,767068.89,9
1780818460,767068.97,7
1780818461,767091.92,2
1780818462,767076.84,4
1780818463,767140.39,9
1780818464,767122.76,6
1780818465,767168.54,4
1780818466,767186.37,7
1780818467,767221.03,3
1780818468,767209.17,7
1780818469,767201.21,1
1780818470,767218.34,4
1780818471,767207.98,8
1780818472,767209.44,4
1780818473,767245.43,3
1780818474,767312.07,7
1780818475,767271.22,2
1780818476,767253.09,9
1780818477,767269.11,1
1780818478,767213.36,6
1780818479,767176.26,6
1780818480,767204.08,8
1780818481,767166.72,2
1780818482,767224.84,4
1780818483,767226.00,0
1780818484,767204.35,5
1780818485,767126.53,3
1780818486,767161.18,8
1780818487,767155.32,2
1780818488,767152.38,8
1780818489,767105.56,6
1780818490,767089.60,0
1780818491,767138.89,9
1780818492,767183.49,9
1780818493,767225.21,1
1780818494,767211.51,1
1780818495,767256.12,2
1780818496,767243.71,1
1780818497,767214.42,2
1780818498,767223.27,7
1780818499,767250.10,0
1780818500,767314.07,7
1780818501,767289.52,2
1780818502,767365.47,7
1780818503,767369.15,5
1780818504,767368.88,8
1780818505,767385.26,6
1780818506,767390.94,4
1780818507,767391.15,5
1780818508,767417.72,2
1780818509,767393.00,0
1780818510,767390.37,7
1780818511,767358.56,6
1780818512,767364.73,3
1780818513,767388.72,2
1780818514,767362.87,7
1780818515,767394.63,3
1780818516,767464.66,6
1780818517,767445.42,2
1780818518,767487.52,2
1780818519,767492.89,9
1780818520,767446.66,6
1780818521,767431.38,8
1780818522,767466.82,2
1780818523,767473.44,4
1780818524,767553.31,1
1780818525,767543.69,9
1780818526,767505.97,7
1780818527,767541.35,5
1780818528,767514.39,9
1780818529,767469.29,9
1780818530,767498.03,3
1780818531,767505.31,1
1780818532,767470.77,7
1780818533,767437.69,9
1780818534,767434.67,7
1780818535,767441.47,7
1780818536,767425.06,6
1780818537,767435.90,0
1780818538,767419.34,4
1780818539,767423.76,6
1780818540,767447.60,0
1780818541,767412.29,9
1780818542,767387.20,0
1780818543,767379.46,6
1780818544,767346.40,0
1780818545,767307.69,9
1780818546,767288.00,0
1780818547,767341.82,2
1780818548,767387.87,7
1780818549,767377.06,6
1780818550,767341.46,6
1780818551,767326.93,3
1780818552,767351.11,1
1780818553,767316.75,5
1780818554,767311.24,4
1780818555,767348.51,1
1780818556,767359.32,2
1780818557,767359.79,9
1780818558,767374.65,5
1780818559,767333.35,5
1780818560,767309.10,0
1780818561,767312.92,2
1780818562,767302.64,4
1780818563,767321.34,4
1780818564,767368.76,6
1780818565,767343.56,6
1780818566,767356.31,1
1780818567,767331.00,0
1780818568,767338.34,4
1780818569,767310.78,8
1780818570,767281.78,8
1780818571,767213.17,7
1780818572,767165.75,5
1780818573,767090.70,0
1780818574,767095.85,5
1780818575,767146.82,2
1780818576,767157.05,5
1780818577,767180.75,5
1780818578,767231.80,0
1780818579,767215.17,7
1780818580,767205.23,3
1780818581,767247.77,7
1780818582,767293.33,3
1780818583,767242.93,3
1780818584,767278.36,6
1780818585,767331.99,9
1780818586,767245.92,2
1780818587,767172.44,4
1780818588,767150.26,6
1780818589,767138.54,4
1780818590,767197.79,9
1780818591,767236.58,8
1780818592,767268.05,5
1780818593,767273.53,3
1780818594,767252.78,8
1780818595,767229.18,8
1780818596,767252.58,8
1780818597,767298.91,1
1780818598,767369.33,3
1780818599,767370.82,2
1780818600,767383.02,2
1780818601,767454.33,3
1780818602,767433.45,5
1780818603,767403.13,3
1780818604,767417.99,9
1780818605,767345.97,7
1780818606,767325.21,1
1780818607,767351.49,9
1780818608,767374.82,2
1780818609,767376.40,0
1780818610,767378.24,4
1780818611,767392.94,4
1780818612,767435.09,9
1780818613,767413.53,3
1780818614,767372.69,9
1780818615,767354.97,7
1780818616,767353.90,0
1780818617,767352.59,9
1780818618,767340.96,6
1780818619,767314.57,7
1780818620,767399.35,5
1780818621,767409.44,4
1780818622,767367.12,2
1780818623,767352.92,2
1780818624,767334.50,0
1780818625,767337.03,3
1780818626,767323.19,9
1780818627,767266.94,4
1780818628,767187.56,6
1780818629,767205.77,7
1780818630,767187.28,8
1780818631,767184.62,2
1780818632,767180.68,8
1780818633,767212.11,1
1780818634,767206.16,6
1780818635,767168.56,6
1780818636,767122.64,4
1780818637,767146.59,9
1780818638,767177.55,5
1780818639,767143.39,9
1780818640,767111.46,6
1780818641,767086.58,8
1780818642,767088.45,5
1780818643,767099.04,4
1780818644,767085.12,2
1780818645,767121.12,2
1780818646,767129.47,7
1780818647,767205.34,4
1780818648,767241.06,6
1780818649,767216.60,0
1780818650,767205.19,9
1780818651,767176.34,4
1780818652,767209.29,9
1780818653,767194.56,6
1780818654,767190.14,4
1780818655,767195.30,0
1780818656,767150.88,8
1780818657,767162.93,3
1780818658,767098.27,7
1780818659,767095.09,9
1780818660,767172.36,6
1780818661,767144.83,3
1780818662,767143.96,6
1780818663,767156.13,3
1780818664,767190.97,7
1780818665,767176.66,6
1780818666,767156.81,1
1780818667,767139.76,6
1780818668,767151.15,5
1780818669,767135.08,8
1780818670,767126.83,3
1780818671,767178.85,5
1780818672,767129.24,4
1780818673,767127.32,2
1780818674,767104.74,4
1780818675,767107.94,4
1780818676,767109.06,6
1780818677,767076.02,2
1780818678,767129.52,2
1780818679,767169.77,7
1780818680,767214.27,7
1780818681,767189.26,6
1780818682,767182.04,4
1780818683,767168.86,6
1780818684,767116.19,9
1780818685,767102.31,1
1780818686,767069.36,6
1780818687,767108.74,4
1780818688,767121.74,4
1780818689,767143.79,9
1780818690,767198.03,3
1780818691,767257.19,9
1780818692,767235.51,1
1780818693,767261.05,5
1780818694,767256.19,9
1780818695,767213.26,6
1780818696,767229.72,2
1780818697,767202.41,1
1780818698,767208.11,1
1780818699,767241.50,0
1780818700,767217.11,1
1780818701,767151.28,8
1780818702,767163.43,3
1780818703,767171.29,9
1780818704,767132.57,7
1780818705,767115.66,6
1780818706,767079.42,2
1780818707,767115.72,2
1780818708,767121.03,3
1780818709,767079.82,2
1780818710,767090.07,7
1780818711,767086.01,1
1780818712,767079.22,2
1780818713,767184.39,9
1780818714,767194.92,2
1780818715,767255.20,0
1780818716,767201.32,2
1780818717,767211.13,3
1780818718,767308.99,9
1780818719,767309.04,4
1780818720,767287.86,6
1780818721,767277.07,7
1780818722,767305.72,2
1780818723,767286.58,8
1780818724,767257.90,0
1780818725,767247.39,9
1780818726,767224.81,1
1780818727,767197.65,5
1780818728,767163.34,4
1780818729,767138.73,3
1780818730,767163.11,1
1780818731,767176.58,8
1780818732,767224.41,1
1780818733,767207.17,7
1780818734,767233.82,2
1780818735,767250.61,1
1780818736,767252.14,4
1780818737,767212.65,5
1780818738,767275.64,4
1780818739,767252.66,6
1780818740,767251.79,9
1780818741,767265.84,4
1780818742,767262.45,5
1780818743,767231.03,3
1780818744,767245.76,6
1780818745,767252.24,4
1780818746,767272.97,7
1780818747,767259.54,4
1780818748,767233.77,7
1780818749,767255.15,5
1780818750,767253.18,8
1780818751,767308.06,6
1780818752,767333.87,7
1780818753,767275.25,5
1780818754,767295.19,9
1780818755,767322.90,0
1780818756,767343.50,0
1780818757,767359.63,3
1780818758,767317.44,4
1780818759,767326.61,1
1780818760,767351.93,3
1780818761,767326.91,1
1780818762,767309.15,5
1780818763,767333.23,3
1780818764,767331.54,4
1780818765,767362.39,9
1780818766,767337.69,9
1780818767,767395.29,9
1780818768,767366.62,2
1780818769,767328.50,0
1780818770,767333.90,0
1780818771,767335.87,7
1780818772,767347.80,0
1780818773,767282.74,4
1780818774,767252.59,9
1780818775,767191.33,3
1780818776,767188.93,3
1780818777,767147.19,9
1780818778,767193.81,1
1780818779,767216.22,2
1780818780,767226.29,9
1780818781,767165.02,2
1780818782,767156.82,2
1780818783,767155.83,3
1780818784,767136.94,4
1780818785,767118.49,9
1780818786,767147.83,3
1780818787,767131.67,7
1780818788,767169.62,2
1780818789,767180.80,0
1780818790,767132.41,1
1780818791,767141.40,0
1780818792,767097.65,5
1780818793,767091.79,9
1780818794,767073.06,6
1780818795,767117.11,1
1780818796,767160.35,5
1780818797,767154.86,6
1780818798,767167.87,7
1780818799,767153.08,8
1780818800,767120.71,1
1780818801,767117.46,6
1780818802,767103.21,1
1780818803,767060.89,9
1780818804,767081.33,3
1780818805,767112.93,3
1780818806,767044.01,1
1780818807,767033.17,7
1780818808,767063.03,3
1780818809,767062.56,6
1780818810,767040.61,1
1780818811,767069.02,2
1780818812,767085.06,6
1780818813,767067.06,6
1780818814,767084.23,3
1780818815,767119.80,0
1780818816,767132.89,9
1780818817,767183.07,7
1780818818,767188.07,7
1780818819,767226.09,9
1780818820,767299.42,2
1780818821,767269.10,0
1780818822,767281.43,3
1780818823,767223.95,5
1780818824,767217.14,4
1780818825,767185.70,0
1780818826,767195.38,8
1780818827,767274.85,5
1780818828,767272.47,7
1780818829,767264.30,0
1780818830,767301.26,6
1780818831,767280.79,9
1780818832,767249.48,8
1780818833,767253.14,4
1780818834,767195.63,3
1780818835,767207.20,0
1780818836,767232.30,0
1780818837,767257.83,3
1780818838,767237.69,9
1780818839,767270.57,7
1780818840,767297.64,4
1780818841,767302.54,4
1780818842,767315.68,8
1780818843,767305.86,6
1780818844,767355.53,3
1780818845,767406.48,8
1780818846,767387.91,1
1780818847,767389.58,8
1780818848,767373.27,7
1780818849,767352.86,6
1780818850,767330.63,3
1780818851,767338.71,1
1780818852,767306.75,5
1780818853,767307.28,8
1780818854,767333.84,4
1780818855,767329.65,5
1780818856,767305.35,5
1780818857,767357.32,2
1780818858,767341.20,0
1780818859,767315.27,7
1780818860,767347.82,2
1780818861,767348.49,9
1780818862,767298.21,1
1780818863,767293.29,9
1780818864,767312.76,6
1780818865,767349.77,7
1780818866,767359.49,9
1780818867,767327.57,7
1780818868,767323.44,4
1780818869,767368.54,4
1780818870,767336.80,0
1780818871,767364.33,3
1780818872,767361.31,1
1780818873,767296.68,8
1780818874,767296.35,5
1780818875,767359.52,2
1780818876,767371.81,1
1780818877,767416.12,2
1780818878,767410.18,8
1780818879,767378.28,8
1780818880,767361.58,8
1780818881,767319.51,1
1780818882,767368.07,7
1780818883,767341.47,7
1780818884,767334.48,8
1780818885,767314.22,2
1780818886,767361.39,9
1780818887,767305.04,4
1780818888,767301.27,7
1780818889,767276.16,6
1780818890,767303.33,3
1780818891,767260.07,7
1780818892,767215.17,7
1780818893,767244.56,6
1780818894,767254.02,2
1780818895,767247.70,0
1780818896,767234.32,2
1780818897,767195.22,2
1780818898,767160.51,1
1780818899,767162.06,6
1780818900,767164.13,3
1780818901,767220.38,8
1780818902,767237.25,5
1780818903,767212.37,7
1780818904,767213.71,1
1780818905,767284.87,7
1780818906,767273.69,9
1780818907,767256.84,4
1780818908,767276.54,4
1780818909,767289.24,4
1780818910,767282.50,0
1780818911,767360.16,6
1780818912,767357.94,4
1780818913,767310.09,9
1780818914,767280.25,5
1780818915,767228.83,3
1780818916,767193.51,1
1780818917,767167.99,9
1780818918,767144.41,1
1780818919,767160.96,6
1780818920,767144.03,3
1780818921,767105.44,4
1780818922,767107.18,8
1780818923,767062.23,3
1780818924,767110.32,2
1780818925,767097.70,0
1780818926,767183.86,6
1780818927,767243.11,1
1780818928,767253.46,6
1780818929,767250.41,1
1780818930,767246.79,9
1780818931,767217.73,3
1780818932,767258.98,8
1780818933,767241.33,3
1780818934,767251.70,0
1780818935,767236.17,7
1780818936,767214.78,8
1780818937,767233.13,3
1780818938,767234.15,5
1780818939,767229.41,1
1780818940,767237.01,1
1780818941,767224.31,1
1780818942,767236.71,1
1780818943,767249.16,6
1780818944,767240.27,7
1780818945,767299.97,7
1780818946,767334.50,0
1780818947,767364.23,3
1780818948,767324.17,7
1780818949,767302.74,4
1780818950,767310.16,6
1780818951,767312.78,8
1780818952,767306.93,3
1780818953,767276.49,9
1780818954,767249.20,0
1780818955,767267.85,5
1780818956,767259.65,5
1780818957,767230.18,8
1780818958,767262.47,7
1780818959,767247.31,1
1780818960,767277.48,8
1780818961,767336.31,1
1780818962,767338.37,7
1780818963,767290.39,9
1780818964,767267.58,8
1780818965,767258.79,9
1780818966,767207.31,1
1780818967,767199.55,5
1780818968,767197.26,6
1780818969,767215.60,0
1780818970,767214.79,9
1780818971,767260.36,6
1780818972,767252.26,6
1780818973,767286.15,5
1780818974,767319.96,6
1780818975,767345.11,1
1780818976,767390.74,4
1780818977,767383.41,1
1780818978,767388.51,1
1780818979,767383.95,5
1780818980,767382.44,4
1780818981,767437.56,6
1780818982,767399.09,9
1780818983,767384.14,4
1780818984,767363.12,2
1780818985,767402.48,8
1780818986,767373.54,4
1780818987,767342.45,5
1780818988,767343.85,5
1780818989,767324.91,1
1780818990,767350.24,4
1780818991,767331.98,8
1780818992,767351.51,1
1780818993,767350.07,7
1780818994,767320.03,3
1780818995,767305.70,0
1780818996,767310.73,3
1780818997,767247.17,7
1780818998,767248.87,7
1780818999,767287.57,7
1780819000,767254.60,0
1780819001,767298.65,5
1780819002,767316.85,5
1780819003,767299.50,0
1780819004,767280.41,1
1780819005,767311.75,5
1780819006,767274.32,2
1780819007,767185.96,6
1780819008,767174.44,4
1780819009,767172.61,1
1780819010,767147.13,3
1780819011,767183.13,3
1780819012,767243.49,9
1780819013,767248.69,9
1780819014,767251.79,9
1780819015,767245.71,1
1780819016,767220.30,0
1780819017,767163.63,3
1780819018,767133.48,8
1780819019,767153.65,5
1780819020,767161.11,1
1780819021,767168.04,4
1780819022,767200.46,6
1780819023,767171.12,2
1780819024,767137.23,3
1780819025,767124.79,9
1780819026,767171.64,4
1780819027,767168.02,2
1780819028,767189.02,2
1780819029,767217.34,4
1780819030,767218.96,6
1780819031,767203.18,8
1780819032,767230.33,3
1780819033,767240.65,5
1780819034,767224.08,8
1780819035,767282.91,1
1780819036,767235.37,7
1780819037,767232.65,5
1780819038,767243.95,5
1780819039,767198.93,3
1780819040,767217.63,3
1780819041,767240.16,6
1780819042,767216.12,2
1780819043,767208.99,9
1780819044,767218.73,3
1780819045,767209.57,7
1780819046,767160.86,6
1780819047,767194.84,4
1780819048,767205.47,7
1780819049,767160.61,1
1780819050,767185.34,4
1780819051,767212.56,6
1780819052,767189.98,8
1780819053,767184.34,4
1780819054,767183.33,3
1780819055,767191.41,1
1780819056,767193.43,3
1780819057,767193.10,0
1780819058,767172.65,5
1780819059,767191.41,1
1780819060,767213.58,8
1780819061,767242.44,4
1780819062,767292.54,4
1780819063,767335.90,0
1780819064,767331.61,1
1780819065,767323.97,7
1780819066,767305.82,2
1780819067,767236.51,1
1780819068,767291.56,6
1780819069,767350.88,8
1780819070,767365.39,9
1780819071,767382.79,9
1780819072,767404.06,6
1780819073,767381.45,5
1780819074,767404.73,3
1780819075,767355.46,6
1780819076,767350.62,2
1780819077,767372.98,8
1780819078,767389.78,8
1780819079,767345.39,9
1780819080,767330.72,2
1780819081,767330.57,7
1780819082,767349.72,2
1780819083,767353.72,2
1780819084,767313.79,9
1780819085,767278.76,6
1780819086,767317.32,2
1780819087,767301.89,9
1780819088,767280.37,7
1780819089,767288.96,6
1780819090,767261.51,1
1780819091,767305.98,8
1780819092,767260.12,2
1780819093,767271.96,6
1780819094,767259.08,8
1780819095,767229.18,8
1780819096,767184.03,3
1780819097,767191.94,4
1780819098,767206.45,5
1780819099,767194.50,0
1780819100,767228.07,7
1780819101,767234.81,1
1780819102,767240.01,1
1780819103,767227.10,0
1780819104,767229.21,1
1780819105,767243.95,5
1780819106,767246.02,2
1780819107,767205.21,1
1780819108,767151.14,4
1780819109,767135.88,8
1780819110,767141.24,4
1780819111,767096.74,4
1780819112,767070.92,2
1780819113,767107.56,6
1780819114,767094.61,1
1780819115,767079.92,2
1780819116,767115.08,8
1780819117,767095.88,8
1780819118,767058.57,7
1780819119,767089.13,3
1780819120,767051.01,1
1780819121,767103.40,0
1780819122,767114.35,5
1780819123,767104.02,2
1780819124,767119.92,2
1780819125,767067.62,2
1780819126,767069.00,0
1780819127,767082.98,8
1780819128,767094.38,8
1780819129,766987.92,2
1780819130,767025.21,1
1780819131,767032.62,2
1780819132,767051.07,7
1780819133,767074.32,2
1780819134,767067.14,4
1780819135,767089.64,4
1780819136,767066.82,2
1780819137,767055.31,1
1780819138,767060.17,7
1780819139,767072.93,3
1780819140,767071.10,0
1780819141,767004.44,4
1780819142,766985.46,6
1780819143,766972.81,1
1780819144,766961.32,2
1780819145,766902.60,0
1780819146,766927.63,3
1780819147,766953.97,7
1780819148,766982.89,9
1780819149,766952.36,6
1780819150,766906.82,2
1780819151,766897.79,9
1780819152,766910.30,0
1780819153,766884.79,9
1780819154,766885.59,9
1780819155,766884.88,8
1780819156,766965.28,8
1780819157,767004.72,2
1780819158,767063.31,1
1780819159,767097.26,6
1780819160,767096.15,5
1780819161,767093.28,8
1780819162,767059.88,8
1780819163,767072.39,9
1780819164,767012.13,3
1780819165,767024.09,9
1780819166,767014.45,5
1780819167,767012.63,3
1780819168,766978.92,2
1780819169,767008.07,7
1780819170,767045.02,2
1780819171,767080.23,3
1780819172,767060.99,9
1780819173,767107.72,2
1780819174,767156.53,3
1780819175,767144.10,0
1780819176,767079.99,9
1780819177,767078.10,0
1780819178,767068.81,1
1780819179,767041.49,9
1780819180,767027.42,2
1780819181,767010.27,7
1780819182,766976.16,6
1780819183,766965.09,9
1780819184,766983.84,4
1780819185,767051.44,4
1780819186,767041.74,4
1780819187,767046.76,6
1780819188,767083.19,9
1780819189,767102.26,6
1780819190,767105.65,5
1780819191,767071.73,3
1780819192,767092.16,6
1780819193,767084.66,6
1780819194,767064.07,7
1780819195,767115.34,4
1780819196,767123.03,3
1780819197,767112.56,6
1780819198,767069.45,5
1780819199,767135.26,6
1780819200,767127.08,8
1780819201,767135.42,2
1780819202,767191.70,0
1780819203,767159.93,3
1780819204,767107.03,3
1780819205,767096.39,9
1780819206,767094.52,2
1780819207,767095.17,7
1780819208,767098.79,9
1780819209,767130.10,0
1780819210,767064.82,2
1780819211,767081.28,8
1780819212,767025.82,2
1780819213,767015.75,5
1780819214,766954.20,0
1780819215,766921.40,0
1780819216,766904.67,7
1780819217,766877.66,6
1780819218,766811.05,5
1780819219,766822.58,8
1780819220,766722.05,5
1780819221,766706.07,7
1780819222,766697.73,3
1780819223,766707.63,3
1780819224,766681.05,5
1780819225,766735.15,5
1780819226,766700.17,7
1780819227,766705.25,5
1780819228,766692.91,1
1780819229,766646.77,7
1780819230,766568.73,3
1780819231,766569.83,3
1780819232,766482.82,2
1780819233,766503.06,6
1780819234,766493.74,4
1780819235,766431.36,6
1780819236,766397.07,7
1780819237,766391.59,9
1780819238,766398.77,7
1780819239,766429.00,0
1780819240,766503.94,4
1780819241,766476.98,8
1780819242,766486.55,5
1780819243,766493.23,3
1780819244,766481.74,4
1780819245,766479.24,4
1780819246,766506.13,3
1780819247,766542.79,9
1780819248,766563.52,2
1780819249,766525.79,9
1780819250,766559.80,0
1780819251,766536.72,2
1780819252,766539.32,2
1780819253,766532.65,5
1780819254,766486.15,5
1780819255,766496.16,6
1780819256,766483.36,6
1780819257,766480.49,9
1780819258,766485.11,1
1780819259,766418.82,2
1780819260,766438.16,6
1780819261,766477.22,2
1780819262,766431.17,7
1780819263,766397.79,9
1780819264,766336.17,7
1780819265,766353.15,5
1780819266,766313.80,0
1780819267,766279.81,1
1780819268,766271.82,2
1780819269,766329.25,5
1780819270,766316.58,8
1780819271,766292.11,1
1780819272,766211.71,1
1780819273,766220.19,9
1780819274,766242.06,6
1780819275,766322.29,9
1780819276,766300.29,9
1780819277,766240.19,9
1780819278,766278.89,9
1780819279,766272.85,5
1780819280,766312.10,0
1780819281,766353.31,1
1780819282,766364.67,7
1780819283,766401.12,2
1780819284,766380.82,2
1780819285,766447.30,0
1780819286,766448.42,2
1780819287,766492.75,5
1780819288,766492.21,1
1780819289,766488.45,5
1780819290,766463.86,6
1780819291,766426.59,9
1780819292,766453.20,0
1780819293,766510.26,6
1780819294,766547.39,9
1780819295,766571.32,2
1780819296,766591.02,2
1780819297,766577.51,1
1780819298,766661.11,1
1780819299,766629.04,4
1780819300,766655.89,9
1780819301,766620.13,3
1780819302,766649.71,1
1780819303,766663.93,3
1780819304,766640.49,9
1780819305,766606.54,4
1780819306,766547.63,3
1780819307,766488.52,2
1780819308,766523.67,7
1780819309,766539.13,3
1780819310,766484.20,0
1780819311,766499.90,0
1780819312,766561.72,2
1780819313,766570.49,9
1780819314,766623.79,9
1780819315,766587.61,1
1780819316,766564.95,5
1780819317,766570.40,0
1780819318,766549.61,1
1780819319,766535.65,5
1780819320,766574.15,5
1780819321,766598.49,9
1780819322,766575.75,5
1780819323,766586.59,9
1780819324,766605.92,2
1780819325,766616.61,1
1780819326,766528.22,2
1780819327,766571.68,8
1780819328,766589.68,8
1780819329,766592.32,2
1780819330,766621.88,8
1780819331,766676.16,6
1780819332,766698.94,4
1780819333,766707.86,6
1780819334,766736.73,3
1780819335,766752.18,8
1780819336,766741.09,9
1780819337,766738.83,3
1780819338,766731.33,3
1780819339,766796.81,1
1780819340,766791.11,1
1780819341,766749.53,3
1780819342,766852.35,5
1780819343,766840.11,1
1780819344,766813.50,0
1780819345,766846.51,1
1780819346,766820.69,9
1780819347,766850.20,0
1780819348,766882.45,5
1780819349,766874.04,4
1780819350,766907.37,7
1780819351,766933.51,1
1780819352,766914.67,7
1780819353,766875.82,2
1780819354,766845.71,1
1780819355,766828.52,2
1780819356,766814.81,1
1780819357,766795.80,0
1780819358,766774.51,1
1780819359,766787.04,4
1780819360,766761.56,6
1780819361,766696.66,6
1780819362,766725.78,8
1780819363,766770.38,8
1780819364,766749.05,5
1780819365,766762.15,5
1780819366,766785.14,4
1780819367,766785.74,4
1780819368,766745.68,8
1780819369,766792.46,6
1780819370,766765.35,5
1780819371,766755.45,5
1780819372,766750.63,3
1780819373,766697.89,9
1780819374,766714.60,0
1780819375,766713.25,5
1780819376,766717.86,6
1780819377,766722.74,4
1780819378,766730.43,3
1780819379,766769.80,0
1780819380,766755.59,9
1780819381,766771.42,2
1780819382,766786.27,7
1780819383,766725.37,7
1780819384,766781.92,2
1780819385,766842.11,1
1780819386,766882.74,4
1780819387,766858.59,9
1780819388,766922.72,2
1780819389,766945.00,0
1780819390,766920.07,7
1780819391,766885.25,5
1780819392,766881.10,0
1780819393,766813.96,6
1780819394,766759.21,1
1780819395,766740.61,1
1780819396,766759.04,4
1780819397,766769.68,8
1780819398,766805.84,4
1780819399,766792.69,9
1780819400,766812.07,7
1780819401,766803.20,0
1780819402,766821.51,1
1780819403,766839.27,7
1780819404,766854.28,8
1780819405,766926.19,9
1780819406,766901.55,5
1780819407,766872.51,1
1780819408,766856.72,2
1780819409,766898.05,5
1780819410,766864.15,5
1780819411,766883.21,1
1780819412,766927.19,9
1780819413,766961.25,5
1780819414,767011.48,8
1780819415,766989.94,4
1780819416,767005.16,6
1780819417,766972.44,4
1780819418,766997.35,5
1780819419,767059.78,8
1780819420,767088.58,8
1780819421,767052.18,8
1780819422,767097.52,2
1780819423,767080.07,7
1780819424,767051.72,2
1780819425,767036.68,8
1780819426,766968.69,9
1780819427,766978.59,9
1780819428,766911.90,0
1780819429,766952.35,5
1780819430,766972.87,7
1780819431,767011.26,6
1780819432,766994.04,4
1780819433,767007.00,0
1780819434,766987.74,4
1780819435,766963.31,1
1780819436,766958.03,3
1780819437,766940.99,9
1780819438,766943.16,6
1780819439,766962.68,8
1780819440,766989.44,4
1780819441,766973.04,4
1780819442,766974.43,3
1780819443,766962.92,2
1780819444,767021.46,6
1780819445,767103.37,7
1780819446,767113.72,2
1780819447,767102.88,8
1780819448,767038.70,0
1780819449,767015.55,5
1780819450,767066.88,8
1780819451,767086.35,5
1780819452,767052.05,5
1780819453,767028.30,0
1780819454,767115.60,0
1780819455,767124.60,0
1780819456,767125.72,2
1780819457,767131.46,6
1780819458,767155.89,9
1780819459,767171.69,9
1780819460,767109.79,9
1780819461,767059.57,7
1780819462,767040.73,3
1780819463,767051.24,4
1780819464,767106.05,5
1780819465,767131.24,4
1780819466,767145.39,9
1780819467,767157.42,2
1780819468,767105.49,9
1780819469,767031.60,0
1780819470,767034.52,2
1780819471,767069.89,9
1780819472,767001.99,9
1780819473,767024.23,3
1780819474,767052.89,9
1780819475,767049.96,6
1780819476,767071.16,6
1780819477,767088.28,8
1780819478,767138.52,2
1780819479,767089.98,8
1780819480,767076.81,1
1780819481,767070.72,2
1780819482,767030.53,3
1780819483,766991.69,9
1780819484,766988.56,6
1780819485,766912.93,3
1780819486,766958.49,9
1780819487,766942.25,5
1780819488,766923.52,2
1780819489,766933.48,8
1780819490,766953.11,1
1780819491,766993.55,5
1780819492,766995.47,7
1780819493,766922.96,6
1780819494,766994.16,6
1780819495,767017.45,5
1780819496,767033.38,8
1780819497,767043.34,4
1780819498,767024.65,5
1780819499,766972.40,0
1780819500,766971.12,2
1780819501,766979.98,8
1780819502,767008.16,6
1780819503,767023.14,4
1780819504,767042.99,9
1780819505,766962.25,5
1780819506,767000.98,8
1780819507,766951.83,3
1780819508,767005.59,9
1780819509,767009.08,8
1780819510,767050.61,1
1780819511,767053.60,0
1780819512,767104.19,9
1780819513,767025.76,6
1780819514,767035.10,0
1780819515,767069.28,8
1780819516,767056.48,8
1780819517,766989.97,7
1780819518,766995.08,8
1780819519,766997.94,4
1780819520,767000.82,2
1780819521,767006.83,3
1780819522,767018.72,2
1780819523,767034.53,3
1780819524,767095.23,3
1780819525,767151.82,2
1780819526,767126.22,2
1780819527,767086.84,4
1780819528,767156.78,8
1780819529,767132.56,6
1780819530,767125.62,2
1780819531,767174.15,5
1780819532,767154.96,6
1780819533,767123.51,1
1780819534,767106.68,8
1780819535,767095.57,7
1780819536,767032.76,6
1780819537,766996.00,0
1780819538,767014.25,5
1780819539,766977.28,8
1780819540,766957.66,6
1780819541,767000.88,8
1780819542,766999.54,4
1780819543,767043.90,0
1780819544,767004.57,7
1780819545,767016.59,9
1780819546,767030.49,9
1780819547,766989.48,8
1780819548,767023.72,2
1780819549,766978.43,3
1780819550,767006.94,4
1780819551,766960.09,9
1780819552,766980.25,5
1780819553,766990.02,2
1780819554,766966.23,3
1780819555,766933.33,3
1780819556,766947.91,1
1780819557,766923.91,1
1780819558,766886.93,3
1780819559,766883.36,6
1780819560,766832.34,4
1780819561,766843.47,7
1780819562,766865.77,7
1780819563,766876.80,0
1780819564,766909.52,2
1780819565,766911.11,1
1780819566,766953.64,4
1780819567,766938.47,7
1780819568,766963.77,7
1780819569,766938.44,4
1780819570,766938.89,9
1780819571,766965.20,0
1780819572,766987.85,5
1780819573,767028.39,9
1780819574,766987.91,1
1780819575,766930.65,5
1780819576,766892.32,2
1780819577,766925.97,7
1780819578,766933.03,3
1780819579,767007.85,5
1780819580,766958.15,5
1780819581,766930.46,6
1780819582,766897.24,4
1780819583,766880.80,0
1780819584,766878.28,8
1780819585,766933.07,7
1780819586,766869.19,9
1780819587,766864.81,1
1780819588,766822.85,5
1780819589,766852.25,5
1780819590,766889.08,8
1780819591,766945.24,4
1780819592,766930.75,5
1780819593,767012.88,8
1780819594,766970.55,5
1780819595,767006.16,6
1780819596,766989.70,0
1780819597,767064.71,1
1780819598,767040.87,7
1780819599,766987.71,1
1780819600,766981.46,6
1780819601,766983.21,1
1780819602,766966.70,0
1780819603,766992.98,8
1780819604,767000.42,2
1780819605,766927.34,4
1780819606,766939.20,0
1780819607,766956.09,9
1780819608,766931.96,6
1780819609,766911.72,2
1780819610,767004.34,4
1780819611,767032.34,4
1780819612,767002.53,3
1780819613,766970.94,4
1780819614,766997.34,4
1780819615,767022.60,0
1780819616,767008.96,6
1780819617,767039.44,4
1780819618,767037.41,1
1780819619,767050.92,2
1780819620,767091.25,5
1780819621,767087.09,9
1780819622,767124.35,5
1780819623,767150.40,0
1780819624,767093.52,2
1780819625,767154.23,3
1780819626,767144.69,9
1780819627,767128.19,9
1780819628,767095.75,5
1780819629,767106.92,2
1780819630,767093.85,5
1780819631,767099.77,7
1780819632,767109.99,9
1780819633,767102.46,6
1780819634,767115.18,8
1780819635,767096.19,9
1780819636,767144.28,8
1780819637,767171.22,2
1780819638,767195.48,8
1780819639,767200.84,4
1780819640,767228.94,4
1780819641,767223.18,8
1780819642,767205.40,0
1780819643,767176.10,0
1780819644,767193.99,9
1780819645,767198.68,8
1780819646,767226.40,0
1780819647,767248.60,0
1780819648,767365.71,1
1780819649,767424.45,5
1780819650,767383.49,9
1780819651,767361.22,2
1780819652,767399.88,8
1780819653,767409.68,8
1780819654,767443.81,1
1780819655,767435.87,7
1780819656,767433.16,6
1780819657,767460.02,2
1780819658,767493.26,6
1780819659,767468.66,6
1780819660,767481.83,3
1780819661,767448.58,8
1780819662,767459.25,5
1780819663,767487.92,2
1780819664,767487.01,1
1780819665,767567.17,7
1780819666,767603.98,8
1780819667,767618.55,5
1780819668,767599.23,3
1780819669,767596.62,2
1780819670,767564.98,8
1780819671,767565.43,3
1780819672,767577.59,9
1780819673,767611.73,3
1780819674,767630.30,0
1780819675,767642.66,6
1780819676,767647.91,1
1780819677,767627.01,1
1780819678,767651.32,2
1780819679,767691.50,0
1780819680,767654.78,8
1780819681,767670.54,4
1780819682,767668.82,2
1780819683,767644.93,3
1780819684,767694.94,4
1780819685,767732.52,2
1780819686,767703.27,7
1780819687,767722.70,0
1780819688,767680.68,8
1780819689,767668.90,0
1780819690,767656.85,5
1780819691,767675.77,7
1780819692,767650.62,2
1780819693,767702.88,8
1780819694,767769.62,2
1780819695,767787.53,3
1780819696,767728.94,4
1780819697,767720.76,6
1780819698,767775.57,7
1780819699,767794.71,1
1780819700,767799.57,7
1780819701,767750.06,6
1780819702,767772.43,3
1780819703,767760.43,3
1780819704,767796.55,5
1780819705,767742.53,3
1780819706,767749.49,9
1780819707,767748.01,1
1780819708,767810.08,8
1780819709,767907.49,9
1780819710,767823.25,5
1780819711,767800.20,0
1780819712,767808.27,7
1780819713,767792.52,2
1780819714,767815.27,7
1780819715,767835.10,0
1780819716,767793.20,0
1780819717,767770.25,5
1780819718,767737.47,7
1780819719,767733.82,2
1780819720,767674.25,5
1780819721,767646.89,9
1780819722,767648.32,2
1780819723,767633.07,7
1780819724,767645.14,4
1780819725,767696.94,4
1780819726,767711.95,5
1780819727,767694.19,9
1780819728,767726.89,9
1780819729,767740.91,1
1780819730,767743.78,8
1780819731,767714.18,8
1780819732,767750.70,0
1780819733,767751.79,9
1780819734,767787.62,2
1780819735,767833.05,5
1780819736,767884.20,0
1780819737,767900.18,8
1780819738,767898.38,8
1780819739,767934.64,4
1780819740,767892.26,6
1780819741,767864.04,4
1780819742,767801.70,0
1780819743,767804.17,7
1780819744,767854.85,5
1780819745,767873.13,3
1780819746,767874.63,3
1780819747,767937.92,2
1780819748,767975.30,0
1780819749,768015.83,3
1780819750,768033.15,5
1780819751,768032.74,4
1780819752,767994.05,5
1780819753,767978.80,0
1780819754,768013.49,9
1780819755,768015.26,6
1780819756,768020.75,5
1780819757,768021.21,1
1780819758,768060.07,7
1780819759,768081.16,6
1780819760,768034.82,2
1780819761,768048.49,9
1780819762,768055.23,3
1780819763,768027.07,7
1780819764,768015.39,9
1780819765,768032.21,1
1780819766,768015.19,9
1780819767,768011.26,6
1780819768,768037.21,1
1780819769,767977.26,6
1780819770,768014.85,5
1780819771,767967.76,6
1780819772,767920.77,7
1780819773,767889.08,8
1780819774,767879.16,6
1780819775,767885.14,4
1780819776,767905.62,2
1780819777,767899.65,5
1780819778,767960.09,9
1780819779,767996.00,0
1780819780,767961.98,8
1780819781,767955.37,7
1780819782,767928.81,1
1780819783,767907.12,2
1780819784,767914.20,0
1780819785,767946.56,6
1780819786,767936.72,2
1780819787,767924.35,5
1780819788,767908.08,8
1780819789,767981.20,0
1780819790,767918.90,0
1780819791,767903.21,1
1780819792,767908.63,3
1780819793,767822.75,5
1780819794,767813.41,1
1780819795,767823.94,4
1780819796,767760.56,6
1780819797,767773.18,8
1780819798,767788.20,0
1780819799,767732.00,0
1780819800,767748.22,2
1780819801,767720.01,1
1780819802,767744.15,5
1780819803,767786.52,2
1780819804,767806.94,4
1780819805,767819.27,7
1780819806,767828.29,9
1780819807,767820.76,6
1780819808,767792.23,3
1780819809,767740.16,6
1780819810,767799.03,3
1780819811,767848.59,9
1780819812,767849.00,0
1780819813,767851.36,6
1780819814,767830.65,5
1780819815,767910.72,2
1780819816,767890.48,8
1780819817,767955.10,0
1780819818,767923.87,7
1780819819,767944.88,8
1780819820,767952.57,7
1780819821,767973.10,0
1780819822,767983.11,1
1780819823,767980.22,2
1780819824,767991.31,1
1780819825,767973.50,0
1780819826,767914.72,2
1780819827,767852.57,7
1780819828,767896.92,2
1780819829,767884.08,8
1780819830,767837.92,2
1780819831,767892.38,8
1780819832,767921.11,1
1780819833,767911.65,5
1780819834,767911.79,9
1780819835,767892.99,9
1780819836,767885.51,1
1780819837,767857.13,3
1780819838,767889.83,3
1780819839,767894.71,1
1780819840,767832.90,0
1780819841,767814.85,5
1780819842,767806.09,9
1780819843,767820.56,6
1780819844,767831.10,0
1780819845,767843.67,7
1780819846,767867.10,0
1780819847,767883.70,0
1780819848,767865.35,5
1780819849,767887.26,6
1780819850,767913.02,2
1780819851,767849.22,2
1780819852,767854.66,6
1780819853,767793.54,4
1780819854,767809.94,4
1780819855,767754.60,0
1780819856,767796.54,4
1780819857,767789.70,0
1780819858,767753.39,9
1780819859,767713.20,0
1780819860,767729.47,7
1780819861,767763.10,0
1780819862,767719.72,2
1780819863,767724.69,9
1780819864,767719.85,5
1780819865,767721.21,1
1780819866,767694.80,0
1780819867,767737.94,4
1780819868,767702.50,0
1780819869,767645.42,2
1780819870,767694.25,5
1780819871,767660.48,8
1780819872,767705.58,8
1780819873,767721.55,5
1780819874,767751.81,1
1780819875,767792.30,0
1780819876,767779.08,8
1780819877,767738.77,7
1780819878,767731.75,5
1780819879,767697.53,3
1780819880,767652.70,0
1780819881,767606.98,8
1780819882,767605.81,1
1780819883,767623.99,9
1780819884,767727.50,0
1780819885,767739.13,3
1780819886,767721.90,0
1780819887,767721.09,9
1780819888,767657.01,1
1780819889,767614.06,6
1780819890,767641.08,8
1780819891,767636.53,3
1780819892,767645.56,6
1780819893,767633.06,6
1780819894,767674.76,6
1780819895,767681.21,1
1780819896,767688.51,1
1780819897,767603.28,8
1780819898,767589.30,0
1780819899,767541.26,6
1780819900,767548.50,0
1780819901,767561.16,6
1780819902,767524.41,1
1780819903,767508.63,3
1780819904,767525.12,2
1780819905,767518.47,7
1780819906,767546.24,4
1780819907,767606.01,1
1780819908,767597.86,6
1780819909,767584.42,2
1780819910,767650.46,6
1780819911,767647.37,7
1780819912,767646.96,6
1780819913,767687.92,2
1780819914,767706.64,4
1780819915,767748.41,1
1780819916,767785.01,1
1780819917,767875.39,9
1780819918,767820.52,2
1780819919,767808.83,3
1780819920,767836.37,7
1780819921,767854.14,4
1780819922,767852.03,3
1780819923,767860.14,4
1780819924,767847.59,9
1780819925,767860.48,8
1780819926,767878.82,2
1780819927,767865.05,5
1780819928,767822.46,6
1780819929,767821.01,1
1780819930,767811.15,5
1780819931,767809.68,8
1780819932,767809.86,6
1780819933,767850.04,4
1780819934,767859.83,3
1780819935,767847.98,8
1780819936,767834.19,9
1780819937,767896.03,3
1780819938,768010.76,6
1780819939,767997.91,1
1780819940,767961.40,0
1780819941,767968.07,7
1780819942,767974.44,4
1780819943,767966.09,9
1780819944,767966.27,7
1780819945,767941.25,5
1780819946,767917.00,0
1780819947,767910.88,8
1780819948,767965.05,5
1780819949,767976.53,3
1780819950,768015.25,5
1780819951,768046.08,8
1780819952,768014.62,2
1780819953,768002.33,3
1780819954,767981.27,7
1780819955,767947.04,4
1780819956,767916.61,1
1780819957,767897.47,7
1780819958,767865.23,3
1780819959,767892.54,4
1780819960,767896.72,2
1780819961,767905.56,6
1780819962,767926.78,8
1780819963,767897.61,1
1780819964,767928.43,3
1780819965,767991.32,2
1780819966,768047.20,0
1780819967,768018.22,2
1780819968,767939.51,1
1780819969,768001.29,9
1780819970,768009.26,6
1780819971,768039.32,2
1780819972,768006.38,8
1780819973,768022.93,3
1780819974,768011.26,6
1780819975,768068.74,4
1780819976,768075.68,8
1780819977,768059.13,3
1780819978,768082.04,4
1780819979,768138.03,3
1780819980,768177.83,3
1780819981,768159.67,7
1780819982,768194.11,1
1780819983,768177.88,8
1780819984,768165.80,0
1780819985,768161.34,4
1780819986,768111.14,4
1780819987,768034.92,2
1780819988,768106.79,9
1780819989,768131.15,5
1780819990,768103.48,8
1780819991,768118.55,5
1780819992,768173.54,4
1780819993,768179.99,9
1780819994,768229.26,6
1780819995,768292.13,3
1780819996,768317.48,8
1780819997,768345.39,9
1780819998,768295.46,6
1780819999,768265.62,2
1780820000,768264.67,7
1780820001,768258.70,0
1780820002,768290.99,9
1780820003,768329.31,1
1780820004,768296.51,1
1780820005,768328.66,6
1780820006,768289.71,1
1780820007,768263.78,8
1780820008,768271.79,9
1780820009,768268.79,9
1780820010,768243.59,9
1780820011,768205.46,6
1780820012,768196.17,7
1780820013,768145.09,9
1780820014,768210.60,0
1780820015,768185.78,8
1780820016,768225.10,0
1780820017,768217.30,0
1780820018,768270.84,4
1780820019,768272.49,9
1780820020,768270.70,0
1780820021,768348.22,2
1780820022,768364.79,9
1780820023,768366.54,4
1780820024,768425.77,7
1780820025,768399.12,2
1780820026,768442.67,7
1780820027,768399.32,2
1780820028,768379.25,5
1780820029,768404.69,9
1780820030,768391.47,7
1780820031,768481.55,5
1780820032,768564.15,5
1780820033,768572.12,2
1780820034,768534.88,8
1780820035,768470.69,9
1780820036,768437.43,3
1780820037,768412.52,2
1780820038,768390.45,5
1780820039,768375.13,3
1780820040,768330.37,7
1780820041,768285.15,5
1780820042,768277.28,8
1780820043,768287.13,3
1780820044,768290.57,7
1780820045,768277.53,3
1780820046,768291.10,0
1780820047,768247.86,6
1780820048,768206.34,4
1780820049,768152.14,4
1780820050,768140.31,1
1780820051,768104.93,3
1780820052,768121.91,1
1780820053,768102.13,3
1780820054,768088.72,2
1780820055,768095.14,4
1780820056,768030.54,4
1780820057,768010.69,9
1780820058,767995.17,7
1780820059,767953.07,7
1780820060,767991.69,9
1780820061,767923.80,0
1780820062,767924.17,7
1780820063,767937.15,5
1780820064,767888.75,5
1780820065,767905.97,7
1780820066,767874.73,3
1780820067,767847.28,8
1780820068,767842.06,6
1780820069,767846.49,9
1780820070,767856.29,9
1780820071,767804.72,2
1780820072,767734.53,3
1780820073,767758.61,1
1780820074,767745.66,6
1780820075,767748.48,8
1780820076,767715.88,8
1780820077,767728.40,0
1780820078,767724.00,0
1780820079,767683.40,0
1780820080,767730.24,4
1780820081,767740.27,7
1780820082,767763.39,9
1780820083,767718.73,3
1780820084,767701.88,8
1780820085,767655.97,7
1780820086,767694.44,4
1780820087,767659.43,3
1780820088,767684.43,3
1780820089,767699.34,4
1780820090,767707.60,0
1780820091,767698.15,5
1780820092,767706.72,2
1780820093,767684.75,5
1780820094,767664.54,4
1780820095,767669.48,8
1780820096,767664.72,2
1780820097,767640.63,3
1780820098,767658.91,1
1780820099,767687.57,7
1780820100,767711.47,7
1780820101,767706.58,8
1780820102,767720.27,7
1780820103,767646.81,1
1780820104,767669.89,9
1780820105,767690.98,8
1780820106,767705.68,8
1780820107,767683.73,3
1780820108,767645.84,4
1780820109,767550.54,4
1780820110,767545.67,7
1780820111,767538.23,3
1780820112,767543.65,5
1780820113,767576.93,3
1780820114,767589.32,2
1780820115,767643.86,6
1780820116,767614.08,8
1780820117,767624.75,5
1780820118,767630.55,5
1780820119,767592.93,3
1780820120,767576.92,2
1780820121,767574.59,9
1780820122,767556.21,1
1780820123,767583.48,8
1780820124,767528.85,5
1780820125,767502.74,4
1780820126,767562.44,4
1780820127,767566.75,5
1780820128,767564.82,2
1780820129,767503.74,4
1780820130,767500.74,4
1780820131,767615.47,7
1780820132,767622.33,3
1780820133,767654.73,3
1780820134,767717.22,2
1780820135,767751.75,5
1780820136,767726.77,7
1780820137,767700.94,4
1780820138,767783.66,6
1780820139,767795.95,5
1780820140,767719.85,5
1780820141,767709.21,1
1780820142,767740.35,5
1780820143,767785.87,7
1780820144,767765.56,6
1780820145,767769.75,5
1780820146,767781.00,0
1780820147,767775.63,3
1780820148,767788.40,0
1780820149,767785.83,3
1780820150,767807.66,6
1780820151,767873.36,6
1780820152,767919.08,8
1780820153,767923.73,3
1780820154,767931.48,8
1780820155,767943.17,7
1780820156,767948.20,0
1780820157,767958.37,7
1780820158,768009.96,6
1780820159,768021.33,3
1780820160,768095.11,1
1780820161,768075.15,5
1780820162,768105.29,9
1780820163,768096.76,6
1780820164,768034.73,3
1780820165,767921.35,5
1780820166,767900.43,3
1780820167,767895.33,3
1780820168,767898.97,7
1780820169,767845.30,0
1780820170,767806.87,7
1780820171,767755.83,3
1780820172,767758.54,4
1780820173,767683.60,0
1780820174,767662.15,5
1780820175,767679.38,8
1780820176,767653.42,2
1780820177,767691.02,2
1780820178,767726.67,7
1780820179,767695.27,7
1780820180,767627.19,9
1780820181,767701.00,0
1780820182,767682.62,2
1780820183,767689.87,7
1780820184,767645.02,2
1780820185,767685.70,0
1780820186,767679.49,9
1780820187,767685.35,5
1780820188,767702.92,2
1780820189,767713.83,3
1780820190,767735.64,4
1780820191,767708.75,5
1780820192,767674.32,2
1780820193,767668.18,8
1780820194,767633.58,8
1780820195,767651.41,1
1780820196,767652.36,6
1780820197,767624.56,6
1780820198,767594.29,9
1780820199,767599.14,4
1780820200,767563.68,8
1780820201,767591.53,3
1780820202,767538.79,9
1780820203,767573.60,0
1780820204,767528.96,6
1780820205,767515.23,3
1780820206,767491.74,4
1780820207,767472.48,8
1780820208,767442.54,4
1780820209,767423.48,8
1780820210,767404.88,8
1780820211,767381.43,3
1780820212,767365.92,2
1780820213,767359.80,0
1780820214,767292.88,8
1780820215,767272.23,3
1780820216,767227.91,1
1780820217,767210.90,0
1780820218,767211.77,7
1780820219,767235.18,8
1780820220,767277.73,3
1780820221,767276.50,0
1780820222,767255.42,2
1780820223,767230.61,1
1780820224,767185.62,2
1780820225,767198.71,1
1780820226,767186.02,2
1780820227,767219.53,3
1780820228,767236.33,3
1780820229,767215.07,7
1780820230,767174.87,7
1780820231,767219.34,4
1780820232,767198.22,2
1780820233,767241.26,6
1780820234,767279.06,6
1780820235,767294.38,8
1780820236,767333.72,2
1780820237,767330.97,7
1780820238,767300.49,9
1780820239,767306.68,8
1780820240,767243.03,3
1780820241,767258.66,6
1780820242,767211.57,7
1780820243,767210.29,9
1780820244,767271.31,1
1780820245,767302.41,1
1780820246,767312.63,3
1780820247,767325.65,5
1780820248,767385.17,7
1780820249,767338.67,7
1780820250,767321.74,4
1780820251,767323.38,8
1780820252,767318.24,4
1780820253,767370.21,1
1780820254,767356.05,5
1780820255,767410.94,4
1780820256,767421.68,8
1780820257,767403.81,1
1780820258,767406.16,6
1780820259,767404.83,3
1780820260,767366.23,3
1780820261,767321.69,9
1780820262,767373.27,7
1780820263,767369.02,2
1780820264,767403.42,2
1780820265,767331.71,1
1780820266,767295.49,9
1780820267,767284.97,7
1780820268,767212.75,5
1780820269,767206.25,5
1780820270,767201.40,0
1780820271,767189.53,3
1780820272,767192.54,4
1780820273,767197.13,3
1780820274,767228.22,2
1780820275,767275.44,4
1780820276,767332.58,8
1780820277,767334.37,7
1780820278,767330.89,9
1780820279,767327.13,3
1780820280,767363.47,7
1780820281,767389.44,4
1780820282,767369.57,7
1780820283,767356.48,8
1780820284,767341.38,8
1780820285,767359.25,5
1780820286,767415.17,7
1780820287,767436.59,9
1780820288,767432.59,9
1780820289,767429.38,8
1780820290,767398.04,4
1780820291,767375.94,4
1780820292,767374.92,2
1780820293,767398.99,9
1780820294,767393.49,9
1780820295,767391.37,7
1780820296,767331.80,0
1780820297,767386.59,9
1780820298,767375.58,8
1780820299,767393.64,4
1780820300,767384.56,6
1780820301,767387.35,5
1780820302,767377.73,3
1780820303,767367.66,6
1780820304,767396.93,3
1780820305,767404.92,2
1780820306,767388.93,3
1780820307,767428.80,0
1780820308,767449.88,8
1780820309,767438.19,9
1780820310,767433.52,2
1780820311,767424.12,2
1780820312,767447.21,1
1780820313,767461.27,7
1780820314,767473.22,2
1780820315,767466.91,1
1780820316,767464.69,9
1780820317,767430.10,0
1780820318,767471.12,2
1780820319,767442.14,4
1780820320,767415.13,3
1780820321,767421.99,9
1780820322,767422.28,8
1780820323,767440.93,3
1780820324,767484.42,2
1780820325,767430.67,7
1780820326,767450.97,7
1780820327,767458.43,3
1780820328,767456.80,0
1780820329,767450.43,3
1780820330,767396.32,2
1780820331,767403.49,9
1780820332,767452.73,3
1780820333,767435.64,4
1780820334,767447.92,2
1780820335,767410.52,2
1780820336,767431.34,4
1780820337,767398.88,8
1780820338,767344.72,2
1780820339,767371.16,6
1780820340,767368.82,2
1780820341,767263.64,4
1780820342,767234.02,2
1780820343,767277.83,3
1780820344,767291.37,7
1780820345,767295.77,7
1780820346,767349.31,1
1780820347,767361.84,4
1780820348,767313.42,2
1780820349,767381.85,5
1780820350,767291.51,1
1780820351,767346.99,9
1780820352,767359.13,3
1780820353,767321.81,1
1780820354,767311.64,4
1780820355,767326.56,6
1780820356,767287.49,9
1780820357,767298.95,5
1780820358,767299.88,8
1780820359,767238.29,9
1780820360,767294.96,6
1780820361,767349.16,6
1780820362,767332.05,5
1780820363,767330.49,9
1780820364,767238.01,1
1780820365,767280.11,1
1780820366,767295.61,1
1780820367,767277.08,8
1780820368,767287.15,5
1780820369,767301.47,7
1780820370,767261.96,6
1780820371,767218.04,4
1780820372,767158.52,2
1780820373,767144.52,2
1780820374,767140.25,5
1780820375,767121.32,2
1780820376,767100.09,9
1780820377,767108.14,4
1780820378,767087.39,9
1780820379,767118.17,7
1780820380,767121.19,9
1780820381,767131.74,4
1780820382,767183.27,7
1780820383,767189.50,0
1780820384,767216.16,6
1780820385,767267.87,7
1780820386,767273.73,3
1780820387,767231.73,3
1780820388,767178.41,1
1780820389,767139.02,2
1780820390,767140.69,9
1780820391,767173.43,3
1780820392,767186.85,5
1780820393,767254.49,9
1780820394,767283.45,5
1780820395,767284.09,9
1780820396,767310.68,8
1780820397,767239.09,9
1780820398,767193.20,0
1780820399,767204.67,7
1780820400,767236.92,2
1780820401,767248.33,3
1780820402,767344.86,6
1780820403,767281.22,2
1780820404,767265.22,2
1780820405,767315.63,3
1780820406,767313.76,6
1780820407,767271.52,2
1780820408,767343.53,3
1780820409,767293.20,0
1780820410,767278.44,4
1780820411,767250.17,7
1780820412,767173.80,0
1780820413,767186.90,0
1780820414,767178.99,9
1780820415,767113.82,2
1780820416,767135.29,9
1780820417,767156.04,4
1780820418,767125.89,9
1780820419,767086.95,5
1780820420,766997.20,0
1780820421,766989.77,7
1780820422,767056.24,4
1780820423,767065.98,8
1780820424,767092.14,4
1780820425,767128.00,0
1780820426,767148.75,5
1780820427,767129.08,8
1780820428,767111.71,1
1780820429,767070.75,5
1780820430,767053.52,2
1780820431,767049.14,4
1780820432,767072.93,3
1780820433,767083.60,0
1780820434,767106.09,9
1780820435,767080.36,6
1780820436,767041.07,7
1780820437,767060.42,2
1780820438,767057.83,3
1780820439,767054.19,9
1780820440,766990.60,0
1780820441,766948.78,8
1780820442,767004.97,7
1780820443,766961.50,0
1780820444,766942.78,8
1780820445,766898.44,4
1780820446,766885.89,9
1780820447,766956.90,0
1780820448,766966.18,8
1780820449,766930.00,0
1780820450,766943.45,5
1780820451,766983.96,6
1780820452,766983.07,7
1780820453,767019.99,9
1780820454,766975.82,2
1780820455,767068.77,7
1780820456,767115.31,1
1780820457,767087.48,8
1780820458,767063.25,5
1780820459,767084.21,1
1780820460,766996.60,0
1780820461,766946.16,6
1780820462,766972.36,6
1780820463,766984.91,1
1780820464,766960.84,4
1780820465,766999.04,4
1780820466,767029.07,7
1780820467,767020.13,3
1780820468,767007.86,6
1780820469,767027.30,0
1780820470,767029.42,2
1780820471,767020.16,6
1780820472,767060.54,4
1780820473,767067.05,5
1780820474,767073.38,8
1780820475,767138.63,3
1780820476,767143.15,5
1780820477,767183.17,7
1780820478,767205.23,3
1780820479,767257.58,8
1780820480,767273.11,1
1780820481,767291.26,6
1780820482,767280.47,7
1780820483,767357.56,6
1780820484,767350.93,3
1780820485,767369.68,8
1780820486,767349.71,1
1780820487,767327.54,4
1780820488,767247.94,4
1780820489,767256.27,7
1780820490,767197.73,3
1780820491,767196.85,5
1780820492,767221.97,7
1780820493,767239.11,1
1780820494,767225.90,0
1780820495,767220.53,3
1780820496,767188.86,6
1780820497,767159.94,4
1780820498,767134.95,5
1780820499,767100.73,3
1780820500,767142.21,1
1780820501,767111.70,0
1780820502,767069.83,3
1780820503,767127.01,1
1780820504,767093.69,9
1780820505,767102.48,8
1780820506,767111.75,5
1780820507,767141.70,0
1780820508,767153.09,9
1780820509,767153.06,6
1780820510,767123.98,8
1780820511,767143.99,9
1780820512,767162.87,7
1780820513,767164.71,1
1780820514,767180.23,3
1780820515,767134.28,8
1780820516,767119.90,0
1780820517,767174.67,7
1780820518,767164.81,1
1780820519,767124.26,6
1780820520,767115.02,2
1780820521,767120.05,5
1780820522,767131.61,1
1780820523,767117.72,2
1780820524,767121.89,9
1780820525,767140.76,6
1780820526,767110.51,1
1780820527,767114.49,9
1780820528,767121.08,8
1780820529,767097.55,5
1780820530,767077.29,9
1780820531,767053.68,8
1780820532,767001.79,9
1780820533,766965.75,5
1780820534,766956.67,7
1780820535,766925.58,8
1780820536,766868.39,9
1780820537,766903.26,6
1780820538,766904.39,9
1780820539,766899.34,4
1780820540,766867.34,4
1780820541,766877.05,5
1780820542,766902.41,1
1780820543,766838.02,2
1780820544,766805.04,4
1780820545,766756.30,0
1780820546,766751.51,1
1780820547,766747.53,3
1780820548,766731.89,9
1780820549,766744.85,5
1780820550,766700.09,9
1780820551,766646.23,3
1780820552,766625.63,3
1780820553,766620.37,7
1780820554,766582.20,0
1780820555,766595.04,4
1780820556,766582.89,9
1780820557,766603.49,9
1780820558,766617.41,1
1780820559,766595.53,3
1780820560,766561.89,9
1780820561,766588.26,6
1780820562,766606.03,3
1780820563,766623.46,6
1780820564,766579.21,1
1780820565,766624.83,3
1780820566,766607.83,3
1780820567,766618.47,7
1780820568,766577.75,5
1780820569,766571.13,3
1780820570,766571.76,6
1780820571,766613.09,9
1780820572,766519.93,3
1780820573,766541.22,2
1780820574,766534.76,6
1780820575,766561.80,0
1780820576,766497.29,9
1780820577,766548.10,0
1780820578,766476.65,5
1780820579,766482.73,3
1780820580,766446.79,9
1780820581,766429.61,1
1780820582,766391.29,9
1780820583,766378.75,5
1780820584,766443.50,0
1780820585,766383.93,3
1780820586,766329.90,0
1780820587,766273.20,0
1780820588,766301.16,6
1780820589,766224.28,8
1780820590,766203.73,3
1780820591,766156.31,1
1780820592,766206.10,0
1780820593,766177.71,1
1780820594,766128.95,5
1780820595,766161.73,3
1780820596,766189.60,0
1780820597,766200.34,4
1780820598,766212.57,7
1780820599,766186.47,7
1780820600,766196.99,9
1780820601,766233.06,6
1780820602,766214.06,6
1780820603,766264.55,5
1780820604,766293.89,9
1780820605,766282.36,6
1780820606,766233.78,8
1780820607,766226.75,5
1780820608,766199.15,5
1780820609,766180.28,8
1780820610,766178.06,6
1780820611,766201.34,4
1780820612,766176.23,3
1780820613,766186.97,7
1780820614,766176.37,7
1780820615,766202.59,9
1780820616,766201.94,4
1780820617,766199.19,9
1780820618,766232.97,7
1780820619,766224.69,9
1780820620,766243.56,6
1780820621,766243.45,5
1780820622,766215.75,5
1780820623,766215.67,7
1780820624,766195.62,2
1780820625,766179.78,8
1780820626,766176.69,9
1780820627,766222.74,4
1780820628,766248.54,4
1780820629,766275.60,0
1780820630,766230.28,8
1780820631,766231.39,9
1780820632,766243.01,1
1780820633,766244.68,8
1780820634,766299.98,8
1780820635,766319.78,8
1780820636,766287.04,4
1780820637,766321.38,8
1780820638,766318.61,1
1780820639,766305.43,3
1780820640,766295.21,1
1780820641,766353.66,6
1780820642,766374.73,3
1780820643,766348.97,7
1780820644,766349.33,3
1780820645,766295.99,9
1780820646,766318.44,4
1780820647,766353.69,9
1780820648,766282.37,7
1780820649,766305.03,3
1780820650,766233.10,0
1780820651,766269.18,8
1780820652,766308.20,0
1780820653,766332.17,7
1780820654,766308.96,6
1780820655,766279.85,5
1780820656,766266.98,8
1780820657,766264.35,5
1780820658,766310.39,9
1780820659,766352.03,3
1780820660,766399.36,6
1780820661,766374.18,8
1780820662,766363.81,1
1780820663,766355.63,3
1780820664,766383.80,0
1780820665,766412.50,0
1780820666,766387.45,5
1780820667,766338.88,8
1780820668,766330.12,2
1780820669,766371.57,7
1780820670,766378.21,1
1780820671,766365.12,2
1780820672,766419.02,2
1780820673,766431.52,2
1780820674,766475.07,7
1780820675,766443.96,6
1780820676,766443.35,5
1780820677,766421.44,4
1780820678,766482.22,2
1780820679,766477.45,5
1780820680,766496.37,7
1780820681,766468.65,5
1780820682,766466.16,6
1780820683,766485.48,8
1780820684,766525.83,3
1780820685,766566.64,4
1780820686,766578.62,2
1780820687,766555.49,9
1780820688,766561.89,9
1780820689,766584.88,8
1780820690,766564.22,2
1780820691,766530.32,2
1780820692,766523.29,9
1780820693,766497.49,9
1780820694,766489.75,5
1780820695,766465.00,0
1780820696,766410.90,0
1780820697,766392.82,2
1780820698,766423.75,5
1780820699,766455.03,3
1780820700,766436.83,3
1780820701,766393.98,8
1780820702,766416.64,4
1780820703,766408.63,3
1780820704,766435.83,3
1780820705,766389.03,3
1780820706,766421.28,8
1780820707,766436.91,1
1780820708,766422.13,3
1780820709,766433.86,6
1780820710,766430.44,4
1780820711,766411.94,4
1780820712,766404.25,5
1780820713,766387.18,8
1780820714,766417.43,3
1780820715,766421.19,9
1780820716,766381.18,8
1780820717,766380.26,6
1780820718,766380.55,5
1780820719,766315.97,7
1780820720,766381.89,9
1780820721,766402.80,0
1780820722,766395.09,9
1780820723,766391.11,1
1780820724,766367.23,3
1780820725,766444.68,8
1780820726,766409.81,1
1780820727,766437.89,9
1780820728,766448.14,4
1780820729,766392.40,0
1780820730,766377.51,1
1780820731,766347.36,6
1780820732,766352.91,1
1780820733,766313.76,6
1780820734,766322.49,9
1780820735,766346.56,6
1780820736,766357.86,6
1780820737,766359.53,3
1780820738,766372.73,3
1780820739,766389.34,4
1780820740,766380.33,3
1780820741,766363.87,7
1780820742,766300.80,0
1780820743,766305.03,3
1780820744,766329.30,0
1780820745,766337.20,0
1780820746,766378.54,4
1780820747,766339.59,9
1780820748,766379.23,3
1780820749,766365.37,7
1780820750,766408.70,0
1780820751,766440.09,9
1780820752,766422.79,9
1780820753,766437.22,2
1780820754,766343.62,2
1780820755,766305.70,0
1780820756,766282.03,3
1780820757,766299.71,1
1780820758,766276.00,0
1780820759,766253.03,3
1780820760,766236.88,8
1780820761,766287.78,8
1780820762,766283.12,2
1780820763,766323.16,6
1780820764,766346.15,5
1780820765,766344.53,3
1780820766,766324.51,1
1780820767,766344.27,7
1780820768,766354.93,3
1780820769,766321.19,9
1780820770,766342.79,9
1780820771,766439.13,3
1780820772,766463.14,4
1780820773,766466.97,7
1780820774,766494.36,6
1780820775,766437.78,8
1780820776,766413.90,0
1780820777,766442.84,4
1780820778,766419.54,4
1780820779,766487.16,6
1780820780,766495.78,8
1780820781,766507.28,8
1780820782,766491.62,2
1780820783,766518.86,6
1780820784,766479.22,2
1780820785,766549.52,2
1780820786,766572.41,1
1780820787,766584.00,0
1780820788,766521.66,6
1780820789,766495.27,7
1780820790,766439.80,0
1780820791,766433.10,0
1780820792,766421.82,2
1780820793,766441.82,2
1780820794,766432.38,8
1780820795,766392.99,9
1780820796,766437.44,4
1780820797,766445.92,2
1780820798,766488.26,6
1780820799,766503.80,0
1780820800,766472.86,6
1780820801,766436.89,9
1780820802,766487.43,3
1780820803,766458.38,8
1780820804,766486.12,2
1780820805,766488.40,0
1780820806,766523.58,8
1780820807,766532.26,6
1780820808,766489.55,5
1780820809,766460.30,0
1780820810,766405.49,9
1780820811,766473.79,9
1780820812,766421.36,6
1780820813,766472.82,2
1780820814,766423.42,2
1780820815,766434.73,3
1780820816,766407.44,4
1780820817,766420.23,3
1780820818,766459.56,6
1780820819,766482.91,1
1780820820,766510.83,3
1780820821,766557.56,6
1780820822,766527.06,6
1780820823,766510.18,8
1780820824,766497.39,9
1780820825,766488.10,0
1780820826,766472.90,0
1780820827,766482.38,8
1780820828,766531.14,4
1780820829,766520.29,9
1780820830,766517.64,4
1780820831,766543.17,7
1780820832,766546.56,6
1780820833,766491.14,4
1780820834,766482.18,8
1780820835,766472.75,5
1780820836,766462.40,0
1780820837,766504.34,4
1780820838,766491.20,0
1780820839,766445.28,8
1780820840,766450.05,5
1780820841,766478.53,3
1780820842,766475.20,0
1780820843,766501.66,6
1780820844,766470.02,2
1780820845,766426.06,6
1780820846,766424.14,4
1780820847,766434.77,7
1780820848,766408.60,0
1780820849,766463.12,2
1780820850,766459.92,2
1780820851,766402.40,0
1780820852,766405.45,5
1780820853,766404.06,6
1780820854,766421.42,2
1780820855,766441.40,0
1780820856,766513.55,5
1780820857,766547.07,7
1780820858,766570.29,9
1780820859,766572.32,2
1780820860,766579.86,6
1780820861,766535.11,1
1780820862,766626.49,9
1780820863,766626.80,0
1780820864,766643.24,4
1780820865,766675.64,4
1780820866,766647.67,7
1780820867,766625.91,1
1780820868,766571.76,6
1780820869,766588.48,8
1780820870,766540.37,7
1780820871,766575.49,9
1780820872,766576.62,2
1780820873,766645.45,5
1780820874,766624.90,0
1780820875,766613.96,6
1780820876,766622.67,7
1780820877,766604.61,1
1780820878,766573.30,0
1780820879,766596.48,8
1780820880,766654.18,8
1780820881,766637.87,7
1780820882,766628.08,8
1780820883,766664.61,1
1780820884,766650.39,9
1780820885,766701.92,2
1780820886,766674.53,3
1780820887,766701.65,5
1780820888,766703.91,1
1780820889,766726.39,9
1780820890,766768.59,9
1780820891,766775.53,3
1780820892,766764.08,8
1780820893,766805.97,7
1780820894,766844.77,7
1780820895,766887.65,5
1780820896,766877.67,7
1780820897,766895.70,0
1780820898,766855.48,8
1780820899,766896.74,4
1780820900,766804.36,6
1780820901,766778.06,6
1780820902,766871.67,7
1780820903,766900.94,4
1780820904,766870.55,5
1780820905,766865.42,2
1780820906,766841.46,6
1780820907,766890.35,5
1780820908,766901.85,5
1780820909,766901.21,1
1780820910,766841.95,5
1780820911,766837.49,9
1780820912,766873.09,9
1780820913,766866.09,9
1780820914,766871.27,7
1780820915,766842.64,4
1780820916,766897.38,8
1780820917,766956.38,8
1780820918,766871.17,7
1780820919,766864.61,1
1780820920,766831.21,1
1780820921,766835.36,6
1780820922,766872.74,4
1780820923,766877.68,8
1780820924,766875.11,1
1780820925,766839.77,7
1780820926,766844.63,3
1780820927,766833.61,1
1780820928,766814.46,6
1780820929,766771.90,0
1780820930,766763.74,4
1780820931,766751.95,5
1780820932,766807.33,3
1780820933,766825.61,1
1780820934,766878.25,5
1780820935,766891.63,3
1780820936,766869.85,5
