epoch,price,last_digit
1780815937,272024.48,8
1780815938,272032.46,6
1780815939,272030.71,1
1780815940,272037.90,0
1780815941,272040.22,2
1780815942,272059.52,2
1780815943,272086.88,8
1780815944,272057.66,6
1780815945,271991.83,3
1780815946,271963.36,6
1780815947,271924.75,5
1780815948,271925.97,7
1780815949,271915.67,7
1780815950,271947.93,3
1780815951,271962.59,9
1780815952,271880.99,9
1780815953,271826.84,4
1780815954,271820.26,6
1780815955,271828.47,7
1780815956,271827.56,6
1780815957,271827.73,3
1780815958,271800.84,4
1780815959,271778.35,5
1780815960,271716.01,1
1780815961,271719.94,4
1780815962,271731.09,9
1780815963,271725.35,5
1780815964,271738.93,3
1780815965,271756.41,1
1780815966,271803.25,5
1780815967,271741.20,0
1780815968,271732.55,5
1780815969,271748.77,7
1780815970,271754.96,6
1780815971,271784.50,0
1780815972,271774.69,9
1780815973,271748.71,1
1780815974,271728.24,4
1780815975,271714.09,9
1780815976,271670.54,4
1780815977,271631.26,6
1780815978,271638.96,6
1780815979,271666.72,2
1780815980,271674.79,9
1780815981,271704.33,3
1780815982,271720.42,2
1780815983,271680.77,7
1780815984,271684.55,5
1780815985,271667.65,5
1780815986,271655.11,1
1780815987,271670.94,4
1780815988,271642.54,4
1780815989,271645.74,4
1780815990,271621.31,1
1780815991,271653.78,8
1780815992,271637.47,7
1780815993,271583.76,6
1780815994,271551.57,7
1780815995,271561.31,1
1780815996,271546.82,2
1780815997,271565.81,1
1780815998,271538.44,4
1780815999,271571.50,0
1780816000,271565.52,2
1780816001,271586.45,5
1780816002,271556.98,8
1780816003,271543.94,4
1780816004,271568.47,7
1780816005,271575.56,6
1780816006,271555.62,2
1780816007,271551.11,1
1780816008,271554.13,3
1780816009,271522.27,7
1780816010,271510.35,5
1780816011,271504.35,5
1780816012,271490.73,3
1780816013,271500.52,2
1780816014,271504.18,8
1780816015,271457.18,8
1780816016,271478.52,2
1780816017,271477.27,7
1780816018,271508.39,9
1780816019,271496.59,9
1780816020,271503.70,0
1780816021,271513.50,0
1780816022,271539.85,5
1780816023,271554.13,3
1780816024,271568.25,5
1780816025,271586.25,5
1780816026,271589.44,4
1780816027,271587.40,0
1780816028,271557.38,8
1780816029,271611.64,4
1780816030,271636.10,0
1780816031,271630.19,9
1780816032,271595.99,9
1780816033,271599.17,7
1780816034,271584.70,0
1780816035,271614.08,8
1780816036,271638.80,0
1780816037,271602.07,7
1780816038,271579.10,0
1780816039,271620.42,2
1780816040,271643.36,6
1780816041,271617.05,5
1780816042,271649.97,7
1780816043,271608.60,0
1780816044,271532.13,3
1780816045,271496.64,4
1780816046,271438.25,5
1780816047,271395.37,7
1780816048,271388.66,6
1780816049,271386.13,3
1780816050,271390.83,3
1780816051,271398.56,6
1780816052,271440.23,3
1780816053,271449.70,0
1780816054,271445.44,4
1780816055,271437.58,8
1780816056,271395.09,9
1780816057,271404.59,9
1780816058,271401.59,9
1780816059,271366.56,6
1780816060,271366.33,3
1780816061,271358.06,6
1780816062,271329.54,4
1780816063,271327.74,4
1780816064,271344.51,1
1780816065,271397.80,0
1780816066,271442.08,8
1780816067,271442.45,5
1780816068,271431.81,1
1780816069,271431.22,2
1780816070,271413.54,4
1780816071,271387.32,2
1780816072,271335.46,6
1780816073,271346.52,2
1780816074,271349.87,7
1780816075,271404.39,9
1780816076,271407.48,8
1780816077,271403.51,1
1780816078,271406.38,8
1780816079,271446.89,9
1780816080,271461.75,5
1780816081,271512.24,4
1780816082,271520.85,5
1780816083,271531.81,1
1780816084,271490.17,7
1780816085,271483.19,9
1780816086,271479.96,6
1780816087,271511.11,1
1780816088,271513.44,4
1780816089,271530.85,5
1780816090,271541.40,0
1780816091,271520.94,4
1780816092,271530.72,2
1780816093,271544.71,1
1780816094,271556.75,5
1780816095,271526.47,7
1780816096,271555.98,8
1780816097,271542.66,6
1780816098,271534.52,2
1780816099,271560.10,0
1780816100,271546.17,7
1780816101,271515.86,6
1780816102,271491.03,3
1780816103,271494.42,2
1780816104,271503.26,6
1780816105,271491.91,1
1780816106,271440.33,3
1780816107,271427.14,4
1780816108,271448.57,7
1780816109,271417.18,8
1780816110,271393.36,6
1780816111,271373.16,6
1780816112,271418.99,9
1780816113,271400.13,3
1780816114,271395.38,8
1780816115,271405.75,5
1780816116,271405.85,5
1780816117,271423.69,9
1780816118,271407.97,7
1780816119,271395.04,4
1780816120,271404.23,3
1780816121,271385.10,0
1780816122,271417.02,2
1780816123,271427.26,6
1780816124,271415.83,3
1780816125,271442.80,0
1780816126,271442.88,8
1780816127,271405.58,8
1780816128,271395.06,6
1780816129,271358.43,3
1780816130,271392.10,0
1780816131,271396.65,5
1780816132,271347.94,4
1780816133,271346.29,9
1780816134,271367.80,0
1780816135,271385.85,5
1780816136,271395.31,1
1780816137,271433.72,2
1780816138,271438.35,5
1780816139,271412.66,6
1780816140,271379.60,0
1780816141,271358.61,1
1780816142,271326.47,7
1780816143,271299.29,9
1780816144,271302.39,9
1780816145,271315.48,8
1780816146,271279.74,4
1780816147,271275.97,7
1780816148,271297.21,1
1780816149,271302.80,0
1780816150,271332.38,8
1780816151,271321.78,8
1780816152,271284.59,9
1780816153,271260.49,9
1780816154,271299.53,3
1780816155,271297.17,7
1780816156,271304.90,0
1780816157,271307.42,2
1780816158,271322.41,1
1780816159,271310.77,7
1780816160,271302.92,2
1780816161,271310.00,0
1780816162,271338.51,1
1780816163,271373.71,1
1780816164,271384.82,2
1780816165,271424.73,3
1780816166,271408.56,6
1780816167,271421.98,8
1780816168,271443.46,6
1780816169,271430.24,4
1780816170,271429.99,9
1780816171,271428.33,3
1780816172,271452.47,7
1780816173,271432.62,2
1780816174,271441.09,9
1780816175,271468.70,0
1780816176,271462.81,1
1780816177,271431.06,6
1780816178,271429.19,9
1780816179,271401.81,1
1780816180,271363.59,9
1780816181,271365.06,6
1780816182,271334.42,2
1780816183,271340.26,6
1780816184,271351.87,7
1780816185,271352.45,5
1780816186,271356.52,2
1780816187,271364.82,2
1780816188,271416.38,8
1780816189,271414.69,9
1780816190,271426.56,6
1780816191,271446.75,5
1780816192,271425.33,3
1780816193,271417.18,8
1780816194,271419.68,8
1780816195,271431.24,4
1780816196,271412.74,4
1780816197,271419.78,8
1780816198,271418.60,0
1780816199,271464.09,9
1780816200,271505.33,3
1780816201,271510.57,7
1780816202,271527.02,2
1780816203,271530.92,2
1780816204,271545.26,6
1780816205,271533.56,6
1780816206,271508.79,9
1780816207,271504.89,9
1780816208,271531.05,5
1780816209,271494.38,8
1780816210,271504.20,0
1780816211,271512.83,3
1780816212,271499.90,0
1780816213,271513.86,6
1780816214,271483.51,1
1780816215,271491.41,1
1780816216,271484.85,5
1780816217,271500.85,5
1780816218,271493.81,1
1780816219,271490.25,5
1780816220,271492.14,4
1780816221,271496.41,1
1780816222,271508.27,7
1780816223,271510.08,8
1780816224,271520.89,9
1780816225,271546.95,5
1780816226,271562.75,5
1780816227,271507.36,6
1780816228,271513.30,0
1780816229,271519.07,7
1780816230,271541.68,8
1780816231,271517.09,9
1780816232,271520.34,4
1780816233,271491.92,2
1780816234,271522.55,5
1780816235,271551.34,4
1780816236,271616.37,7
1780816237,271624.13,3
1780816238,271600.72,2
1780816239,271591.33,3
1780816240,271625.55,5
1780816241,271639.43,3
1780816242,271621.50,0
1780816243,271599.13,3
1780816244,271615.07,7
1780816245,271595.35,5
1780816246,271627.57,7
1780816247,271629.45,5
1780816248,271610.49,9
1780816249,271618.01,1
1780816250,271593.26,6
1780816251,271615.31,1
1780816252,271628.72,2
1780816253,271614.57,7
1780816254,271548.70,0
1780816255,271536.48,8
1780816256,271528.84,4
1780816257,271518.87,7
1780816258,271533.15,5
1780816259,271508.71,1
1780816260,271450.44,4
1780816261,271462.60,0
1780816262,271433.63,3
1780816263,271438.44,4
1780816264,271407.61,1
1780816265,271405.32,2
1780816266,271414.61,1
1780816267,271446.05,5
1780816268,271473.16,6
1780816269,271441.59,9
1780816270,271473.68,8
1780816271,271448.53,3
1780816272,271457.55,5
1780816273,271481.93,3
1780816274,271473.71,1
1780816275,271437.36,6
1780816276,271407.56,6
1780816277,271389.72,2
1780816278,271390.40,0
1780816279,271339.41,1
1780816280,271371.12,2
1780816281,271385.50,0
1780816282,271364.93,3
1780816283,271366.61,1
1780816284,271438.00,0
1780816285,271423.82,2
1780816286,271422.56,6
1780816287,271467.91,1
1780816288,271452.46,6
1780816289,271454.59,9
1780816290,271453.30,0
1780816291,271409.44,4
1780816292,271419.22,2
1780816293,271376.21,1
1780816294,271402.25,5
1780816295,271391.30,0
1780816296,271389.59,9
1780816297,271383.38,8
1780816298,271378.38,8
1780816299,271373.36,6
1780816300,271377.09,9
1780816301,271379.26,6
1780816302,271382.39,9
1780816303,271399.85,5
1780816304,271418.05,5
1780816305,271416.45,5
1780816306,271447.31,1
1780816307,271452.18,8
1780816308,271465.51,1
1780816309,271464.36,6
1780816310,271462.79,9
1780816311,271473.15,5
1780816312,271447.61,1
1780816313,271411.45,5
1780816314,271415.59,9
1780816315,271464.84,4
1780816316,271452.95,5
1780816317,271447.17,7
1780816318,271440.64,4
1780816319,271476.79,9
1780816320,271510.90,0
1780816321,271509.75,5
1780816322,271508.48,8
1780816323,271489.92,2
1780816324,271526.11,1
1780816325,271488.26,6
1780816326,271532.08,8
1780816327,271525.52,2
1780816328,271512.97,7
1780816329,271522.87,7
1780816330,271506.87,7
1780816331,271508.95,5
1780816332,271523.37,7
1780816333,271521.74,4
1780816334,271530.19,9
1780816335,271510.07,7
1780816336,271489.82,2
1780816337,271513.20,0
1780816338,271518.52,2
1780816339,271529.77,7
1780816340,271494.14,4
1780816341,271471.02,2
1780816342,271511.98,8
1780816343,271514.62,2
1780816344,271490.98,8
1780816345,271524.64,4
1780816346,271522.30,0
1780816347,271530.18,8
1780816348,271505.77,7
1780816349,271498.63,3
1780816350,271481.20,0
1780816351,271455.75,5
1780816352,271439.63,3
1780816353,271449.37,7
1780816354,271429.90,0
1780816355,271427.84,4
1780816356,271431.00,0
1780816357,271412.47,7
1780816358,271380.65,5
1780816359,271340.48,8
1780816360,271298.85,5
1780816361,271275.23,3
1780816362,271244.62,2
1780816363,271218.40,0
1780816364,271194.18,8
1780816365,271213.81,1
1780816366,271201.58,8
1780816367,271262.62,2
1780816368,271252.61,1
1780816369,271249.69,9
1780816370,271233.23,3
1780816371,271211.89,9
1780816372,271185.71,1
1780816373,271239.27,7
1780816374,271217.58,8
1780816375,271213.87,7
1780816376,271216.61,1
1780816377,271194.28,8
1780816378,271198.86,6
1780816379,271190.49,9
1780816380,271182.55,5
1780816381,271179.06,6
1780816382,271149.87,7
1780816383,271171.15,5
1780816384,271138.61,1
1780816385,271130.37,7
1780816386,271123.18,8
1780816387,271187.73,3
1780816388,271187.93,3
1780816389,271191.45,5
1780816390,271212.66,6
1780816391,271191.06,6
1780816392,271186.45,5
1780816393,271169.72,2
1780816394,271155.11,1
1780816395,271185.25,5
1780816396,271204.57,7
1780816397,271250.23,3
1780816398,271247.47,7
1780816399,271273.61,1
1780816400,271273.46,6
1780816401,271274.90,0
1780816402,271329.61,1
1780816403,271328.70,0
1780816404,271327.83,3
1780816405,271297.87,7
1780816406,271238.58,8
1780816407,271221.90,0
1780816408,271239.73,3
1780816409,271275.68,8
1780816410,271326.74,4
1780816411,271356.84,4
1780816412,271365.01,1
1780816413,271349.95,5
1780816414,271353.64,4
1780816415,271358.77,7
1780816416,271303.44,4
1780816417,271311.51,1
1780816418,271299.98,8
1780816419,271297.05,5
1780816420,271276.98,8
1780816421,271270.35,5
1780816422,271246.77,7
1780816423,271290.63,3
1780816424,271288.86,6
1780816425,271264.94,4
1780816426,271236.71,1
1780816427,271274.13,3
1780816428,271243.38,8
1780816429,271268.08,8
1780816430,271237.04,4
1780816431,271269.28,8
1780816432,271257.72,2
1780816433,271287.60,0
1780816434,271305.17,7
1780816435,271267.60,0
1780816436,271266.03,3
1780816437,271254.70,0
1780816438,271264.72,2
1780816439,271301.31,1
1780816440,271322.43,3
1780816441,271281.46,6
1780816442,271276.92,2
1780816443,271268.62,2
1780816444,271253.25,5
1780816445,271243.01,1
1780816446,271242.08,8
1780816447,271240.11,1
1780816448,271190.56,6
1780816449,271205.48,8
1780816450,271223.69,9
1780816451,271179.45,5
1780816452,271173.82,2
1780816453,271196.18,8
1780816454,271238.47,7
1780816455,271213.24,4
1780816456,271191.73,3
1780816457,271224.21,1
1780816458,271213.50,0
1780816459,271227.34,4
1780816460,271223.17,7
1780816461,271246.46,6
1780816462,271231.82,2
1780816463,271198.56,6
1780816464,271160.72,2
1780816465,271199.27,7
1780816466,271211.60,0
1780816467,271207.55,5
1780816468,271191.62,2
1780816469,271169.65,5
1780816470,271202.55,5
1780816471,271190.76,6
1780816472,271205.44,4
1780816473,271224.02,2
1780816474,271243.10,0
1780816475,271186.36,6
1780816476,271178.55,5
1780816477,271186.99,9
1780816478,271208.09,9
1780816479,271242.13,3
1780816480,271255.03,3
1780816481,271261.79,9
1780816482,271210.91,1
1780816483,271192.41,1
1780816484,271184.75,5
1780816485,271222.74,4
1780816486,271201.00,0
1780816487,271223.01,1
1780816488,271182.75,5
1780816489,271212.81,1
1780816490,271225.46,6
1780816491,271245.59,9
1780816492,271217.21,1
1780816493,271232.51,1
1780816494,271274.35,5
1780816495,271261.59,9
1780816496,271274.28,8
1780816497,271267.67,7
1780816498,271261.74,4
1780816499,271233.07,7
1780816500,271234.72,2
1780816501,271277.14,4
1780816502,271258.48,8
1780816503,271254.08,8
1780816504,271223.80,0
1780816505,271222.30,0
1780816506,271247.26,6
1780816507,271245.02,2
1780816508,271222.91,1
1780816509,271250.25,5
1780816510,271245.88,8
1780816511,271262.73,3
1780816512,271226.04,4
1780816513,271224.89,9
1780816514,271268.66,6
1780816515,271276.08,8
1780816516,271254.64,4
1780816517,271260.37,7
1780816518,271311.30,0
1780816519,271297.02,2
1780816520,271294.39,9
1780816521,271331.79,9
1780816522,271341.56,6
1780816523,271354.69,9
1780816524,271389.69,9
1780816525,271347.04,4
1780816526,271354.98,8
1780816527,271344.04,4
1780816528,271351.97,7
1780816529,271349.61,1
1780816530,271348.18,8
1780816531,271356.57,7
1780816532,271374.55,5
1780816533,271334.70,0
1780816534,271289.88,8
1780816535,271288.26,6
1780816536,271250.22,2
1780816537,271210.45,5
1780816538,271174.33,3
1780816539,271148.99,9
1780816540,271167.78,8
1780816541,271163.30,0
1780816542,271195.24,4
1780816543,271175.98,8
1780816544,271207.40,0
1780816545,271189.41,1
1780816546,271184.84,4
1780816547,271169.43,3
1780816548,271177.51,1
1780816549,271153.94,4
1780816550,271115.07,7
1780816551,271133.03,3
1780816552,271098.44,4
1780816553,271079.87,7
1780816554,271114.72,2
1780816555,271117.91,1
1780816556,271096.51,1
1780816557,271082.89,9
1780816558,271057.68,8
1780816559,271048.38,8
1780816560,271041.29,9
1780816561,271051.02,2
1780816562,271052.83,3
1780816563,271031.07,7
1780816564,271021.24,4
1780816565,271005.30,0
1780816566,271033.21,1
1780816567,271014.49,9
1780816568,271034.50,0
1780816569,271069.34,4
1780816570,271091.12,2
1780816571,271061.61,1
1780816572,271076.88,8
1780816573,271143.04,4
1780816574,271171.18,8
1780816575,271174.27,7
1780816576,271173.30,0
1780816577,271124.12,2
1780816578,271124.73,3
1780816579,271131.48,8
1780816580,271077.95,5
1780816581,271074.96,6
1780816582,271070.47,7
1780816583,271030.41,1
1780816584,271059.87,7
1780816585,271032.72,2
1780816586,271062.22,2
1780816587,271024.94,4
1780816588,270993.90,0
1780816589,270961.77,7
1780816590,270951.94,4
1780816591,270968.58,8
1780816592,270942.22,2
1780816593,270941.80,0
1780816594,270966.72,2
1780816595,270956.23,3
1780816596,270949.97,7
1780816597,270937.62,2
1780816598,270945.29,9
1780816599,270921.20,0
1780816600,270943.37,7
1780816601,270954.38,8
1780816602,270922.98,8
1780816603,270960.44,4
1780816604,270926.40,0
1780816605,270908.69,9
1780816606,270944.39,9
1780816607,270963.05,5
1780816608,270958.69,9
1780816609,271001.60,0
1780816610,271015.31,1
1780816611,271009.57,7
1780816612,271013.30,0
1780816613,270991.97,7
1780816614,271023.06,6
1780816615,271039.36,6
1780816616,271033.05,5
1780816617,271041.84,4
1780816618,271041.09,9
1780816619,271051.42,2
1780816620,271007.80,0
1780816621,270991.39,9
1780816622,271007.09,9
1780816623,271036.59,9
1780816624,271016.48,8
1780816625,271053.79,9
1780816626,271048.06,6
1780816627,271048.13,3
1780816628,271019.77,7
1780816629,271020.00,0
1780816630,271006.25,5
1780816631,271014.26,6
1780816632,271020.12,2
1780816633,271027.17,7
1780816634,271013.97,7
1780816635,271041.60,0
1780816636,271037.49,9
1780816637,271050.15,5
1780816638,271038.78,8
1780816639,270996.49,9
1780816640,270983.88,8
1780816641,270998.10,0
1780816642,270943.27,7
1780816643,270915.14,4
1780816644,270842.14,4
1780816645,270865.34,4
1780816646,270850.03,3
1780816647,270864.43,3
1780816648,270810.49,9
1780816649,270810.35,5
1780816650,270779.35,5
1780816651,270768.43,3
1780816652,270772.55,5
1780816653,270793.00,0
1780816654,270828.42,2
1780816655,270833.14,4
1780816656,270850.86,6
1780816657,270888.07,7
1780816658,270873.54,4
1780816659,270873.07,7
1780816660,270865.32,2
1780816661,270857.63,3
1780816662,270854.56,6
1780816663,270847.87,7
1780816664,270872.99,9
1780816665,270911.63,3
1780816666,270913.90,0
1780816667,270897.62,2
1780816668,270897.37,7
1780816669,270883.15,5
1780816670,270887.42,2
1780816671,270850.47,7
1780816672,270883.14,4
1780816673,270875.16,6
1780816674,270890.02,2
1780816675,270907.18,8
1780816676,270925.26,6
1780816677,270948.56,6
1780816678,270920.93,3
1780816679,270883.33,3
1780816680,270881.57,7
1780816681,270884.14,4
1780816682,270882.41,1
1780816683,270846.31,1
1780816684,270859.13,3
1780816685,270821.35,5
1780816686,270824.35,5
1780816687,270823.81,1
1780816688,270848.20,0
1780816689,270855.80,0
1780816690,270835.29,9
1780816691,270859.87,7
1780816692,270845.32,2
1780816693,270830.25,5
1780816694,270793.13,3
1780816695,270767.30,0
1780816696,270753.22,2
1780816697,270779.28,8
1780816698,270807.19,9
1780816699,270771.52,2
1780816700,270764.28,8
1780816701,270770.13,3
1780816702,270794.44,4
1780816703,270834.87,7
1780816704,270862.33,3
1780816705,270872.68,8
1780816706,270882.84,4
1780816707,270887.82,2
1780816708,270904.67,7
1780816709,270919.59,9
1780816710,270925.78,8
1780816711,270895.20,0
1780816712,270929.75,5
1780816713,270923.52,2
1780816714,270910.05,5
1780816715,270967.36,6
1780816716,270941.42,2
1780816717,270978.49,9
1780816718,270937.14,4
1780816719,270949.99,9
1780816720,271003.10,0
1780816721,271013.23,3
1780816722,271009.61,1
1780816723,271011.47,7
1780816724,271025.66,6
1780816725,271021.07,7
1780816726,270977.02,2
1780816727,270979.62,2
1780816728,270993.35,5
1780816729,271036.77,7
1780816730,271013.67,7
1780816731,271008.55,5
1780816732,271032.23,3
1780816733,271081.52,2
1780816734,271093.80,0
1780816735,271100.93,3
1780816736,271138.79,9
1780816737,271133.86,6
1780816738,271121.00,0
1780816739,271140.53,3
1780816740,271172.65,5
1780816741,271134.57,7
1780816742,271071.70,0
1780816743,271047.83,3
1780816744,271036.66,6
1780816745,271064.50,0
1780816746,271066.65,5
1780816747,271034.19,9
1780816748,271001.33,3
1780816749,271033.50,0
1780816750,271022.17,7
1780816751,271006.56,6
1780816752,271018.48,8
1780816753,271011.89,9
1780816754,271031.52,2
1780816755,271030.46,6
1780816756,271004.15,5
1780816757,271006.78,8
1780816758,270987.38,8
1780816759,271007.76,6
1780816760,271020.18,8
1780816761,271022.60,0
1780816762,271028.75,5
1780816763,270991.84,4
1780816764,270944.09,9
1780816765,270908.98,8
1780816766,270893.79,9
1780816767,270848.17,7
1780816768,270865.90,0
1780816769,270873.48,8
1780816770,270874.23,3
1780816771,270884.61,1
1780816772,270924.81,1
1780816773,270898.97,7
1780816774,270889.50,0
1780816775,270896.86,6
1780816776,270922.92,2
1780816777,270895.93,3
1780816778,270857.73,3
1780816779,270833.77,7
1780816780,270853.15,5
1780816781,270811.62,2
1780816782,270827.42,2
1780816783,270833.65,5
1780816784,270825.39,9
1780816785,270833.53,3
1780816786,270865.81,1
1780816787,270830.50,0
1780816788,270844.64,4
1780816789,270865.49,9
1780816790,270842.89,9
1780816791,270841.96,6
1780816792,270881.23,3
1780816793,270876.51,1
1780816794,270877.50,0
1780816795,270863.69,9
1780816796,270857.43,3
1780816797,270894.07,7
1780816798,270920.22,2
1780816799,270905.06,6
1780816800,270907.52,2
1780816801,270863.05,5
1780816802,270879.01,1
1780816803,270883.53,3
1780816804,270858.55,5
1780816805,270859.94,4
1780816806,270855.55,5
1780816807,270881.27,7
1780816808,270854.50,0
1780816809,270870.13,3
1780816810,270868.51,1
1780816811,270882.89,9
1780816812,270884.47,7
1780816813,270895.20,0
1780816814,270884.35,5
1780816815,270854.96,6
1780816816,270810.94,4
1780816817,270811.27,7
1780816818,270812.08,8
1780816819,270775.74,4
1780816820,270793.99,9
1780816821,270764.20,0
1780816822,270793.21,1
1780816823,270806.54,4
1780816824,270764.45,5
1780816825,270743.69,9
1780816826,270736.57,7
1780816827,270725.23,3
1780816828,270744.54,4
1780816829,270797.09,9
1780816830,270808.35,5
1780816831,270787.63,3
1780816832,270783.16,6
1780816833,270731.91,1
1780816834,270771.24,4
1780816835,270804.93,3
1780816836,270787.09,9
1780816837,270791.13,3
1780816838,270779.10,0
1780816839,270756.57,7
1780816840,270780.59,9
1780816841,270772.83,3
1780816842,270770.39,9
1780816843,270768.59,9
1780816844,270757.65,5
1780816845,270793.85,5
1780816846,270801.52,2
1780816847,270805.82,2
1780816848,270758.63,3
1780816849,270761.08,8
1780816850,270765.00,0
1780816851,270755.88,8
1780816852,270717.17,7
1780816853,270718.21,1
1780816854,270716.39,9
1780816855,270704.65,5
1780816856,270697.90,0
1780816857,270693.59,9
1780816858,270676.66,6
1780816859,270716.54,4
1780816860,270696.60,0
1780816861,270681.18,8
1780816862,270697.83,3
1780816863,270704.81,1
1780816864,270686.63,3
1780816865,270731.28,8
1780816866,270722.73,3
1780816867,270758.55,5
1780816868,270717.57,7
1780816869,270711.17,7
1780816870,270721.47,7
1780816871,270723.18,8
1780816872,270709.60,0
1780816873,270696.35,5
1780816874,270693.52,2
1780816875,270707.30,0
1780816876,270733.07,7
1780816877,270730.72,2
1780816878,270713.57,7
1780816879,270724.67,7
1780816880,270677.44,4
1780816881,270714.19,9
1780816882,270718.99,9
1780816883,270732.82,2
1780816884,270750.73,3
1780816885,270744.11,1
1780816886,270739.66,6
1780816887,270726.99,9
1780816888,270714.96,6
1780816889,270678.94,4
1780816890,270684.40,0
1780816891,270690.48,8
1780816892,270641.62,2
1780816893,270639.64,4
1780816894,270635.52,2
1780816895,270678.91,1
1780816896,270691.48,8
1780816897,270706.41,1
1780816898,270705.40,0
1780816899,270706.05,5
1780816900,270728.29,9
1780816901,270766.17,7
1780816902,270781.34,4
1780816903,270775.79,9
1780816904,270755.27,7
1780816905,270729.36,6
1780816906,270740.99,9
1780816907,270782.74,4
1780816908,270765.90,0
1780816909,270750.54,4
1780816910,270745.09,9
1780816911,270777.24,4
1780816912,270771.43,3
1780816913,270766.85,5
1780816914,270791.76,6
1780816915,270760.07,7
1780816916,270743.42,2
1780816917,270727.41,1
1780816918,270714.46,6
1780816919,270756.16,6
1780816920,270759.17,7
1780816921,270755.53,3
1780816922,270768.08,8
1780816923,270729.63,3
1780816924,270728.21,1
1780816925,270750.85,5
1780816926,270715.52,2
1780816927,270733.31,1
1780816928,270708.95,5
1780816929,270693.47,7
1780816930,270705.86,6
1780816931,270710.65,5
1780816932,270662.33,3
1780816933,270705.01,1
1780816934,270669.90,0
1780816935,270715.89,9
1780816936,270692.54,4
1780816937,270693.12,2
1780816938,270668.73,3
1780816939,270649.47,7
1780816940,270629.25,5
1780816941,270637.98,8
1780816942,270657.17,7
1780816943,270674.79,9
1780816944,270659.41,1
1780816945,270689.28,8
1780816946,270700.34,4
1780816947,270733.55,5
1780816948,270710.30,0
1780816949,270688.62,2
1780816950,270641.97,7
1780816951,270630.38,8
1780816952,270676.89,9
1780816953,270703.49,9
1780816954,270726.60,0
1780816955,270772.98,8
1780816956,270739.97,7
1780816957,270726.83,3
1780816958,270716.97,7
1780816959,270689.65,5
1780816960,270647.37,7
1780816961,270616.18,8
1780816962,270619.48,8
1780816963,270587.35,5
1780816964,270589.92,2
1780816965,270600.10,0
1780816966,270634.04,4
1780816967,270627.29,9
1780816968,270634.17,7
1780816969,270655.74,4
1780816970,270621.36,6
1780816971,270650.02,2
1780816972,270646.44,4
1780816973,270655.27,7
1780816974,270647.55,5
1780816975,270639.15,5
1780816976,270663.89,9
1780816977,270634.78,8
1780816978,270669.12,2
1780816979,270699.31,1
1780816980,270670.90,0
1780816981,270654.97,7
1780816982,270632.85,5
1780816983,270641.27,7
1780816984,270585.16,6
1780816985,270573.28,8
1780816986,270597.98,8
1780816987,270594.03,3
1780816988,270628.03,3
1780816989,270572.66,6
1780816990,270599.40,0
1780816991,270598.00,0
1780816992,270612.42,2
1780816993,270616.98,8
1780816994,270592.15,5
1780816995,270556.09,9
1780816996,270538.24,4
1780816997,270556.16,6
1780816998,270544.89,9
1780816999,270523.78,8
1780817000,270523.87,7
1780817001,270543.97,7
1780817002,270586.37,7
1780817003,270600.67,7
1780817004,270577.01,1
1780817005,270606.68,8
1780817006,270626.01,1
1780817007,270639.42,2
1780817008,270671.05,5
1780817009,270677.01,1
1780817010,270701.52,2
1780817011,270701.66,6
1780817012,270689.78,8
1780817013,270710.33,3
1780817014,270714.41,1
1780817015,270710.48,8
1780817016,270712.56,6
1780817017,270693.45,5
1780817018,270697.70,0
1780817019,270694.60,0
1780817020,270699.47,7
1780817021,270728.68,8
1780817022,270674.57,7
1780817023,270686.03,3
1780817024,270672.06,6
1780817025,270718.11,1
1780817026,270714.30,0
1780817027,270694.98,8
1780817028,270717.87,7
1780817029,270738.04,4
1780817030,270745.68,8
1780817031,270757.00,0
1780817032,270748.25,5
1780817033,270740.53,3
1780817034,270776.00,0
1780817035,270758.09,9
1780817036,270744.62,2
1780817037,270778.46,6
1780817038,270796.98,8
1780817039,270783.13,3
1780817040,270801.23,3
1780817041,270790.49,9
1780817042,270811.96,6
1780817043,270800.98,8
1780817044,270819.07,7
1780817045,270854.34,4
1780817046,270874.58,8
1780817047,270874.82,2
1780817048,270867.40,0
1780817049,270845.80,0
1780817050,270824.23,3
1780817051,270777.06,6
1780817052,270793.55,5
1780817053,270720.26,6
1780817054,270742.18,8
1780817055,270755.30,0
1780817056,270780.00,0
1780817057,270794.03,3
1780817058,270783.13,3
1780817059,270773.12,2
1780817060,270825.53,3
1780817061,270808.63,3
1780817062,270812.64,4
1780817063,270833.01,1
1780817064,270825.54,4
1780817065,270821.96,6
1780817066,270834.07,7
1780817067,270849.43,3
1780817068,270837.41,1
1780817069,270823.80,0
1780817070,270813.59,9
1780817071,270817.67,7
1780817072,270770.42,2
1780817073,270756.54,4
1780817074,270795.51,1
1780817075,270823.12,2
1780817076,270815.99,9
1780817077,270820.40,0
1780817078,270823.33,3
1780817079,270851.78,8
1780817080,270865.24,4
1780817081,270854.62,2
1780817082,270901.50,0
1780817083,270915.19,9
1780817084,270927.73,3
1780817085,270946.03,3
1780817086,270924.11,1
1780817087,270920.38,8
1780817088,270938.16,6
1780817089,270945.14,4
1780817090,270929.37,7
1780817091,270913.91,1
1780817092,270909.87,7
1780817093,270894.32,2
1780817094,270882.33,3
1780817095,270878.31,1
1780817096,270841.89,9
1780817097,270840.03,3
1780817098,270844.40,0
1780817099,270816.89,9
1780817100,270806.13,3
1780817101,270808.85,5
1780817102,270775.18,8
1780817103,270828.77,7
1780817104,270855.72,2
1780817105,270862.97,7
1780817106,270875.15,5
1780817107,270903.45,5
1780817108,270876.35,5
1780817109,270836.44,4
1780817110,270876.42,2
1780817111,270828.63,3
1780817112,270813.40,0
1780817113,270840.43,3
1780817114,270850.93,3
1780817115,270824.71,1
1780817116,270821.07,7
1780817117,270830.49,9
1780817118,270828.54,4
1780817119,270829.83,3
1780817120,270798.57,7
1780817121,270804.16,6
1780817122,270833.76,6
1780817123,270866.89,9
1780817124,270883.73,3
1780817125,270889.69,9
1780817126,270900.05,5
1780817127,270867.96,6
1780817128,270848.60,0
1780817129,270866.81,1
1780817130,270847.79,9
1780817131,270837.25,5
1780817132,270838.25,5
1780817133,270835.25,5
1780817134,270784.21,1
1780817135,270812.23,3
1780817136,270810.43,3
1780817137,270793.03,3
1780817138,270813.08,8
1780817139,270831.81,1
1780817140,270825.66,6
1780817141,270804.48,8
1780817142,270783.74,4
1780817143,270810.89,9
1780817144,270783.50,0
1780817145,270747.03,3
1780817146,270789.26,6
1780817147,270789.00,0
1780817148,270788.80,0
1780817149,270806.03,3
1780817150,270814.74,4
1780817151,270823.99,9
1780817152,270822.23,3
1780817153,270807.81,1
1780817154,270761.32,2
1780817155,270749.90,0
1780817156,270773.84,4
1780817157,270775.45,5
1780817158,270788.61,1
1780817159,270802.43,3
1780817160,270819.88,8
1780817161,270820.78,8
1780817162,270863.01,1
1780817163,270853.23,3
1780817164,270850.81,1
1780817165,270869.95,5
1780817166,270870.43,3
1780817167,270820.61,1
1780817168,270820.51,1
1780817169,270864.95,5
1780817170,270849.49,9
1780817171,270815.55,5
1780817172,270836.47,7
1780817173,270807.47,7
1780817174,270816.13,3
1780817175,270833.11,1
1780817176,270845.30,0
1780817177,270855.81,1
1780817178,270847.05,5
1780817179,270833.92,2
1780817180,270820.29,9
1780817181,270821.02,2
1780817182,270818.87,7
1780817183,270849.19,9
1780817184,270844.85,5
1780817185,270858.76,6
1780817186,270827.06,6
1780817187,270794.67,7
1780817188,270839.40,0
1780817189,270877.06,6
1780817190,270895.92,2
1780817191,270914.90,0
1780817192,270913.12,2
1780817193,270881.33,3
1780817194,270856.91,1
1780817195,270844.46,6
1780817196,270851.06,6
1780817197,270857.38,8
1780817198,270863.25,5
1780817199,270869.16,6
1780817200,270851.44,4
1780817201,270816.26,6
1780817202,270799.47,7
1780817203,270757.22,2
1780817204,270755.55,5
1780817205,270757.68,8
1780817206,270724.67,7
1780817207,270740.82,2
1780817208,270694.93,3
1780817209,270687.16,6
1780817210,270716.13,3
1780817211,270670.37,7
1780817212,270620.29,9
1780817213,270611.58,8
1780817214,270579.49,9
1780817215,270566.40,0
1780817216,270537.15,5
1780817217,270530.96,6
1780817218,270543.25,5
1780817219,270549.41,1
1780817220,270475.71,1
1780817221,270505.52,2
1780817222,270494.86,6
1780817223,270486.95,5
1780817224,270524.18,8
1780817225,270521.70,0
1780817226,270522.07,7
1780817227,270548.85,5
1780817228,270564.44,4
1780817229,270518.85,5
1780817230,270504.13,3
1780817231,270519.42,2
1780817232,270508.93,3
1780817233,270542.67,7
1780817234,270575.15,5
1780817235,270540.82,2
1780817236,270591.66,6
1780817237,270605.55,5
1780817238,270613.87,7
1780817239,270581.99,9
1780817240,270536.01,1
1780817241,270527.83,3
1780817242,270536.62,2
1780817243,270533.92,2
1780817244,270517.69,9
1780817245,270478.82,2
1780817246,270460.10,0
1780817247,270457.37,7
1780817248,270445.38,8
1780817249,270447.71,1
1780817250,270453.35,5
1780817251,270441.73,3
1780817252,270443.44,4
1780817253,270435.56,6
1780817254,270446.52,2
1780817255,270497.88,8
1780817256,270489.31,1
1780817257,270488.37,7
1780817258,270456.29,9
1780817259,270458.12,2
1780817260,270461.42,2
1780817261,270481.52,2
1780817262,270481.74,4
1780817263,270508.65,5
1780817264,270489.71,1
1780817265,270499.06,6
1780817266,270517.83,3
1780817267,270493.26,6
1780817268,270493.79,9
1780817269,270485.35,5
1780817270,270533.12,2
1780817271,270510.95,5
1780817272,270511.92,2
1780817273,270515.67,7
1780817274,270485.78,8
1780817275,270515.37,7
1780817276,270508.82,2
1780817277,270478.21,1
1780817278,270487.29,9
1780817279,270468.43,3
1780817280,270418.09,9
1780817281,270429.82,2
1780817282,270419.82,2
1780817283,270415.86,6
1780817284,270367.56,6
1780817285,270373.34,4
1780817286,270379.40,0
1780817287,270417.51,1
1780817288,270388.99,9
1780817289,270403.01,1
1780817290,270406.76,6
1780817291,270394.96,6
1780817292,270440.14,4
1780817293,270471.70,0
1780817294,270471.36,6
1780817295,270453.75,5
1780817296,270418.64,4
1780817297,270422.11,1
1780817298,270407.29,9
1780817299,270433.69,9
1780817300,270454.65,5
1780817301,270461.47,7
1780817302,270471.83,3
1780817303,270492.29,9
1780817304,270506.89,9
1780817305,270464.12,2
1780817306,270464.37,7
1780817307,270507.68,8
1780817308,270529.33,3
1780817309,270545.61,1
1780817310,270479.36,6
1780817311,270506.31,1
1780817312,270459.93,3
1780817313,270444.08,8
1780817314,270450.40,0
1780817315,270463.24,4
1780817316,270477.48,8
1780817317,270482.52,2
1780817318,270497.66,6
1780817319,270482.08,8
1780817320,270486.29,9
1780817321,270472.08,8
1780817322,270457.17,7
1780817323,270423.89,9
1780817324,270462.44,4
1780817325,270482.34,4
1780817326,270462.63,3
1780817327,270455.12,2
1780817328,270492.92,2
1780817329,270501.81,1
1780817330,270502.13,3
1780817331,270504.07,7
1780817332,270463.30,0
1780817333,270466.68,8
1780817334,270429.28,8
1780817335,270456.79,9
1780817336,270490.81,1
1780817337,270487.88,8
1780817338,270470.89,9
1780817339,270477.61,1
1780817340,270485.33,3
1780817341,270469.34,4
1780817342,270460.78,8
1780817343,270470.61,1
1780817344,270490.74,4
1780817345,270468.74,4
1780817346,270463.83,3
1780817347,270485.51,1
1780817348,270473.83,3
1780817349,270475.82,2
1780817350,270468.91,1
1780817351,270462.29,9
1780817352,270458.46,6
1780817353,270426.31,1
1780817354,270404.60,0
1780817355,270418.63,3
1780817356,270417.24,4
1780817357,270385.86,6
1780817358,270375.24,4
1780817359,270365.13,3
1780817360,270388.29,9
1780817361,270367.26,6
1780817362,270387.75,5
1780817363,270404.64,4
1780817364,270401.30,0
1780817365,270431.64,4
1780817366,270422.78,8
1780817367,270421.16,6
1780817368,270437.50,0
1780817369,270452.17,7
1780817370,270418.41,1
1780817371,270397.08,8
1780817372,270400.56,6
1780817373,270408.72,2
1780817374,270413.67,7
1780817375,270420.38,8
1780817376,270400.91,1
1780817377,270334.03,3
1780817378,270348.58,8
1780817379,270375.83,3
1780817380,270334.39,9
1780817381,270313.71,1
1780817382,270288.42,2
1780817383,270277.45,5
1780817384,270290.32,2
1780817385,270306.64,4
1780817386,270317.25,5
1780817387,270364.63,3
1780817388,270365.05,5
1780817389,270346.60,0
1780817390,270313.56,6
1780817391,270339.99,9
1780817392,270362.14,4
1780817393,270333.93,3
1780817394,270304.47,7
1780817395,270359.75,5
1780817396,270401.52,2
1780817397,270375.64,4
1780817398,270361.29,9
1780817399,270337.11,1
1780817400,270281.67,7
1780817401,270261.57,7
1780817402,270268.54,4
1780817403,270236.01,1
1780817404,270195.60,0
1780817405,270161.64,4
1780817406,270151.70,0
1780817407,270132.15,5
1780817408,270136.39,9
1780817409,270122.40,0
1780817410,270146.12,2
1780817411,270151.59,9
1780817412,270151.41,1
1780817413,270143.16,6
1780817414,270122.87,7
1780817415,270114.61,1
1780817416,270152.04,4
1780817417,270157.61,1
1780817418,270134.60,0
1780817419,270126.01,1
1780817420,270134.09,9
1780817421,270160.93,3
1780817422,270152.81,1
1780817423,270165.40,0
1780817424,270154.41,1
1780817425,270178.82,2
1780817426,270163.92,2
1780817427,270154.68,8
1780817428,270216.65,5
1780817429,270233.54,4
1780817430,270214.12,2
1780817431,270217.97,7
1780817432,270230.46,6
1780817433,270209.26,6
1780817434,270154.58,8
1780817435,270191.38,8
1780817436,270223.78,8
1780817437,270272.05,5
1780817438,270271.64,4
1780817439,270285.70,0
1780817440,270287.93,3
1780817441,270283.25,5
1780817442,270307.80,0
1780817443,270308.55,5
1780817444,270312.24,4
1780817445,270292.48,8
1780817446,270291.54,4
1780817447,270297.74,4
1780817448,270311.62,2
1780817449,270343.86,6
1780817450,270419.95,5
1780817451,270384.89,9
1780817452,270420.51,1
1780817453,270439.06,6
1780817454,270465.48,8
1780817455,270438.56,6
1780817456,270463.32,2
1780817457,270464.57,7
1780817458,270459.28,8
1780817459,270460.77,7
1780817460,270483.20,0
1780817461,270473.71,1
1780817462,270486.69,9
1780817463,270466.35,5
1780817464,270462.40,0
1780817465,270442.06,6
1780817466,270416.19,9
1780817467,270406.55,5
1780817468,270401.54,4
1780817469,270398.19,9
1780817470,270441.53,3
1780817471,270440.43,3
1780817472,270490.36,6
1780817473,270476.95,5
1780817474,270487.37,7
1780817475,270502.97,7
1780817476,270495.17,7
1780817477,270534.66,6
1780817478,270511.52,2
1780817479,270502.60,0
1780817480,270497.06,6
1780817481,270494.09,9
1780817482,270536.62,2
1780817483,270613.55,5
1780817484,270633.26,6
1780817485,270631.50,0
1780817486,270651.57,7
1780817487,270649.67,7
1780817488,270659.26,6
1780817489,270675.15,5
1780817490,270689.52,2
1780817491,270703.27,7
1780817492,270704.36,6
1780817493,270680.79,9
1780817494,270702.52,2
1780817495,270678.93,3
1780817496,270704.85,5
1780817497,270697.25,5
1780817498,270685.31,1
1780817499,270704.52,2
1780817500,270705.91,1
1780817501,270713.56,6
1780817502,270678.37,7
1780817503,270642.05,5
1780817504,270625.59,9
1780817505,270621.15,5
1780817506,270609.15,5
1780817507,270607.57,7
1780817508,270593.75,5
1780817509,270614.15,5
1780817510,270600.62,2
1780817511,270590.78,8
1780817512,270578.70,0
1780817513,270576.94,4
1780817514,270566.29,9
1780817515,270578.88,8
1780817516,270592.06,6
1780817517,270612.37,7
1780817518,270637.15,5
1780817519,270622.59,9
1780817520,270624.48,8
1780817521,270588.40,0
1780817522,270573.07,7
1780817523,270538.96,6
1780817524,270568.05,5
1780817525,270578.32,2
1780817526,270566.58,8
1780817527,270584.01,1
1780817528,270618.50,0
1780817529,270663.24,4
1780817530,270659.83,3
1780817531,270734.16,6
1780817532,270745.58,8
1780817533,270768.71,1
1780817534,270739.47,7
1780817535,270742.04,4
1780817536,270803.59,9
1780817537,270830.53,3
1780817538,270817.38,8
1780817539,270855.65,5
1780817540,270846.14,4
1780817541,270840.59,9
1780817542,270832.85,5
1780817543,270814.59,9
1780817544,270816.94,4
1780817545,270797.98,8
1780817546,270824.68,8
1780817547,270850.51,1
1780817548,270886.68,8
1780817549,270929.37,7
1780817550,270925.77,7
1780817551,270955.14,4
1780817552,270965.75,5
1780817553,270966.10,0
1780817554,271010.53,3
1780817555,271008.52,2
1780817556,271025.96,6
1780817557,271035.55,5
1780817558,271065.29,9
1780817559,271077.72,2
1780817560,271082.58,8
1780817561,271098.86,6
1780817562,271109.61,1
1780817563,271138.46,6
1780817564,271117.55,5
1780817565,271096.86,6
1780817566,271095.75,5
1780817567,271073.80,0
1780817568,271072.24,4
1780817569,271050.95,5
1780817570,271069.90,0
1780817571,271071.40,0
1780817572,271085.30,0
1780817573,271095.10,0
1780817574,271063.61,1
1780817575,271015.81,1
1780817576,271011.51,1
1780817577,270952.52,2
1780817578,270982.47,7
1780817579,270982.74,4
1780817580,270985.79,9
1780817581,271004.48,8
1780817582,271033.71,1
1780817583,271064.22,2
1780817584,271079.21,1
1780817585,271126.14,4
1780817586,271099.72,2
1780817587,271106.28,8
1780817588,271083.50,0
1780817589,271106.70,0
1780817590,271109.13,3
1780817591,271108.02,2
1780817592,271113.31,1
1780817593,271084.08,8
1780817594,271151.76,6
1780817595,271167.18,8
1780817596,271153.06,6
1780817597,271135.25,5
1780817598,271107.56,6
1780817599,271109.51,1
1780817600,271108.53,3
1780817601,271116.78,8
1780817602,271132.12,2
1780817603,271127.65,5
1780817604,271108.78,8
1780817605,271124.90,0
1780817606,271126.31,1
1780817607,271122.98,8
1780817608,271109.25,5
1780817609,271092.66,6
1780817610,271074.16,6
1780817611,271105.34,4
1780817612,271114.11,1
1780817613,271078.75,5
1780817614,271042.53,3
1780817615,271039.61,1
1780817616,271071.57,7
1780817617,271078.53,3
1780817618,271058.80,0
1780817619,271051.97,7
1780817620,271083.06,6
1780817621,271132.78,8
1780817622,271088.55,5
1780817623,271081.03,3
1780817624,271070.15,5
1780817625,271093.01,1
1780817626,271124.56,6
1780817627,271100.18,8
1780817628,271069.84,4
1780817629,271089.44,4
1780817630,271113.09,9
1780817631,271123.01,1
1780817632,271145.45,5
1780817633,271154.24,4
1780817634,271151.16,6
1780817635,271149.63,3
1780817636,271171.79,9
1780817637,271166.57,7
1780817638,271131.35,5
1780817639,271132.26,6
1780817640,271137.76,6
1780817641,271123.13,3
1780817642,271167.52,2
1780817643,271177.57,7
1780817644,271189.92,2
1780817645,271177.30,0
1780817646,271168.69,9
1780817647,271146.17,7
1780817648,271178.92,2
1780817649,271178.68,8
1780817650,271166.96,6
1780817651,271193.39,9
1780817652,271191.22,2
1780817653,271182.57,7
1780817654,271188.91,1
1780817655,271231.58,8
1780817656,271232.24,4
1780817657,271210.60,0
1780817658,271233.92,2
1780817659,271188.63,3
1780817660,271191.84,4
1780817661,271215.73,3
1780817662,271201.93,3
1780817663,271186.95,5
1780817664,271151.34,4
1780817665,271134.36,6
1780817666,271108.69,9
1780817667,271140.44,4
1780817668,271170.27,7
1780817669,271216.18,8
1780817670,271235.15,5
1780817671,271200.18,8
1780817672,271188.89,9
1780817673,271189.90,0
1780817674,271170.56,6
1780817675,271177.80,0
1780817676,271152.17,7
1780817677,271141.40,0
1780817678,271141.07,7
1780817679,271138.67,7
1780817680,271106.20,0
1780817681,271117.03,3
1780817682,271150.37,7
1780817683,271137.84,4
1780817684,271149.97,7
1780817685,271166.80,0
1780817686,271120.62,2
1780817687,271104.58,8
1780817688,271105.40,0
1780817689,271090.22,2
1780817690,271109.03,3
1780817691,271086.34,4
1780817692,271066.86,6
1780817693,271047.92,2
1780817694,271015.31,1
1780817695,270989.19,9
1780817696,270996.63,3
1780817697,270995.20,0
1780817698,271013.26,6
1780817699,271006.04,4
1780817700,270971.70,0
1780817701,270983.82,2
1780817702,270967.52,2
1780817703,270990.75,5
1780817704,270940.83,3
1780817705,270965.69,9
1780817706,270954.18,8
1780817707,270981.15,5
1780817708,270977.46,6
1780817709,270962.52,2
1780817710,270961.39,9
1780817711,270986.41,1
1780817712,270961.76,6
1780817713,270914.14,4
1780817714,270946.67,7
1780817715,270962.17,7
1780817716,270976.84,4
1780817717,271010.02,2
1780817718,270967.11,1
1780817719,270981.57,7
1780817720,270972.97,7
1780817721,270982.66,6
1780817722,270967.55,5
1780817723,270944.75,5
1780817724,270944.43,3
1780817725,270923.20,0
1780817726,270895.04,4
1780817727,270898.68,8
1780817728,270910.34,4
1780817729,270938.47,7
1780817730,270978.36,6
1780817731,270980.85,5
1780817732,270966.76,6
1780817733,270983.63,3
1780817734,270989.99,9
1780817735,270976.60,0
1780817736,270984.24,4
1780817737,270976.72,2
1780817738,270965.12,2
1780817739,270968.32,2
1780817740,270970.19,9
1780817741,270974.48,8
1780817742,270956.96,6
1780817743,270971.77,7
1780817744,270961.14,4
1780817745,270957.58,8
1780817746,270961.90,0
1780817747,270943.26,6
1780817748,270969.24,4
1780817749,271012.07,7
1780817750,271006.06,6
1780817751,271019.29,9
1780817752,270994.76,6
1780817753,270986.50,0
1780817754,270982.71,1
1780817755,270966.23,3
1780817756,270939.57,7
1780817757,270944.64,4
1780817758,270945.11,1
1780817759,270944.26,6
1780817760,270927.43,3
1780817761,270891.96,6
1780817762,270868.35,5
1780817763,270876.99,9
1780817764,270879.05,5
1780817765,270908.70,0
1780817766,270911.84,4
1780817767,270922.03,3
1780817768,270916.30,0
1780817769,270905.74,4
1780817770,270892.70,0
1780817771,270895.81,1
1780817772,270931.17,7
1780817773,270914.45,5
1780817774,270900.98,8
1780817775,270939.31,1
1780817776,270930.11,1
1780817777,270925.23,3
1780817778,270955.28,8
1780817779,270960.58,8
1780817780,270916.06,6
1780817781,270910.14,4
1780817782,270902.75,5
1780817783,270919.42,2
1780817784,270906.15,5
1780817785,270919.01,1
1780817786,270922.49,9
1780817787,270911.16,6
1780817788,270880.95,5
1780817789,270860.29,9
1780817790,270864.41,1
1780817791,270856.07,7
1780817792,270819.08,8
1780817793,270838.88,8
1780817794,270870.60,0
1780817795,270915.07,7
1780817796,270917.49,9
1780817797,270899.27,7
1780817798,270888.57,7
1780817799,270897.17,7
1780817800,270889.34,4
1780817801,270858.97,7
1780817802,270878.41,1
1780817803,270897.74,4
1780817804,270908.67,7
1780817805,270906.51,1
1780817806,270915.05,5
1780817807,270874.08,8
1780817808,270865.09,9
1780817809,270868.69,9
1780817810,270850.12,2
1780817811,270861.01,1
1780817812,270880.18,8
1780817813,270878.33,3
1780817814,270882.92,2
1780817815,270855.32,2
1780817816,270849.49,9
1780817817,270862.28,8
1780817818,270851.91,1
1780817819,270833.16,6
1780817820,270827.44,4
1780817821,270823.13,3
1780817822,270811.47,7
1780817823,270788.11,1
1780817824,270800.50,0
1780817825,270825.21,1
1780817826,270757.44,4
1780817827,270756.55,5
1780817828,270771.71,1
1780817829,270810.45,5
1780817830,270778.39,9
1780817831,270791.63,3
1780817832,270730.36,6
1780817833,270743.24,4
1780817834,270683.51,1
1780817835,270709.56,6
1780817836,270743.89,9
1780817837,270737.70,0
1780817838,270728.63,3
1780817839,270713.93,3
1780817840,270733.60,0
1780817841,270753.22,2
1780817842,270729.03,3
1780817843,270756.13,3
1780817844,270789.68,8
1780817845,270773.14,4
1780817846,270785.52,2
1780817847,270829.92,2
1780817848,270759.95,5
1780817849,270799.73,3
1780817850,270823.49,9
1780817851,270848.75,5
1780817852,270820.84,4
1780817853,270823.95,5
1780817854,270849.67,7
1780817855,270831.55,5
1780817856,270809.30,0
1780817857,270804.41,1
1780817858,270809.64,4
1780817859,270800.64,4
1780817860,270798.84,4
1780817861,270799.83,3
1780817862,270751.89,9
1780817863,270721.62,2
1780817864,270684.12,2
1780817865,270678.45,5
1780817866,270684.34,4
1780817867,270671.57,7
1780817868,270667.64,4
1780817869,270696.84,4
1780817870,270689.20,0
1780817871,270681.16,6
1780817872,270680.83,3
1780817873,270675.13,3
1780817874,270701.78,8
1780817875,270713.30,0
1780817876,270744.73,3
1780817877,270743.07,7
1780817878,270730.39,9
1780817879,270728.72,2
1780817880,270730.07,7
1780817881,270728.46,6
1780817882,270748.53,3
1780817883,270759.14,4
1780817884,270785.94,4
1780817885,270735.91,1
1780817886,270720.22,2
1780817887,270688.83,3
1780817888,270673.84,4
1780817889,270672.33,3
1780817890,270694.17,7
1780817891,270728.91,1
1780817892,270710.24,4
1780817893,270675.17,7
1780817894,270690.70,0
1780817895,270681.72,2
1780817896,270691.43,3
1780817897,270703.24,4
1780817898,270691.78,8
1780817899,270701.34,4
1780817900,270737.99,9
1780817901,270729.34,4
1780817902,270745.59,9
1780817903,270727.56,6
1780817904,270739.25,5
1780817905,270761.50,0
1780817906,270803.87,7
1780817907,270770.65,5
1780817908,270784.36,6
1780817909,270781.98,8
1780817910,270825.46,6
1780817911,270835.14,4
1780817912,270832.57,7
1780817913,270867.15,5
1780817914,270875.22,2
1780817915,270896.67,7
1780817916,270873.65,5
1780817917,270855.73,3
1780817918,270841.64,4
1780817919,270814.45,5
1780817920,270856.02,2
1780817921,270871.45,5
1780817922,270891.24,4
1780817923,270898.86,6
1780817924,270942.32,2
1780817925,270960.10,0
1780817926,270975.72,2
1780817927,270952.40,0
1780817928,270952.24,4
1780817929,270944.52,2
1780817930,270934.36,6
1780817931,270915.18,8
1780817932,270908.38,8
1780817933,270889.46,6
1780817934,270861.67,7
1780817935,270821.62,2
1780817936,270802.72,2
1780817937,270810.36,6
1780817938,270816.01,1
1780817939,270852.46,6
1780817940,270880.99,9
1780817941,270872.94,4
1780817942,270859.65,5
1780817943,270827.46,6
1780817944,270795.07,7
1780817945,270824.42,2
1780817946,270831.86,6
1780817947,270854.96,6
1780817948,270914.57,7
1780817949,270912.68,8
1780817950,270902.69,9
1780817951,270908.85,5
1780817952,270894.70,0
1780817953,270855.08,8
1780817954,270843.99,9
1780817955,270851.83,3
1780817956,270828.57,7
1780817957,270859.10,0
1780817958,270900.95,5
1780817959,270866.62,2
1780817960,270871.24,4
1780817961,270927.79,9
1780817962,270904.58,8
1780817963,270876.25,5
1780817964,270898.42,2
1780817965,270883.65,5
1780817966,270895.13,3
1780817967,270911.30,0
1780817968,270905.02,2
1780817969,270887.92,2
1780817970,270864.68,8
1780817971,270848.84,4
1780817972,270886.37,7
1780817973,270885.60,0
1780817974,270858.17,7
1780817975,270836.83,3
1780817976,270838.24,4
1780817977,270835.07,7
1780817978,270828.68,8
1780817979,270804.22,2
1780817980,270845.98,8
1780817981,270856.34,4
1780817982,270826.43,3
1780817983,270830.55,5
1780817984,270829.15,5
1780817985,270858.98,8
1780817986,270852.16,6
1780817987,270873.20,0
1780817988,270912.93,3
1780817989,270936.20,0
1780817990,270971.09,9
1780817991,270953.70,0
1780817992,270926.81,1
1780817993,270945.86,6
1780817994,270947.92,2
1780817995,270934.93,3
1780817996,270926.46,6
1780817997,270964.25,5
1780817998,270982.90,0
1780817999,270998.42,2
1780818000,270987.36,6
1780818001,270970.65,5
1780818002,270964.59,9
1780818003,270950.92,2
1780818004,270910.91,1
1780818005,270911.35,5
1780818006,270913.27,7
1780818007,270920.17,7
1780818008,270938.92,2
1780818009,270942.18,8
1780818010,270947.00,0
1780818011,270908.55,5
1780818012,270906.00,0
1780818013,270910.93,3
1780818014,270876.30,0
1780818015,270861.49,9
1780818016,270904.86,6
1780818017,270867.89,9
1780818018,270847.59,9
1780818019,270815.83,3
1780818020,270812.09,9
1780818021,270798.38,8
1780818022,270820.02,2
1780818023,270830.62,2
1780818024,270838.57,7
1780818025,270824.86,6
1780818026,270793.90,0
1780818027,270795.08,8
1780818028,270771.97,7
1780818029,270772.87,7
1780818030,270794.59,9
1780818031,270771.56,6
1780818032,270763.84,4
1780818033,270732.62,2
1780818034,270769.74,4
1780818035,270729.06,6
1780818036,270765.73,3
1780818037,270774.29,9
1780818038,270774.30,0
1780818039,270801.43,3
1780818040,270814.30,0
1780818041,270850.66,6
1780818042,270798.25,5
1780818043,270787.08,8
1780818044,270787.44,4
1780818045,270788.94,4
1780818046,270844.00,0
1780818047,270869.35,5
1780818048,270834.55,5
1780818049,270814.09,9
1780818050,270817.65,5
1780818051,270885.03,3
1780818052,270912.06,6
1780818053,270869.69,9
1780818054,270858.38,8
1780818055,270883.04,4
1780818056,270897.87,7
1780818057,270905.72,2
1780818058,270853.94,4
1780818059,270842.49,9
1780818060,270836.38,8
1780818061,270851.13,3
1780818062,270872.85,5
1780818063,270872.75,5
1780818064,270871.35,5
1780818065,270883.23,3
1780818066,270855.49,9
1780818067,270872.46,6
1780818068,270853.66,6
1780818069,270905.59,9
1780818070,270913.41,1
1780818071,270895.67,7
1780818072,270901.63,3
1780818073,270932.75,5
1780818074,270920.86,6
1780818075,270982.18,8
1780818076,270983.69,9
1780818077,270959.54,4
1780818078,270923.54,4
1780818079,270948.13,3
1780818080,270959.36,6
1780818081,271007.66,6
1780818082,270982.78,8
1780818083,270980.80,0
1780818084,271028.17,7
1780818085,271009.09,9
1780818086,271031.06,6
1780818087,271034.29,9
1780818088,271039.14,4
1780818089,271051.18,8
1780818090,271066.88,8
1780818091,271062.14,4
1780818092,271060.88,8
1780818093,271009.51,1
1780818094,271000.00,0
1780818095,271036.04,4
1780818096,271081.87,7
1780818097,271074.65,5
1780818098,271112.50,0
1780818099,271101.35,5
1780818100,271111.51,1
1780818101,271092.58,8
1780818102,271065.98,8
1780818103,271057.39,9
1780818104,271080.87,7
1780818105,271081.50,0
1780818106,271070.12,2
1780818107,271096.55,5
1780818108,271054.59,9
1780818109,271058.30,0
1780818110,271093.49,9
1780818111,271103.34,4
1780818112,271077.95,5
1780818113,271054.64,4
1780818114,271043.68,8
1780818115,271054.90,0
1780818116,271051.75,5
1780818117,271096.04,4
1780818118,271118.16,6
1780818119,271156.49,9
1780818120,271170.31,1
1780818121,271162.62,2
1780818122,271151.04,4
1780818123,271157.89,9
1780818124,271164.01,1
1780818125,271182.97,7
1780818126,271189.19,9
1780818127,271161.14,4
1780818128,271146.76,6
1780818129,271124.37,7
1780818130,271149.77,7
1780818131,271167.81,1
1780818132,271116.31,1
1780818133,271131.63,3
1780818134,271129.30,0
1780818135,271146.69,9
1780818136,271141.56,6
1780818137,271167.03,3
1780818138,271139.14,4
1780818139,271155.50,0
1780818140,271171.29,9
1780818141,271121.40,0
1780818142,271114.20,0
1780818143,271107.55,5
1780818144,271096.74,4
1780818145,271117.26,6
1780818146,271148.42,2
1780818147,271152.48,8
1780818148,271116.06,6
1780818149,271170.61,1
1780818150,271134.22,2
1780818151,271122.68,8
1780818152,271155.10,0
1780818153,271164.85,5
1780818154,271181.08,8
1780818155,271171.93,3
1780818156,271170.79,9
1780818157,271173.30,0
1780818158,271149.29,9
1780818159,271164.70,0
1780818160,271177.36,6
1780818161,271178.21,1
1780818162,271138.60,0
1780818163,271123.27,7
1780818164,271117.77,7
1780818165,271130.69,9
1780818166,271107.39,9
1780818167,271065.37,7
1780818168,271117.49,9
1780818169,271121.36,6
1780818170,271111.55,5
1780818171,271114.93,3
1780818172,271154.58,8
1780818173,271130.95,5
1780818174,271107.40,0
1780818175,271115.99,9
1780818176,271071.59,9
1780818177,271007.39,9
1780818178,271007.39,9
1780818179,270995.63,3
1780818180,270982.98,8
1780818181,271017.03,3
1780818182,270974.45,5
1780818183,270988.94,4
1780818184,271029.75,5
1780818185,271025.47,7
1780818186,271017.57,7
1780818187,270978.76,6
1780818188,270990.85,5
1780818189,271002.79,9
1780818190,271034.09,9
1780818191,271032.51,1
1780818192,271003.48,8
1780818193,271008.32,2
1780818194,270975.66,6
1780818195,271000.57,7
1780818196,270975.23,3
1780818197,270921.41,1
1780818198,270902.66,6
1780818199,270886.52,2
1780818200,270890.04,4
1780818201,270872.91,1
1780818202,270869.99,9
1780818203,270844.58,8
1780818204,270880.03,3
1780818205,270904.57,7
1780818206,270878.01,1
1780818207,270859.44,4
1780818208,270890.78,8
1780818209,270893.52,2
1780818210,270909.74,4
1780818211,270902.73,3
1780818212,270918.75,5
1780818213,270958.52,2
1780818214,270952.71,1
1780818215,270925.28,8
1780818216,270951.14,4
1780818217,270969.35,5
1780818218,270970.97,7
1780818219,270983.96,6
1780818220,271013.63,3
1780818221,270989.15,5
1780818222,270990.11,1
1780818223,270984.71,1
1780818224,271044.90,0
1780818225,271017.71,1
1780818226,271050.05,5
1780818227,271063.34,4
1780818228,271020.64,4
1780818229,271010.58,8
1780818230,270998.95,5
1780818231,270970.39,9
1780818232,270954.29,9
1780818233,270973.25,5
1780818234,270984.89,9
1780818235,270998.24,4
1780818236,270989.43,3
1780818237,271007.68,8
1780818238,271011.54,4
1780818239,271046.40,0
1780818240,271043.10,0
1780818241,271049.04,4
1780818242,271017.77,7
1780818243,271005.58,8
1780818244,271051.87,7
1780818245,271058.17,7
1780818246,271053.81,1
1780818247,271025.57,7
1780818248,271022.91,1
1780818249,271040.90,0
1780818250,271028.99,9
1780818251,271016.61,1
1780818252,271030.94,4
1780818253,271000.85,5
1780818254,270988.71,1
1780818255,270996.93,3
1780818256,271010.49,9
1780818257,271001.64,4
1780818258,270963.85,5
1780818259,270939.12,2
1780818260,270917.62,2
1780818261,270940.90,0
1780818262,270994.37,7
1780818263,270972.44,4
1780818264,270978.08,8
1780818265,270967.11,1
1780818266,270953.83,3
1780818267,270947.58,8
1780818268,270947.03,3
1780818269,270935.92,2
1780818270,270916.63,3
1780818271,270919.60,0
1780818272,270905.23,3
1780818273,270898.52,2
1780818274,270935.29,9
1780818275,270934.39,9
1780818276,270929.90,0
1780818277,270968.62,2
1780818278,270973.63,3
1780818279,270988.03,3
1780818280,271019.59,9
1780818281,271015.69,9
1780818282,271029.95,5
1780818283,270992.02,2
1780818284,271006.98,8
1780818285,270996.50,0
1780818286,270976.41,1
1780818287,271006.53,3
1780818288,270960.99,9
1780818289,270930.95,5
1780818290,270905.43,3
1780818291,270878.42,2
1780818292,270915.41,1
1780818293,270942.61,1
1780818294,270935.46,6
1780818295,270898.45,5
1780818296,270879.92,2
1780818297,270880.05,5
1780818298,270854.33,3
1780818299,270844.50,0
1780818300,270891.29,9
1780818301,270877.65,5
1780818302,270881.15,5
1780818303,270932.08,8
1780818304,270922.62,2
1780818305,270909.10,0
1780818306,270928.00,0
1780818307,270908.29,9
1780818308,270878.74,4
1780818309,270844.65,5
1780818310,270825.89,9
1780818311,270864.99,9
1780818312,270887.01,1
1780818313,270875.94,4
1780818314,270894.02,2
1780818315,270906.85,5
1780818316,270930.77,7
1780818317,270959.30,0
1780818318,270970.76,6
1780818319,270986.72,2
1780818320,271007.49,9
1780818321,271036.34,4
1780818322,271061.59,9
1780818323,271056.39,9
1780818324,271011.16,6
1780818325,270994.75,5
1780818326,270960.36,6
1780818327,270962.77,7
1780818328,270963.95,5
1780818329,270971.65,5
1780818330,270925.26,6
1780818331,270936.62,2
1780818332,270910.44,4
1780818333,270921.38,8
1780818334,270912.01,1
1780818335,270880.68,8
1780818336,270889.67,7
1780818337,270859.85,5
1780818338,270846.38,8
1780818339,270839.94,4
1780818340,270856.20,0
1780818341,270846.69,9
1780818342,270861.30,0
1780818343,270851.99,9
1780818344,270837.37,7
1780818345,270852.24,4
1780818346,270854.36,6
1780818347,270837.36,6
1780818348,270825.19,9
1780818349,270818.33,3
1780818350,270774.23,3
1780818351,270789.83,3
1780818352,270789.19,9
1780818353,270763.39,9
1780818354,270798.48,8
1780818355,270803.00,0
1780818356,270772.82,2
1780818357,270763.74,4
1780818358,270754.94,4
1780818359,270766.43,3
1780818360,270782.89,9
1780818361,270782.54,4
1780818362,270781.33,3
1780818363,270760.37,7
1780818364,270725.24,4
1780818365,270697.02,2
1780818366,270745.40,0
1780818367,270734.69,9
1780818368,270719.01,1
1780818369,270712.71,1
1780818370,270682.73,3
1780818371,270655.37,7
1780818372,270678.61,1
1780818373,270738.30,0
1780818374,270764.24,4
1780818375,270769.49,9
1780818376,270780.04,4
1780818377,270787.98,8
1780818378,270803.56,6
1780818379,270832.71,1
1780818380,270819.31,1
1780818381,270852.49,9
1780818382,270891.75,5
1780818383,270894.46,6
1780818384,270871.38,8
1780818385,270869.99,9
1780818386,270905.19,9
1780818387,270894.19,9
1780818388,270911.98,8
1780818389,270926.81,1
1780818390,270889.52,2
1780818391,270898.18,8
1780818392,270889.97,7
1780818393,270859.04,4
1780818394,270834.56,6
1780818395,270828.66,6
1780818396,270846.21,1
1780818397,270813.76,6
1780818398,270793.36,6
1780818399,270792.61,1
1780818400,270847.23,3
1780818401,270860.10,0
1780818402,270810.10,0
1780818403,270824.97,7
1780818404,270836.54,4
1780818405,270819.42,2
1780818406,270816.33,3
1780818407,270869.67,7
1780818408,270883.70,0
1780818409,270867.75,5
1780818410,270840.41,1
1780818411,270881.30,0
1780818412,270913.29,9
1780818413,270914.71,1
1780818414,270919.29,9
1780818415,270924.82,2
1780818416,270886.44,4
1780818417,270894.02,2
1780818418,270888.37,7
1780818419,270925.41,1
1780818420,270934.90,0
1780818421,270916.76,6
1780818422,270894.46,6
1780818423,270886.25,5
1780818424,270902.16,6
1780818425,270891.94,4
1780818426,270903.82,2
1780818427,270910.51,1
1780818428,270879.73,3
1780818429,270879.23,3
1780818430,270901.61,1
1780818431,270892.17,7
1780818432,270894.96,6
1780818433,270908.36,6
1780818434,270931.47,7
1780818435,270932.28,8
1780818436,270893.31,1
1780818437,270879.20,0
1780818438,270904.65,5
1780818439,270901.16,6
1780818440,270884.97,7
1780818441,270860.92,2
1780818442,270817.75,5
1780818443,270826.57,7
1780818444,270858.66,6
1780818445,270839.31,1
1780818446,270793.00,0
1780818447,270756.53,3
1780818448,270748.04,4
1780818449,270743.92,2
1780818450,270703.32,2
1780818451,270704.80,0
1780818452,270774.99,9
1780818453,270768.96,6
1780818454,270772.54,4
1780818455,270716.14,4
1780818456,270707.14,4
1780818457,270709.28,8
1780818458,270688.81,1
1780818459,270643.65,5
1780818460,270661.97,7
1780818461,270669.25,5
1780818462,270685.65,5
1780818463,270686.79,9
1780818464,270665.37,7
1780818465,270678.22,2
1780818466,270668.94,4
1780818467,270641.98,8
1780818468,270649.62,2
1780818469,270615.98,8
1780818470,270633.98,8
1780818471,270626.15,5
1780818472,270597.58,8
1780818473,270564.24,4
1780818474,270590.52,2
1780818475,270606.93,3
1780818476,270575.91,1
1780818477,270611.12,2
1780818478,270620.98,8
1780818479,270632.83,3
1780818480,270616.71,1
1780818481,270619.47,7
1780818482,270619.18,8
1780818483,270601.13,3
1780818484,270603.97,7
1780818485,270620.10,0
1780818486,270621.08,8
1780818487,270625.97,7
1780818488,270652.14,4
1780818489,270627.34,4
1780818490,270616.43,3
1780818491,270648.43,3
1780818492,270685.85,5
1780818493,270722.16,6
1780818494,270715.53,3
1780818495,270712.51,1
1780818496,270756.46,6
1780818497,270785.12,2
1780818498,270769.70,0
1780818499,270764.15,5
1780818500,270710.20,0
1780818501,270706.14,4
1780818502,270701.44,4
1780818503,270685.04,4
1780818504,270649.03,3
1780818505,270651.12,2
1780818506,270647.68,8
1780818507,270663.46,6
1780818508,270695.38,8
1780818509,270717.23,3
1780818510,270669.27,7
1780818511,270721.42,2
1780818512,270731.75,5
1780818513,270692.98,8
1780818514,270695.70,0
1780818515,270702.96,6
1780818516,270713.12,2
1780818517,270708.58,8
1780818518,270681.97,7
1780818519,270705.12,2
1780818520,270683.29,9
1780818521,270689.80,0
1780818522,270662.49,9
1780818523,270676.14,4
1780818524,270698.81,1
1780818525,270722.92,2
1780818526,270718.84,4
1780818527,270745.73,3
1780818528,270745.40,0
1780818529,270747.40,0
1780818530,270742.22,2
1780818531,270723.42,2
1780818532,270738.61,1
1780818533,270763.52,2
1780818534,270738.22,2
1780818535,270747.93,3
1780818536,270718.31,1
1780818537,270753.31,1
1780818538,270732.07,7
1780818539,270748.96,6
1780818540,270711.48,8
1780818541,270714.64,4
1780818542,270704.76,6
1780818543,270728.00,0
1780818544,270738.27,7
1780818545,270770.22,2
1780818546,270742.63,3
1780818547,270735.62,2
1780818548,270691.40,0
1780818549,270696.69,9
1780818550,270739.15,5
1780818551,270762.60,0
1780818552,270753.67,7
1780818553,270758.24,4
1780818554,270721.66,6
1780818555,270736.46,6
1780818556,270721.56,6
1780818557,270703.32,2
1780818558,270694.04,4
1780818559,270657.52,2
1780818560,270632.83,3
1780818561,270635.35,5
1780818562,270642.13,3
1780818563,270587.31,1
1780818564,270585.49,9
1780818565,270553.97,7
1780818566,270532.53,3
1780818567,270522.49,9
1780818568,270512.47,7
1780818569,270517.64,4
1780818570,270540.65,5
1780818571,270541.97,7
1780818572,270533.40,0
1780818573,270505.81,1
1780818574,270459.47,7
1780818575,270428.32,2
1780818576,270424.66,6
1780818577,270440.66,6
1780818578,270457.35,5
1780818579,270483.59,9
1780818580,270429.22,2
1780818581,270411.05,5
1780818582,270423.37,7
1780818583,270395.23,3
1780818584,270402.41,1
1780818585,270396.60,0
1780818586,270371.62,2
1780818587,270375.89,9
1780818588,270391.47,7
1780818589,270407.00,0
1780818590,270417.11,1
1780818591,270411.44,4
1780818592,270436.39,9
1780818593,270477.72,2
1780818594,270502.47,7
1780818595,270521.27,7
1780818596,270498.60,0
1780818597,270525.75,5
1780818598,270520.01,1
1780818599,270534.26,6
1780818600,270509.51,1
1780818601,270524.52,2
1780818602,270530.23,3
1780818603,270528.43,3
1780818604,270516.53,3
1780818605,270559.04,4
1780818606,270538.20,0
1780818607,270548.76,6
1780818608,270550.60,0
1780818609,270538.25,5
1780818610,270506.44,4
1780818611,270486.71,1
1780818612,270416.81,1
1780818613,270407.75,5
1780818614,270399.92,2
1780818615,270397.06,6
1780818616,270381.85,5
1780818617,270375.55,5
1780818618,270374.56,6
1780818619,270414.63,3
1780818620,270416.61,1
1780818621,270413.07,7
1780818622,270392.46,6
1780818623,270384.18,8
1780818624,270370.95,5
1780818625,270357.31,1
1780818626,270385.17,7
1780818627,270377.31,1
1780818628,270405.22,2
1780818629,270395.51,1
1780818630,270368.72,2
1780818631,270351.65,5
1780818632,270366.82,2
1780818633,270348.34,4
1780818634,270389.81,1
1780818635,270388.97,7
1780818636,270376.38,8
1780818637,270377.19,9
1780818638,270363.21,1
1780818639,270393.32,2
1780818640,270415.36,6
1780818641,270412.11,1
1780818642,270391.06,6
1780818643,270347.81,1
1780818644,270326.08,8
1780818645,270297.43,3
1780818646,270277.46,6
1780818647,270295.39,9
1780818648,270323.41,1
1780818649,270326.66,6
1780818650,270322.73,3
1780818651,270313.00,0
1780818652,270369.25,5
1780818653,270346.47,7
1780818654,270333.53,3
1780818655,270373.01,1
1780818656,270374.37,7
1780818657,270403.55,5
1780818658,270398.63,3
1780818659,270379.97,7
1780818660,270406.01,1
1780818661,270397.65,5
1780818662,270373.12,2
1780818663,270385.55,5
1780818664,270409.75,5
1780818665,270399.75,5
1780818666,270392.80,0
1780818667,270399.70,0
1780818668,270378.68,8
1780818669,270369.68,8
1780818670,270344.11,1
1780818671,270312.89,9
1780818672,270342.37,7
1780818673,270310.99,9
1780818674,270318.81,1
1780818675,270307.98,8
1780818676,270303.03,3
1780818677,270304.45,5
1780818678,270298.33,3
1780818679,270285.84,4
1780818680,270307.35,5
1780818681,270298.68,8
1780818682,270303.74,4
1780818683,270310.05,5
1780818684,270293.29,9
1780818685,270294.51,1
1780818686,270293.35,5
1780818687,270277.00,0
1780818688,270240.71,1
1780818689,270233.07,7
1780818690,270226.79,9
1780818691,270166.65,5
1780818692,270185.81,1
1780818693,270151.18,8
1780818694,270165.24,4
1780818695,270181.22,2
1780818696,270148.53,3
1780818697,270166.92,2
1780818698,270134.77,7
1780818699,270130.09,9
1780818700,270124.91,1
1780818701,270087.57,7
1780818702,270082.56,6
1780818703,270098.71,1
1780818704,270100.13,3
1780818705,270102.42,2
1780818706,270122.09,9
1780818707,270136.90,0
1780818708,270161.99,9
1780818709,270148.97,7
1780818710,270151.53,3
1780818711,270189.53,3
1780818712,270195.28,8
1780818713,270207.49,9
1780818714,270181.93,3
1780818715,270211.70,0
1780818716,270172.49,9
1780818717,270163.30,0
1780818718,270159.29,9
1780818719,270136.91,1
1780818720,270115.51,1
1780818721,270103.12,2
1780818722,270072.15,5
1780818723,270075.42,2
1780818724,270055.97,7
1780818725,270024.91,1
1780818726,270061.47,7
1780818727,270052.12,2
1780818728,270060.26,6
1780818729,270031.54,4
1780818730,270037.85,5
1780818731,270084.03,3
1780818732,270062.09,9
1780818733,270051.00,0
1780818734,270086.95,5
1780818735,270047.84,4
1780818736,270048.24,4
1780818737,270032.86,6
1780818738,270011.29,9
1780818739,270039.62,2
1780818740,270091.92,2
1780818741,270055.18,8
1780818742,270028.59,9
1780818743,270031.48,8
1780818744,270032.15,5
1780818745,270038.48,8
1780818746,270049.58,8
1780818747,270053.66,6
1780818748,270038.38,8
1780818749,270033.65,5
1780818750,270082.21,1
1780818751,270059.08,8
1780818752,270062.33,3
1780818753,270082.86,6
1780818754,270026.96,6
1780818755,270018.11,1
1780818756,270039.20,0
1780818757,270022.63,3
1780818758,270034.10,0
1780818759,270028.63,3
1780818760,270044.19,9
1780818761,270054.17,7
1780818762,270091.77,7
1780818763,270138.91,1
1780818764,270131.91,1
1780818765,270111.87,7
1780818766,270124.75,5
1780818767,270121.60,0
1780818768,270119.13,3
1780818769,270121.96,6
1780818770,270122.11,1
1780818771,270095.45,5
1780818772,270148.02,2
1780818773,270135.54,4
1780818774,270133.06,6
1780818775,270171.88,8
1780818776,270165.68,8
1780818777,270183.81,1
1780818778,270159.29,9
1780818779,270163.98,8
1780818780,270141.92,2
1780818781,270148.24,4
1780818782,270118.27,7
1780818783,270125.72,2
1780818784,270162.91,1
1780818785,270212.48,8
1780818786,270185.99,9
1780818787,270182.39,9
1780818788,270149.42,2
1780818789,270116.58,8
1780818790,270151.84,4
1780818791,270149.07,7
1780818792,270156.75,5
1780818793,270135.34,4
1780818794,270189.58,8
1780818795,270171.21,1
1780818796,270174.51,1
1780818797,270158.07,7
1780818798,270150.85,5
1780818799,270155.11,1
1780818800,270171.02,2
1780818801,270176.98,8
1780818802,270172.91,1
1780818803,270161.86,6
1780818804,270148.98,8
1780818805,270148.94,4
1780818806,270154.51,1
1780818807,270189.65,5
1780818808,270193.28,8
1780818809,270216.80,0
1780818810,270240.69,9
1780818811,270235.67,7
1780818812,270210.26,6
1780818813,270231.42,2
1780818814,270219.68,8
1780818815,270188.19,9
1780818816,270154.07,7
1780818817,270162.88,8
1780818818,270142.41,1
1780818819,270114.19,9
1780818820,270138.71,1
1780818821,270087.34,4
1780818822,270100.70,0
1780818823,270082.09,9
1780818824,270103.14,4
1780818825,270090.63,3
1780818826,270092.96,6
1780818827,270127.50,0
1780818828,270157.46,6
1780818829,270154.36,6
1780818830,270128.02,2
1780818831,270099.39,9
1780818832,270072.01,1
1780818833,270084.56,6
1780818834,270095.81,1
1780818835,270106.51,1
1780818836,270047.34,4
1780818837,270014.96,6
1780818838,270023.38,8
1780818839,270042.53,3
1780818840,270053.37,7
1780818841,270040.29,9
1780818842,269996.78,8
1780818843,269956.05,5
1780818844,269950.30,0
1780818845,269944.27,7
1780818846,269949.17,7
1780818847,269957.28,8
1780818848,269950.12,2
1780818849,269976.57,7
1780818850,269952.59,9
1780818851,269969.94,4
1780818852,269977.61,1
1780818853,270002.21,1
1780818854,269989.67,7
1780818855,269971.80,0
1780818856,269983.28,8
1780818857,270020.93,3
1780818858,269979.97,7
1780818859,269943.93,3
1780818860,269935.78,8
1780818861,269901.14,4
1780818862,269915.62,2
1780818863,269910.45,5
1780818864,269924.73,3
1780818865,269923.05,5
1780818866,269933.21,1
1780818867,269966.88,8
1780818868,269941.65,5
1780818869,269943.58,8
1780818870,269936.48,8
1780818871,269946.92,2
1780818872,269958.84,4
1780818873,269995.09,9
1780818874,270017.65,5
1780818875,270018.09,9
1780818876,270019.67,7
1780818877,270002.82,2
1780818878,270012.64,4
1780818879,270029.18,8
1780818880,270000.45,5
1780818881,270049.49,9
1780818882,270036.26,6
1780818883,270014.43,3
1780818884,270040.57,7
1780818885,270049.11,1
1780818886,270057.96,6
1780818887,270077.61,1
1780818888,270073.37,7
1780818889,270073.06,6
1780818890,270019.22,2
1780818891,270008.24,4
1780818892,270016.69,9
1780818893,269992.06,6
1780818894,269961.24,4
1780818895,269998.57,7
1780818896,269966.45,5
1780818897,269978.26,6
1780818898,269960.09,9
1780818899,269969.78,8
1780818900,269981.48,8
1780818901,269970.65,5
1780818902,269989.18,8
1780818903,269984.94,4
1780818904,270004.81,1
1780818905,270017.21,1
1780818906,269976.90,0
1780818907,269957.33,3
1780818908,269935.30,0
1780818909,269951.35,5
1780818910,269926.83,3
1780818911,269939.93,3
1780818912,269934.69,9
1780818913,269934.60,0
1780818914,269919.94,4
1780818915,269928.04,4
1780818916,269879.49,9
1780818917,269905.94,4
1780818918,269896.47,7
1780818919,269870.35,5
1780818920,269886.98,8
1780818921,269877.81,1
1780818922,269882.63,3
1780818923,269878.26,6
1780818924,269881.66,6
1780818925,269842.32,2
1780818926,269866.99,9
1780818927,269872.95,5
1780818928,269856.51,1
1780818929,269835.88,8
1780818930,269840.34,4
1780818931,269806.23,3
1780818932,269759.46,6
1780818933,269747.33,3
1780818934,269757.81,1
1780818935,269716.43,3
1780818936,269731.45,5
1780818937,269746.06,6
1780818938,269735.06,6
1780818939,269752.79,9
1780818940,269740.05,5
1780818941,269721.14,4
1780818942,269707.40,0
1780818943,269677.58,8
1780818944,269665.68,8
1780818945,269650.35,5
1780818946,269653.31,1
1780818947,269636.13,3
1780818948,269617.57,7
1780818949,269618.15,5
1780818950,269616.32,2
1780818951,269601.44,4
1780818952,269655.47,7
1780818953,269657.01,1
1780818954,269677.91,1
1780818955,269674.80,0
1780818956,269715.00,0
1780818957,269709.18,8
1780818958,269724.82,2
1780818959,269722.14,4
1780818960,269716.96,6
1780818961,269738.35,5
1780818962,269733.39,9
1780818963,269751.17,7
1780818964,269760.05,5
1780818965,269771.34,4
1780818966,269824.08,8
1780818967,269813.61,1
1780818968,269796.61,1
1780818969,269771.34,4
1780818970,269760.34,4
1780818971,269769.33,3
1780818972,269723.58,8
1780818973,269704.76,6
1780818974,269691.63,3
1780818975,269740.35,5
1780818976,269744.05,5
1780818977,269790.82,2
1780818978,269770.22,2
1780818979,269779.75,5
1780818980,269772.71,1
1780818981,269791.47,7
1780818982,269755.10,0
1780818983,269763.42,2
1780818984,269750.14,4
1780818985,269714.72,2
1780818986,269752.33,3
1780818987,269804.62,2
1780818988,269792.30,0
1780818989,269797.92,2
1780818990,269832.12,2
1780818991,269836.94,4
1780818992,269824.28,8
1780818993,269861.94,4
1780818994,269841.48,8
1780818995,269802.29,9
1780818996,269789.78,8
1780818997,269755.69,9
1780818998,269753.88,8
1780818999,269748.24,4
1780819000,269748.00,0
1780819001,269719.49,9
1780819002,269708.72,2
1780819003,269648.20,0
1780819004,269619.34,4
1780819005,269638.46,6
1780819006,269611.98,8
1780819007,269561.10,0
1780819008,269611.98,8
1780819009,269609.25,5
1780819010,269575.34,4
1780819011,269593.63,3
1780819012,269568.46,6
1780819013,269549.69,9
1780819014,269490.63,3
1780819015,269457.89,9
1780819016,269482.93,3
1780819017,269492.15,5
1780819018,269456.15,5
1780819019,269461.14,4
1780819020,269495.63,3
1780819021,269450.96,6
1780819022,269406.26,6
1780819023,269378.85,5
1780819024,269381.63,3
1780819025,269418.14,4
1780819026,269397.98,8
1780819027,269394.15,5
1780819028,269356.22,2
1780819029,269325.45,5
1780819030,269347.93,3
1780819031,269364.29,9
1780819032,269372.90,0
1780819033,269376.36,6
1780819034,269354.90,0
1780819035,269339.39,9
1780819036,269332.25,5
1780819037,269340.80,0
1780819038,269374.36,6
1780819039,269410.27,7
1780819040,269415.16,6
1780819041,269401.90,0
1780819042,269413.58,8
1780819043,269414.56,6
1780819044,269408.54,4
1780819045,269461.95,5
1780819046,269459.21,1
1780819047,269458.17,7
1780819048,269480.47,7
1780819049,269491.53,3
1780819050,269474.75,5
1780819051,269488.75,5
1780819052,269509.88,8
1780819053,269531.63,3
1780819054,269513.62,2
1780819055,269489.53,3
1780819056,269527.88,8
1780819057,269595.90,0
1780819058,269597.66,6
1780819059,269603.77,7
1780819060,269628.87,7
1780819061,269632.82,2
1780819062,269659.85,5
1780819063,269639.88,8
1780819064,269696.08,8
1780819065,269694.59,9
1780819066,269681.78,8
1780819067,269702.13,3
1780819068,269686.27,7
1780819069,269701.86,6
1780819070,269717.99,9
1780819071,269714.12,2
1780819072,269693.69,9
1780819073,269658.83,3
1780819074,269672.83,3
1780819075,269635.50,0
1780819076,269638.13,3
1780819077,269658.12,2
1780819078,269676.45,5
1780819079,269661.88,8
1780819080,269689.94,4
1780819081,269693.15,5
1780819082,269682.05,5
1780819083,269655.81,1
1780819084,269702.28,8
1780819085,269711.89,9
1780819086,269763.53,3
1780819087,269753.69,9
1780819088,269748.27,7
1780819089,269751.19,9
1780819090,269721.76,6
1780819091,269725.16,6
1780819092,269715.27,7
1780819093,269737.56,6
1780819094,269720.53,3
1780819095,269746.84,4
1780819096,269773.23,3
1780819097,269771.28,8
1780819098,269774.60,0
1780819099,269757.66,6
1780819100,269781.53,3
1780819101,269788.19,9
1780819102,269780.52,2
1780819103,269794.21,1
1780819104,269815.17,7
1780819105,269766.95,5
1780819106,269760.40,0
1780819107,269770.88,8
1780819108,269784.23,3
1780819109,269806.52,2
1780819110,269834.94,4
1780819111,269841.25,5
1780819112,269871.58,8
1780819113,269850.54,4
1780819114,269848.96,6
1780819115,269893.27,7
1780819116,269883.70,0
1780819117,269866.64,4
1780819118,269818.40,0
1780819119,269822.63,3
1780819120,269844.85,5
1780819121,269836.13,3
1780819122,269844.99,9
1780819123,269817.79,9
1780819124,269802.99,9
1780819125,269730.45,5
1780819126,269743.20,0
1780819127,269758.06,6
1780819128,269738.18,8
1780819129,269800.56,6
1780819130,269774.61,1
1780819131,269756.92,2
1780819132,269772.02,2
1780819133,269814.61,1
1780819134,269797.60,0
1780819135,269841.96,6
1780819136,269861.73,3
1780819137,269853.47,7
1780819138,269880.90,0
1780819139,269902.32,2
1780819140,269872.14,4
1780819141,269845.05,5
1780819142,269848.78,8
1780819143,269872.12,2
1780819144,269917.17,7
1780819145,269929.07,7
1780819146,269915.78,8
1780819147,269879.90,0
1780819148,269865.40,0
1780819149,269852.01,1
1780819150,269882.03,3
1780819151,269869.36,6
1780819152,269894.81,1
1780819153,269879.99,9
1780819154,269853.62,2
1780819155,269827.30,0
1780819156,269827.06,6
1780819157,269782.02,2
1780819158,269801.32,2
1780819159,269768.89,9
1780819160,269801.68,8
1780819161,269792.38,8
1780819162,269780.95,5
1780819163,269744.08,8
1780819164,269741.21,1
1780819165,269770.80,0
1780819166,269748.60,0
1780819167,269753.53,3
1780819168,269762.92,2
1780819169,269768.37,7
1780819170,269783.78,8
1780819171,269778.41,1
1780819172,269757.31,1
1780819173,269747.69,9
1780819174,269716.87,7
1780819175,269698.81,1
1780819176,269701.75,5
1780819177,269660.27,7
1780819178,269694.89,9
1780819179,269695.27,7
1780819180,269718.73,3
1780819181,269732.61,1
1780819182,269758.86,6
1780819183,269730.03,3
1780819184,269702.80,0
1780819185,269718.63,3
1780819186,269729.18,8
1780819187,269754.86,6
1780819188,269726.19,9
1780819189,269779.88,8
1780819190,269790.84,4
1780819191,269771.08,8
1780819192,269764.35,5
1780819193,269758.64,4
1780819194,269765.70,0
1780819195,269761.96,6
1780819196,269756.48,8
1780819197,269765.19,9
1780819198,269741.75,5
1780819199,269709.23,3
1780819200,269710.85,5
1780819201,269706.32,2
1780819202,269722.42,2
1780819203,269739.02,2
1780819204,269772.22,2
1780819205,269796.95,5
1780819206,269803.11,1
1780819207,269802.42,2
1780819208,269757.52,2
1780819209,269744.68,8
1780819210,269693.25,5
1780819211,269674.09,9
1780819212,269694.20,0
1780819213,269695.24,4
1780819214,269679.86,6
1780819215,269653.61,1
1780819216,269656.39,9
1780819217,269681.67,7
1780819218,269688.51,1
1780819219,269653.32,2
1780819220,269652.46,6
1780819221,269603.75,5
1780819222,269560.02,2
1780819223,269596.39,9
1780819224,269586.41,1
1780819225,269594.71,1
1780819226,269576.79,9
1780819227,269559.65,5
1780819228,269587.31,1
1780819229,269563.69,9
1780819230,269586.36,6
1780819231,269596.39,9
1780819232,269555.50,0
1780819233,269552.06,6
1780819234,269556.54,4
1780819235,269542.24,4
1780819236,269510.08,8
1780819237,269541.53,3
1780819238,269529.42,2
1780819239,269532.17,7
1780819240,269493.21,1
1780819241,269493.63,3
1780819242,269492.19,9
1780819243,269444.22,2
1780819244,269478.89,9
1780819245,269441.86,6
1780819246,269438.34,4
1780819247,269446.48,8
1780819248,269407.97,7
1780819249,269402.20,0
1780819250,269385.22,2
1780819251,269389.58,8
1780819252,269427.40,0
1780819253,269458.95,5
1780819254,269444.93,3
1780819255,269461.58,8
1780819256,269416.27,7
1780819257,269399.19,9
1780819258,269369.48,8
1780819259,269394.66,6
1780819260,269398.70,0
1780819261,269364.11,1
1780819262,269356.87,7
1780819263,269352.21,1
1780819264,269332.71,1
1780819265,269312.76,6
1780819266,269277.54,4
1780819267,269250.57,7
1780819268,269252.36,6
1780819269,269305.67,7
1780819270,269303.16,6
1780819271,269305.36,6
1780819272,269334.05,5
1780819273,269326.20,0
1780819274,269299.66,6
1780819275,269255.32,2
1780819276,269284.77,7
1780819277,269283.01,1
1780819278,269336.31,1
1780819279,269331.84,4
1780819280,269351.59,9
1780819281,269367.02,2
1780819282,269362.06,6
1780819283,269376.46,6
1780819284,269358.87,7
1780819285,269338.23,3
1780819286,269351.19,9
1780819287,269367.17,7
1780819288,269347.48,8
1780819289,269367.10,0
1780819290,269345.80,0
1780819291,269344.26,6
1780819292,269365.23,3
1780819293,269347.22,2
1780819294,269398.09,9
1780819295,269436.20,0
1780819296,269451.04,4
1780819297,269431.29,9
1780819298,269424.28,8
1780819299,269390.73,3
1780819300,269412.64,4
1780819301,269373.64,4
1780819302,269391.12,2
1780819303,269343.78,8
1780819304,269339.68,8
1780819305,269332.80,0
1780819306,269329.60,0
1780819307,269339.37,7
1780819308,269352.98,8
1780819309,269359.80,0
1780819310,269353.89,9
1780819311,269369.34,4
1780819312,269399.75,5
1780819313,269417.19,9
1780819314,269414.22,2
1780819315,269383.74,4
1780819316,269396.84,4
1780819317,269389.79,9
1780819318,269383.97,7
1780819319,269381.74,4
1780819320,269358.03,3
1780819321,269338.83,3
1780819322,269333.57,7
1780819323,269355.96,6
1780819324,269357.88,8
1780819325,269359.68,8
1780819326,269374.46,6
1780819327,269374.36,6
1780819328,269362.73,3
1780819329,269350.24,4
1780819330,269356.87,7
1780819331,269360.26,6
1780819332,269322.00,0
1780819333,269336.80,0
1780819334,269342.91,1
1780819335,269334.03,3
1780819336,269324.36,6
1780819337,269304.00,0
1780819338,269309.00,0
1780819339,269328.05,5
1780819340,269315.56,6
1780819341,269293.17,7
1780819342,269275.35,5
1780819343,269268.82,2
1780819344,269280.99,9
1780819345,269283.12,2
1780819346,269257.46,6
1780819347,269276.14,4
1780819348,269276.62,2
1780819349,269276.74,4
1780819350,269283.90,0
1780819351,269282.30,0
1780819352,269244.83,3
1780819353,269255.26,6
1780819354,269286.16,6
1780819355,269280.88,8
1780819356,269286.88,8
1780819357,269276.98,8
1780819358,269288.39,9
1780819359,269330.53,3
1780819360,269302.84,4
1780819361,269331.34,4
1780819362,269339.79,9
1780819363,269333.31,1
1780819364,269340.03,3
1780819365,269348.04,4
1780819366,269312.73,3
1780819367,269296.61,1
1780819368,269281.31,1
1780819369,269286.45,5
1780819370,269258.52,2
1780819371,269241.62,2
1780819372,269251.88,8
1780819373,269208.37,7
1780819374,269144.64,4
1780819375,269142.86,6
1780819376,269173.44,4
1780819377,269150.82,2
1780819378,269134.14,4
1780819379,269111.61,1
1780819380,269132.47,7
1780819381,269166.27,7
1780819382,269189.15,5
1780819383,269146.32,2
1780819384,269133.89,9
1780819385,269153.19,9
1780819386,269116.34,4
1780819387,269125.03,3
1780819388,269123.23,3
1780819389,269100.79,9
1780819390,269086.64,4
1780819391,269082.88,8
1780819392,269108.54,4
1780819393,269125.50,0
1780819394,269130.58,8
1780819395,269150.31,1
1780819396,269136.13,3
1780819397,269132.32,2
1780819398,269193.08,8
1780819399,269178.13,3
1780819400,269203.15,5
1780819401,269263.08,8
1780819402,269275.15,5
1780819403,269279.38,8
1780819404,269299.30,0
1780819405,269308.56,6
1780819406,269326.18,8
1780819407,269337.41,1
1780819408,269357.71,1
1780819409,269333.62,2
1780819410,269307.33,3
1780819411,269292.77,7
1780819412,269242.46,6
1780819413,269285.84,4
1780819414,269280.72,2
1780819415,269262.66,6
1780819416,269277.81,1
1780819417,269271.17,7
1780819418,269263.04,4
1780819419,269250.86,6
1780819420,269280.59,9
1780819421,269222.97,7
1780819422,269265.89,9
1780819423,269254.47,7
1780819424,269239.38,8
1780819425,269224.73,3
1780819426,269217.01,1
1780819427,269244.41,1
1780819428,269231.98,8
1780819429,269244.92,2
1780819430,269269.26,6
1780819431,269254.98,8
1780819432,269289.00,0
1780819433,269276.94,4
1780819434,269292.95,5
1780819435,269327.74,4
1780819436,269327.42,2
1780819437,269336.52,2
1780819438,269349.85,5
1780819439,269339.39,9
1780819440,269349.20,0
1780819441,269365.38,8
1780819442,269355.97,7
1780819443,269347.87,7
1780819444,269367.32,2
1780819445,269388.57,7
1780819446,269403.63,3
1780819447,269419.37,7
1780819448,269429.38,8
1780819449,269406.85,5
1780819450,269396.71,1
1780819451,269391.22,2
1780819452,269389.87,7
1780819453,269426.45,5
1780819454,269438.23,3
1780819455,269448.79,9
1780819456,269463.96,6
1780819457,269426.39,9
1780819458,269474.26,6
1780819459,269480.59,9
1780819460,269476.55,5
1780819461,269513.27,7
1780819462,269535.13,3
1780819463,269572.24,4
1780819464,269549.82,2
1780819465,269542.99,9
1780819466,269541.11,1
1780819467,269530.20,0
1780819468,269549.97,7
1780819469,269547.75,5
1780819470,269566.65,5
1780819471,269543.91,1
1780819472,269549.40,0
1780819473,269605.69,9
1780819474,269611.84,4
1780819475,269596.82,2
1780819476,269612.46,6
1780819477,269642.17,7
1780819478,269678.27,7
1780819479,269670.39,9
1780819480,269662.40,0
1780819481,269628.62,2
1780819482,269626.56,6
1780819483,269583.04,4
1780819484,269575.82,2
1780819485,269570.22,2
1780819486,269544.72,2
1780819487,269549.81,1
1780819488,269571.32,2
1780819489,269611.50,0
1780819490,269617.95,5
1780819491,269653.90,0
1780819492,269687.25,5
1780819493,269681.46,6
1780819494,269681.23,3
1780819495,269670.63,3
1780819496,269684.59,9
1780819497,269652.74,4
1780819498,269622.47,7
1780819499,269622.42,2
1780819500,269589.32,2
1780819501,269556.07,7
1780819502,269490.24,4
1780819503,269519.87,7
1780819504,269504.87,7
1780819505,269482.39,9
1780819506,269437.68,8
1780819507,269428.62,2
1780819508,269411.52,2
1780819509,269385.48,8
1780819510,269382.36,6
1780819511,269366.40,0
1780819512,269336.25,5
1780819513,269340.29,9
1780819514,269364.16,6
1780819515,269331.28,8
1780819516,269325.28,8
1780819517,269357.99,9
1780819518,269340.87,7
1780819519,269343.11,1
1780819520,269311.04,4
1780819521,269330.93,3
1780819522,269348.59,9
1780819523,269356.56,6
1780819524,269370.20,0
1780819525,269370.11,1
1780819526,269330.19,9
1780819527,269300.53,3
1780819528,269327.57,7
1780819529,269345.82,2
1780819530,269325.30,0
1780819531,269326.35,5
1780819532,269326.57,7
1780819533,269306.30,0
1780819534,269338.65,5
1780819535,269366.35,5
1780819536,269352.67,7
1780819537,269354.46,6
1780819538,269322.82,2
1780819539,269299.38,8
1780819540,269281.67,7
1780819541,269279.14,4
1780819542,269283.85,5
1780819543,269303.10,0
1780819544,269294.25,5
1780819545,269338.56,6
1780819546,269337.81,1
1780819547,269349.09,9
1780819548,269345.74,4
1780819549,269375.72,2
1780819550,269348.25,5
1780819551,269348.86,6
1780819552,269385.04,4
1780819553,269396.06,6
1780819554,269399.01,1
1780819555,269419.84,4
1780819556,269402.93,3
1780819557,269371.22,2
1780819558,269383.82,2
1780819559,269367.35,5
1780819560,269366.87,7
1780819561,269340.04,4
1780819562,269393.21,1
1780819563,269377.40,0
1780819564,269372.05,5
1780819565,269360.75,5
1780819566,269357.04,4
1780819567,269366.22,2
1780819568,269379.61,1
1780819569,269367.84,4
1780819570,269384.71,1
1780819571,269389.05,5
1780819572,269403.41,1
1780819573,269419.14,4
1780819574,269428.84,4
1780819575,269423.78,8
1780819576,269472.30,0
1780819577,269483.39,9
1780819578,269435.76,6
1780819579,269443.73,3
1780819580,269468.75,5
1780819581,269470.42,2
1780819582,269472.46,6
1780819583,269438.16,6
1780819584,269476.11,1
1780819585,269456.81,1
1780819586,269443.65,5
1780819587,269443.74,4
1780819588,269459.42,2
1780819589,269481.32,2
1780819590,269516.03,3
1780819591,269477.97,7
1780819592,269505.00,0
1780819593,269534.44,4
1780819594,269502.21,1
1780819595,269474.94,4
1780819596,269495.78,8
1780819597,269484.40,0
1780819598,269464.56,6
1780819599,269450.20,0
1780819600,269487.80,0
1780819601,269450.67,7
1780819602,269488.84,4
1780819603,269486.34,4
1780819604,269508.06,6
1780819605,269514.15,5
1780819606,269526.39,9
1780819607,269451.78,8
1780819608,269483.54,4
1780819609,269469.16,6
1780819610,269481.24,4
1780819611,269475.34,4
1780819612,269498.58,8
1780819613,269511.06,6
1780819614,269509.59,9
1780819615,269525.54,4
1780819616,269534.56,6
1780819617,269527.77,7
1780819618,269520.26,6
1780819619,269508.39,9
1780819620,269531.84,4
1780819621,269548.47,7
1780819622,269579.14,4
1780819623,269560.14,4
1780819624,269560.39,9
1780819625,269614.15,5
1780819626,269597.06,6
1780819627,269616.27,7
1780819628,269681.11,1
1780819629,269651.49,9
1780819630,269630.90,0
1780819631,269636.05,5
1780819632,269598.53,3
1780819633,269607.55,5
1780819634,269592.88,8
1780819635,269567.35,5
1780819636,269551.82,2
1780819637,269538.72,2
1780819638,269545.72,2
1780819639,269531.13,3
1780819640,269488.60,0
1780819641,269433.07,7
1780819642,269456.59,9
1780819643,269474.59,9
1780819644,269499.62,2
1780819645,269528.02,2
1780819646,269517.05,5
1780819647,269525.31,1
1780819648,269596.94,4
1780819649,269576.36,6
1780819650,269591.93,3
1780819651,269603.99,9
1780819652,269594.25,5
1780819653,269603.54,4
1780819654,269582.36,6
1780819655,269570.32,2
1780819656,269572.36,6
1780819657,269592.00,0
1780819658,269613.05,5
1780819659,269634.11,1
1780819660,269672.84,4
1780819661,269680.08,8
1780819662,269731.47,7
1780819663,269759.94,4
1780819664,269791.43,3
1780819665,269809.40,0
1780819666,269815.30,0
1780819667,269826.52,2
1780819668,269827.13,3
1780819669,269850.72,2
1780819670,269874.52,2
1780819671,269893.95,5
1780819672,269855.54,4
1780819673,269832.91,1
1780819674,269815.32,2
1780819675,269838.67,7
1780819676,269836.19,9
1780819677,269828.08,8
1780819678,269862.18,8
1780819679,269882.85,5
1780819680,269870.44,4
1780819681,269894.12,2
1780819682,269910.05,5
1780819683,269919.59,9
1780819684,269925.06,6
1780819685,269938.57,7
1780819686,269953.28,8
1780819687,269956.72,2
1780819688,269973.00,0
1780819689,269976.41,1
1780819690,269969.20,0
1780819691,269973.19,9
1780819692,269940.06,6
1780819693,269952.95,5
1780819694,269979.46,6
1780819695,269980.73,3
1780819696,269980.68,8
1780819697,270009.33,3
1780819698,270047.10,0
1780819699,270045.89,9
1780819700,270009.14,4
1780819701,269981.31,1
1780819702,269988.27,7
1780819703,269960.61,1
1780819704,269989.30,0
1780819705,269998.57,7
1780819706,269992.64,4
1780819707,269995.39,9
1780819708,269984.12,2
1780819709,269988.76,6
1780819710,269989.02,2
1780819711,270023.18,8
1780819712,269981.40,0
1780819713,269983.79,9
1780819714,269996.46,6
1780819715,269948.94,4
1780819716,269964.07,7
1780819717,269947.41,1
1780819718,269959.80,0
1780819719,269926.75,5
1780819720,269923.61,1
1780819721,269971.02,2
1780819722,269954.37,7
1780819723,269943.59,9
1780819724,269911.87,7
1780819725,269875.79,9
1780819726,269824.72,2
1780819727,269823.10,0
1780819728,269812.71,1
1780819729,269798.33,3
1780819730,269817.94,4
1780819731,269847.32,2
1780819732,269842.35,5
1780819733,269818.06,6
1780819734,269833.25,5
1780819735,269808.81,1
1780819736,269835.42,2
1780819737,269817.19,9
1780819738,269810.79,9
1780819739,269784.81,1
1780819740,269779.53,3
1780819741,269813.97,7
1780819742,269849.08,8
1780819743,269825.60,0
1780819744,269816.28,8
1780819745,269780.65,5
1780819746,269813.87,7
1780819747,269795.83,3
1780819748,269809.16,6
1780819749,269849.37,7
1780819750,269884.10,0
1780819751,269863.21,1
1780819752,269864.64,4
1780819753,269864.27,7
1780819754,269844.45,5
1780819755,269803.88,8
1780819756,269803.12,2
1780819757,269792.94,4
1780819758,269731.66,6
1780819759,269739.00,0
1780819760,269754.36,6
1780819761,269772.04,4
1780819762,269755.91,1
1780819763,269788.35,5
1780819764,269788.76,6
1780819765,269794.90,0
1780819766,269756.13,3
1780819767,269753.92,2
1780819768,269782.06,6
1780819769,269791.59,9
1780819770,269767.49,9
1780819771,269774.20,0
1780819772,269793.63,3
1780819773,269768.99,9
1780819774,269758.37,7
1780819775,269791.86,6
1780819776,269808.91,1
1780819777,269811.61,1
1780819778,269758.69,9
1780819779,269730.52,2
1780819780,269761.59,9
1780819781,269794.73,3
1780819782,269792.49,9
1780819783,269820.84,4
1780819784,269819.48,8
1780819785,269828.15,5
1780819786,269833.35,5
1780819787,269855.56,6
1780819788,269875.33,3
1780819789,269916.13,3
1780819790,269906.67,7
1780819791,269895.42,2
1780819792,269882.19,9
1780819793,269893.89,9
1780819794,269887.51,1
1780819795,269871.91,1
1780819796,269884.93,3
1780819797,269851.49,9
1780819798,269865.53,3
1780819799,269882.21,1
1780819800,269923.65,5
1780819801,269935.27,7
1780819802,269931.27,7
1780819803,269943.69,9
1780819804,269946.43,3
1780819805,269910.99,9
1780819806,269925.69,9
1780819807,269888.20,0
1780819808,269901.78,8
1780819809,269883.83,3
1780819810,269874.08,8
1780819811,269870.59,9
1780819812,269827.57,7
1780819813,269807.73,3
1780819814,269821.16,6
1780819815,269827.70,0
1780819816,269829.61,1
1780819817,269861.20,0
1780819818,269854.56,6
1780819819,269847.87,7
1780819820,269875.32,2
1780819821,269887.46,6
1780819822,269890.35,5
1780819823,269934.85,5
1780819824,269903.58,8
1780819825,269930.41,1
1780819826,269960.69,9
1780819827,269970.02,2
1780819828,269983.76,6
1780819829,270002.66,6
1780819830,270018.15,5
1780819831,270000.45,5
1780819832,269993.36,6
1780819833,270021.07,7
1780819834,270038.44,4
1780819835,270017.76,6
1780819836,269992.22,2
1780819837,269967.78,8
1780819838,269897.30,0
1780819839,269902.15,5
1780819840,269897.52,2
1780819841,269892.51,1
1780819842,269914.12,2
1780819843,269901.90,0
1780819844,269897.56,6
1780819845,269892.69,9
1780819846,269905.81,1
1780819847,269873.89,9
1780819848,269856.23,3
1780819849,269835.12,2
1780819850,269832.77,7
1780819851,269858.19,9
1780819852,269865.31,1
1780819853,269830.28,8
1780819854,269819.73,3
1780819855,269818.28,8
1780819856,269840.22,2
1780819857,269810.15,5
1780819858,269804.12,2
1780819859,269823.42,2
1780819860,269828.96,6
1780819861,269820.84,4
1780819862,269823.29,9
1780819863,269841.07,7
1780819864,269842.97,7
1780819865,269843.00,0
1780819866,269823.72,2
1780819867,269833.32,2
1780819868,269840.29,9
1780819869,269856.49,9
1780819870,269875.20,0
1780819871,269858.45,5
1780819872,269844.33,3
1780819873,269870.31,1
1780819874,269866.83,3
1780819875,269817.01,1
1780819876,269797.46,6
1780819877,269781.77,7
1780819878,269766.19,9
1780819879,269722.00,0
1780819880,269719.80,0
1780819881,269643.30,0
1780819882,269695.67,7
1780819883,269680.49,9
1780819884,269689.90,0
1780819885,269723.05,5
1780819886,269733.05,5
1780819887,269760.74,4
1780819888,269742.93,3
1780819889,269775.73,3
1780819890,269786.95,5
1780819891,269782.13,3
1780819892,269816.80,0
1780819893,269810.42,2
1780819894,269829.09,9
1780819895,269878.46,6
1780819896,269869.43,3
1780819897,269856.81,1
1780819898,269892.88,8
1780819899,269918.44,4
1780819900,269936.79,9
1780819901,269938.91,1
1780819902,269940.27,7
1780819903,269936.75,5
1780819904,269910.05,5
1780819905,269916.38,8
1780819906,269894.29,9
1780819907,269919.42,2
1780819908,269952.09,9
1780819909,269978.49,9
1780819910,269950.70,0
1780819911,269951.44,4
1780819912,269944.43,3
1780819913,269924.50,0
1780819914,269898.97,7
1780819915,269862.66,6
1780819916,269860.11,1
1780819917,269829.36,6
1780819918,269837.40,0
1780819919,269837.48,8
1780819920,269821.65,5
1780819921,269819.65,5
1780819922,269790.19,9
1780819923,269775.11,1
1780819924,269796.98,8
1780819925,269821.09,9
1780819926,269844.42,2
1780819927,269847.92,2
1780819928,269858.26,6
1780819929,269833.63,3
1780819930,269844.36,6
1780819931,269844.83,3
1780819932,269868.14,4
1780819933,269867.92,2
1780819934,269854.47,7
1780819935,269842.30,0
1780819936,269816.20,0
1780819937,269830.78,8
1780819938,269851.92,2
1780819939,269832.09,9
1780819940,269813.25,5
1780819941,269796.26,6
1780819942,269792.22,2
1780819943,269756.92,2
1780819944,269739.57,7
1780819945,269711.02,2
1780819946,269679.57,7
1780819947,269704.83,3
1780819948,269697.65,5
1780819949,269701.23,3
1780819950,269683.39,9
1780819951,269696.01,1
1780819952,269708.08,8
1780819953,269702.96,6
1780819954,269710.37,7
1780819955,269719.22,2
1780819956,269714.75,5
1780819957,269688.73,3
1780819958,269672.33,3
1780819959,269683.60,0
1780819960,269701.75,5
1780819961,269659.38,8
1780819962,269715.28,8
1780819963,269714.09,9
1780819964,269707.14,4
1780819965,269714.50,0
1780819966,269717.91,1
1780819967,269737.35,5
1780819968,269708.23,3
1780819969,269729.56,6
1780819970,269736.14,4
1780819971,269765.84,4
1780819972,269745.69,9
1780819973,269787.17,7
1780819974,269801.09,9
1780819975,269767.89,9
1780819976,269745.28,8
1780819977,269738.79,9
1780819978,269699.66,6
1780819979,269702.63,3
1780819980,269674.71,1
1780819981,269682.23,3
1780819982,269652.43,3
1780819983,269634.94,4
1780819984,269672.05,5
1780819985,269631.80,0
1780819986,269609.79,9
1780819987,269581.96,6
1780819988,269574.97,7
1780819989,269559.83,3
1780819990,269536.46,6
1780819991,269534.66,6
1780819992,269544.56,6
1780819993,269591.27,7
1780819994,269572.99,9
1780819995,269606.58,8
1780819996,269625.78,8
1780819997,269663.82,2
1780819998,269663.42,2
1780819999,269650.07,7
1780820000,269635.27,7
1780820001,269598.05,5
1780820002,269617.09,9
1780820003,269595.49,9
1780820004,269571.69,9
1780820005,269555.41,1
1780820006,269542.32,2
1780820007,269549.44,4
1780820008,269517.44,4
1780820009,269577.37,7
1780820010,269592.67,7
1780820011,269575.22,2
1780820012,269595.11,1
1780820013,269648.09,9
1780820014,269635.00,0
1780820015,269638.39,9
1780820016,269630.69,9
1780820017,269616.21,1
1780820018,269606.86,6
1780820019,269589.80,0
1780820020,269562.44,4
1780820021,269568.09,9
1780820022,269556.84,4
1780820023,269560.63,3
1780820024,269593.10,0
1780820025,269575.08,8
1780820026,269580.84,4
1780820027,269577.76,6
1780820028,269596.00,0
1780820029,269588.60,0
1780820030,269584.85,5
1780820031,269605.49,9
1780820032,269583.44,4
1780820033,269574.91,1
1780820034,269589.39,9
1780820035,269603.88,8
1780820036,269639.80,0
1780820037,269625.92,2
1780820038,269637.07,7
1780820039,269598.54,4
1780820040,269579.63,3
1780820041,269560.14,4
1780820042,269611.65,5
1780820043,269615.10,0
1780820044,269626.02,2
1780820045,269656.95,5
1780820046,269611.15,5
1780820047,269618.30,0
1780820048,269619.41,1
1780820049,269609.03,3
1780820050,269633.62,2
1780820051,269633.46,6
1780820052,269640.08,8
1780820053,269640.71,1
1780820054,269648.45,5
1780820055,269649.95,5
1780820056,269664.78,8
1780820057,269619.85,5
1780820058,269628.40,0
1780820059,269682.45,5
1780820060,269701.41,1
1780820061,269693.31,1
1780820062,269721.80,0
1780820063,269680.07,7
1780820064,269688.00,0
1780820065,269721.31,1
1780820066,269725.07,7
1780820067,269702.69,9
1780820068,269709.26,6
1780820069,269708.73,3
1780820070,269701.67,7
1780820071,269729.51,1
1780820072,269742.31,1
1780820073,269739.08,8
1780820074,269752.05,5
1780820075,269769.90,0
1780820076,269772.87,7
1780820077,269775.39,9
1780820078,269772.68,8
1780820079,269797.62,2
1780820080,269795.71,1
1780820081,269817.72,2
1780820082,269827.23,3
1780820083,269810.61,1
1780820084,269788.84,4
1780820085,269776.16,6
1780820086,269813.85,5
1780820087,269802.10,0
1780820088,269758.88,8
1780820089,269734.55,5
1780820090,269735.18,8
1780820091,269706.72,2
1780820092,269703.15,5
1780820093,269676.69,9
1780820094,269693.72,2
1780820095,269665.61,1
1780820096,269672.72,2
1780820097,269658.67,7
1780820098,269661.95,5
1780820099,269651.39,9
1780820100,269645.41,1
1780820101,269627.45,5
1780820102,269617.90,0
1780820103,269634.15,5
1780820104,269653.55,5
1780820105,269645.34,4
1780820106,269630.62,2
1780820107,269611.49,9
1780820108,269633.32,2
1780820109,269617.28,8
1780820110,269614.78,8
1780820111,269613.37,7
1780820112,269585.99,9
1780820113,269616.75,5
1780820114,269588.70,0
1780820115,269574.32,2
1780820116,269608.17,7
1780820117,269585.37,7
1780820118,269571.32,2
1780820119,269569.26,6
1780820120,269594.83,3
1780820121,269612.46,6
1780820122,269620.45,5
1780820123,269635.35,5
1780820124,269630.05,5
1780820125,269630.62,2
1780820126,269649.22,2
1780820127,269678.29,9
1780820128,269670.48,8
1780820129,269650.57,7
1780820130,269662.04,4
1780820131,269673.70,0
1780820132,269667.47,7
1780820133,269694.99,9
1780820134,269726.56,6
1780820135,269771.62,2
1780820136,269733.43,3
1780820137,269700.70,0
1780820138,269706.42,2
1780820139,269733.57,7
1780820140,269708.54,4
1780820141,269712.82,2
1780820142,269758.88,8
1780820143,269756.11,1
1780820144,269769.32,2
1780820145,269782.43,3
1780820146,269771.83,3
1780820147,269792.00,0
1780820148,269792.97,7
1780820149,269800.63,3
1780820150,269802.08,8
1780820151,269811.63,3
1780820152,269820.45,5
1780820153,269833.76,6
1780820154,269828.81,1
1780820155,269829.86,6
1780820156,269818.14,4
1780820157,269807.58,8
1780820158,269801.46,6
1780820159,269784.83,3
1780820160,269774.89,9
1780820161,269796.36,6
1780820162,269778.18,8
1780820163,269753.71,1
1780820164,269725.58,8
1780820165,269704.90,0
1780820166,269716.35,5
1780820167,269676.69,9
1780820168,269669.71,1
1780820169,269660.32,2
1780820170,269630.26,6
1780820171,269619.05,5
1780820172,269601.60,0
1780820173,269632.20,0
1780820174,269643.31,1
1780820175,269655.89,9
1780820176,269666.29,9
1780820177,269653.08,8
1780820178,269632.85,5
1780820179,269605.53,3
1780820180,269576.43,3
1780820181,269608.37,7
1780820182,269589.19,9
1780820183,269604.61,1
1780820184,269559.00,0
1780820185,269567.55,5
1780820186,269549.18,8
1780820187,269554.27,7
1780820188,269553.78,8
1780820189,269588.54,4
1780820190,269599.22,2
1780820191,269597.94,4
1780820192,269573.32,2
1780820193,269555.79,9
1780820194,269537.17,7
1780820195,269525.08,8
1780820196,269496.92,2
1780820197,269464.65,5
1780820198,269453.56,6
1780820199,269446.06,6
1780820200,269404.10,0
1780820201,269422.25,5
1780820202,269437.00,0
1780820203,269455.79,9
1780820204,269455.95,5
1780820205,269494.92,2
1780820206,269497.06,6
1780820207,269480.71,1
1780820208,269455.24,4
1780820209,269427.76,6
1780820210,269425.04,4
1780820211,269414.44,4
1780820212,269444.04,4
1780820213,269444.00,0
1780820214,269419.61,1
1780820215,269464.31,1
1780820216,269448.27,7
1780820217,269438.47,7
1780820218,269447.99,9
1780820219,269462.38,8
1780820220,269460.24,4
1780820221,269457.20,0
1780820222,269486.42,2
1780820223,269508.71,1
1780820224,269503.47,7
1780820225,269489.99,9
1780820226,269488.54,4
1780820227,269471.00,0
1780820228,269485.16,6
1780820229,269432.20,0
1780820230,269405.71,1
1780820231,269402.20,0
1780820232,269428.92,2
1780820233,269452.21,1
1780820234,269435.52,2
1780820235,269426.81,1
1780820236,269426.54,4
1780820237,269433.46,6
1780820238,269435.14,4
1780820239,269465.40,0
1780820240,269524.02,2
1780820241,269535.15,5
1780820242,269543.12,2
1780820243,269548.64,4
1780820244,269542.40,0
1780820245,269544.99,9
1780820246,269593.78,8
1780820247,269577.66,6
1780820248,269579.54,4
1780820249,269599.26,6
1780820250,269610.57,7
1780820251,269575.79,9
1780820252,269591.68,8
1780820253,269614.49,9
1780820254,269632.68,8
1780820255,269590.58,8
1780820256,269575.64,4
1780820257,269614.68,8
1780820258,269635.24,4
1780820259,269667.36,6
1780820260,269666.38,8
1780820261,269605.66,6
1780820262,269619.13,3
1780820263,269567.88,8
1780820264,269541.28,8
1780820265,269517.61,1
1780820266,269533.48,8
1780820267,269529.45,5
1780820268,269539.77,7
1780820269,269546.47,7
1780820270,269557.56,6
1780820271,269559.19,9
1780820272,269590.93,3
1780820273,269607.47,7
1780820274,269631.40,0
1780820275,269614.55,5
1780820276,269589.30,0
1780820277,269616.62,2
1780820278,269616.80,0
1780820279,269602.26,6
1780820280,269588.53,3
1780820281,269583.52,2
1780820282,269572.40,0
1780820283,269600.90,0
1780820284,269609.84,4
1780820285,269627.49,9
1780820286,269630.08,8
1780820287,269600.23,3
1780820288,269604.95,5
1780820289,269645.91,1
1780820290,269640.41,1
1780820291,269664.50,0
1780820292,269647.93,3
1780820293,269589.96,6
1780820294,269591.29,9
1780820295,269612.03,3
1780820296,269626.96,6
1780820297,269642.61,1
1780820298,269623.29,9
1780820299,269620.28,8
1780820300,269653.99,9
1780820301,269688.28,8
1780820302,269709.60,0
1780820303,269719.93,3
1780820304,269726.53,3
1780820305,269685.00,0
1780820306,269713.36,6
1780820307,269717.48,8
1780820308,269722.73,3
1780820309,269693.86,6
1780820310,269710.88,8
1780820311,269694.65,5
1780820312,269751.84,4
1780820313,269777.22,2
1780820314,269781.95,5
1780820315,269830.79,9
1780820316,269840.38,8
1780820317,269836.11,1
1780820318,269809.78,8
1780820319,269795.11,1
1780820320,269798.46,6
1780820321,269787.63,3
1780820322,269810.66,6
1780820323,269762.65,5
1780820324,269721.05,5
1780820325,269699.64,4
1780820326,269695.28,8
1780820327,269683.59,9
1780820328,269668.68,8
1780820329,269630.05,5
1780820330,269635.43,3
1780820331,269638.30,0
1780820332,269628.35,5
1780820333,269630.90,0
1780820334,269664.74,4
1780820335,269658.12,2
1780820336,269646.20,0
1780820337,269637.47,7
1780820338,269668.70,0
1780820339,269719.81,1
1780820340,269730.64,4
1780820341,269730.08,8
1780820342,269728.34,4
1780820343,269732.62,2
1780820344,269750.09,9
1780820345,269760.15,5
1780820346,269765.51,1
1780820347,269794.88,8
1780820348,269831.23,3
1780820349,269792.28,8
1780820350,269789.53,3
1780820351,269757.10,0
1780820352,269765.05,5
1780820353,269783.32,2
1780820354,269752.08,8
1780820355,269757.12,2
1780820356,269732.05,5
1780820357,269741.27,7
1780820358,269720.19,9
1780820359,269670.85,5
1780820360,269689.40,0
1780820361,269642.93,3
1780820362,269675.11,1
1780820363,269686.98,8
1780820364,269711.61,1
1780820365,269735.64,4
1780820366,269737.62,2
1780820367,269744.62,2
1780820368,269708.86,6
1780820369,269683.69,9
1780820370,269635.35,5
1780820371,269621.39,9
1780820372,269565.25,5
1780820373,269624.82,2
1780820374,269617.67,7
1780820375,269616.89,9
1780820376,269626.73,3
1780820377,269627.29,9
1780820378,269628.83,3
1780820379,269632.85,5
1780820380,269650.76,6
1780820381,269659.03,3
1780820382,269646.84,4
1780820383,269633.96,6
1780820384,269635.97,7
1780820385,269620.53,3
1780820386,269604.92,2
1780820387,269609.00,0
1780820388,269617.70,0
1780820389,269605.07,7
1780820390,269589.39,9
1780820391,269578.19,9
1780820392,269584.56,6
1780820393,269556.62,2
1780820394,269555.37,7
1780820395,269578.84,4
1780820396,269596.12,2
1780820397,269602.99,9
1780820398,269606.38,8
1780820399,269565.75,5
1780820400,269575.46,6
1780820401,269580.25,5
1780820402,269603.61,1
1780820403,269566.87,7
1780820404,269584.18,8
1780820405,269588.54,4
1780820406,269609.17,7
1780820407,269630.65,5
1780820408,269615.71,1
1780820409,269573.82,2
1780820410,269569.36,6
1780820411,269532.40,0
1780820412,269576.26,6
1780820413,269541.27,7
1780820414,269574.83,3
1780820415,269585.98,8
1780820416,269568.19,9
1780820417,269570.98,8
1780820418,269520.91,1
1780820419,269460.19,9
1780820420,269483.02,2
1780820421,269498.61,1
1780820422,269506.69,9
1780820423,269480.92,2
1780820424,269447.06,6
1780820425,269454.38,8
1780820426,269460.49,9
1780820427,269471.48,8
1780820428,269435.72,2
1780820429,269389.22,2
1780820430,269415.51,1
1780820431,269417.80,0
1780820432,269388.48,8
1780820433,269388.20,0
1780820434,269423.46,6
1780820435,269419.86,6
1780820436,269446.07,7
1780820437,269444.86,6
1780820438,269469.72,2
1780820439,269439.83,3
1780820440,269423.97,7
1780820441,269427.62,2
1780820442,269431.70,0
1780820443,269433.17,7
1780820444,269445.38,8
1780820445,269455.80,0
1780820446,269485.63,3
1780820447,269454.12,2
1780820448,269483.61,1
1780820449,269521.58,8
1780820450,269462.04,4
1780820451,269457.27,7
1780820452,269479.75,5
1780820453,269468.95,5
1780820454,269442.50,0
1780820455,269441.88,8
1780820456,269450.09,9
1780820457,269462.38,8
1780820458,269465.09,9
1780820459,269438.72,2
1780820460,269440.08,8
1780820461,269447.51,1
1780820462,269487.86,6
1780820463,269504.70,0
1780820464,269508.46,6
1780820465,269470.45,5
1780820466,269456.00,0
1780820467,269447.78,8
1780820468,269465.74,4
1780820469,269467.79,9
1780820470,269454.68,8
1780820471,269465.20,0
1780820472,269435.76,6
1780820473,269427.21,1
1780820474,269443.06,6
1780820475,269438.55,5
1780820476,269488.13,3
1780820477,269488.79,9
1780820478,269505.63,3
1780820479,269456.93,3
1780820480,269455.91,1
1780820481,269478.43,3
1780820482,269510.01,1
1780820483,269518.96,6
1780820484,269469.79,9
1780820485,269486.11,1
1780820486,269486.84,4
1780820487,269542.09,9
1780820488,269531.10,0
1780820489,269538.26,6
1780820490,269601.70,0
1780820491,269586.97,7
1780820492,269578.06,6
1780820493,269608.60,0
1780820494,269659.38,8
1780820495,269641.61,1
1780820496,269630.53,3
1780820497,269637.35,5
1780820498,269648.55,5
1780820499,269649.99,9
1780820500,269673.98,8
1780820501,269647.23,3
1780820502,269675.45,5
1780820503,269705.75,5
1780820504,269697.03,3
1780820505,269726.19,9
1780820506,269708.19,9
1780820507,269732.85,5
1780820508,269719.52,2
1780820509,269724.14,4
1780820510,269693.00,0
1780820511,269689.32,2
1780820512,269670.16,6
1780820513,269648.52,2
1780820514,269677.06,6
1780820515,269645.87,7
1780820516,269662.84,4
1780820517,269672.67,7
1780820518,269678.04,4
1780820519,269692.35,5
1780820520,269685.68,8
1780820521,269707.93,3
1780820522,269699.16,6
1780820523,269674.19,9
1780820524,269697.17,7
1780820525,269702.32,2
1780820526,269740.94,4
1780820527,269752.61,1
1780820528,269760.53,3
1780820529,269730.90,0
1780820530,269731.63,3
1780820531,269738.84,4
1780820532,269762.88,8
1780820533,269788.84,4
1780820534,269789.77,7
1780820535,269770.46,6
1780820536,269776.28,8
1780820537,269799.85,5
1780820538,269789.24,4
1780820539,269820.98,8
1780820540,269831.21,1
1780820541,269842.15,5
1780820542,269829.81,1
1780820543,269844.64,4
1780820544,269840.43,3
1780820545,269826.04,4
1780820546,269818.56,6
1780820547,269816.96,6
1780820548,269773.34,4
1780820549,269761.05,5
1780820550,269763.23,3
1780820551,269774.10,0
1780820552,269776.36,6
1780820553,269767.15,5
1780820554,269742.20,0
1780820555,269719.19,9
1780820556,269713.13,3
1780820557,269702.55,5
1780820558,269693.63,3
1780820559,269667.91,1
1780820560,269672.75,5
1780820561,269690.08,8
1780820562,269665.83,3
1780820563,269643.81,1
1780820564,269658.91,1
1780820565,269651.10,0
1780820566,269658.67,7
1780820567,269696.38,8
1780820568,269688.67,7
1780820569,269708.22,2
1780820570,269716.74,4
1780820571,269708.82,2
1780820572,269704.70,0
1780820573,269671.65,5
1780820574,269635.24,4
1780820575,269643.21,1
1780820576,269622.84,4
1780820577,269599.81,1
1780820578,269558.99,9
1780820579,269575.99,9
1780820580,269564.81,1
1780820581,269534.84,4
1780820582,269587.55,5
1780820583,269584.80,0
1780820584,269552.65,5
1780820585,269590.36,6
1780820586,269605.68,8
1780820587,269641.38,8
1780820588,269625.10,0
1780820589,269615.87,7
1780820590,269625.88,8
1780820591,269664.90,0
1780820592,269668.67,7
1780820593,269704.00,0
1780820594,269729.51,1
1780820595,269704.05,5
1780820596,269705.43,3
1780820597,269728.26,6
1780820598,269737.92,2
1780820599,269743.19,9
1780820600,269734.87,7
1780820601,269710.12,2
1780820602,269716.75,5
1780820603,269723.41,1
1780820604,269699.54,4
1780820605,269688.97,7
1780820606,269683.59,9
1780820607,269637.83,3
1780820608,269630.05,5
1780820609,269598.88,8
1780820610,269637.28,8
1780820611,269669.82,2
1780820612,269668.20,0
1780820613,269661.42,2
1780820614,269660.88,8
1780820615,269661.68,8
1780820616,269679.76,6
1780820617,269673.47,7
1780820618,269689.44,4
1780820619,269689.97,7
1780820620,269736.29,9
1780820621,269767.81,1
1780820622,269766.50,0
1780820623,269767.81,1
1780820624,269810.62,2
1780820625,269814.67,7
1780820626,269811.46,6
1780820627,269812.28,8
1780820628,269840.16,6
1780820629,269830.30,0
1780820630,269820.84,4
1780820631,269855.46,6
1780820632,269890.83,3
1780820633,269883.58,8
1780820634,269913.61,1
1780820635,269930.94,4
1780820636,269889.34,4
1780820637,269867.94,4
1780820638,269881.29,9
1780820639,269833.51,1
1780820640,269848.48,8
1780820641,269831.63,3
1780820642,269820.95,5
1780820643,269838.32,2
1780820644,269871.14,4
1780820645,269892.37,7
1780820646,269910.24,4
1780820647,269894.40,0
1780820648,269860.63,3
1780820649,269884.69,9
1780820650,269900.81,1
1780820651,269869.65,5
1780820652,269901.86,6
1780820653,269907.38,8
1780820654,269893.86,6
1780820655,269921.92,2
1780820656,269925.57,7
1780820657,269897.69,9
1780820658,269912.93,3
1780820659,269868.96,6
1780820660,269909.28,8
1780820661,269906.73,3
1780820662,269887.30,0
1780820663,269905.91,1
1780820664,269942.05,5
1780820665,269945.88,8
1780820666,269962.38,8
1780820667,269902.81,1
1780820668,269894.52,2
1780820669,269902.63,3
1780820670,269908.29,9
1780820671,269928.26,6
1780820672,269911.53,3
1780820673,269892.70,0
1780820674,269869.56,6
1780820675,269838.29,9
1780820676,269807.71,1
1780820677,269778.13,3
1780820678,269766.93,3
1780820679,269807.31,1
1780820680,269828.51,1
1780820681,269783.74,4
1780820682,269754.03,3
1780820683,269788.67,7
1780820684,269749.58,8
1780820685,269754.32,2
1780820686,269752.11,1
1780820687,269742.31,1
1780820688,269709.83,3
1780820689,269678.81,1
1780820690,269688.57,7
1780820691,269732.01,1
1780820692,269743.64,4
1780820693,269715.91,1
1780820694,269704.77,7
1780820695,269756.39,9
1780820696,269742.16,6
1780820697,269749.08,8
1780820698,269769.65,5
1780820699,269756.79,9
1780820700,269784.61,1
1780820701,269775.59,9
1780820702,269770.61,1
1780820703,269736.58,8
1780820704,269757.78,8
1780820705,269768.56,6
1780820706,269768.76,6
1780820707,269706.96,6
1780820708,269719.16,6
1780820709,269738.90,0
1780820710,269765.58,8
1780820711,269749.19,9
1780820712,269777.44,4
1780820713,269767.74,4
1780820714,269713.54,4
1780820715,269763.38,8
1780820716,269786.72,2
1780820717,269742.20,0
1780820718,269741.59,9
1780820719,269771.84,4
1780820720,269765.42,2
1780820721,269795.72,2
1780820722,269807.79,9
1780820723,269857.77,7
1780820724,269886.87,7
1780820725,269866.91,1
1780820726,269864.92,2
1780820727,269841.65,5
1780820728,269879.06,6
1780820729,269880.68,8
1780820730,269871.79,9
1780820731,269879.70,0
1780820732,269874.43,3
1780820733,269877.30,0
1780820734,269887.30,0
1780820735,269881.81,1
1780820736,269882.25,5
1780820737,269880.10,0
1780820738,269901.39,9
1780820739,269870.71,1
1780820740,269888.99,9
1780820741,269928.44,4
1780820742,269943.30,0
1780820743,269917.71,1
1780820744,269935.23,3
1780820745,269919.89,9
1780820746,269919.08,8
1780820747,269913.07,7
1780820748,269914.35,5
1780820749,269907.09,9
1780820750,269914.93,3
1780820751,269906.70,0
1780820752,269903.67,7
1780820753,269894.75,5
1780820754,269930.48,8
1780820755,269877.61,1
1780820756,269922.51,1
1780820757,269895.06,6
1780820758,269894.86,6
1780820759,269927.37,7
1780820760,269891.50,0
1780820761,269894.67,7
1780820762,269899.50,0
1780820763,269874.57,7
1780820764,269870.79,9
1780820765,269877.53,3
1780820766,269917.86,6
1780820767,269908.22,2
1780820768,269919.56,6
1780820769,269925.70,0
1780820770,269951.43,3
1780820771,269980.92,2
1780820772,269998.68,8
1780820773,270017.84,4
1780820774,270053.81,1
1780820775,270053.81,1
1780820776,270043.25,5
1780820777,270027.54,4
1780820778,270031.27,7
1780820779,270083.29,9
1780820780,270069.29,9
1780820781,270075.37,7
1780820782,270094.01,1
1780820783,270112.15,5
1780820784,270116.23,3
1780820785,270075.24,4
1780820786,270038.95,5
1780820787,270032.24,4
1780820788,270082.34,4
1780820789,270053.70,0
1780820790,270057.05,5
1780820791,270063.42,2
1780820792,270073.04,4
1780820793,270102.27,7
1780820794,270136.35,5
1780820795,270104.66,6
1780820796,270091.97,7
1780820797,270059.26,6
1780820798,270054.20,0
1780820799,270039.94,4
1780820800,270087.94,4
1780820801,270074.41,1
1780820802,270064.09,9
1780820803,270069.31,1
1780820804,270044.64,4
1780820805,270015.91,1
1780820806,269998.55,5
1780820807,269983.35,5
1780820808,270053.31,1
1780820809,270064.41,1
1780820810,270037.71,1
1780820811,270045.89,9
1780820812,270005.08,8
1780820813,270043.07,7
1780820814,270060.39,9
1780820815,270042.27,7
1780820816,270052.25,5
1780820817,270061.24,4
1780820818,270056.81,1
1780820819,270033.38,8
1780820820,270026.66,6
1780820821,270004.30,0
1780820822,270041.34,4
1780820823,270012.46,6
1780820824,270012.11,1
1780820825,270015.49,9
1780820826,270042.93,3
1780820827,270028.51,1
1780820828,270028.68,8
1780820829,270021.59,9
1780820830,270001.03,3
1780820831,270003.46,6
1780820832,269983.31,1
1780820833,269989.79,9
1780820834,269997.29,9
1780820835,270001.94,4
1780820836,269963.26,6
1780820837,269945.07,7
1780820838,269950.36,6
1780820839,269956.49,9
1780820840,269939.36,6
1780820841,269960.37,7
1780820842,269950.01,1
1780820843,269944.65,5
1780820844,269965.95,5
1780820845,269949.86,6
1780820846,269925.29,9
1780820847,269911.69,9
1780820848,269920.02,2
1780820849,269928.85,5
1780820850,269920.45,5
1780820851,269927.51,1
1780820852,269904.80,0
1780820853,269906.84,4
1780820854,269926.66,6
1780820855,269935.88,8
1780820856,269910.46,6
1780820857,269919.77,7
1780820858,269875.43,3
1780820859,269890.56,6
1780820860,269869.46,6
1780820861,269873.64,4
1780820862,269817.16,6
1780820863,269859.56,6
1780820864,269858.26,6
1780820865,269894.22,2
1780820866,269879.40,0
1780820867,269888.75,5
1780820868,269910.21,1
1780820869,269898.54,4
1780820870,269868.84,4
1780820871,269869.67,7
1780820872,269865.60,0
1780820873,269875.25,5
1780820874,269901.33,3
1780820875,269886.33,3
1780820876,269901.33,3
1780820877,269891.40,0
1780820878,269886.42,2
1780820879,269907.78,8
1780820880,269907.37,7
1780820881,269908.70,0
1780820882,269895.89,9
1780820883,269869.33,3
1780820884,269883.30,0
1780820885,269897.50,0
1780820886,269894.02,2
1780820887,269884.32,2
1780820888,269881.55,5
1780820889,269908.70,0
1780820890,269906.20,0
1780820891,269891.43,3
1780820892,269892.38,8
1780820893,269919.02,2
1780820894,269893.75,5
1780820895,269843.13,3
1780820896,269808.97,7
1780820897,269867.64,4
1780820898,269894.17,7
1780820899,269907.42,2
1780820900,269908.04,4
1780820901,269893.39,9
1780820902,269884.47,7
1780820903,269865.16,6
1780820904,269836.64,4
1780820905,269827.71,1
1780820906,269798.54,4
1780820907,269826.59,9
1780820908,269891.79,9
1780820909,269894.71,1
1780820910,269893.94,4
1780820911,269867.68,8
1780820912,269826.98,8
1780820913,269863.73,3
1780820914,269847.75,5
1780820915,269819.77,7
1780820916,269817.50,0
1780820917,269784.44,4
1780820918,269737.74,4
1780820919,269684.19,9
1780820920,269631.84,4
1780820921,269607.61,1
1780820922,269632.95,5
1780820923,269622.93,3
1780820924,269584.30,0
1780820925,269590.13,3
1780820926,269587.44,4
1780820927,269581.71,1
1780820928,269532.95,5
1780820929,269565.87,7
1780820930,269564.66,6
1780820931,269554.12,2
1780820932,269552.56,6
1780820933,269558.81,1
1780820934,269587.23,3
1780820935,269581.49,9
1780820936,269556.63,3
