epoch,price,last_digit
1780815938,5061.13,3
1780815939,5061.16,6
1780815940,5061.98,8
1780815941,5062.87,7
1780815942,5062.91,1
1780815943,5062.36,6
1780815944,5063.51,1
1780815945,5063.92,2
1780815946,5065.31,1
1780815947,5065.12,2
1780815948,5065.48,8
1780815949,5065.55,5
1780815950,5065.06,6
1780815951,5065.16,6
1780815952,5064.70,0
1780815953,5064.96,6
1780815954,5065.14,4
1780815955,5064.84,4
1780815956,5064.35,5
1780815957,5064.00,0
1780815958,5064.09,9
1780815959,5063.77,7
1780815960,5063.48,8
1780815961,5063.30,0
1780815962,5062.67,7
1780815963,5062.77,7
1780815964,5063.33,3
1780815965,5062.77,7
1780815966,5063.67,7
1780815967,5063.85,5
1780815968,5063.03,3
1780815969,5063.20,0
1780815970,5063.35,5
1780815971,5062.82,2
1780815972,5062.53,3
1780815973,5061.06,6
1780815974,5062.32,2
1780815975,5062.60,0
1780815976,5061.30,0
1780815977,5060.57,7
1780815978,5060.15,5
1780815979,5060.72,2
1780815980,5060.69,9
1780815981,5061.34,4
1780815982,5061.29,9
1780815983,5060.73,3
1780815984,5061.66,6
1780815985,5061.99,9
1780815986,5061.60,0
1780815987,5062.27,7
1780815988,5062.74,4
1780815989,5063.45,5
1780815990,5063.97,7
1780815991,5062.29,9
1780815992,5063.13,3
1780815993,5063.22,2
1780815994,5063.80,0
1780815995,5063.92,2
1780815996,5063.26,6
1780815997,5062.43,3
1780815998,5063.04,4
1780815999,5063.02,2
1780816000,5062.89,9
1780816001,5062.28,8
1780816002,5062.19,9
1780816003,5063.10,0
1780816004,5062.60,0
1780816005,5062.88,8
1780816006,5061.56,6
1780816007,5062.88,8
1780816008,5062.41,1
1780816009,5062.18,8
1780816010,5062.65,5
1780816011,5063.70,0
1780816012,5063.54,4
1780816013,5064.26,6
1780816014,5064.89,9
1780816015,5065.38,8
1780816016,5065.57,7
1780816017,5066.53,3
1780816018,5066.55,5
1780816019,5065.24,4
1780816020,5065.18,8
1780816021,5064.28,8
1780816022,5063.12,2
1780816023,5063.38,8
1780816024,5063.46,6
1780816025,5063.84,4
1780816026,5064.35,5
1780816027,5064.00,0
1780816028,5064.02,2
1780816029,5065.17,7
1780816030,5065.75,5
1780816031,5064.51,1
1780816032,5065.80,0
1780816033,5066.18,8
1780816034,5065.96,6
1780816035,5065.33,3
1780816036,5066.54,4
1780816037,5067.23,3
1780816038,5066.91,1
1780816039,5066.11,1
1780816040,5066.34,4
1780816041,5065.76,6
1780816042,5064.93,3
1780816043,5064.76,6
1780816044,5064.35,5
1780816045,5062.94,4
1780816046,5063.47,7
1780816047,5064.08,8
1780816048,5063.99,9
1780816049,5064.41,1
1780816050,5062.95,5
1780816051,5062.70,0
1780816052,5061.69,9
1780816053,5061.55,5
1780816054,5062.34,4
1780816055,5062.37,7
1780816056,5062.20,0
1780816057,5062.33,3
1780816058,5062.20,0
1780816059,5062.63,3
1780816060,5062.61,1
1780816061,5061.50,0
1780816062,5061.77,7
1780816063,5060.46,6
1780816064,5059.43,3
1780816065,5059.11,1
1780816066,5058.24,4
1780816067,5058.90,0
1780816068,5058.62,2
1780816069,5057.37,7
1780816070,5057.87,7
1780816071,5058.40,0
1780816072,5059.41,1
1780816073,5060.52,2
1780816074,5060.89,9
1780816075,5060.54,4
1780816076,5060.15,5
1780816077,5058.90,0
1780816078,5059.05,5
1780816079,5059.15,5
1780816080,5059.06,6
1780816081,5060.00,0
1780816082,5059.87,7
1780816083,5060.11,1
1780816084,5060.89,9
1780816085,5062.16,6
1780816086,5061.44,4
1780816087,5061.06,6
1780816088,5060.34,4
1780816089,5060.95,5
1780816090,5061.19,9
1780816091,5061.24,4
1780816092,5060.42,2
1780816093,5059.48,8
1780816094,5059.57,7
1780816095,5059.28,8
1780816096,5058.27,7
1780816097,5057.99,9
1780816098,5057.97,7
1780816099,5057.44,4
1780816100,5056.53,3
1780816101,5054.20,0
1780816102,5053.93,3
1780816103,5053.87,7
1780816104,5054.70,0
1780816105,5054.21,1
1780816106,5055.15,5
1780816107,5055.16,6
1780816108,5056.10,0
1780816109,5055.83,3
1780816110,5057.81,1
1780816111,5058.22,2
1780816112,5058.40,0
1780816113,5059.26,6
1780816114,5059.00,0
1780816115,5059.15,5
1780816116,5058.78,8
1780816117,5058.99,9
1780816118,5059.66,6
1780816119,5059.44,4
1780816120,5057.92,2
1780816121,5057.92,2
1780816122,5057.52,2
1780816123,5058.30,0
1780816124,5058.78,8
1780816125,5059.09,9
1780816126,5057.78,8
1780816127,5057.38,8
1780816128,5056.88,8
1780816129,5056.80,0
1780816130,5057.89,9
1780816131,5057.09,9
1780816132,5055.99,9
1780816133,5055.84,4
1780816134,5056.73,3
1780816135,5056.52,2
1780816136,5056.77,7
1780816137,5058.44,4
1780816138,5058.95,5
1780816139,5057.76,6
1780816140,5057.30,0
1780816141,5056.47,7
1780816142,5056.42,2
1780816143,5056.74,4
1780816144,5056.45,5
1780816145,5056.77,7
1780816146,5057.58,8
1780816147,5057.95,5
1780816148,5058.10,0
1780816149,5059.25,5
1780816150,5059.28,8
1780816151,5059.25,5
1780816152,5059.30,0
1780816153,5058.00,0
1780816154,5059.12,2
1780816155,5058.97,7
1780816156,5057.82,2
1780816157,5057.57,7
1780816158,5056.79,9
1780816159,5056.71,1
1780816160,5057.37,7
1780816161,5057.84,4
1780816162,5057.31,1
1780816163,5056.51,1
1780816164,5056.74,4
1780816165,5056.15,5
1780816166,5058.10,0
1780816167,5058.73,3
1780816168,5059.33,3
1780816169,5058.99,9
1780816170,5058.65,5
1780816171,5058.35,5
1780816172,5058.64,4
1780816173,5058.84,4
1780816174,5057.48,8
1780816175,5058.83,3
1780816176,5058.94,4
1780816177,5059.52,2
1780816178,5060.10,0
1780816179,5059.64,4
1780816180,5059.71,1
1780816181,5058.84,4
1780816182,5058.76,6
1780816183,5058.20,0
1780816184,5058.54,4
1780816185,5058.36,6
1780816186,5057.69,9
1780816187,5056.99,9
1780816188,5056.57,7
1780816189,5056.22,2
1780816190,5056.24,4
1780816191,5054.77,7
1780816192,5055.11,1
1780816193,5054.74,4
1780816194,5054.82,2
1780816195,5055.85,5
1780816196,5055.83,3
1780816197,5054.71,1
1780816198,5054.56,6
1780816199,5055.46,6
1780816200,5055.28,8
1780816201,5055.54,4
1780816202,5054.94,4
1780816203,5054.52,2
1780816204,5054.29,9
1780816205,5054.56,6
1780816206,5053.46,6
1780816207,5054.26,6
1780816208,5054.93,3
1780816209,5054.94,4
1780816210,5053.56,6
1780816211,5054.11,1
1780816212,5055.00,0
1780816213,5054.73,3
1780816214,5054.95,5
1780816215,5053.98,8
1780816216,5053.24,4
1780816217,5053.49,9
1780816218,5053.50,0
1780816219,5054.13,3
1780816220,5054.42,2
1780816221,5054.01,1
1780816222,5053.66,6
1780816223,5053.29,9
1780816224,5053.52,2
1780816225,5052.67,7
1780816226,5052.69,9
1780816227,5052.38,8
1780816228,5053.03,3
1780816229,5052.48,8
1780816230,5052.69,9
1780816231,5052.69,9
1780816232,5052.58,8
1780816233,5053.11,1
1780816234,5052.82,2
1780816235,5053.54,4
1780816236,5053.29,9
1780816237,5052.99,9
1780816238,5053.01,1
1780816239,5052.35,5
1780816240,5052.04,4
1780816241,5050.88,8
1780816242,5050.50,0
1780816243,5051.14,4
1780816244,5051.80,0
1780816245,5051.09,9
1780816246,5051.05,5
1780816247,5051.45,5
1780816248,5051.06,6
1780816249,5051.80,0
1780816250,5051.70,0
1780816251,5051.20,0
1780816252,5050.46,6
1780816253,5049.96,6
1780816254,5050.82,2
1780816255,5050.71,1
1780816256,5051.60,0
1780816257,5051.80,0
1780816258,5051.43,3
1780816259,5053.54,4
1780816260,5052.30,0
1780816261,5051.67,7
1780816262,5051.56,6
1780816263,5051.02,2
1780816264,5051.82,2
1780816265,5050.59,9
1780816266,5050.56,6
1780816267,5049.40,0
1780816268,5049.39,9
1780816269,5049.30,0
1780816270,5048.85,5
1780816271,5048.74,4
1780816272,5047.69,9
1780816273,5046.79,9
1780816274,5046.76,6
1780816275,5047.74,4
1780816276,5048.48,8
1780816277,5048.28,8
1780816278,5047.75,5
1780816279,5047.84,4
1780816280,5046.92,2
1780816281,5045.86,6
1780816282,5045.54,4
1780816283,5045.12,2
1780816284,5044.77,7
1780816285,5044.89,9
1780816286,5045.13,3
1780816287,5045.57,7
1780816288,5045.31,1
1780816289,5045.59,9
1780816290,5044.76,6
1780816291,5045.34,4
1780816292,5046.18,8
1780816293,5046.96,6
1780816294,5046.93,3
1780816295,5046.84,4
1780816296,5047.82,2
1780816297,5047.63,3
1780816298,5048.03,3
1780816299,5048.99,9
1780816300,5048.71,1
1780816301,5049.50,0
1780816302,5047.75,5
1780816303,5048.24,4
1780816304,5048.19,9
1780816305,5047.74,4
1780816306,5047.61,1
1780816307,5048.44,4
1780816308,5047.27,7
1780816309,5048.09,9
1780816310,5047.07,7
1780816311,5047.95,5
1780816312,5047.89,9
1780816313,5047.38,8
1780816314,5047.23,3
1780816315,5046.31,1
1780816316,5046.65,5
1780816317,5044.73,3
1780816318,5044.97,7
1780816319,5044.76,6
1780816320,5045.44,4
1780816321,5046.09,9
1780816322,5046.28,8
1780816323,5046.23,3
1780816324,5045.80,0
1780816325,5046.35,5
1780816326,5046.75,5
1780816327,5047.44,4
1780816328,5048.38,8
1780816329,5048.47,7
1780816330,5048.53,3
1780816331,5048.84,4
1780816332,5050.14,4
1780816333,5050.35,5
1780816334,5049.07,7
1780816335,5048.16,6
1780816336,5047.72,2
1780816337,5046.82,2
1780816338,5047.67,7
1780816339,5048.36,6
1780816340,5047.68,8
1780816341,5047.56,6
1780816342,5047.47,7
1780816343,5047.79,9
1780816344,5047.02,2
1780816345,5046.92,2
1780816346,5046.58,8
1780816347,5045.52,2
1780816348,5046.28,8
1780816349,5046.82,2
1780816350,5046.60,0
1780816351,5046.88,8
1780816352,5046.44,4
1780816353,5046.32,2
1780816354,5047.14,4
1780816355,5046.05,5
1780816356,5045.33,3
1780816357,5045.48,8
1780816358,5046.54,4
1780816359,5045.86,6
1780816360,5046.60,0
1780816361,5044.89,9
1780816362,5044.97,7
1780816363,5046.20,0
1780816364,5046.97,7
1780816365,5047.96,6
1780816366,5048.60,0
1780816367,5047.56,6
1780816368,5046.97,7
1780816369,5046.33,3
1780816370,5046.11,1
1780816371,5046.13,3
1780816372,5046.94,4
1780816373,5047.54,4
1780816374,5048.33,3
1780816375,5047.81,1
1780816376,5048.16,6
1780816377,5048.31,1
1780816378,5047.33,3
1780816379,5047.90,0
1780816380,5048.89,9
1780816381,5048.12,2
1780816382,5047.65,5
1780816383,5048.18,8
1780816384,5048.26,6
1780816385,5048.67,7
1780816386,5048.41,1
1780816387,5048.96,6
1780816388,5049.27,7
1780816389,5049.10,0
1780816390,5050.73,3
1780816391,5051.32,2
1780816392,5051.75,5
1780816393,5051.22,2
1780816394,5051.72,2
1780816395,5051.26,6
1780816396,5051.02,2
1780816397,5049.97,7
1780816398,5049.96,6
1780816399,5049.61,1
1780816400,5049.36,6
1780816401,5049.25,5
1780816402,5050.00,0
1780816403,5049.93,3
1780816404,5050.18,8
1780816405,5049.63,3
1780816406,5049.63,3
1780816407,5050.48,8
1780816408,5051.57,7
1780816409,5051.53,3
1780816410,5051.16,6
1780816411,5051.36,6
1780816412,5051.82,2
1780816413,5052.67,7
1780816414,5052.01,1
1780816415,5052.25,5
1780816416,5052.81,1
1780816417,5052.37,7
1780816418,5052.86,6
1780816419,5053.28,8
1780816420,5053.37,7
1780816421,5053.93,3
1780816422,5054.77,7
1780816423,5054.75,5
1780816424,5054.72,2
1780816425,5054.94,4
1780816426,5055.54,4
1780816427,5055.15,5
1780816428,5056.03,3
1780816429,5055.01,1
1780816430,5054.96,6
1780816431,5055.23,3
1780816432,5054.99,9
1780816433,5056.82,2
1780816434,5056.01,1
1780816435,5055.93,3
1780816436,5056.72,2
1780816437,5056.48,8
1780816438,5055.62,2
1780816439,5056.85,5
1780816440,5056.93,3
1780816441,5057.36,6
1780816442,5056.78,8
1780816443,5057.72,2
1780816444,5057.70,0
1780816445,5056.77,7
1780816446,5056.92,2
1780816447,5057.68,8
1780816448,5057.62,2
1780816449,5058.22,2
1780816450,5058.58,8
1780816451,5057.21,1
1780816452,5057.66,6
1780816453,5056.81,1
1780816454,5056.68,8
1780816455,5056.19,9
1780816456,5055.72,2
1780816457,5056.13,3
1780816458,5056.05,5
1780816459,5056.82,2
1780816460,5057.85,5
1780816461,5057.61,1
1780816462,5057.05,5
1780816463,5056.62,2
1780816464,5057.22,2
1780816465,5056.12,2
1780816466,5054.30,0
1780816467,5056.58,8
1780816468,5055.56,6
1780816469,5055.60,0
1780816470,5056.13,3
1780816471,5055.56,6
1780816472,5055.33,3
1780816473,5053.93,3
1780816474,5053.20,0
1780816475,5053.69,9
1780816476,5054.41,1
1780816477,5055.77,7
1780816478,5055.86,6
1780816479,5055.25,5
1780816480,5056.13,3
1780816481,5056.31,1
1780816482,5055.27,7
1780816483,5055.68,8
1780816484,5056.21,1
1780816485,5055.65,5
1780816486,5055.38,8
1780816487,5053.71,1
1780816488,5053.18,8
1780816489,5052.16,6
1780816490,5052.54,4
1780816491,5053.88,8
1780816492,5053.79,9
1780816493,5054.06,6
1780816494,5054.52,2
1780816495,5053.87,7
1780816496,5053.56,6
1780816497,5052.59,9
1780816498,5052.85,5
1780816499,5053.24,4
1780816500,5053.36,6
1780816501,5053.53,3
1780816502,5052.53,3
1780816503,5053.15,5
1780816504,5053.96,6
1780816505,5053.52,2
1780816506,5052.90,0
1780816507,5052.22,2
1780816508,5052.51,1
1780816509,5052.35,5
1780816510,5051.70,0
1780816511,5051.34,4
1780816512,5052.80,0
1780816513,5053.17,7
1780816514,5052.98,8
1780816515,5054.71,1
1780816516,5055.08,8
1780816517,5055.53,3
1780816518,5054.54,4
1780816519,5054.43,3
1780816520,5053.17,7
1780816521,5053.57,7
1780816522,5052.84,4
1780816523,5052.01,1
1780816524,5051.20,0
1780816525,5051.81,1
1780816526,5052.57,7
1780816527,5053.83,3
1780816528,5053.24,4
1780816529,5053.07,7
1780816530,5053.88,8
1780816531,5054.10,0
1780816532,5054.51,1
1780816533,5054.56,6
1780816534,5054.33,3
1780816535,5056.00,0
1780816536,5056.17,7
1780816537,5056.65,5
1780816538,5057.26,6
1780816539,5057.79,9
1780816540,5057.56,6
1780816541,5057.10,0
1780816542,5056.38,8
1780816543,5057.38,8
1780816544,5058.41,1
1780816545,5059.30,0
1780816546,5060.59,9
1780816547,5060.92,2
1780816548,5060.31,1
1780816549,5059.76,6
1780816550,5059.71,1
1780816551,5059.17,7
1780816552,5059.20,0
1780816553,5058.82,2
1780816554,5060.24,4
1780816555,5059.58,8
1780816556,5059.61,1
1780816557,5059.71,1
1780816558,5060.22,2
1780816559,5059.67,7
1780816560,5059.95,5
1780816561,5058.60,0
1780816562,5058.80,0
1780816563,5058.49,9
1780816564,5058.08,8
1780816565,5057.34,4
1780816566,5057.63,3
1780816567,5056.86,6
1780816568,5055.93,3
1780816569,5055.12,2
1780816570,5053.95,5
1780816571,5054.25,5
1780816572,5054.07,7
1780816573,5054.33,3
1780816574,5053.38,8
1780816575,5053.45,5
1780816576,5052.17,7
1780816577,5051.79,9
1780816578,5052.38,8
1780816579,5053.00,0
1780816580,5053.93,3
1780816581,5055.49,9
1780816582,5055.67,7
1780816583,5054.57,7
1780816584,5054.48,8
1780816585,5054.71,1
1780816586,5053.81,1
1780816587,5053.86,6
1780816588,5056.04,4
1780816589,5055.51,1
1780816590,5055.97,7
1780816591,5056.53,3
1780816592,5056.49,9
1780816593,5057.36,6
1780816594,5056.32,2
1780816595,5056.89,9
1780816596,5055.62,2
1780816597,5055.77,7
1780816598,5055.20,0
1780816599,5054.93,3
1780816600,5055.40,0
1780816601,5055.98,8
1780816602,5055.73,3
1780816603,5056.06,6
1780816604,5056.64,4
1780816605,5057.68,8
1780816606,5058.10,0
1780816607,5056.18,8
1780816608,5055.95,5
1780816609,5055.06,6
1780816610,5054.94,4
1780816611,5053.86,6
1780816612,5053.85,5
1780816613,5054.44,4
1780816614,5054.16,6
1780816615,5053.94,4
1780816616,5053.47,7
1780816617,5053.85,5
1780816618,5052.96,6
1780816619,5053.18,8
1780816620,5053.78,8
1780816621,5052.81,1
1780816622,5053.40,0
1780816623,5053.73,3
1780816624,5054.69,9
1780816625,5053.46,6
1780816626,5052.78,8
1780816627,5053.64,4
1780816628,5052.64,4
1780816629,5054.29,9
1780816630,5053.72,2
1780816631,5053.47,7
1780816632,5053.48,8
1780816633,5052.15,5
1780816634,5052.60,0
1780816635,5051.46,6
1780816636,5051.52,2
1780816637,5052.00,0
1780816638,5052.04,4
1780816639,5052.33,3
1780816640,5052.89,9
1780816641,5052.42,2
1780816642,5052.28,8
1780816643,5051.55,5
1780816644,5052.05,5
1780816645,5052.54,4
1780816646,5051.98,8
1780816647,5051.33,3
1780816648,5051.50,0
1780816649,5052.55,5
1780816650,5052.94,4
1780816651,5053.98,8
1780816652,5053.68,8
1780816653,5053.51,1
1780816654,5055.76,6
1780816655,5056.18,8
1780816656,5056.64,4
1780816657,5056.51,1
1780816658,5057.81,1
1780816659,5057.95,5
1780816660,5058.15,5
1780816661,5058.61,1
1780816662,5058.48,8
1780816663,5058.83,3
1780816664,5058.48,8
1780816665,5059.03,3
1780816666,5058.64,4
1780816667,5058.32,2
1780816668,5058.61,1
1780816669,5059.86,6
1780816670,5059.42,2
1780816671,5059.39,9
1780816672,5057.78,8
1780816673,5059.03,3
1780816674,5058.27,7
1780816675,5057.61,1
1780816676,5057.01,1
1780816677,5056.74,4
1780816678,5055.26,6
1780816679,5054.97,7
1780816680,5054.44,4
1780816681,5053.34,4
1780816682,5053.10,0
1780816683,5053.76,6
1780816684,5053.34,4
1780816685,5054.09,9
1780816686,5054.81,1
1780816687,5055.19,9
1780816688,5054.76,6
1780816689,5055.10,0
1780816690,5055.54,4
1780816691,5056.91,1
1780816692,5057.29,9
1780816693,5057.38,8
1780816694,5057.02,2
1780816695,5057.26,6
1780816696,5056.37,7
1780816697,5055.97,7
1780816698,5057.07,7
1780816699,5057.39,9
1780816700,5058.83,3
1780816701,5058.43,3
1780816702,5057.85,5
1780816703,5057.87,7
1780816704,5057.33,3
1780816705,5058.44,4
1780816706,5058.33,3
1780816707,5059.10,0
1780816708,5057.49,9
1780816709,5057.24,4
1780816710,5057.63,3
1780816711,5057.63,3
1780816712,5057.40,0
1780816713,5056.81,1
1780816714,5057.89,9
1780816715,5057.68,8
1780816716,5057.99,9
1780816717,5057.57,7
1780816718,5057.14,4
1780816719,5056.55,5
1780816720,5056.69,9
1780816721,5057.76,6
1780816722,5058.72,2
1780816723,5058.21,1
1780816724,5058.45,5
1780816725,5057.91,1
1780816726,5056.99,9
1780816727,5056.54,4
1780816728,5056.81,1
1780816729,5056.46,6
1780816730,5056.51,1
1780816731,5057.27,7
1780816732,5058.40,0
1780816733,5058.84,4
1780816734,5058.63,3
1780816735,5058.34,4
1780816736,5059.39,9
1780816737,5059.99,9
1780816738,5058.49,9
1780816739,5058.14,4
1780816740,5057.75,5
1780816741,5057.25,5
1780816742,5057.10,0
1780816743,5057.40,0
1780816744,5057.70,0
1780816745,5056.29,9
1780816746,5056.68,8
1780816747,5056.62,2
1780816748,5056.06,6
1780816749,5057.78,8
1780816750,5057.43,3
1780816751,5058.48,8
1780816752,5058.70,0
1780816753,5057.66,6
1780816754,5058.61,1
1780816755,5060.35,5
1780816756,5061.33,3
1780816757,5062.29,9
1780816758,5061.80,0
1780816759,5062.74,4
1780816760,5062.94,4
1780816761,5062.13,3
1780816762,5061.40,0
1780816763,5061.39,9
1780816764,5060.99,9
1780816765,5060.67,7
1780816766,5060.92,2
1780816767,5059.65,5
1780816768,5059.53,3
1780816769,5059.15,5
1780816770,5059.59,9
1780816771,5059.44,4
1780816772,5058.64,4
1780816773,5057.97,7
1780816774,5058.24,4
1780816775,5058.52,2
1780816776,5058.10,0
1780816777,5057.65,5
1780816778,5057.20,0
1780816779,5058.36,6
1780816780,5058.14,4
1780816781,5059.35,5
1780816782,5059.62,2
1780816783,5059.16,6
1780816784,5060.26,6
1780816785,5059.40,0
1780816786,5059.15,5
1780816787,5058.82,2
1780816788,5057.16,6
1780816789,5057.68,8
1780816790,5058.16,6
1780816791,5058.49,9
1780816792,5058.87,7
1780816793,5058.18,8
1780816794,5057.85,5
1780816795,5057.87,7
1780816796,5058.01,1
1780816797,5058.83,3
1780816798,5058.89,9
1780816799,5059.13,3
1780816800,5059.57,7
1780816801,5059.75,5
1780816802,5060.74,4
1780816803,5060.53,3
1780816804,5060.63,3
1780816805,5060.55,5
1780816806,5060.40,0
1780816807,5058.77,7
1780816808,5058.76,6
1780816809,5059.03,3
1780816810,5058.09,9
1780816811,5059.17,7
1780816812,5057.50,0
1780816813,5056.27,7
1780816814,5055.74,4
1780816815,5055.09,9
1780816816,5055.91,1
1780816817,5056.20,0
1780816818,5056.46,6
1780816819,5056.68,8
1780816820,5054.71,1
1780816821,5055.04,4
1780816822,5056.00,0
1780816823,5055.77,7
1780816824,5055.15,5
1780816825,5056.41,1
1780816826,5056.13,3
1780816827,5056.20,0
1780816828,5056.31,1
1780816829,5056.79,9
1780816830,5054.66,6
1780816831,5055.60,0
1780816832,5055.04,4
1780816833,5054.85,5
1780816834,5054.75,5
1780816835,5055.33,3
1780816836,5056.01,1
1780816837,5055.65,5
1780816838,5055.63,3
1780816839,5056.37,7
1780816840,5055.84,4
1780816841,5056.05,5
1780816842,5055.35,5
1780816843,5057.00,0
1780816844,5056.45,5
1780816845,5056.55,5
1780816846,5055.61,1
1780816847,5056.41,1
1780816848,5056.25,5
1780816849,5056.46,6
1780816850,5056.54,4
1780816851,5056.94,4
1780816852,5057.03,3
1780816853,5056.89,9
1780816854,5057.03,3
1780816855,5056.29,9
1780816856,5057.64,4
1780816857,5056.61,1
1780816858,5056.33,3
1780816859,5057.19,9
1780816860,5057.15,5
1780816861,5055.78,8
1780816862,5055.93,3
1780816863,5056.62,2
1780816864,5056.87,7
1780816865,5057.84,4
1780816866,5058.06,6
1780816867,5058.08,8
1780816868,5058.71,1
1780816869,5058.23,3
1780816870,5058.16,6
1780816871,5057.68,8
1780816872,5057.10,0
1780816873,5056.52,2
1780816874,5056.13,3
1780816875,5056.14,4
1780816876,5056.51,1
1780816877,5057.49,9
1780816878,5057.00,0
1780816879,5056.99,9
1780816880,5056.06,6
1780816881,5055.90,0
1780816882,5055.77,7
1780816883,5055.18,8
1780816884,5055.27,7
1780816885,5056.29,9
1780816886,5055.69,9
1780816887,5056.02,2
1780816888,5055.63,3
1780816889,5056.21,1
1780816890,5056.55,5
1780816891,5056.85,5
1780816892,5057.72,2
1780816893,5057.84,4
1780816894,5057.54,4
1780816895,5057.60,0
1780816896,5058.14,4
1780816897,5058.25,5
1780816898,5058.65,5
1780816899,5058.75,5
1780816900,5058.27,7
1780816901,5058.14,4
1780816902,5058.28,8
1780816903,5059.17,7
1780816904,5059.20,0
1780816905,5060.69,9
1780816906,5060.73,3
1780816907,5061.60,0
1780816908,5061.85,5
1780816909,5061.40,0
1780816910,5062.15,5
1780816911,5060.76,6
1780816912,5059.99,9
1780816913,5060.57,7
1780816914,5061.03,3
1780816915,5060.43,3
1780816916,5060.84,4
1780816917,5060.09,9
1780816918,5058.81,1
1780816919,5059.35,5
1780816920,5059.59,9
1780816921,5060.02,2
1780816922,5060.62,2
1780816923,5060.40,0
1780816924,5060.33,3
1780816925,5060.97,7
1780816926,5061.10,0
1780816927,5060.86,6
1780816928,5059.12,2
1780816929,5059.60,0
1780816930,5059.86,6
1780816931,5059.56,6
1780816932,5057.81,1
1780816933,5057.33,3
1780816934,5056.69,9
1780816935,5056.43,3
1780816936,5056.23,3
1780816937,5055.94,4
1780816938,5056.11,1
1780816939,5055.33,3
1780816940,5054.64,4
1780816941,5055.27,7
1780816942,5055.16,6
1780816943,5054.60,0
1780816944,5055.23,3
1780816945,5055.44,4
1780816946,5055.24,4
1780816947,5055.46,6
1780816948,5055.00,0
1780816949,5054.70,0
1780816950,5055.61,1
1780816951,5056.31,1
1780816952,5056.61,1
1780816953,5055.60,0
1780816954,5054.82,2
1780816955,5054.01,1
1780816956,5054.59,9
1780816957,5054.49,9
1780816958,5054.50,0
1780816959,5053.20,0
1780816960,5053.28,8
1780816961,5053.85,5
1780816962,5053.28,8
1780816963,5052.13,3
1780816964,5051.49,9
1780816965,5051.96,6
1780816966,5051.76,6
1780816967,5050.81,1
1780816968,5052.29,9
1780816969,5052.45,5
1780816970,5053.17,7
1780816971,5052.81,1
1780816972,5052.47,7
1780816973,5051.87,7
1780816974,5051.91,1
1780816975,5052.98,8
1780816976,5052.88,8
1780816977,5052.37,7
1780816978,5052.54,4
1780816979,5052.85,5
1780816980,5052.91,1
1780816981,5052.20,0
1780816982,5052.57,7
1780816983,5051.67,7
1780816984,5053.02,2
1780816985,5051.87,7
1780816986,5053.27,7
1780816987,5052.65,5
1780816988,5053.22,2
1780816989,5054.08,8
1780816990,5054.27,7
1780816991,5053.25,5
1780816992,5054.36,6
1780816993,5055.27,7
1780816994,5054.56,6
1780816995,5053.80,0
1780816996,5054.72,2
1780816997,5055.24,4
1780816998,5056.30,0
1780816999,5056.68,8
1780817000,5057.49,9
1780817001,5056.75,5
1780817002,5057.35,5
1780817003,5057.67,7
1780817004,5057.68,8
1780817005,5057.60,0
1780817006,5057.34,4
1780817007,5057.22,2
1780817008,5056.75,5
1780817009,5056.87,7
1780817010,5056.66,6
1780817011,5057.16,6
1780817012,5057.05,5
1780817013,5057.44,4
1780817014,5058.03,3
1780817015,5057.88,8
1780817016,5058.42,2
1780817017,5058.17,7
1780817018,5058.71,1
1780817019,5058.78,8
1780817020,5059.25,5
1780817021,5060.36,6
1780817022,5059.98,8
1780817023,5059.94,4
1780817024,5061.08,8
1780817025,5061.66,6
1780817026,5061.32,2
1780817027,5061.79,9
1780817028,5062.63,3
1780817029,5062.78,8
1780817030,5063.09,9
1780817031,5061.37,7
1780817032,5061.23,3
1780817033,5061.13,3
1780817034,5062.09,9
1780817035,5061.84,4
1780817036,5061.91,1
1780817037,5062.18,8
1780817038,5062.86,6
1780817039,5063.02,2
1780817040,5063.86,6
1780817041,5063.86,6
1780817042,5064.11,1
1780817043,5064.73,3
1780817044,5064.27,7
1780817045,5063.77,7
1780817046,5064.63,3
1780817047,5063.46,6
1780817048,5062.04,4
1780817049,5061.98,8
1780817050,5061.90,0
1780817051,5062.08,8
1780817052,5061.81,1
1780817053,5061.69,9
1780817054,5061.89,9
1780817055,5061.62,2
1780817056,5060.88,8
1780817057,5060.47,7
1780817058,5060.58,8
1780817059,5060.57,7
1780817060,5059.92,2
1780817061,5060.19,9
1780817062,5060.50,0
1780817063,5061.20,0
1780817064,5061.21,1
1780817065,5060.68,8
1780817066,5060.89,9
1780817067,5059.08,8
1780817068,5058.92,2
1780817069,5059.17,7
1780817070,5058.38,8
1780817071,5058.87,7
1780817072,5058.08,8
1780817073,5057.66,6
1780817074,5057.39,9
1780817075,5056.94,4
1780817076,5057.26,6
1780817077,5056.32,2
1780817078,5056.48,8
1780817079,5056.38,8
1780817080,5055.92,2
1780817081,5056.33,3
1780817082,5056.24,4
1780817083,5056.82,2
1780817084,5056.99,9
1780817085,5056.65,5
1780817086,5057.32,2
1780817087,5057.15,5
1780817088,5056.20,0
1780817089,5056.72,2
1780817090,5056.94,4
1780817091,5057.00,0
1780817092,5056.15,5
1780817093,5055.59,9
1780817094,5053.30,0
1780817095,5054.31,1
1780817096,5053.93,3
1780817097,5054.42,2
1780817098,5053.34,4
1780817099,5053.30,0
1780817100,5052.73,3
1780817101,5052.89,9
1780817102,5053.38,8
1780817103,5052.48,8
1780817104,5052.30,0
1780817105,5053.06,6
1780817106,5052.76,6
1780817107,5051.38,8
1780817108,5051.19,9
1780817109,5051.40,0
1780817110,5051.32,2
1780817111,5050.68,8
1780817112,5050.18,8
1780817113,5050.19,9
1780817114,5050.27,7
1780817115,5051.35,5
1780817116,5051.33,3
1780817117,5051.72,2
1780817118,5052.22,2
1780817119,5052.62,2
1780817120,5052.79,9
1780817121,5052.73,3
1780817122,5052.67,7
1780817123,5053.10,0
1780817124,5052.71,1
1780817125,5051.77,7
1780817126,5052.55,5
1780817127,5052.73,3
1780817128,5052.87,7
1780817129,5053.14,4
1780817130,5054.06,6
1780817131,5054.40,0
1780817132,5054.25,5
1780817133,5053.91,1
1780817134,5054.03,3
1780817135,5054.21,1
1780817136,5053.76,6
1780817137,5053.66,6
1780817138,5054.22,2
1780817139,5054.80,0
1780817140,5055.89,9
1780817141,5055.62,2
1780817142,5057.05,5
1780817143,5057.08,8
1780817144,5057.39,9
1780817145,5057.27,7
1780817146,5056.03,3
1780817147,5056.86,6
1780817148,5057.00,0
1780817149,5057.17,7
1780817150,5057.26,6
1780817151,5056.67,7
1780817152,5056.61,1
1780817153,5056.58,8
1780817154,5055.97,7
1780817155,5055.20,0
1780817156,5054.59,9
1780817157,5054.44,4
1780817158,5054.90,0
1780817159,5055.11,1
1780817160,5054.47,7
1780817161,5054.55,5
1780817162,5052.66,6
1780817163,5053.37,7
1780817164,5053.74,4
1780817165,5053.82,2
1780817166,5053.43,3
1780817167,5053.32,2
1780817168,5053.43,3
1780817169,5054.10,0
1780817170,5054.65,5
1780817171,5054.25,5
1780817172,5053.96,6
1780817173,5054.02,2
1780817174,5053.99,9
1780817175,5053.62,2
1780817176,5054.03,3
1780817177,5053.71,1
1780817178,5055.36,6
1780817179,5054.83,3
1780817180,5055.39,9
1780817181,5055.03,3
1780817182,5055.90,0
1780817183,5055.35,5
1780817184,5056.06,6
1780817185,5055.27,7
1780817186,5054.15,5
1780817187,5053.93,3
1780817188,5054.85,5
1780817189,5054.31,1
1780817190,5052.65,5
1780817191,5054.04,4
1780817192,5053.40,0
1780817193,5054.69,9
1780817194,5053.52,2
1780817195,5053.43,3
1780817196,5053.42,2
1780817197,5053.68,8
1780817198,5053.50,0
1780817199,5053.54,4
1780817200,5052.90,0
1780817201,5053.74,4
1780817202,5053.61,1
1780817203,5053.85,5
1780817204,5053.10,0
1780817205,5053.67,7
1780817206,5053.47,7
1780817207,5054.34,4
1780817208,5052.99,9
1780817209,5052.77,7
1780817210,5053.31,1
1780817211,5053.20,0
1780817212,5054.03,3
1780817213,5053.47,7
1780817214,5053.33,3
1780817215,5052.92,2
1780817216,5052.75,5
1780817217,5052.76,6
1780817218,5052.31,1
1780817219,5052.12,2
1780817220,5052.24,4
1780817221,5052.24,4
1780817222,5051.09,9
1780817223,5051.07,7
1780817224,5052.02,2
1780817225,5052.27,7
1780817226,5052.64,4
1780817227,5053.14,4
1780817228,5054.00,0
1780817229,5055.56,6
1780817230,5055.99,9
1780817231,5057.11,1
1780817232,5056.63,3
1780817233,5055.93,3
1780817234,5054.61,1
1780817235,5054.38,8
1780817236,5054.94,4
1780817237,5055.31,1
1780817238,5055.82,2
1780817239,5055.58,8
1780817240,5054.60,0
1780817241,5054.53,3
1780817242,5055.69,9
1780817243,5056.66,6
1780817244,5056.53,3
1780817245,5056.84,4
1780817246,5056.05,5
1780817247,5056.51,1
1780817248,5056.56,6
1780817249,5056.69,9
1780817250,5056.56,6
1780817251,5056.25,5
1780817252,5056.00,0
1780817253,5055.70,0
1780817254,5055.64,4
1780817255,5055.83,3
1780817256,5056.15,5
1780817257,5055.60,0
1780817258,5054.63,3
1780817259,5054.70,0
1780817260,5055.46,6
1780817261,5056.65,5
1780817262,5056.16,6
1780817263,5056.85,5
1780817264,5057.02,2
1780817265,5058.57,7
1780817266,5058.81,1
1780817267,5058.36,6
1780817268,5058.92,2
1780817269,5058.84,4
1780817270,5058.90,0
1780817271,5059.80,0
1780817272,5059.75,5
1780817273,5060.00,0
1780817274,5060.69,9
1780817275,5060.29,9
1780817276,5060.36,6
1780817277,5061.13,3
1780817278,5061.36,6
1780817279,5061.75,5
1780817280,5062.11,1
1780817281,5061.86,6
1780817282,5061.40,0
1780817283,5060.44,4
1780817284,5059.96,6
1780817285,5059.18,8
1780817286,5059.16,6
1780817287,5058.72,2
1780817288,5058.28,8
1780817289,5058.22,2
1780817290,5059.71,1
1780817291,5059.03,3
1780817292,5058.43,3
1780817293,5058.33,3
1780817294,5057.09,9
1780817295,5057.56,6
1780817296,5057.60,0
1780817297,5057.98,8
1780817298,5058.70,0
1780817299,5058.51,1
1780817300,5059.39,9
1780817301,5059.82,2
1780817302,5059.75,5
1780817303,5060.38,8
1780817304,5060.21,1
1780817305,5061.67,7
1780817306,5062.19,9
1780817307,5060.68,8
1780817308,5060.76,6
1780817309,5061.82,2
1780817310,5061.82,2
1780817311,5061.02,2
1780817312,5060.70,0
1780817313,5060.59,9
1780817314,5060.00,0
1780817315,5059.46,6
1780817316,5059.50,0
1780817317,5059.75,5
1780817318,5057.81,1
1780817319,5058.54,4
1780817320,5059.71,1
1780817321,5060.41,1
1780817322,5059.99,9
1780817323,5060.53,3
1780817324,5061.04,4
1780817325,5061.88,8
1780817326,5060.96,6
1780817327,5062.23,3
1780817328,5061.60,0
1780817329,5061.18,8
1780817330,5061.80,0
1780817331,5062.05,5
1780817332,5062.93,3
1780817333,5063.68,8
1780817334,5063.25,5
1780817335,5064.38,8
1780817336,5064.21,1
1780817337,5063.33,3
1780817338,5062.65,5
1780817339,5062.87,7
1780817340,5062.40,0
1780817341,5062.03,3
1780817342,5061.84,4
1780817343,5061.26,6
1780817344,5061.15,5
1780817345,5060.37,7
1780817346,5059.54,4
1780817347,5060.06,6
1780817348,5060.38,8
1780817349,5060.10,0
1780817350,5058.84,4
1780817351,5059.13,3
1780817352,5059.43,3
1780817353,5059.91,1
1780817354,5059.71,1
1780817355,5059.32,2
1780817356,5058.23,3
1780817357,5058.98,8
1780817358,5058.86,6
1780817359,5059.07,7
1780817360,5057.92,2
1780817361,5058.11,1
1780817362,5057.64,4
1780817363,5057.22,2
1780817364,5057.19,9
1780817365,5056.84,4
1780817366,5056.50,0
1780817367,5056.54,4
1780817368,5055.56,6
1780817369,5055.03,3
1780817370,5055.82,2
1780817371,5056.03,3
1780817372,5056.93,3
1780817373,5056.52,2
1780817374,5056.11,1
1780817375,5055.50,0
1780817376,5055.59,9
1780817377,5055.49,9
1780817378,5055.73,3
1780817379,5055.28,8
1780817380,5055.41,1
1780817381,5056.28,8
1780817382,5057.25,5
1780817383,5057.08,8
1780817384,5057.17,7
1780817385,5055.92,2
1780817386,5055.09,9
1780817387,5055.62,2
1780817388,5056.14,4
1780817389,5057.42,2
1780817390,5056.96,6
1780817391,5056.88,8
1780817392,5056.84,4
1780817393,5056.94,4
1780817394,5057.23,3
1780817395,5057.78,8
1780817396,5057.49,9
1780817397,5057.47,7
1780817398,5058.08,8
1780817399,5057.34,4
1780817400,5058.26,6
1780817401,5058.52,2
1780817402,5058.45,5
1780817403,5059.05,5
1780817404,5059.03,3
1780817405,5059.37,7
1780817406,5058.99,9
1780817407,5057.89,9
1780817408,5057.42,2
1780817409,5057.57,7
1780817410,5058.46,6
1780817411,5059.01,1
1780817412,5057.54,4
1780817413,5057.22,2
1780817414,5057.18,8
1780817415,5055.62,2
1780817416,5055.60,0
1780817417,5055.15,5
1780817418,5055.80,0
1780817419,5055.18,8
1780817420,5054.02,2
1780817421,5053.39,9
1780817422,5054.19,9
1780817423,5053.09,9
1780817424,5052.87,7
1780817425,5052.10,0
1780817426,5052.49,9
1780817427,5052.63,3
1780817428,5052.30,0
1780817429,5050.97,7
1780817430,5051.54,4
1780817431,5051.17,7
1780817432,5052.24,4
1780817433,5052.42,2
1780817434,5053.45,5
1780817435,5053.64,4
1780817436,5053.54,4
1780817437,5053.98,8
1780817438,5054.39,9
1780817439,5054.63,3
1780817440,5054.38,8
1780817441,5054.67,7
1780817442,5055.81,1
1780817443,5055.97,7
1780817444,5056.32,2
1780817445,5057.33,3
1780817446,5057.89,9
1780817447,5057.65,5
1780817448,5058.82,2
1780817449,5058.57,7
1780817450,5058.57,7
1780817451,5060.29,9
1780817452,5060.37,7
1780817453,5059.68,8
1780817454,5058.55,5
1780817455,5057.37,7
1780817456,5057.13,3
1780817457,5057.56,6
1780817458,5057.50,0
1780817459,5057.27,7
1780817460,5055.99,9
1780817461,5056.75,5
1780817462,5057.17,7
1780817463,5057.17,7
1780817464,5055.84,4
1780817465,5055.43,3
1780817466,5056.86,6
1780817467,5056.33,3
1780817468,5056.35,5
1780817469,5057.12,2
1780817470,5057.64,4
1780817471,5057.39,9
1780817472,5058.93,3
1780817473,5059.14,4
1780817474,5059.16,6
1780817475,5057.84,4
1780817476,5057.23,3
1780817477,5057.85,5
1780817478,5058.37,7
1780817479,5058.19,9
1780817480,5057.37,7
1780817481,5056.46,6
1780817482,5057.23,3
1780817483,5057.24,4
1780817484,5056.99,9
1780817485,5057.39,9
1780817486,5056.82,2
1780817487,5057.11,1
1780817488,5057.04,4
1780817489,5056.98,8
1780817490,5056.28,8
1780817491,5056.52,2
1780817492,5056.34,4
1780817493,5056.29,9
1780817494,5056.67,7
1780817495,5056.71,1
1780817496,5055.95,5
1780817497,5056.32,2
1780817498,5055.76,6
1780817499,5056.13,3
1780817500,5057.05,5
1780817501,5056.47,7
1780817502,5056.39,9
1780817503,5056.10,0
1780817504,5055.86,6
1780817505,5055.56,6
1780817506,5055.87,7
1780817507,5056.53,3
1780817508,5057.40,0
1780817509,5057.90,0
1780817510,5058.34,4
1780817511,5058.79,9
1780817512,5059.24,4
1780817513,5060.77,7
1780817514,5061.20,0
1780817515,5060.47,7
1780817516,5061.18,8
1780817517,5061.96,6
1780817518,5061.72,2
1780817519,5061.22,2
1780817520,5061.73,3
1780817521,5062.22,2
1780817522,5062.09,9
1780817523,5063.15,5
1780817524,5061.86,6
1780817525,5062.11,1
1780817526,5060.68,8
1780817527,5061.00,0
1780817528,5060.84,4
1780817529,5060.05,5
1780817530,5060.67,7
1780817531,5060.84,4
1780817532,5060.47,7
1780817533,5060.38,8
1780817534,5059.52,2
1780817535,5059.30,0
1780817536,5059.78,8
1780817537,5060.04,4
1780817538,5060.84,4
1780817539,5059.96,6
1780817540,5058.88,8
1780817541,5059.95,5
1780817542,5058.93,3
1780817543,5057.68,8
1780817544,5057.14,4
1780817545,5057.46,6
1780817546,5057.17,7
1780817547,5057.90,0
1780817548,5058.90,0
1780817549,5057.86,6
1780817550,5056.61,1
1780817551,5058.27,7
1780817552,5058.16,6
1780817553,5058.91,1
1780817554,5059.06,6
1780817555,5058.43,3
1780817556,5057.35,5
1780817557,5055.91,1
1780817558,5054.72,2
1780817559,5054.41,1
1780817560,5053.42,2
1780817561,5054.41,1
1780817562,5054.19,9
1780817563,5054.65,5
1780817564,5054.69,9
1780817565,5055.32,2
1780817566,5055.06,6
1780817567,5055.42,2
1780817568,5055.77,7
1780817569,5056.05,5
1780817570,5056.98,8
1780817571,5056.80,0
1780817572,5056.70,0
1780817573,5055.74,4
1780817574,5056.10,0
1780817575,5056.47,7
1780817576,5055.97,7
1780817577,5056.54,4
1780817578,5056.24,4
1780817579,5057.29,9
1780817580,5057.90,0
1780817581,5058.37,7
1780817582,5059.52,2
1780817583,5060.12,2
1780817584,5060.01,1
1780817585,5059.61,1
1780817586,5059.53,3
1780817587,5060.42,2
1780817588,5060.25,5
1780817589,5059.15,5
1780817590,5057.64,4
1780817591,5057.77,7
1780817592,5057.28,8
1780817593,5057.54,4
1780817594,5056.84,4
1780817595,5056.76,6
1780817596,5056.61,1
1780817597,5056.30,0
1780817598,5055.59,9
1780817599,5054.87,7
1780817600,5054.49,9
1780817601,5054.74,4
1780817602,5054.22,2
1780817603,5055.55,5
1780817604,5055.49,9
1780817605,5056.44,4
1780817606,5056.18,8
1780817607,5056.51,1
1780817608,5056.81,1
1780817609,5056.88,8
1780817610,5057.93,3
1780817611,5056.67,7
1780817612,5056.69,9
1780817613,5057.60,0
1780817614,5056.76,6
1780817615,5057.06,6
1780817616,5057.64,4
1780817617,5056.84,4
1780817618,5056.87,7
1780817619,5056.25,5
1780817620,5055.87,7
1780817621,5055.98,8
1780817622,5056.66,6
1780817623,5057.85,5
1780817624,5057.75,5
1780817625,5057.80,0
1780817626,5058.76,6
1780817627,5057.86,6
1780817628,5058.49,9
1780817629,5058.17,7
1780817630,5057.69,9
1780817631,5058.17,7
1780817632,5057.71,1
1780817633,5057.60,0
1780817634,5056.40,0
1780817635,5058.23,3
1780817636,5058.71,1
1780817637,5057.93,3
1780817638,5058.48,8
1780817639,5058.84,4
1780817640,5058.74,4
1780817641,5059.21,1
1780817642,5059.70,0
1780817643,5061.55,5
1780817644,5060.92,2
1780817645,5060.24,4
1780817646,5059.37,7
1780817647,5059.41,1
1780817648,5058.30,0
1780817649,5057.64,4
1780817650,5058.31,1
1780817651,5058.93,3
1780817652,5058.06,6
1780817653,5058.12,2
1780817654,5057.44,4
1780817655,5057.07,7
1780817656,5057.90,0
1780817657,5059.09,9
1780817658,5057.89,9
1780817659,5058.23,3
1780817660,5057.55,5
1780817661,5057.33,3
1780817662,5057.88,8
1780817663,5056.76,6
1780817664,5056.24,4
1780817665,5055.82,2
1780817666,5055.19,9
1780817667,5055.16,6
1780817668,5055.29,9
1780817669,5055.26,6
1780817670,5055.39,9
1780817671,5055.20,0
1780817672,5055.34,4
1780817673,5055.71,1
1780817674,5055.47,7
1780817675,5056.88,8
1780817676,5057.54,4
1780817677,5058.27,7
1780817678,5059.27,7
1780817679,5058.84,4
1780817680,5058.56,6
1780817681,5057.94,4
1780817682,5057.55,5
1780817683,5057.81,1
1780817684,5057.76,6
1780817685,5057.84,4
1780817686,5057.81,1
1780817687,5058.24,4
1780817688,5057.50,0
1780817689,5057.52,2
1780817690,5057.66,6
1780817691,5058.56,6
1780817692,5058.21,1
1780817693,5058.08,8
1780817694,5057.73,3
1780817695,5057.80,0
1780817696,5058.00,0
1780817697,5057.65,5
1780817698,5056.99,9
1780817699,5057.33,3
1780817700,5056.55,5
1780817701,5056.67,7
1780817702,5056.39,9
1780817703,5055.18,8
1780817704,5054.93,3
1780817705,5055.89,9
1780817706,5055.81,1
1780817707,5056.07,7
1780817708,5055.23,3
1780817709,5054.45,5
1780817710,5055.28,8
1780817711,5055.73,3
1780817712,5055.82,2
1780817713,5055.97,7
1780817714,5056.31,1
1780817715,5054.79,9
1780817716,5054.22,2
1780817717,5054.06,6
1780817718,5053.47,7
1780817719,5052.92,2
1780817720,5051.82,2
1780817721,5052.03,3
1780817722,5051.11,1
1780817723,5049.87,7
1780817724,5049.94,4
1780817725,5049.42,2
1780817726,5049.35,5
1780817727,5049.08,8
1780817728,5049.51,1
1780817729,5050.12,2
1780817730,5050.56,6
1780817731,5050.73,3
1780817732,5052.56,6
1780817733,5052.23,3
1780817734,5053.09,9
1780817735,5053.29,9
1780817736,5053.33,3
1780817737,5051.91,1
1780817738,5051.32,2
1780817739,5051.67,7
1780817740,5052.65,5
1780817741,5053.35,5
1780817742,5052.57,7
1780817743,5052.46,6
1780817744,5054.08,8
1780817745,5052.90,0
1780817746,5053.36,6
1780817747,5053.60,0
1780817748,5053.50,0
1780817749,5053.92,2
1780817750,5053.91,1
1780817751,5053.67,7
1780817752,5053.72,2
1780817753,5053.43,3
1780817754,5053.53,3
1780817755,5054.81,1
1780817756,5055.79,9
1780817757,5056.05,5
1780817758,5055.30,0
1780817759,5054.31,1
1780817760,5053.13,3
1780817761,5053.07,7
1780817762,5052.39,9
1780817763,5052.50,0
1780817764,5053.79,9
1780817765,5053.75,5
1780817766,5054.82,2
1780817767,5054.68,8
1780817768,5055.12,2
1780817769,5055.72,2
1780817770,5055.50,0
1780817771,5055.77,7
1780817772,5055.16,6
1780817773,5055.05,5
1780817774,5056.01,1
1780817775,5055.31,1
1780817776,5055.41,1
1780817777,5054.22,2
1780817778,5054.46,6
1780817779,5054.34,4
1780817780,5054.46,6
1780817781,5054.24,4
1780817782,5054.47,7
1780817783,5054.56,6
1780817784,5053.46,6
1780817785,5053.21,1
1780817786,5053.02,2
1780817787,5052.08,8
1780817788,5052.48,8
1780817789,5052.35,5
1780817790,5054.01,1
1780817791,5054.66,6
1780817792,5053.66,6
1780817793,5054.25,5
1780817794,5054.83,3
1780817795,5054.69,9
1780817796,5054.10,0
1780817797,5053.00,0
1780817798,5053.43,3
1780817799,5052.39,9
1780817800,5051.92,2
1780817801,5052.75,5
1780817802,5052.26,6
1780817803,5051.79,9
1780817804,5052.27,7
1780817805,5051.30,0
1780817806,5050.67,7
1780817807,5050.76,6
1780817808,5051.27,7
1780817809,5051.90,0
1780817810,5050.83,3
1780817811,5051.65,5
1780817812,5050.62,2
1780817813,5050.23,3
1780817814,5048.71,1
1780817815,5048.41,1
1780817816,5047.84,4
1780817817,5047.95,5
1780817818,5047.84,4
1780817819,5048.54,4
1780817820,5048.45,5
1780817821,5048.50,0
1780817822,5048.32,2
1780817823,5048.76,6
1780817824,5048.75,5
1780817825,5049.13,3
1780817826,5049.69,9
1780817827,5049.94,4
1780817828,5050.67,7
1780817829,5049.06,6
1780817830,5049.85,5
1780817831,5048.75,5
1780817832,5048.19,9
1780817833,5049.40,0
1780817834,5047.91,1
1780817835,5047.86,6
1780817836,5048.12,2
1780817837,5048.49,9
1780817838,5048.39,9
1780817839,5048.42,2
1780817840,5049.35,5
1780817841,5048.94,4
1780817842,5049.30,0
1780817843,5050.41,1
1780817844,5050.35,5
1780817845,5048.96,6
1780817846,5050.37,7
1780817847,5049.71,1
1780817848,5049.07,7
1780817849,5048.86,6
1780817850,5049.28,8
1780817851,5049.32,2
1780817852,5048.58,8
1780817853,5049.04,4
1780817854,5048.96,6
1780817855,5048.41,1
1780817856,5048.40,0
1780817857,5048.74,4
1780817858,5048.14,4
1780817859,5048.47,7
1780817860,5047.93,3
1780817861,5047.69,9
1780817862,5047.93,3
1780817863,5048.17,7
1780817864,5047.69,9
1780817865,5048.01,1
1780817866,5047.47,7
1780817867,5046.84,4
1780817868,5046.84,4
1780817869,5047.07,7
1780817870,5047.43,3
1780817871,5047.33,3
1780817872,5047.06,6
1780817873,5046.44,4
1780817874,5046.39,9
1780817875,5046.05,5
1780817876,5045.28,8
1780817877,5044.69,9
1780817878,5043.17,7
1780817879,5044.53,3
1780817880,5043.58,8
1780817881,5043.26,6
1780817882,5044.46,6
1780817883,5044.56,6
1780817884,5043.95,5
1780817885,5044.55,5
1780817886,5044.29,9
1780817887,5044.86,6
1780817888,5044.03,3
1780817889,5043.23,3
1780817890,5042.92,2
1780817891,5042.60,0
1780817892,5042.37,7
1780817893,5042.37,7
1780817894,5042.04,4
1780817895,5042.28,8
1780817896,5041.33,3
1780817897,5041.57,7
1780817898,5042.54,4
1780817899,5042.89,9
1780817900,5043.03,3
1780817901,5042.81,1
1780817902,5044.04,4
1780817903,5044.51,1
1780817904,5043.89,9
1780817905,5045.07,7
1780817906,5044.15,5
1780817907,5044.28,8
1780817908,5043.83,3
1780817909,5043.81,1
1780817910,5043.66,6
1780817911,5043.60,0
1780817912,5044.97,7
1780817913,5044.80,0
1780817914,5044.76,6
1780817915,5045.79,9
1780817916,5045.46,6
1780817917,5045.38,8
1780817918,5046.31,1
1780817919,5047.26,6
1780817920,5046.87,7
1780817921,5046.44,4
1780817922,5046.69,9
1780817923,5047.41,1
1780817924,5047.24,4
1780817925,5048.26,6
1780817926,5048.34,4
1780817927,5048.17,7
1780817928,5048.09,9
1780817929,5048.48,8
1780817930,5047.94,4
1780817931,5047.37,7
1780817932,5047.42,2
1780817933,5047.57,7
1780817934,5048.09,9
1780817935,5049.12,2
1780817936,5049.12,2
1780817937,5048.66,6
1780817938,5048.49,9
1780817939,5049.15,5
1780817940,5049.49,9
1780817941,5049.32,2
1780817942,5048.76,6
1780817943,5048.60,0
1780817944,5047.42,2
1780817945,5048.13,3
1780817946,5048.14,4
1780817947,5048.36,6
1780817948,5049.12,2
1780817949,5049.78,8
1780817950,5050.64,4
1780817951,5051.05,5
1780817952,5052.00,0
1780817953,5051.65,5
1780817954,5053.84,4
1780817955,5053.30,0
1780817956,5053.80,0
1780817957,5054.94,4
1780817958,5054.17,7
1780817959,5053.84,4
1780817960,5053.98,8
1780817961,5055.83,3
1780817962,5055.68,8
1780817963,5055.70,0
1780817964,5056.21,1
1780817965,5056.36,6
1780817966,5057.07,7
1780817967,5056.13,3
1780817968,5056.35,5
1780817969,5056.39,9
1780817970,5055.93,3
1780817971,5055.95,5
1780817972,5055.81,1
1780817973,5054.93,3
1780817974,5055.57,7
1780817975,5055.96,6
1780817976,5056.33,3
1780817977,5056.19,9
1780817978,5056.20,0
1780817979,5056.39,9
1780817980,5055.81,1
1780817981,5056.20,0
1780817982,5057.25,5
1780817983,5057.53,3
1780817984,5056.63,3
1780817985,5056.81,1
1780817986,5057.89,9
1780817987,5058.12,2
1780817988,5058.84,4
1780817989,5058.52,2
1780817990,5057.87,7
1780817991,5057.96,6
1780817992,5058.96,6
1780817993,5058.56,6
1780817994,5058.49,9
1780817995,5058.63,3
1780817996,5058.50,0
1780817997,5058.80,0
1780817998,5057.39,9
1780817999,5057.64,4
1780818000,5057.83,3
1780818001,5058.65,5
1780818002,5058.01,1
1780818003,5057.20,0
1780818004,5056.72,2
1780818005,5057.98,8
1780818006,5058.87,7
1780818007,5058.37,7
1780818008,5057.45,5
1780818009,5057.25,5
1780818010,5057.82,2
1780818011,5057.24,4
1780818012,5057.35,5
1780818013,5057.75,5
1780818014,5056.43,3
1780818015,5057.33,3
1780818016,5056.90,0
1780818017,5057.04,4
1780818018,5057.54,4
1780818019,5057.62,2
1780818020,5059.03,3
1780818021,5060.39,9
1780818022,5060.06,6
1780818023,5061.03,3
1780818024,5059.75,5
1780818025,5059.99,9
1780818026,5059.82,2
1780818027,5059.74,4
1780818028,5059.08,8
1780818029,5059.47,7
1780818030,5058.55,5
1780818031,5059.63,3
1780818032,5059.38,8
1780818033,5059.26,6
1780818034,5060.29,9
1780818035,5060.44,4
1780818036,5060.59,9
1780818037,5060.16,6
1780818038,5059.88,8
1780818039,5060.03,3
1780818040,5061.00,0
1780818041,5061.46,6
1780818042,5062.12,2
1780818043,5061.61,1
1780818044,5062.16,6
1780818045,5061.58,8
1780818046,5061.69,9
1780818047,5061.97,7
1780818048,5061.01,1
1780818049,5060.70,0
1780818050,5059.82,2
1780818051,5060.27,7
1780818052,5059.80,0
1780818053,5059.19,9
1780818054,5059.53,3
1780818055,5060.18,8
1780818056,5060.42,2
1780818057,5059.93,3
1780818058,5059.71,1
1780818059,5060.33,3
1780818060,5060.25,5
1780818061,5059.97,7
1780818062,5060.99,9
1780818063,5061.44,4
1780818064,5060.99,9
1780818065,5060.79,9
1780818066,5060.94,4
1780818067,5060.41,1
1780818068,5060.02,2
1780818069,5059.68,8
1780818070,5058.70,0
1780818071,5058.78,8
1780818072,5058.73,3
1780818073,5058.68,8
1780818074,5058.39,9
1780818075,5058.22,2
1780818076,5056.94,4
1780818077,5058.60,0
1780818078,5058.14,4
1780818079,5058.88,8
1780818080,5059.05,5
1780818081,5060.11,1
1780818082,5060.42,2
1780818083,5060.81,1
1780818084,5061.09,9
1780818085,5061.32,2
1780818086,5061.92,2
1780818087,5062.96,6
1780818088,5063.14,4
1780818089,5062.25,5
1780818090,5062.42,2
1780818091,5062.32,2
1780818092,5063.93,3
1780818093,5064.31,1
1780818094,5064.76,6
1780818095,5063.63,3
1780818096,5063.45,5
1780818097,5063.11,1
1780818098,5063.28,8
1780818099,5063.10,0
1780818100,5062.21,1
1780818101,5062.38,8
1780818102,5062.37,7
1780818103,5062.51,1
1780818104,5062.25,5
1780818105,5063.00,0
1780818106,5062.83,3
1780818107,5063.18,8
1780818108,5063.24,4
1780818109,5063.60,0
1780818110,5064.03,3
1780818111,5063.84,4
1780818112,5063.57,7
1780818113,5064.01,1
1780818114,5063.54,4
1780818115,5064.08,8
1780818116,5063.22,2
1780818117,5062.95,5
1780818118,5062.95,5
1780818119,5062.64,4
1780818120,5062.74,4
1780818121,5062.61,1
1780818122,5062.48,8
1780818123,5062.79,9
1780818124,5062.47,7
1780818125,5063.11,1
1780818126,5063.32,2
1780818127,5064.04,4
1780818128,5064.54,4
1780818129,5064.42,2
1780818130,5064.34,4
1780818131,5064.93,3
1780818132,5064.81,1
1780818133,5064.27,7
1780818134,5064.32,2
1780818135,5063.91,1
1780818136,5063.49,9
1780818137,5063.52,2
1780818138,5063.57,7
1780818139,5063.42,2
1780818140,5064.66,6
1780818141,5065.51,1
1780818142,5065.10,0
1780818143,5064.97,7
1780818144,5065.98,8
1780818145,5065.71,1
1780818146,5067.37,7
1780818147,5067.25,5
1780818148,5067.19,9
1780818149,5066.18,8
1780818150,5064.81,1
1780818151,5064.74,4
1780818152,5063.95,5
1780818153,5063.32,2
1780818154,5064.54,4
1780818155,5065.40,0
1780818156,5065.53,3
1780818157,5065.01,1
1780818158,5064.35,5
1780818159,5065.73,3
1780818160,5065.74,4
1780818161,5065.58,8
1780818162,5065.30,0
1780818163,5065.54,4
1780818164,5064.93,3
1780818165,5066.01,1
1780818166,5065.15,5
1780818167,5064.82,2
1780818168,5064.10,0
1780818169,5064.67,7
1780818170,5064.92,2
1780818171,5065.70,0
1780818172,5065.28,8
1780818173,5065.74,4
1780818174,5065.95,5
1780818175,5067.14,4
1780818176,5067.73,3
1780818177,5067.92,2
1780818178,5069.17,7
1780818179,5070.19,9
1780818180,5071.24,4
1780818181,5070.77,7
1780818182,5071.17,7
1780818183,5070.53,3
1780818184,5069.85,5
1780818185,5069.82,2
1780818186,5069.76,6
1780818187,5070.77,7
1780818188,5070.75,5
1780818189,5069.96,6
1780818190,5068.98,8
1780818191,5068.87,7
1780818192,5068.89,9
1780818193,5069.53,3
1780818194,5069.14,4
1780818195,5069.18,8
1780818196,5069.68,8
1780818197,5069.81,1
1780818198,5069.39,9
1780818199,5070.21,1
1780818200,5069.39,9
1780818201,5068.68,8
1780818202,5067.76,6
1780818203,5067.49,9
1780818204,5067.37,7
1780818205,5066.70,0
1780818206,5066.33,3
1780818207,5067.28,8
1780818208,5066.77,7
1780818209,5067.33,3
1780818210,5067.59,9
1780818211,5068.88,8
1780818212,5069.21,1
1780818213,5069.71,1
1780818214,5068.28,8
1780818215,5067.41,1
1780818216,5067.01,1
1780818217,5067.95,5
1780818218,5068.46,6
1780818219,5068.54,4
1780818220,5069.26,6
1780818221,5069.38,8
1780818222,5069.70,0
1780818223,5069.81,1
1780818224,5070.14,4
1780818225,5070.20,0
1780818226,5070.50,0
1780818227,5070.59,9
1780818228,5069.61,1
1780818229,5069.50,0
1780818230,5069.42,2
1780818231,5068.61,1
1780818232,5069.25,5
1780818233,5068.92,2
1780818234,5069.29,9
1780818235,5068.44,4
1780818236,5068.80,0
1780818237,5068.01,1
1780818238,5068.12,2
1780818239,5067.56,6
1780818240,5068.54,4
1780818241,5068.76,6
1780818242,5068.40,0
1780818243,5067.41,1
1780818244,5067.14,4
1780818245,5068.42,2
1780818246,5067.71,1
1780818247,5067.66,6
1780818248,5066.90,0
1780818249,5067.75,5
1780818250,5067.92,2
1780818251,5067.58,8
1780818252,5068.47,7
1780818253,5068.47,7
1780818254,5067.89,9
1780818255,5067.22,2
1780818256,5067.21,1
1780818257,5066.90,0
1780818258,5066.39,9
1780818259,5067.24,4
1780818260,5066.96,6
1780818261,5067.89,9
1780818262,5067.86,6
1780818263,5067.71,1
1780818264,5068.02,2
1780818265,5068.88,8
1780818266,5069.77,7
1780818267,5070.26,6
1780818268,5069.40,0
1780818269,5070.31,1
1780818270,5069.36,6
1780818271,5069.78,8
1780818272,5069.63,3
1780818273,5069.28,8
1780818274,5069.29,9
1780818275,5069.29,9
1780818276,5070.01,1
1780818277,5069.54,4
1780818278,5069.41,1
1780818279,5069.80,0
1780818280,5068.82,2
1780818281,5068.70,0
1780818282,5067.77,7
1780818283,5067.84,4
1780818284,5068.21,1
1780818285,5066.90,0
1780818286,5067.07,7
1780818287,5065.83,3
1780818288,5065.96,6
1780818289,5068.28,8
1780818290,5068.96,6
1780818291,5069.43,3
1780818292,5068.45,5
1780818293,5069.32,2
1780818294,5068.00,0
1780818295,5067.76,6
1780818296,5067.79,9
1780818297,5067.83,3
1780818298,5068.13,3
1780818299,5067.87,7
1780818300,5068.23,3
1780818301,5067.97,7
1780818302,5068.49,9
1780818303,5068.96,6
1780818304,5069.44,4
1780818305,5070.24,4
1780818306,5068.79,9
1780818307,5069.28,8
1780818308,5069.27,7
1780818309,5068.37,7
1780818310,5069.47,7
1780818311,5069.84,4
1780818312,5069.31,1
1780818313,5069.16,6
1780818314,5068.53,3
1780818315,5069.76,6
1780818316,5069.92,2
1780818317,5069.60,0
1780818318,5070.25,5
1780818319,5071.24,4
1780818320,5070.92,2
1780818321,5070.83,3
1780818322,5071.86,6
1780818323,5072.66,6
1780818324,5073.22,2
1780818325,5072.30,0
1780818326,5072.75,5
1780818327,5073.21,1
1780818328,5074.64,4
1780818329,5075.92,2
1780818330,5077.04,4
1780818331,5078.16,6
1780818332,5077.65,5
1780818333,5076.88,8
1780818334,5077.02,2
1780818335,5077.55,5
1780818336,5077.40,0
1780818337,5077.85,5
1780818338,5077.16,6
1780818339,5077.11,1
1780818340,5077.07,7
1780818341,5075.97,7
1780818342,5076.05,5
1780818343,5077.38,8
1780818344,5077.39,9
1780818345,5075.96,6
1780818346,5075.17,7
1780818347,5075.14,4
1780818348,5076.01,1
1780818349,5076.38,8
1780818350,5075.27,7
1780818351,5075.76,6
1780818352,5075.51,1
1780818353,5075.19,9
1780818354,5075.06,6
1780818355,5075.41,1
1780818356,5075.41,1
1780818357,5075.95,5
1780818358,5076.66,6
1780818359,5075.32,2
1780818360,5074.54,4
1780818361,5075.52,2
1780818362,5075.62,2
1780818363,5075.43,3
1780818364,5075.42,2
1780818365,5074.98,8
1780818366,5075.80,0
1780818367,5075.54,4
1780818368,5075.05,5
1780818369,5075.08,8
1780818370,5076.03,3
1780818371,5075.96,6
1780818372,5073.73,3
1780818373,5074.84,4
1780818374,5074.92,2
1780818375,5074.18,8
1780818376,5074.99,9
1780818377,5074.64,4
1780818378,5074.04,4
1780818379,5073.88,8
1780818380,5075.75,5
1780818381,5077.23,3
1780818382,5076.84,4
1780818383,5077.36,6
1780818384,5077.24,4
1780818385,5076.89,9
1780818386,5077.17,7
1780818387,5076.44,4
1780818388,5076.13,3
1780818389,5075.62,2
1780818390,5075.93,3
1780818391,5075.58,8
1780818392,5077.01,1
1780818393,5077.20,0
1780818394,5076.09,9
1780818395,5077.39,9
1780818396,5078.39,9
1780818397,5078.11,1
1780818398,5079.31,1
1780818399,5079.99,9
1780818400,5078.59,9
1780818401,5078.67,7
1780818402,5078.58,8
1780818403,5078.31,1
1780818404,5078.58,8
1780818405,5078.53,3
1780818406,5079.86,6
1780818407,5079.53,3
1780818408,5079.18,8
1780818409,5079.93,3
1780818410,5080.91,1
1780818411,5080.40,0
1780818412,5080.66,6
1780818413,5081.39,9
1780818414,5081.54,4
1780818415,5080.66,6
1780818416,5081.05,5
1780818417,5080.92,2
1780818418,5080.36,6
1780818419,5080.57,7
1780818420,5082.21,1
1780818421,5083.37,7
1780818422,5083.64,4
1780818423,5082.93,3
1780818424,5082.61,1
1780818425,5082.70,0
1780818426,5082.71,1
1780818427,5082.88,8
1780818428,5084.53,3
1780818429,5083.59,9
1780818430,5083.74,4
1780818431,5082.74,4
1780818432,5082.66,6
1780818433,5082.53,3
1780818434,5082.07,7
1780818435,5081.74,4
1780818436,5080.74,4
1780818437,5081.38,8
1780818438,5081.29,9
1780818439,5081.89,9
1780818440,5080.53,3
1780818441,5079.59,9
1780818442,5079.71,1
1780818443,5080.37,7
1780818444,5080.14,4
1780818445,5079.55,5
1780818446,5079.75,5
1780818447,5080.65,5
1780818448,5081.20,0
1780818449,5080.74,4
1780818450,5082.11,1
1780818451,5083.18,8
1780818452,5083.80,0
1780818453,5084.57,7
1780818454,5082.94,4
1780818455,5083.46,6
1780818456,5084.13,3
1780818457,5083.39,9
1780818458,5083.34,4
1780818459,5083.72,2
1780818460,5081.95,5
1780818461,5082.30,0
1780818462,5081.88,8
1780818463,5082.73,3
1780818464,5082.03,3
1780818465,5081.78,8
1780818466,5081.03,3
1780818467,5081.41,1
1780818468,5081.98,8
1780818469,5081.91,1
1780818470,5082.68,8
1780818471,5081.92,2
1780818472,5082.21,1
1780818473,5082.32,2
1780818474,5082.75,5
1780818475,5083.12,2
1780818476,5082.70,0
1780818477,5082.54,4
1780818478,5082.84,4
1780818479,5083.46,6
1780818480,5083.79,9
1780818481,5084.75,5
1780818482,5084.67,7
1780818483,5084.59,9
1780818484,5085.01,1
1780818485,5084.29,9
1780818486,5084.06,6
1780818487,5083.77,7
1780818488,5083.76,6
1780818489,5082.50,0
1780818490,5082.86,6
1780818491,5082.71,1
1780818492,5084.33,3
1780818493,5084.20,0
1780818494,5084.69,9
1780818495,5085.73,3
1780818496,5086.99,9
1780818497,5087.40,0
1780818498,5087.02,2
1780818499,5087.74,4
1780818500,5088.59,9
1780818501,5087.74,4
1780818502,5086.75,5
1780818503,5087.47,7
1780818504,5088.02,2
1780818505,5088.21,1
1780818506,5088.14,4
1780818507,5087.65,5
1780818508,5088.28,8
1780818509,5089.32,2
1780818510,5088.57,7
1780818511,5088.22,2
1780818512,5088.92,2
1780818513,5088.07,7
1780818514,5088.02,2
1780818515,5087.66,6
1780818516,5088.13,3
1780818517,5087.70,0
1780818518,5087.99,9
1780818519,5086.95,5
1780818520,5086.61,1
1780818521,5086.20,0
1780818522,5086.15,5
1780818523,5085.39,9
1780818524,5084.26,6
1780818525,5084.79,9
1780818526,5084.93,3
1780818527,5084.92,2
1780818528,5085.64,4
1780818529,5086.97,7
1780818530,5086.65,5
1780818531,5086.70,0
1780818532,5087.71,1
1780818533,5087.13,3
1780818534,5086.42,2
1780818535,5086.20,0
1780818536,5087.01,1
1780818537,5086.61,1
1780818538,5086.23,3
1780818539,5086.76,6
1780818540,5087.72,2
1780818541,5086.98,8
1780818542,5087.80,0
1780818543,5087.77,7
1780818544,5088.04,4
1780818545,5088.06,6
1780818546,5087.12,2
1780818547,5087.79,9
1780818548,5087.84,4
1780818549,5087.11,1
1780818550,5087.06,6
1780818551,5086.86,6
1780818552,5085.86,6
1780818553,5086.26,6
1780818554,5086.42,2
1780818555,5085.89,9
1780818556,5085.08,8
1780818557,5086.06,6
1780818558,5085.44,4
1780818559,5086.10,0
1780818560,5087.01,1
1780818561,5086.35,5
1780818562,5086.89,9
1780818563,5086.62,2
1780818564,5087.53,3
1780818565,5088.37,7
1780818566,5087.33,3
1780818567,5087.27,7
1780818568,5086.83,3
1780818569,5086.47,7
1780818570,5086.26,6
1780818571,5085.40,0
1780818572,5085.90,0
1780818573,5086.35,5
1780818574,5085.41,1
1780818575,5084.15,5
1780818576,5084.95,5
1780818577,5084.78,8
1780818578,5084.77,7
1780818579,5085.67,7
1780818580,5085.49,9
1780818581,5086.15,5
1780818582,5087.37,7
1780818583,5086.48,8
1780818584,5088.06,6
1780818585,5087.55,5
1780818586,5088.55,5
1780818587,5087.91,1
1780818588,5088.21,1
1780818589,5089.77,7
1780818590,5088.82,2
1780818591,5089.06,6
1780818592,5089.63,3
1780818593,5089.12,2
1780818594,5088.72,2
1780818595,5087.71,1
1780818596,5088.43,3
1780818597,5088.66,6
1780818598,5089.71,1
1780818599,5088.94,4
1780818600,5087.68,8
1780818601,5087.87,7
1780818602,5087.70,0
1780818603,5087.15,5
1780818604,5087.23,3
1780818605,5087.14,4
1780818606,5087.16,6
1780818607,5087.88,8
1780818608,5088.23,3
1780818609,5089.09,9
1780818610,5089.17,7
1780818611,5089.25,5
1780818612,5087.54,4
1780818613,5086.77,7
1780818614,5085.80,0
1780818615,5085.70,0
1780818616,5085.73,3
1780818617,5087.84,4
1780818618,5088.45,5
1780818619,5088.23,3
1780818620,5087.73,3
1780818621,5087.38,8
1780818622,5086.92,2
1780818623,5087.43,3
1780818624,5088.56,6
1780818625,5088.45,5
1780818626,5087.61,1
1780818627,5088.18,8
1780818628,5088.99,9
1780818629,5088.74,4
1780818630,5089.18,8
1780818631,5089.21,1
1780818632,5088.89,9
1780818633,5087.83,3
1780818634,5087.57,7
1780818635,5087.16,6
1780818636,5086.57,7
1780818637,5086.93,3
1780818638,5087.97,7
1780818639,5087.42,2
1780818640,5087.69,9
1780818641,5087.33,3
1780818642,5086.84,4
1780818643,5086.83,3
1780818644,5087.02,2
1780818645,5086.81,1
1780818646,5087.87,7
1780818647,5087.66,6
1780818648,5087.77,7
1780818649,5088.50,0
1780818650,5088.42,2
1780818651,5089.03,3
1780818652,5089.93,3
1780818653,5090.50,0
1780818654,5090.04,4
1780818655,5089.15,5
1780818656,5087.70,0
1780818657,5087.62,2
1780818658,5086.90,0
1780818659,5087.21,1
1780818660,5087.85,5
1780818661,5087.71,1
1780818662,5087.74,4
1780818663,5086.53,3
1780818664,5086.71,1
1780818665,5087.05,5
1780818666,5087.21,1
1780818667,5087.65,5
1780818668,5086.75,5
1780818669,5086.34,4
1780818670,5087.37,7
1780818671,5087.93,3
1780818672,5088.32,2
1780818673,5088.25,5
1780818674,5087.48,8
1780818675,5087.76,6
1780818676,5087.97,7
1780818677,5088.19,9
1780818678,5088.98,8
1780818679,5089.35,5
1780818680,5088.84,4
1780818681,5089.72,2
1780818682,5089.25,5
1780818683,5089.24,4
1780818684,5089.52,2
1780818685,5089.74,4
1780818686,5090.64,4
1780818687,5089.68,8
1780818688,5089.89,9
1780818689,5089.90,0
1780818690,5089.51,1
1780818691,5090.04,4
1780818692,5090.81,1
1780818693,5089.47,7
1780818694,5090.05,5
1780818695,5089.84,4
1780818696,5090.20,0
1780818697,5089.53,3
1780818698,5089.15,5
1780818699,5090.04,4
1780818700,5089.07,7
1780818701,5088.95,5
1780818702,5088.19,9
1780818703,5085.88,8
1780818704,5084.90,0
1780818705,5083.93,3
1780818706,5083.80,0
1780818707,5084.35,5
1780818708,5084.78,8
1780818709,5085.17,7
1780818710,5086.05,5
1780818711,5085.39,9
1780818712,5084.95,5
1780818713,5085.74,4
1780818714,5086.54,4
1780818715,5086.70,0
1780818716,5086.82,2
1780818717,5086.16,6
1780818718,5086.01,1
1780818719,5086.40,0
1780818720,5086.20,0
1780818721,5086.43,3
1780818722,5086.17,7
1780818723,5085.90,0
1780818724,5086.41,1
1780818725,5086.35,5
1780818726,5086.95,5
1780818727,5086.40,0
1780818728,5086.18,8
1780818729,5086.42,2
1780818730,5085.76,6
1780818731,5086.83,3
1780818732,5085.97,7
1780818733,5084.83,3
1780818734,5084.80,0
1780818735,5084.24,4
1780818736,5085.22,2
1780818737,5085.50,0
1780818738,5085.43,3
1780818739,5084.97,7
1780818740,5086.15,5
1780818741,5087.25,5
1780818742,5087.36,6
1780818743,5087.03,3
1780818744,5086.51,1
1780818745,5086.38,8
1780818746,5087.07,7
1780818747,5087.59,9
1780818748,5087.22,2
1780818749,5087.50,0
1780818750,5088.56,6
1780818751,5088.98,8
1780818752,5089.07,7
1780818753,5090.00,0
1780818754,5089.79,9
1780818755,5089.15,5
1780818756,5089.42,2
1780818757,5089.14,4
1780818758,5089.16,6
1780818759,5090.13,3
1780818760,5090.46,6
1780818761,5090.53,3
1780818762,5090.27,7
1780818763,5090.54,4
1780818764,5090.67,7
1780818765,5091.65,5
1780818766,5091.51,1
1780818767,5092.09,9
1780818768,5091.68,8
1780818769,5092.19,9
1780818770,5092.54,4
1780818771,5093.14,4
1780818772,5093.66,6
1780818773,5092.99,9
1780818774,5092.67,7
1780818775,5091.86,6
1780818776,5092.41,1
1780818777,5093.67,7
1780818778,5092.90,0
1780818779,5092.38,8
1780818780,5091.91,1
1780818781,5091.88,8
1780818782,5091.87,7
1780818783,5092.20,0
1780818784,5092.44,4
1780818785,5092.15,5
1780818786,5091.65,5
1780818787,5092.22,2
1780818788,5092.58,8
1780818789,5093.61,1
1780818790,5093.26,6
1780818791,5093.37,7
1780818792,5093.18,8
1780818793,5093.80,0
1780818794,5094.34,4
1780818795,5094.88,8
1780818796,5095.45,5
1780818797,5095.69,9
1780818798,5094.84,4
1780818799,5095.02,2
1780818800,5094.94,4
1780818801,5095.82,2
1780818802,5095.76,6
1780818803,5096.76,6
1780818804,5096.93,3
1780818805,5096.93,3
1780818806,5096.39,9
1780818807,5095.57,7
1780818808,5095.62,2
1780818809,5096.82,2
1780818810,5096.60,0
1780818811,5096.47,7
1780818812,5096.01,1
1780818813,5096.78,8
1780818814,5096.69,9
1780818815,5097.00,0
1780818816,5097.47,7
1780818817,5097.70,0
1780818818,5097.97,7
1780818819,5097.82,2
1780818820,5097.52,2
1780818821,5097.83,3
1780818822,5098.41,1
1780818823,5097.54,4
1780818824,5097.92,2
1780818825,5097.88,8
1780818826,5099.25,5
1780818827,5100.22,2
1780818828,5100.27,7
1780818829,5098.93,3
1780818830,5100.04,4
1780818831,5100.31,1
1780818832,5100.75,5
1780818833,5101.44,4
1780818834,5102.63,3
1780818835,5103.28,8
1780818836,5103.33,3
1780818837,5103.03,3
1780818838,5103.79,9
1780818839,5102.63,3
1780818840,5102.35,5
1780818841,5101.74,4
1780818842,5102.51,1
1780818843,5103.00,0
1780818844,5105.22,2
1780818845,5106.21,1
1780818846,5107.84,4
1780818847,5106.82,2
1780818848,5108.39,9
1780818849,5108.03,3
1780818850,5109.64,4
1780818851,5108.47,7
1780818852,5108.46,6
1780818853,5107.49,9
1780818854,5107.37,7
1780818855,5107.52,2
1780818856,5107.49,9
1780818857,5106.33,3
1780818858,5107.03,3
1780818859,5106.89,9
1780818860,5108.25,5
1780818861,5107.91,1
1780818862,5106.77,7
1780818863,5107.07,7
1780818864,5106.77,7
1780818865,5106.87,7
1780818866,5106.03,3
1780818867,5105.23,3
1780818868,5105.83,3
1780818869,5105.42,2
1780818870,5105.42,2
1780818871,5104.75,5
1780818872,5104.53,3
1780818873,5103.93,3
1780818874,5103.80,0
1780818875,5102.96,6
1780818876,5102.14,4
1780818877,5101.94,4
1780818878,5102.25,5
1780818879,5102.64,4
1780818880,5102.13,3
1780818881,5101.49,9
1780818882,5101.25,5
1780818883,5101.41,1
1780818884,5102.56,6
1780818885,5102.73,3
1780818886,5103.43,3
1780818887,5102.96,6
1780818888,5102.62,2
1780818889,5102.90,0
1780818890,5102.44,4
1780818891,5101.63,3
1780818892,5102.18,8
1780818893,5102.29,9
1780818894,5101.78,8
1780818895,5101.40,0
1780818896,5101.51,1
1780818897,5101.50,0
1780818898,5101.34,4
1780818899,5101.15,5
1780818900,5101.76,6
1780818901,5102.63,3
1780818902,5103.46,6
1780818903,5103.25,5
1780818904,5103.23,3
1780818905,5104.08,8
1780818906,5105.33,3
1780818907,5104.05,5
1780818908,5104.65,5
1780818909,5104.85,5
1780818910,5104.76,6
1780818911,5105.47,7
1780818912,5104.04,4
1780818913,5102.99,9
1780818914,5103.20,0
1780818915,5104.49,9
1780818916,5103.23,3
1780818917,5102.38,8
1780818918,5103.05,5
1780818919,5101.91,1
1780818920,5102.24,4
1780818921,5102.63,3
1780818922,5102.36,6
1780818923,5102.22,2
1780818924,5100.87,7
1780818925,5100.16,6
1780818926,5100.84,4
1780818927,5100.66,6
1780818928,5099.92,2
1780818929,5099.73,3
1780818930,5100.23,3
1780818931,5099.12,2
1780818932,5099.77,7
1780818933,5099.39,9
1780818934,5098.88,8
1780818935,5099.38,8
1780818936,5099.22,2
1780818937,5099.84,4
1780818938,5100.20,0
1780818939,5099.16,6
1780818940,5098.54,4
1780818941,5098.56,6
1780818942,5098.89,9
1780818943,5098.63,3
1780818944,5098.05,5
1780818945,5097.56,6
1780818946,5095.20,0
1780818947,5094.80,0
1780818948,5094.79,9
1780818949,5094.58,8
1780818950,5094.22,2
1780818951,5094.13,3
1780818952,5094.16,6
1780818953,5093.54,4
1780818954,5091.95,5
1780818955,5091.99,9
1780818956,5091.99,9
1780818957,5093.29,9
1780818958,5093.38,8
1780818959,5092.11,1
1780818960,5092.73,3
1780818961,5092.04,4
1780818962,5091.75,5
1780818963,5092.79,9
1780818964,5092.11,1
1780818965,5092.13,3
1780818966,5091.19,9
1780818967,5092.21,1
1780818968,5093.04,4
1780818969,5092.34,4
1780818970,5091.94,4
1780818971,5091.22,2
1780818972,5091.44,4
1780818973,5090.20,0
1780818974,5090.56,6
1780818975,5091.14,4
1780818976,5090.59,9
1780818977,5089.54,4
1780818978,5088.68,8
1780818979,5087.42,2
1780818980,5088.18,8
1780818981,5087.93,3
1780818982,5087.66,6
1780818983,5089.07,7
1780818984,5089.69,9
1780818985,5088.88,8
1780818986,5089.67,7
1780818987,5089.50,0
1780818988,5088.82,2
1780818989,5089.22,2
1780818990,5089.16,6
1780818991,5090.37,7
1780818992,5090.08,8
1780818993,5090.10,0
1780818994,5090.14,4
1780818995,5090.76,6
1780818996,5091.41,1
1780818997,5091.44,4
1780818998,5091.94,4
1780818999,5092.29,9
1780819000,5092.08,8
1780819001,5093.10,0
1780819002,5093.45,5
1780819003,5093.95,5
1780819004,5093.54,4
1780819005,5094.18,8
1780819006,5094.26,6
1780819007,5094.65,5
1780819008,5094.54,4
1780819009,5095.33,3
1780819010,5095.86,6
1780819011,5097.19,9
1780819012,5096.55,5
1780819013,5096.94,4
1780819014,5098.05,5
1780819015,5097.44,4
1780819016,5096.73,3
1780819017,5096.78,8
1780819018,5096.76,6
1780819019,5096.43,3
1780819020,5096.41,1
1780819021,5096.93,3
1780819022,5096.65,5
1780819023,5095.68,8
1780819024,5094.98,8
1780819025,5094.05,5
1780819026,5094.15,5
1780819027,5094.34,4
1780819028,5095.14,4
1780819029,5096.14,4
1780819030,5095.45,5
1780819031,5095.30,0
1780819032,5094.36,6
1780819033,5094.02,2
1780819034,5094.49,9
1780819035,5094.41,1
1780819036,5094.83,3
1780819037,5096.23,3
1780819038,5097.26,6
1780819039,5097.09,9
1780819040,5096.36,6
1780819041,5096.31,1
1780819042,5095.67,7
1780819043,5096.35,5
1780819044,5097.09,9
1780819045,5096.82,2
1780819046,5097.78,8
1780819047,5098.27,7
1780819048,5097.96,6
1780819049,5095.92,2
1780819050,5095.30,0
1780819051,5094.86,6
1780819052,5094.86,6
1780819053,5094.57,7
1780819054,5093.94,4
1780819055,5095.24,4
1780819056,5094.76,6
1780819057,5094.11,1
1780819058,5094.81,1
1780819059,5095.00,0
1780819060,5095.52,2
1780819061,5096.08,8
1780819062,5096.67,7
1780819063,5096.71,1
1780819064,5097.30,0
1780819065,5096.67,7
1780819066,5096.52,2
1780819067,5096.45,5
1780819068,5097.21,1
1780819069,5096.99,9
1780819070,5096.84,4
1780819071,5096.96,6
1780819072,5097.03,3
1780819073,5096.65,5
1780819074,5096.45,5
1780819075,5096.30,0
1780819076,5095.88,8
1780819077,5096.67,7
1780819078,5097.10,0
1780819079,5096.69,9
1780819080,5096.84,4
1780819081,5097.12,2
1780819082,5098.28,8
1780819083,5098.42,2
1780819084,5098.24,4
1780819085,5098.64,4
1780819086,5098.77,7
1780819087,5097.98,8
1780819088,5098.60,0
1780819089,5098.18,8
1780819090,5097.28,8
1780819091,5097.61,1
1780819092,5098.57,7
1780819093,5097.30,0
1780819094,5098.58,8
1780819095,5098.13,3
1780819096,5098.71,1
1780819097,5098.74,4
1780819098,5099.15,5
1780819099,5098.71,1
1780819100,5098.18,8
1780819101,5098.15,5
1780819102,5097.61,1
1780819103,5097.48,8
1780819104,5097.58,8
1780819105,5096.58,8
1780819106,5095.91,1
1780819107,5096.26,6
1780819108,5095.82,2
1780819109,5096.91,1
1780819110,5097.20,0
1780819111,5097.33,3
1780819112,5096.97,7
1780819113,5097.34,4
1780819114,5095.91,1
1780819115,5096.47,7
1780819116,5096.41,1
1780819117,5096.82,2
1780819118,5096.09,9
1780819119,5095.60,0
1780819120,5095.99,9
1780819121,5095.96,6
1780819122,5095.94,4
1780819123,5096.20,0
1780819124,5096.74,4
1780819125,5096.28,8
1780819126,5095.58,8
1780819127,5095.39,9
1780819128,5095.13,3
1780819129,5094.26,6
1780819130,5094.21,1
1780819131,5093.44,4
1780819132,5093.10,0
1780819133,5093.66,6
1780819134,5094.77,7
1780819135,5095.24,4
1780819136,5096.14,4
1780819137,5095.02,2
1780819138,5094.25,5
1780819139,5093.62,2
1780819140,5093.01,1
1780819141,5093.33,3
1780819142,5092.28,8
1780819143,5091.06,6
1780819144,5091.17,7
1780819145,5091.28,8
1780819146,5091.21,1
1780819147,5091.20,0
1780819148,5091.40,0
1780819149,5091.93,3
1780819150,5090.94,4
1780819151,5090.73,3
1780819152,5092.62,2
1780819153,5092.24,4
1780819154,5093.01,1
1780819155,5092.46,6
1780819156,5091.99,9
1780819157,5092.55,5
1780819158,5092.77,7
1780819159,5093.82,2
1780819160,5093.49,9
1780819161,5091.60,0
1780819162,5092.04,4
1780819163,5092.27,7
1780819164,5091.46,6
1780819165,5091.56,6
1780819166,5091.36,6
1780819167,5091.53,3
1780819168,5092.37,7
1780819169,5090.46,6
1780819170,5090.55,5
1780819171,5092.01,1
1780819172,5091.95,5
1780819173,5091.42,2
1780819174,5091.75,5
1780819175,5091.13,3
1780819176,5091.39,9
1780819177,5090.53,3
1780819178,5090.58,8
1780819179,5088.78,8
1780819180,5088.94,4
1780819181,5087.99,9
1780819182,5088.90,0
1780819183,5088.63,3
1780819184,5090.12,2
1780819185,5090.06,6
1780819186,5091.55,5
1780819187,5091.23,3
1780819188,5090.82,2
1780819189,5090.67,7
1780819190,5090.80,0
1780819191,5091.12,2
1780819192,5091.11,1
1780819193,5091.36,6
1780819194,5090.41,1
1780819195,5090.20,0
1780819196,5090.64,4
1780819197,5090.78,8
1780819198,5090.55,5
1780819199,5090.77,7
1780819200,5090.66,6
1780819201,5089.91,1
1780819202,5090.19,9
1780819203,5089.96,6
1780819204,5089.19,9
1780819205,5090.31,1
1780819206,5089.83,3
1780819207,5090.49,9
1780819208,5090.49,9
1780819209,5090.37,7
1780819210,5090.33,3
1780819211,5090.17,7
1780819212,5089.43,3
1780819213,5088.10,0
1780819214,5087.29,9
1780819215,5086.81,1
1780819216,5086.05,5
1780819217,5086.51,1
1780819218,5086.49,9
1780819219,5084.73,3
1780819220,5084.21,1
1780819221,5084.22,2
1780819222,5085.20,0
1780819223,5084.49,9
1780819224,5083.82,2
1780819225,5084.79,9
1780819226,5085.26,6
1780819227,5085.08,8
1780819228,5085.95,5
1780819229,5085.05,5
1780819230,5086.22,2
1780819231,5084.52,2
1780819232,5084.90,0
1780819233,5085.75,5
1780819234,5085.57,7
1780819235,5086.54,4
1780819236,5087.57,7
1780819237,5087.32,2
1780819238,5087.43,3
1780819239,5087.56,6
1780819240,5086.90,0
1780819241,5086.84,4
1780819242,5086.67,7
1780819243,5086.82,2
1780819244,5085.57,7
1780819245,5086.43,3
1780819246,5087.10,0
1780819247,5087.00,0
1780819248,5086.15,5
1780819249,5085.21,1
1780819250,5084.30,0
1780819251,5085.86,6
1780819252,5086.33,3
1780819253,5086.03,3
1780819254,5085.55,5
1780819255,5086.57,7
1780819256,5085.95,5
1780819257,5085.91,1
1780819258,5085.71,1
1780819259,5085.27,7
1780819260,5084.84,4
1780819261,5084.80,0
1780819262,5083.06,6
1780819263,5083.66,6
1780819264,5082.79,9
1780819265,5082.47,7
1780819266,5082.62,2
1780819267,5082.77,7
1780819268,5082.94,4
1780819269,5082.75,5
1780819270,5083.32,2
1780819271,5082.65,5
1780819272,5082.30,0
1780819273,5082.82,2
1780819274,5083.99,9
1780819275,5083.62,2
1780819276,5083.58,8
1780819277,5083.80,0
1780819278,5084.68,8
1780819279,5085.26,6
1780819280,5085.88,8
1780819281,5086.51,1
1780819282,5085.91,1
1780819283,5086.39,9
1780819284,5087.20,0
1780819285,5087.34,4
1780819286,5086.59,9
1780819287,5087.14,4
1780819288,5086.29,9
1780819289,5087.33,3
1780819290,5088.45,5
1780819291,5088.00,0
1780819292,5087.34,4
1780819293,5087.80,0
1780819294,5086.71,1
1780819295,5086.44,4
1780819296,5086.57,7
1780819297,5085.49,9
1780819298,5084.97,7
1780819299,5084.96,6
1780819300,5084.98,8
1780819301,5085.55,5
1780819302,5085.86,6
1780819303,5085.64,4
1780819304,5085.83,3
1780819305,5085.52,2
1780819306,5084.12,2
1780819307,5084.22,2
1780819308,5085.14,4
1780819309,5086.39,9
1780819310,5087.34,4
1780819311,5088.97,7
1780819312,5090.10,0
1780819313,5090.57,7
1780819314,5090.90,0
1780819315,5091.08,8
1780819316,5090.85,5
1780819317,5089.55,5
1780819318,5089.58,8
1780819319,5090.10,0
1780819320,5089.66,6
1780819321,5088.82,2
1780819322,5088.69,9
1780819323,5088.43,3
1780819324,5088.65,5
1780819325,5088.54,4
1780819326,5088.94,4
1780819327,5088.31,1
1780819328,5088.47,7
1780819329,5088.40,0
1780819330,5088.76,6
1780819331,5088.87,7
1780819332,5089.12,2
1780819333,5088.35,5
1780819334,5088.79,9
1780819335,5088.73,3
1780819336,5089.80,0
1780819337,5089.20,0
1780819338,5088.93,3
1780819339,5089.51,1
1780819340,5090.42,2
1780819341,5090.23,3
1780819342,5090.32,2
1780819343,5090.19,9
1780819344,5089.69,9
1780819345,5089.53,3
1780819346,5090.67,7
1780819347,5091.30,0
1780819348,5091.32,2
1780819349,5090.97,7
1780819350,5091.15,5
1780819351,5091.10,0
1780819352,5090.46,6
1780819353,5090.96,6
1780819354,5090.06,6
1780819355,5091.18,8
1780819356,5090.59,9
1780819357,5089.72,2
1780819358,5090.96,6
1780819359,5091.06,6
1780819360,5090.77,7
1780819361,5089.92,2
1780819362,5089.23,3
1780819363,5088.41,1
1780819364,5088.51,1
1780819365,5088.81,1
1780819366,5089.11,1
1780819367,5089.10,0
1780819368,5088.19,9
1780819369,5087.71,1
1780819370,5088.00,0
1780819371,5088.60,0
1780819372,5088.79,9
1780819373,5089.05,5
1780819374,5090.06,6
1780819375,5090.08,8
1780819376,5090.23,3
1780819377,5089.72,2
1780819378,5089.03,3
1780819379,5088.06,6
1780819380,5088.59,9
1780819381,5087.48,8
1780819382,5087.38,8
1780819383,5087.29,9
1780819384,5086.54,4
1780819385,5087.06,6
1780819386,5087.82,2
1780819387,5086.46,6
1780819388,5086.30,0
1780819389,5086.25,5
1780819390,5087.15,5
1780819391,5086.78,8
1780819392,5086.78,8
1780819393,5086.14,4
1780819394,5085.87,7
1780819395,5086.98,8
1780819396,5087.03,3
1780819397,5086.71,1
1780819398,5086.28,8
1780819399,5086.15,5
1780819400,5085.51,1
1780819401,5085.07,7
1780819402,5086.13,3
1780819403,5085.31,1
1780819404,5085.68,8
1780819405,5086.69,9
1780819406,5086.57,7
1780819407,5085.68,8
1780819408,5086.06,6
1780819409,5085.72,2
1780819410,5085.14,4
1780819411,5084.01,1
1780819412,5084.27,7
1780819413,5084.81,1
1780819414,5084.42,2
1780819415,5084.84,4
1780819416,5085.27,7
1780819417,5085.02,2
1780819418,5086.50,0
1780819419,5086.34,4
1780819420,5086.70,0
1780819421,5085.21,1
1780819422,5084.24,4
1780819423,5085.09,9
1780819424,5085.60,0
1780819425,5084.63,3
1780819426,5085.08,8
1780819427,5084.85,5
1780819428,5084.55,5
1780819429,5085.04,4
1780819430,5084.73,3
1780819431,5085.46,6
1780819432,5085.50,0
1780819433,5085.73,3
1780819434,5085.31,1
1780819435,5084.95,5
1780819436,5084.51,1
1780819437,5084.98,8
1780819438,5085.06,6
1780819439,5084.90,0
1780819440,5084.18,8
1780819441,5084.51,1
1780819442,5083.77,7
1780819443,5083.50,0
1780819444,5082.53,3
1780819445,5082.35,5
1780819446,5083.01,1
1780819447,5083.68,8
1780819448,5083.66,6
1780819449,5084.81,1
1780819450,5084.67,7
1780819451,5084.55,5
1780819452,5084.24,4
1780819453,5084.86,6
1780819454,5085.47,7
1780819455,5084.59,9
1780819456,5083.74,4
1780819457,5084.97,7
1780819458,5084.19,9
1780819459,5084.56,6
1780819460,5083.78,8
1780819461,5083.10,0
1780819462,5082.93,3
1780819463,5082.28,8
1780819464,5081.79,9
1780819465,5081.53,3
1780819466,5080.06,6
1780819467,5080.90,0
1780819468,5080.38,8
1780819469,5080.53,3
1780819470,5079.81,1
1780819471,5078.55,5
1780819472,5079.03,3
1780819473,5078.38,8
1780819474,5078.93,3
1780819475,5078.84,4
1780819476,5078.37,7
1780819477,5079.37,7
1780819478,5078.49,9
1780819479,5078.38,8
1780819480,5078.51,1
1780819481,5077.14,4
1780819482,5076.06,6
1780819483,5077.06,6
1780819484,5076.53,3
1780819485,5077.19,9
1780819486,5077.45,5
1780819487,5077.97,7
1780819488,5076.40,0
1780819489,5076.39,9
1780819490,5075.08,8
1780819491,5075.83,3
1780819492,5076.60,0
1780819493,5077.98,8
1780819494,5078.68,8
1780819495,5079.77,7
1780819496,5079.02,2
1780819497,5078.11,1
1780819498,5077.87,7
1780819499,5077.48,8
1780819500,5077.69,9
1780819501,5076.68,8
1780819502,5076.98,8
1780819503,5076.79,9
1780819504,5076.94,4
1780819505,5077.09,9
1780819506,5077.58,8
1780819507,5076.88,8
1780819508,5077.47,7
1780819509,5077.39,9
1780819510,5078.02,2
1780819511,5077.52,2
1780819512,5077.78,8
1780819513,5078.21,1
1780819514,5079.12,2
1780819515,5079.43,3
1780819516,5079.17,7
1780819517,5080.00,0
1780819518,5079.60,0
1780819519,5080.12,2
1780819520,5079.37,7
1780819521,5079.06,6
1780819522,5080.06,6
1780819523,5081.50,0
1780819524,5081.82,2
1780819525,5081.09,9
1780819526,5081.28,8
1780819527,5081.77,7
1780819528,5081.66,6
1780819529,5082.18,8
1780819530,5083.30,0
1780819531,5082.95,5
1780819532,5082.59,9
1780819533,5083.03,3
1780819534,5084.54,4
1780819535,5084.47,7
1780819536,5085.06,6
1780819537,5084.31,1
1780819538,5085.72,2
1780819539,5085.97,7
1780819540,5086.35,5
1780819541,5084.80,0
1780819542,5085.22,2
1780819543,5085.64,4
1780819544,5086.08,8
1780819545,5088.14,4
1780819546,5087.86,6
1780819547,5088.03,3
1780819548,5087.62,2
1780819549,5089.12,2
1780819550,5088.82,2
1780819551,5088.29,9
1780819552,5088.48,8
1780819553,5089.87,7
1780819554,5089.61,1
1780819555,5088.53,3
1780819556,5089.36,6
1780819557,5088.88,8
1780819558,5089.74,4
1780819559,5089.18,8
1780819560,5089.28,8
1780819561,5090.07,7
1780819562,5089.90,0
1780819563,5088.36,6
1780819564,5087.42,2
1780819565,5087.93,3
1780819566,5085.97,7
1780819567,5085.74,4
1780819568,5085.06,6
1780819569,5084.35,5
1780819570,5083.93,3
1780819571,5083.06,6
1780819572,5083.79,9
1780819573,5083.02,2
1780819574,5082.81,1
1780819575,5082.06,6
1780819576,5082.20,0
1780819577,5082.21,1
1780819578,5082.41,1
1780819579,5081.79,9
1780819580,5082.68,8
1780819581,5083.27,7
1780819582,5084.39,9
1780819583,5085.43,3
1780819584,5084.14,4
1780819585,5084.91,1
1780819586,5084.21,1
1780819587,5084.34,4
1780819588,5084.02,2
1780819589,5083.64,4
1780819590,5083.25,5
1780819591,5083.37,7
1780819592,5084.06,6
1780819593,5084.72,2
1780819594,5085.58,8
1780819595,5086.31,1
1780819596,5087.31,1
1780819597,5086.84,4
1780819598,5087.27,7
1780819599,5087.90,0
1780819600,5087.85,5
1780819601,5087.98,8
1780819602,5087.98,8
1780819603,5088.59,9
1780819604,5088.50,0
1780819605,5088.66,6
1780819606,5088.52,2
1780819607,5089.31,1
1780819608,5089.07,7
1780819609,5089.03,3
1780819610,5089.49,9
1780819611,5089.36,6
1780819612,5089.09,9
1780819613,5088.05,5
1780819614,5087.81,1
1780819615,5087.89,9
1780819616,5088.34,4
1780819617,5089.20,0
1780819618,5088.19,9
1780819619,5088.95,5
1780819620,5090.38,8
1780819621,5091.33,3
1780819622,5091.88,8
1780819623,5092.98,8
1780819624,5093.43,3
1780819625,5094.42,2
1780819626,5095.08,8
1780819627,5095.63,3
1780819628,5096.90,0
1780819629,5097.66,6
1780819630,5096.79,9
1780819631,5094.98,8
1780819632,5094.64,4
1780819633,5094.48,8
1780819634,5093.32,2
1780819635,5092.45,5
1780819636,5092.17,7
1780819637,5092.38,8
1780819638,5092.82,2
1780819639,5093.40,0
1780819640,5093.77,7
1780819641,5092.69,9
1780819642,5093.28,8
1780819643,5093.63,3
1780819644,5092.07,7
1780819645,5092.00,0
1780819646,5092.25,5
1780819647,5091.49,9
1780819648,5091.21,1
1780819649,5091.24,4
1780819650,5091.37,7
1780819651,5090.92,2
1780819652,5091.17,7
1780819653,5091.26,6
1780819654,5090.91,1
1780819655,5090.06,6
1780819656,5089.49,9
1780819657,5088.37,7
1780819658,5088.62,2
1780819659,5088.51,1
1780819660,5087.63,3
1780819661,5088.22,2
1780819662,5088.31,1
1780819663,5088.53,3
1780819664,5089.02,2
1780819665,5090.35,5
1780819666,5089.70,0
1780819667,5088.90,0
1780819668,5088.04,4
1780819669,5089.43,3
1780819670,5090.27,7
1780819671,5090.69,9
1780819672,5090.70,0
1780819673,5090.64,4
1780819674,5090.88,8
1780819675,5091.11,1
1780819676,5091.17,7
1780819677,5090.33,3
1780819678,5090.46,6
1780819679,5090.81,1
1780819680,5090.51,1
1780819681,5089.66,6
1780819682,5089.56,6
1780819683,5088.80,0
1780819684,5088.13,3
1780819685,5089.16,6
1780819686,5088.32,2
1780819687,5088.94,4
1780819688,5090.39,9
1780819689,5090.31,1
1780819690,5090.36,6
1780819691,5091.02,2
1780819692,5091.28,8
1780819693,5091.22,2
1780819694,5090.69,9
1780819695,5091.56,6
1780819696,5092.40,0
1780819697,5093.91,1
1780819698,5094.20,0
1780819699,5093.21,1
1780819700,5093.02,2
1780819701,5092.61,1
1780819702,5094.16,6
1780819703,5093.93,3
1780819704,5093.86,6
1780819705,5093.14,4
1780819706,5093.73,3
1780819707,5094.19,9
1780819708,5093.51,1
1780819709,5093.91,1
1780819710,5093.96,6
1780819711,5093.99,9
1780819712,5093.89,9
1780819713,5094.49,9
1780819714,5094.07,7
1780819715,5094.27,7
1780819716,5094.44,4
1780819717,5093.31,1
1780819718,5092.71,1
1780819719,5093.83,3
1780819720,5093.89,9
1780819721,5095.06,6
1780819722,5094.24,4
1780819723,5093.55,5
1780819724,5094.14,4
1780819725,5094.76,6
1780819726,5095.84,4
1780819727,5094.66,6
1780819728,5093.83,3
1780819729,5093.32,2
1780819730,5092.38,8
1780819731,5091.52,2
1780819732,5091.92,2
1780819733,5091.63,3
1780819734,5093.12,2
1780819735,5092.80,0
1780819736,5093.17,7
1780819737,5092.97,7
1780819738,5092.67,7
1780819739,5093.97,7
1780819740,5094.50,0
1780819741,5094.22,2
1780819742,5095.31,1
1780819743,5095.09,9
1780819744,5094.56,6
1780819745,5094.46,6
1780819746,5095.36,6
1780819747,5096.15,5
1780819748,5094.99,9
1780819749,5094.61,1
1780819750,5093.91,1
1780819751,5093.34,4
1780819752,5093.17,7
1780819753,5093.06,6
1780819754,5092.50,0
1780819755,5092.73,3
1780819756,5091.40,0
1780819757,5092.18,8
1780819758,5091.84,4
1780819759,5091.10,0
1780819760,5090.65,5
1780819761,5091.10,0
1780819762,5091.20,0
1780819763,5091.86,6
1780819764,5092.02,2
1780819765,5091.43,3
1780819766,5092.85,5
1780819767,5093.58,8
1780819768,5094.43,3
1780819769,5094.30,0
1780819770,5094.79,9
1780819771,5093.96,6
1780819772,5095.03,3
1780819773,5095.12,2
1780819774,5094.35,5
1780819775,5094.39,9
1780819776,5093.49,9
1780819777,5093.57,7
1780819778,5093.80,0
1780819779,5093.01,1
1780819780,5092.22,2
1780819781,5091.03,3
1780819782,5089.85,5
1780819783,5089.84,4
1780819784,5089.71,1
1780819785,5089.16,6
1780819786,5088.58,8
1780819787,5088.88,8
1780819788,5089.74,4
1780819789,5089.38,8
1780819790,5090.09,9
1780819791,5090.33,3
1780819792,5090.66,6
1780819793,5091.69,9
1780819794,5091.37,7
1780819795,5091.96,6
1780819796,5092.14,4
1780819797,5093.69,9
1780819798,5094.42,2
1780819799,5093.56,6
1780819800,5093.66,6
1780819801,5093.57,7
1780819802,5093.25,5
1780819803,5093.61,1
1780819804,5094.71,1
1780819805,5095.20,0
1780819806,5095.28,8
1780819807,5095.15,5
1780819808,5095.99,9
1780819809,5097.19,9
1780819810,5095.88,8
1780819811,5094.92,2
1780819812,5094.83,3
1780819813,5094.83,3
1780819814,5094.61,1
1780819815,5093.67,7
1780819816,5092.77,7
1780819817,5093.34,4
1780819818,5093.64,4
1780819819,5093.05,5
1780819820,5092.30,0
1780819821,5093.45,5
1780819822,5092.38,8
1780819823,5092.20,0
1780819824,5091.45,5
1780819825,5091.28,8
1780819826,5090.59,9
1780819827,5090.49,9
1780819828,5090.45,5
1780819829,5090.11,1
1780819830,5089.64,4
1780819831,5090.74,4
1780819832,5090.44,4
1780819833,5090.40,0
1780819834,5091.90,0
1780819835,5092.42,2
1780819836,5093.37,7
1780819837,5093.01,1
1780819838,5092.85,5
1780819839,5091.56,6
1780819840,5091.14,4
1780819841,5091.23,3
1780819842,5091.76,6
1780819843,5091.48,8
1780819844,5091.15,5
1780819845,5090.87,7
1780819846,5092.33,3
1780819847,5091.69,9
1780819848,5091.61,1
1780819849,5093.23,3
1780819850,5094.06,6
1780819851,5094.41,1
1780819852,5093.32,2
1780819853,5093.69,9
1780819854,5093.70,0
1780819855,5093.21,1
1780819856,5092.77,7
1780819857,5091.95,5
1780819858,5092.27,7
1780819859,5093.49,9
1780819860,5093.43,3
1780819861,5094.39,9
1780819862,5094.39,9
1780819863,5093.94,4
1780819864,5094.58,8
1780819865,5094.55,5
1780819866,5094.84,4
1780819867,5093.61,1
1780819868,5093.66,6
1780819869,5091.37,7
1780819870,5091.75,5
1780819871,5091.36,6
1780819872,5091.12,2
1780819873,5091.57,7
1780819874,5091.82,2
1780819875,5091.83,3
1780819876,5092.25,5
1780819877,5092.31,1
1780819878,5092.34,4
1780819879,5092.43,3
1780819880,5091.68,8
1780819881,5091.57,7
1780819882,5092.01,1
1780819883,5092.75,5
1780819884,5091.48,8
1780819885,5090.74,4
1780819886,5090.62,2
1780819887,5091.95,5
1780819888,5091.30,0
1780819889,5090.46,6
1780819890,5088.72,2
1780819891,5088.79,9
1780819892,5088.81,1
1780819893,5089.50,0
1780819894,5090.47,7
1780819895,5089.83,3
1780819896,5089.75,5
1780819897,5090.61,1
1780819898,5090.62,2
1780819899,5090.70,0
1780819900,5091.37,7
1780819901,5091.37,7
1780819902,5091.20,0
1780819903,5090.97,7
1780819904,5090.55,5
1780819905,5089.67,7
1780819906,5089.09,9
1780819907,5088.62,2
1780819908,5089.12,2
1780819909,5090.45,5
1780819910,5090.66,6
1780819911,5089.51,1
1780819912,5087.85,5
1780819913,5088.54,4
1780819914,5087.87,7
1780819915,5088.30,0
1780819916,5088.57,7
1780819917,5088.88,8
1780819918,5089.78,8
1780819919,5090.11,1
1780819920,5090.00,0
1780819921,5090.97,7
1780819922,5090.93,3
1780819923,5090.76,6
1780819924,5091.62,2
1780819925,5090.78,8
1780819926,5090.59,9
1780819927,5091.50,0
1780819928,5091.54,4
1780819929,5091.06,6
1780819930,5091.52,2
1780819931,5091.04,4
1780819932,5091.45,5
1780819933,5092.11,1
1780819934,5091.10,0
1780819935,5091.22,2
1780819936,5091.04,4
1780819937,5091.15,5
1780819938,5091.46,6
1780819939,5092.14,4
1780819940,5092.26,6
1780819941,5092.19,9
1780819942,5092.33,3
1780819943,5091.89,9
1780819944,5092.15,5
1780819945,5091.75,5
1780819946,5091.85,5
1780819947,5091.59,9
1780819948,5091.30,0
1780819949,5091.14,4
1780819950,5090.92,2
1780819951,5091.07,7
1780819952,5091.48,8
1780819953,5090.39,9
1780819954,5089.91,1
1780819955,5089.56,6
1780819956,5088.83,3
1780819957,5089.84,4
1780819958,5090.26,6
1780819959,5090.76,6
1780819960,5090.77,7
1780819961,5090.47,7
1780819962,5089.73,3
1780819963,5088.20,0
1780819964,5087.28,8
1780819965,5086.29,9
1780819966,5085.88,8
1780819967,5084.49,9
1780819968,5084.54,4
1780819969,5083.96,6
1780819970,5084.17,7
1780819971,5083.92,2
1780819972,5083.68,8
1780819973,5082.57,7
1780819974,5083.36,6
1780819975,5082.62,2
1780819976,5083.03,3
1780819977,5082.76,6
1780819978,5083.36,6
1780819979,5084.22,2
1780819980,5083.34,4
1780819981,5083.20,0
1780819982,5083.08,8
1780819983,5082.47,7
1780819984,5083.17,7
1780819985,5084.07,7
1780819986,5083.75,5
1780819987,5085.59,9
1780819988,5085.84,4
1780819989,5084.76,6
1780819990,5084.71,1
1780819991,5085.89,9
1780819992,5086.14,4
1780819993,5086.50,0
1780819994,5086.98,8
1780819995,5086.84,4
1780819996,5086.72,2
1780819997,5087.44,4
1780819998,5088.68,8
1780819999,5088.76,6
1780820000,5088.70,0
1780820001,5089.22,2
1780820002,5089.90,0
1780820003,5090.72,2
1780820004,5091.31,1
1780820005,5091.52,2
1780820006,5091.32,2
1780820007,5091.64,4
1780820008,5092.49,9
1780820009,5092.12,2
1780820010,5092.98,8
1780820011,5093.33,3
1780820012,5092.07,7
1780820013,5092.54,4
1780820014,5092.74,4
1780820015,5093.31,1
1780820016,5092.80,0
1780820017,5091.14,4
1780820018,5090.28,8
1780820019,5090.87,7
1780820020,5091.19,9
1780820021,5091.41,1
1780820022,5089.98,8
1780820023,5090.01,1
1780820024,5090.56,6
1780820025,5089.38,8
1780820026,5089.99,9
1780820027,5090.38,8
1780820028,5091.43,3
1780820029,5091.00,0
1780820030,5090.44,4
1780820031,5090.74,4
1780820032,5089.87,7
1780820033,5089.44,4
1780820034,5088.42,2
1780820035,5089.16,6
1780820036,5089.10,0
1780820037,5089.52,2
1780820038,5089.59,9
1780820039,5089.89,9
1780820040,5090.89,9
1780820041,5090.67,7
1780820042,5090.84,4
1780820043,5090.53,3
1780820044,5091.06,6
1780820045,5091.62,2
1780820046,5090.97,7
1780820047,5091.17,7
1780820048,5090.62,2
1780820049,5091.46,6
1780820050,5091.16,6
1780820051,5091.53,3
1780820052,5091.59,9
1780820053,5092.35,5
1780820054,5092.36,6
1780820055,5091.95,5
1780820056,5091.24,4
1780820057,5090.99,9
1780820058,5091.32,2
1780820059,5092.32,2
1780820060,5092.68,8
1780820061,5092.58,8
1780820062,5091.84,4
1780820063,5092.00,0
1780820064,5092.63,3
1780820065,5092.63,3
1780820066,5092.71,1
1780820067,5094.25,5
1780820068,5094.55,5
1780820069,5094.89,9
1780820070,5095.18,8
1780820071,5094.60,0
1780820072,5095.09,9
1780820073,5093.83,3
1780820074,5092.89,9
1780820075,5092.09,9
1780820076,5091.79,9
1780820077,5091.35,5
1780820078,5091.85,5
1780820079,5090.55,5
1780820080,5090.05,5
1780820081,5091.12,2
1780820082,5091.00,0
1780820083,5090.89,9
1780820084,5089.87,7
1780820085,5090.33,3
1780820086,5090.68,8
1780820087,5090.30,0
1780820088,5091.49,9
1780820089,5090.72,2
1780820090,5090.27,7
1780820091,5090.19,9
1780820092,5089.86,6
1780820093,5090.20,0
1780820094,5089.92,2
1780820095,5089.79,9
1780820096,5089.22,2
1780820097,5090.11,1
1780820098,5089.32,2
1780820099,5089.16,6
1780820100,5090.10,0
1780820101,5090.47,7
1780820102,5091.25,5
1780820103,5091.15,5
1780820104,5091.17,7
1780820105,5090.12,2
1780820106,5091.41,1
1780820107,5092.07,7
1780820108,5092.08,8
1780820109,5091.71,1
1780820110,5091.95,5
1780820111,5092.62,2
1780820112,5092.07,7
1780820113,5091.74,4
1780820114,5090.55,5
1780820115,5090.86,6
1780820116,5091.72,2
1780820117,5091.21,1
1780820118,5091.52,2
1780820119,5091.26,6
1780820120,5091.11,1
1780820121,5091.47,7
1780820122,5090.93,3
1780820123,5090.74,4
1780820124,5089.96,6
1780820125,5089.06,6
1780820126,5089.45,5
1780820127,5088.76,6
1780820128,5090.64,4
1780820129,5090.11,1
1780820130,5090.28,8
1780820131,5090.61,1
1780820132,5091.57,7
1780820133,5090.17,7
1780820134,5091.10,0
1780820135,5091.19,9
1780820136,5089.87,7
1780820137,5090.36,6
1780820138,5090.39,9
1780820139,5091.65,5
1780820140,5092.81,1
1780820141,5094.10,0
1780820142,5094.34,4
1780820143,5094.15,5
1780820144,5093.75,5
1780820145,5095.05,5
1780820146,5094.35,5
1780820147,5094.14,4
1780820148,5093.86,6
1780820149,5093.15,5
1780820150,5093.09,9
1780820151,5092.82,2
1780820152,5092.12,2
1780820153,5093.29,9
1780820154,5093.52,2
1780820155,5093.03,3
1780820156,5092.70,0
1780820157,5092.46,6
1780820158,5092.50,0
1780820159,5092.85,5
1780820160,5092.72,2
1780820161,5093.02,2
1780820162,5092.66,6
1780820163,5092.08,8
1780820164,5092.16,6
1780820165,5092.25,5
1780820166,5092.88,8
1780820167,5093.49,9
1780820168,5092.97,7
1780820169,5092.91,1
1780820170,5092.36,6
1780820171,5094.20,0
1780820172,5093.87,7
1780820173,5094.06,6
1780820174,5094.04,4
1780820175,5093.71,1
1780820176,5094.98,8
1780820177,5095.06,6
1780820178,5094.55,5
1780820179,5094.52,2
1780820180,5094.20,0
1780820181,5093.57,7
1780820182,5092.74,4
1780820183,5093.29,9
1780820184,5092.90,0
1780820185,5092.28,8
1780820186,5092.01,1
1780820187,5091.03,3
1780820188,5091.51,1
1780820189,5091.99,9
1780820190,5091.91,1
1780820191,5091.39,9
1780820192,5091.80,0
1780820193,5091.85,5
1780820194,5092.23,3
1780820195,5092.14,4
1780820196,5091.25,5
1780820197,5092.36,6
1780820198,5091.23,3
1780820199,5091.14,4
1780820200,5090.91,1
1780820201,5090.73,3
1780820202,5090.23,3
1780820203,5089.81,1
1780820204,5089.93,3
1780820205,5090.15,5
1780820206,5089.41,1
1780820207,5089.63,3
1780820208,5089.39,9
1780820209,5089.04,4
1780820210,5088.02,2
1780820211,5088.77,7
1780820212,5088.51,1
1780820213,5087.12,2
1780820214,5086.45,5
1780820215,5086.54,4
1780820216,5087.01,1
1780820217,5087.09,9
1780820218,5086.57,7
1780820219,5086.06,6
1780820220,5086.28,8
1780820221,5085.42,2
1780820222,5084.21,1
1780820223,5084.89,9
1780820224,5084.59,9
1780820225,5085.03,3
1780820226,5086.23,3
1780820227,5087.17,7
1780820228,5086.84,4
1780820229,5087.19,9
1780820230,5087.34,4
1780820231,5086.13,3
1780820232,5086.76,6
1780820233,5086.70,0
1780820234,5086.43,3
1780820235,5086.43,3
1780820236,5086.58,8
1780820237,5085.24,4
1780820238,5085.61,1
1780820239,5085.49,9
1780820240,5086.83,3
1780820241,5086.51,1
1780820242,5086.46,6
1780820243,5085.96,6
1780820244,5084.52,2
1780820245,5085.63,3
1780820246,5085.84,4
1780820247,5085.52,2
1780820248,5085.80,0
1780820249,5085.02,2
1780820250,5086.16,6
1780820251,5085.76,6
1780820252,5085.33,3
1780820253,5086.34,4
1780820254,5086.69,9
1780820255,5087.61,1
1780820256,5087.56,6
1780820257,5087.18,8
1780820258,5087.45,5
1780820259,5087.17,7
1780820260,5088.83,3
1780820261,5089.39,9
1780820262,5090.76,6
1780820263,5090.37,7
1780820264,5090.63,3
1780820265,5089.55,5
1780820266,5088.61,1
1780820267,5088.26,6
1780820268,5088.05,5
1780820269,5088.40,0
1780820270,5088.00,0
1780820271,5087.49,9
1780820272,5087.41,1
1780820273,5087.17,7
1780820274,5087.80,0
1780820275,5089.46,6
1780820276,5090.52,2
1780820277,5089.54,4
1780820278,5089.59,9
1780820279,5090.59,9
1780820280,5090.40,0
1780820281,5090.97,7
1780820282,5090.20,0
1780820283,5091.09,9
1780820284,5091.89,9
1780820285,5092.65,5
1780820286,5092.44,4
1780820287,5091.17,7
1780820288,5090.28,8
1780820289,5090.52,2
1780820290,5089.64,4
1780820291,5088.84,4
1780820292,5089.94,4
1780820293,5088.78,8
1780820294,5089.10,0
1780820295,5088.06,6
1780820296,5087.85,5
1780820297,5088.40,0
1780820298,5088.47,7
1780820299,5088.86,6
1780820300,5088.50,0
1780820301,5088.82,2
1780820302,5088.86,6
1780820303,5087.76,6
1780820304,5088.43,3
1780820305,5089.04,4
1780820306,5089.52,2
1780820307,5088.32,2
1780820308,5087.80,0
1780820309,5088.86,6
1780820310,5090.78,8
1780820311,5090.81,1
1780820312,5090.36,6
1780820313,5090.14,4
1780820314,5090.40,0
1780820315,5090.91,1
1780820316,5090.89,9
1780820317,5090.84,4
1780820318,5091.27,7
1780820319,5091.36,6
1780820320,5092.21,1
1780820321,5092.29,9
1780820322,5092.85,5
1780820323,5092.77,7
1780820324,5093.93,3
1780820325,5095.13,3
1780820326,5096.14,4
1780820327,5097.01,1
1780820328,5097.47,7
1780820329,5097.32,2
1780820330,5096.72,2
1780820331,5096.78,8
1780820332,5096.95,5
1780820333,5095.89,9
1780820334,5095.55,5
1780820335,5096.03,3
1780820336,5096.09,9
1780820337,5096.98,8
1780820338,5096.54,4
1780820339,5096.09,9
1780820340,5095.52,2
1780820341,5095.44,4
1780820342,5095.10,0
1780820343,5095.40,0
1780820344,5093.96,6
1780820345,5094.02,2
1780820346,5093.47,7
1780820347,5094.93,3
1780820348,5095.33,3
1780820349,5094.99,9
1780820350,5094.18,8
1780820351,5094.63,3
1780820352,5094.69,9
1780820353,5095.88,8
1780820354,5095.88,8
1780820355,5095.85,5
1780820356,5096.44,4
1780820357,5095.82,2
1780820358,5095.42,2
1780820359,5095.69,9
1780820360,5095.69,9
1780820361,5094.52,2
1780820362,5094.47,7
1780820363,5094.03,3
1780820364,5092.96,6
1780820365,5093.74,4
1780820366,5092.47,7
1780820367,5093.02,2
1780820368,5092.68,8
1780820369,5092.73,3
1780820370,5093.75,5
1780820371,5092.92,2
1780820372,5093.38,8
1780820373,5092.58,8
1780820374,5092.96,6
1780820375,5092.81,1
1780820376,5092.13,3
1780820377,5092.18,8
1780820378,5092.01,1
1780820379,5092.74,4
1780820380,5092.14,4
1780820381,5093.67,7
1780820382,5093.35,5
1780820383,5093.02,2
1780820384,5093.43,3
1780820385,5093.22,2
1780820386,5092.44,4
1780820387,5092.92,2
1780820388,5093.92,2
1780820389,5094.73,3
1780820390,5095.13,3
1780820391,5094.52,2
1780820392,5094.15,5
1780820393,5093.82,2
1780820394,5093.60,0
1780820395,5092.61,1
1780820396,5091.36,6
1780820397,5091.77,7
1780820398,5091.59,9
1780820399,5091.54,4
1780820400,5091.36,6
1780820401,5090.83,3
1780820402,5090.41,1
1780820403,5090.35,5
1780820404,5089.99,9
1780820405,5089.21,1
1780820406,5089.46,6
1780820407,5089.86,6
1780820408,5089.57,7
1780820409,5089.71,1
1780820410,5090.67,7
1780820411,5090.89,9
1780820412,5090.28,8
1780820413,5091.59,9
1780820414,5091.68,8
1780820415,5091.34,4
1780820416,5091.88,8
1780820417,5091.88,8
1780820418,5092.45,5
1780820419,5092.60,0
1780820420,5092.59,9
1780820421,5093.17,7
1780820422,5091.80,0
1780820423,5091.81,1
1780820424,5091.79,9
1780820425,5090.53,3
1780820426,5090.25,5
1780820427,5090.32,2
1780820428,5089.70,0
1780820429,5089.20,0
1780820430,5089.65,5
1780820431,5089.48,8
1780820432,5088.92,2
1780820433,5088.76,6
1780820434,5087.96,6
1780820435,5087.26,6
1780820436,5088.29,9
1780820437,5089.83,3
1780820438,5089.75,5
1780820439,5089.45,5
1780820440,5089.98,8
1780820441,5089.88,8
1780820442,5088.99,9
1780820443,5089.78,8
1780820444,5089.46,6
1780820445,5089.46,6
1780820446,5089.38,8
1780820447,5090.54,4
1780820448,5089.58,8
1780820449,5089.68,8
1780820450,5088.52,2
1780820451,5089.13,3
1780820452,5087.81,1
1780820453,5087.57,7
1780820454,5087.18,8
1780820455,5086.96,6
1780820456,5087.16,6
1780820457,5087.25,5
1780820458,5086.62,2
1780820459,5086.95,5
1780820460,5086.87,7
1780820461,5086.71,1
1780820462,5086.16,6
1780820463,5085.38,8
1780820464,5084.13,3
1780820465,5084.75,5
1780820466,5084.48,8
1780820467,5084.18,8
1780820468,5083.99,9
1780820469,5083.70,0
1780820470,5084.72,2
1780820471,5084.43,3
1780820472,5084.69,9
1780820473,5085.17,7
1780820474,5084.88,8
1780820475,5083.21,1
1780820476,5082.64,4
1780820477,5082.41,1
1780820478,5081.94,4
1780820479,5082.61,1
1780820480,5082.56,6
1780820481,5082.12,2
1780820482,5083.02,2
1780820483,5085.11,1
1780820484,5084.80,0
1780820485,5085.05,5
1780820486,5085.26,6
1780820487,5084.32,2
1780820488,5084.48,8
1780820489,5083.77,7
1780820490,5083.14,4
1780820491,5083.05,5
1780820492,5083.66,6
1780820493,5083.86,6
1780820494,5083.25,5
1780820495,5083.36,6
1780820496,5083.72,2
1780820497,5083.53,3
1780820498,5083.69,9
1780820499,5082.56,6
1780820500,5081.86,6
1780820501,5081.31,1
1780820502,5081.64,4
1780820503,5081.01,1
1780820504,5081.53,3
1780820505,5081.34,4
1780820506,5081.71,1
1780820507,5081.49,9
1780820508,5080.66,6
1780820509,5079.96,6
1780820510,5080.17,7
1780820511,5080.15,5
1780820512,5080.24,4
1780820513,5081.18,8
1780820514,5081.44,4
1780820515,5081.31,1
1780820516,5081.50,0
1780820517,5082.00,0
1780820518,5081.13,3
1780820519,5081.24,4
1780820520,5081.03,3
1780820521,5080.89,9
1780820522,5081.65,5
1780820523,5081.54,4
1780820524,5081.70,0
1780820525,5080.94,4
1780820526,5080.27,7
1780820527,5080.74,4
1780820528,5081.54,4
1780820529,5081.66,6
1780820530,5081.30,0
1780820531,5081.15,5
1780820532,5081.68,8
1780820533,5081.27,7
1780820534,5081.65,5
1780820535,5081.31,1
1780820536,5082.20,0
1780820537,5082.21,1
1780820538,5081.67,7
1780820539,5082.13,3
1780820540,5082.57,7
1780820541,5083.90,0
1780820542,5085.78,8
1780820543,5086.37,7
1780820544,5086.37,7
1780820545,5086.85,5
1780820546,5088.05,5
1780820547,5088.39,9
1780820548,5089.25,5
1780820549,5090.63,3
1780820550,5090.36,6
1780820551,5091.03,3
1780820552,5090.30,0
1780820553,5091.19,9
1780820554,5090.78,8
1780820555,5091.59,9
1780820556,5091.98,8
1780820557,5092.67,7
1780820558,5092.08,8
1780820559,5091.23,3
1780820560,5091.58,8
1780820561,5092.10,0
1780820562,5092.18,8
1780820563,5092.32,2
1780820564,5091.88,8
1780820565,5091.11,1
1780820566,5091.74,4
1780820567,5092.14,4
1780820568,5092.31,1
1780820569,5092.58,8
1780820570,5092.21,1
1780820571,5092.43,3
1780820572,5092.49,9
1780820573,5092.04,4
1780820574,5092.11,1
1780820575,5092.57,7
1780820576,5092.79,9
1780820577,5091.53,3
1780820578,5091.79,9
1780820579,5092.17,7
1780820580,5091.81,1
1780820581,5092.03,3
1780820582,5092.72,2
1780820583,5092.80,0
1780820584,5093.21,1
1780820585,5092.97,7
1780820586,5093.52,2
1780820587,5093.53,3
1780820588,5093.28,8
1780820589,5093.31,1
1780820590,5092.43,3
1780820591,5091.75,5
1780820592,5091.77,7
1780820593,5092.30,0
1780820594,5092.50,0
1780820595,5092.88,8
1780820596,5092.39,9
1780820597,5092.04,4
1780820598,5092.64,4
1780820599,5093.78,8
1780820600,5094.41,1
1780820601,5094.17,7
1780820602,5093.79,9
1780820603,5094.09,9
1780820604,5094.14,4
1780820605,5094.54,4
1780820606,5094.34,4
1780820607,5094.45,5
1780820608,5095.52,2
1780820609,5095.58,8
1780820610,5094.18,8
1780820611,5095.04,4
1780820612,5096.35,5
1780820613,5095.54,4
1780820614,5094.18,8
1780820615,5092.98,8
1780820616,5092.31,1
1780820617,5091.62,2
1780820618,5091.03,3
1780820619,5091.04,4
1780820620,5091.30,0
1780820621,5091.76,6
1780820622,5092.02,2
1780820623,5093.28,8
1780820624,5094.01,1
1780820625,5093.73,3
1780820626,5093.37,7
1780820627,5093.33,3
1780820628,5093.55,5
1780820629,5092.92,2
1780820630,5092.67,7
1780820631,5092.07,7
1780820632,5092.18,8
1780820633,5092.34,4
1780820634,5092.96,6
1780820635,5091.32,2
1780820636,5092.10,0
1780820637,5092.99,9
1780820638,5091.90,0
1780820639,5091.57,7
1780820640,5091.84,4
1780820641,5091.47,7
1780820642,5090.02,2
1780820643,5090.90,0
1780820644,5090.87,7
1780820645,5090.32,2
1780820646,5089.20,0
1780820647,5089.30,0
1780820648,5089.24,4
1780820649,5088.64,4
1780820650,5088.67,7
1780820651,5088.94,4
1780820652,5088.93,3
1780820653,5088.95,5
1780820654,5088.73,3
1780820655,5087.46,6
1780820656,5088.25,5
1780820657,5088.74,4
1780820658,5089.76,6
1780820659,5090.14,4
1780820660,5090.33,3
1780820661,5089.59,9
1780820662,5089.75,5
1780820663,5090.22,2
1780820664,5090.99,9
1780820665,5090.62,2
1780820666,5091.64,4
1780820667,5091.75,5
1780820668,5092.13,3
1780820669,5092.28,8
1780820670,5092.58,8
1780820671,5092.51,1
1780820672,5091.87,7
1780820673,5092.91,1
1780820674,5092.80,0
1780820675,5093.00,0
1780820676,5092.43,3
1780820677,5092.02,2
1780820678,5091.28,8
1780820679,5091.46,6
1780820680,5091.16,6
1780820681,5090.59,9
1780820682,5090.76,6
1780820683,5090.33,3
1780820684,5090.31,1
1780820685,5089.36,6
1780820686,5089.02,2
1780820687,5090.57,7
1780820688,5090.96,6
1780820689,5091.07,7
1780820690,5092.01,1
1780820691,5091.31,1
1780820692,5091.25,5
1780820693,5091.58,8
1780820694,5091.57,7
1780820695,5091.90,0
1780820696,5092.03,3
1780820697,5091.67,7
1780820698,5092.57,7
1780820699,5091.13,3
1780820700,5091.10,0
1780820701,5091.01,1
1780820702,5090.01,1
1780820703,5089.41,1
1780820704,5088.51,1
1780820705,5088.75,5
1780820706,5088.88,8
1780820707,5088.42,2
1780820708,5089.15,5
1780820709,5088.96,6
1780820710,5089.21,1
1780820711,5089.77,7
1780820712,5089.40,0
1780820713,5089.32,2
1780820714,5089.08,8
1780820715,5088.65,5
1780820716,5088.88,8
1780820717,5088.31,1
1780820718,5088.03,3
1780820719,5087.76,6
1780820720,5086.90,0
1780820721,5086.52,2
1780820722,5086.43,3
1780820723,5085.99,9
1780820724,5086.55,5
1780820725,5087.70,0
1780820726,5087.45,5
1780820727,5087.31,1
1780820728,5087.62,2
1780820729,5087.76,6
1780820730,5087.69,9
1780820731,5087.93,3
1780820732,5087.59,9
1780820733,5086.48,8
1780820734,5086.50,0
1780820735,5087.55,5
1780820736,5086.34,4
1780820737,5086.91,1
1780820738,5088.08,8
1780820739,5088.80,0
1780820740,5087.94,4
1780820741,5089.14,4
1780820742,5090.31,1
1780820743,5091.19,9
1780820744,5090.84,4
1780820745,5090.74,4
1780820746,5090.12,2
1780820747,5089.54,4
1780820748,5089.01,1
1780820749,5089.48,8
1780820750,5090.10,0
1780820751,5089.90,0
1780820752,5089.81,1
1780820753,5091.19,9
1780820754,5091.92,2
1780820755,5092.18,8
1780820756,5091.76,6
1780820757,5093.40,0
1780820758,5093.50,0
1780820759,5093.50,0
1780820760,5093.54,4
1780820761,5093.70,0
1780820762,5093.36,6
1780820763,5093.94,4
1780820764,5095.15,5
1780820765,5096.34,4
1780820766,5096.34,4
1780820767,5096.44,4
1780820768,5097.36,6
1780820769,5097.85,5
1780820770,5097.71,1
1780820771,5097.80,0
1780820772,5097.45,5
1780820773,5096.25,5
1780820774,5097.26,6
1780820775,5096.68,8
1780820776,5096.34,4
1780820777,5096.38,8
1780820778,5096.47,7
1780820779,5097.36,6
1780820780,5096.94,4
1780820781,5097.89,9
1780820782,5097.03,3
1780820783,5096.74,4
1780820784,5097.12,2
1780820785,5097.21,1
1780820786,5096.45,5
1780820787,5096.22,2
1780820788,5096.95,5
1780820789,5095.85,5
1780820790,5097.29,9
1780820791,5097.32,2
1780820792,5097.51,1
1780820793,5098.04,4
1780820794,5097.77,7
1780820795,5097.45,5
1780820796,5096.58,8
1780820797,5096.17,7
1780820798,5096.37,7
1780820799,5096.74,4
1780820800,5098.86,6
1780820801,5099.22,2
1780820802,5099.27,7
1780820803,5099.85,5
1780820804,5099.65,5
1780820805,5099.76,6
1780820806,5100.98,8
1780820807,5100.80,0
1780820808,5100.99,9
1780820809,5101.54,4
1780820810,5101.78,8
1780820811,5103.23,3
1780820812,5102.38,8
1780820813,5102.74,4
1780820814,5103.73,3
1780820815,5104.46,6
1780820816,5104.46,6
1780820817,5105.04,4
1780820818,5104.77,7
1780820819,5104.94,4
1780820820,5104.27,7
1780820821,5104.99,9
1780820822,5104.49,9
1780820823,5104.39,9
1780820824,5104.07,7
1780820825,5104.30,0
1780820826,5104.35,5
1780820827,5104.75,5
1780820828,5103.82,2
1780820829,5102.88,8
1780820830,5102.86,6
1780820831,5103.10,0
1780820832,5102.74,4
1780820833,5102.17,7
1780820834,5101.92,2
1780820835,5101.68,8
1780820836,5101.00,0
1780820837,5102.21,1
1780820838,5102.21,1
1780820839,5102.19,9
1780820840,5102.95,5
1780820841,5102.52,2
1780820842,5102.15,5
1780820843,5101.75,5
1780820844,5101.48,8
1780820845,5101.73,3
1780820846,5100.79,9
1780820847,5101.99,9
1780820848,5101.88,8
1780820849,5102.28,8
1780820850,5101.06,6
1780820851,5101.20,0
1780820852,5102.46,6
1780820853,5103.23,3
1780820854,5102.72,2
1780820855,5101.81,1
1780820856,5102.42,2
1780820857,5102.53,3
1780820858,5103.43,3
1780820859,5102.42,2
1780820860,5102.83,3
1780820861,5101.95,5
1780820862,5102.14,4
1780820863,5101.93,3
1780820864,5101.02,2
1780820865,5100.06,6
1780820866,5099.88,8
1780820867,5098.39,9
1780820868,5098.82,2
1780820869,5098.13,3
1780820870,5098.71,1
1780820871,5098.64,4
1780820872,5099.10,0
1780820873,5099.33,3
1780820874,5099.18,8
1780820875,5099.06,6
1780820876,5098.57,7
1780820877,5098.87,7
1780820878,5099.36,6
1780820879,5099.26,6
1780820880,5100.35,5
1780820881,5101.10,0
1780820882,5100.19,9
1780820883,5100.39,9
1780820884,5102.00,0
1780820885,5101.91,1
1780820886,5101.61,1
1780820887,5102.49,9
1780820888,5102.69,9
1780820889,5102.75,5
1780820890,5102.53,3
1780820891,5103.23,3
1780820892,5102.98,8
1780820893,5102.79,9
1780820894,5101.97,7
1780820895,5101.66,6
1780820896,5101.73,3
1780820897,5101.55,5
1780820898,5101.07,7
1780820899,5101.05,5
1780820900,5101.04,4
1780820901,5101.73,3
1780820902,5101.14,4
1780820903,5100.52,2
1780820904,5099.77,7
1780820905,5100.85,5
1780820906,5101.86,6
1780820907,5102.66,6
1780820908,5104.14,4
1780820909,5104.22,2
1780820910,5104.57,7
1780820911,5105.15,5
1780820912,5106.27,7
1780820913,5106.95,5
1780820914,5106.70,0
1780820915,5106.38,8
1780820916,5107.06,6
1780820917,5106.86,6
1780820918,5107.41,1
1780820919,5107.52,2
1780820920,5108.01,1
1780820921,5107.49,9
1780820922,5108.05,5
1780820923,5108.70,0
1780820924,5108.89,9
1780820925,5108.33,3
1780820926,5109.07,7
1780820927,5108.93,3
1780820928,5109.11,1
1780820929,5109.89,9
1780820930,5109.30,0
1780820931,5108.66,6
1780820932,5109.29,9
1780820933,5109.36,6
1780820934,5109.67,7
1780820935,5110.50,0
1780820936,5109.66,6
1780820937,5109.53,3
