epoch,price,last_digit
1780810934,4880.272,2
1780810936,4880.098,8
1780810938,4879.827,7
1780810940,4879.582,2
1780810942,4879.531,1
1780810944,4879.551,1
1780810946,4879.656,6
1780810948,4879.803,3
1780810950,4879.758,8
1780810952,4880.000,0
1780810954,4879.895,5
1780810956,4879.753,3
1780810958,4879.729,9
1780810960,4879.726,6
1780810962,4879.694,4
1780810964,4879.678,8
1780810966,4879.647,7
1780810968,4879.502,2
1780810970,4879.496,6
1780810972,4879.581,1
1780810974,4879.473,3
1780810976,4879.513,3
1780810978,4879.404,4
1780810980,4879.596,6
1780810982,4879.968,8
1780810984,4880.222,2
1780810986,4880.142,2
1780810988,4880.298,8
1780810990,4880.455,5
1780810992,4880.431,1
1780810994,4880.539,9
1780810996,4880.423,3
1780810998,4880.426,6
1780811000,4880.290,0
1780811002,4880.107,7
1780811004,4880.199,9
1780811006,4880.321,1
1780811008,4880.256,6
1780811010,4880.189,9
1780811012,4880.372,2
1780811014,4880.157,7
1780811016,4880.114,4
1780811018,4880.159,9
1780811020,4880.246,6
1780811022,4880.432,2
1780811024,4880.656,6
1780811026,4880.647,7
1780811028,4880.611,1
1780811030,4880.550,0
1780811032,4880.408,8
1780811034,4880.429,9
1780811036,4880.649,9
1780811038,4880.407,7
1780811040,4880.311,1
1780811042,4880.137,7
1780811044,4880.218,8
1780811046,4880.139,9
1780811048,4879.971,1
1780811050,4879.845,5
1780811052,4879.626,6
1780811054,4879.552,2
1780811056,4879.397,7
1780811058,4879.465,5
1780811060,4879.265,5
1780811062,4879.132,2
1780811064,4878.905,5
1780811066,4878.972,2
1780811068,4878.940,0
1780811070,4878.646,6
1780811072,4878.592,2
1780811074,4878.748,8
1780811076,4878.738,8
1780811078,4878.715,5
1780811080,4878.733,3
1780811082,4878.586,6
1780811084,4878.656,6
1780811086,4878.721,1
1780811088,4878.685,5
1780811090,4878.791,1
1780811092,4878.875,5
1780811094,4878.911,1
1780811096,4878.943,3
1780811098,4879.003,3
1780811100,4878.990,0
1780811102,4878.809,9
1780811104,4878.789,9
1780811106,4878.587,7
1780811108,4878.537,7
1780811110,4878.638,8
1780811112,4878.939,9
1780811114,4878.998,8
1780811116,4878.872,2
1780811118,4878.682,2
1780811120,4878.663,3
1780811122,4878.666,6
1780811124,4878.548,8
1780811126,4878.490,0
1780811128,4878.608,8
1780811130,4878.616,6
1780811132,4878.547,7
1780811134,4878.619,9
1780811136,4878.497,7
1780811138,4878.525,5
1780811140,4878.667,7
1780811142,4878.551,1
1780811144,4878.567,7
1780811146,4878.463,3
1780811148,4878.247,7
1780811150,4878.119,9
1780811152,4878.162,2
1780811154,4878.082,2
1780811156,4878.139,9
1780811158,4878.118,8
1780811160,4878.098,8
1780811162,4877.929,9
1780811164,4877.810,0
1780811166,4877.706,6
1780811168,4877.712,2
1780811170,4877.723,3
1780811172,4877.556,6
1780811174,4877.545,5
1780811176,4877.733,3
1780811178,4877.722,2
1780811180,4877.669,9
1780811182,4877.884,4
1780811184,4877.999,9
1780811186,4878.120,0
1780811188,4878.063,3
1780811190,4877.854,4
1780811192,4878.157,7
1780811194,4878.225,5
1780811196,4878.163,3
1780811198,4878.299,9
1780811200,4878.296,6
1780811202,4878.179,9
1780811204,4878.220,0
1780811206,4878.230,0
1780811208,4878.006,6
1780811210,4878.074,4
1780811212,4877.934,4
1780811214,4877.933,3
1780811216,4877.779,9
1780811218,4877.804,4
1780811220,4877.999,9
1780811222,4877.927,7
1780811224,4877.811,1
1780811226,4877.727,7
1780811228,4877.533,3
1780811230,4877.668,8
1780811232,4877.742,2
1780811234,4877.860,0
1780811236,4878.046,6
1780811238,4877.805,5
1780811240,4877.635,5
1780811242,4877.864,4
1780811244,4877.748,8
1780811246,4877.742,2
1780811248,4877.872,2
1780811250,4877.824,4
1780811252,4877.800,0
1780811254,4877.680,0
1780811256,4877.671,1
1780811258,4877.831,1
1780811260,4877.772,2
1780811262,4877.777,7
1780811264,4877.610,0
1780811266,4877.512,2
1780811268,4877.681,1
1780811270,4877.532,2
1780811272,4877.487,7
1780811274,4877.458,8
1780811276,4877.703,3
1780811278,4877.556,6
1780811280,4877.511,1
1780811282,4877.494,4
1780811284,4877.370,0
1780811286,4877.519,9
1780811288,4877.927,7
1780811290,4877.861,1
1780811292,4877.849,9
1780811294,4877.830,0
1780811296,4877.960,0
1780811298,4877.998,8
1780811300,4878.010,0
1780811302,4878.182,2
1780811304,4878.473,3
1780811306,4878.427,7
1780811308,4878.430,0
1780811310,4878.380,0
1780811312,4878.530,0
1780811314,4878.691,1
1780811316,4878.522,2
1780811318,4878.328,8
1780811320,4878.390,0
1780811322,4878.389,9
1780811324,4878.351,1
1780811326,4878.506,6
1780811328,4878.302,2
1780811330,4878.234,4
1780811332,4878.393,3
1780811334,4878.471,1
1780811336,4878.391,1
1780811338,4878.607,7
1780811340,4878.667,7
1780811342,4878.589,9
1780811344,4878.909,9
1780811346,4879.111,1
1780811348,4879.235,5
1780811350,4879.324,4
1780811352,4879.171,1
1780811354,4879.081,1
1780811356,4879.097,7
1780811358,4878.943,3
1780811360,4879.015,5
1780811362,4878.900,0
1780811364,4878.985,5
1780811366,4878.954,4
1780811368,4879.017,7
1780811370,4879.111,1
1780811372,4879.180,0
1780811374,4879.047,7
1780811376,4878.968,8
1780811378,4878.813,3
1780811380,4878.798,8
1780811382,4878.717,7
1780811384,4878.701,1
1780811386,4878.726,6
1780811388,4878.600,0
1780811390,4878.660,0
1780811392,4878.672,2
1780811394,4878.570,0
1780811396,4878.659,9
1780811398,4878.595,5
1780811400,4878.514,4
1780811402,4878.717,7
1780811404,4878.721,1
1780811406,4878.785,5
1780811408,4878.898,8
1780811410,4878.788,8
1780811412,4879.109,9
1780811414,4879.230,0
1780811416,4879.101,1
1780811418,4878.986,6
1780811420,4878.993,3
1780811422,4879.139,9
1780811424,4879.252,2
1780811426,4879.378,8
1780811428,4879.564,4
1780811430,4879.588,8
1780811432,4879.565,5
1780811434,4879.516,6
1780811436,4879.552,2
1780811438,4879.407,7
1780811440,4879.475,5
1780811442,4879.244,4
1780811444,4879.017,7
1780811446,4879.113,3
1780811448,4879.085,5
1780811450,4878.885,5
1780811452,4878.923,3
1780811454,4879.049,9
1780811456,4879.091,1
1780811458,4879.068,8
1780811460,4879.282,2
1780811462,4879.252,2
1780811464,4879.321,1
1780811466,4879.302,2
1780811468,4879.419,9
1780811470,4879.288,8
1780811472,4879.272,2
1780811474,4879.523,3
1780811476,4879.420,0
1780811478,4879.554,4
1780811480,4879.496,6
1780811482,4879.505,5
1780811484,4879.343,3
1780811486,4879.381,1
1780811488,4879.479,9
1780811490,4879.362,2
1780811492,4879.349,9
1780811494,4879.351,1
1780811496,4879.351,1
1780811498,4879.222,2
1780811500,4878.986,6
1780811502,4878.979,9
1780811504,4879.172,2
1780811506,4879.269,9
1780811508,4879.113,3
1780811510,4879.322,2
1780811512,4879.274,4
1780811514,4879.296,6
1780811516,4879.117,7
1780811518,4879.059,9
1780811520,4879.070,0
1780811522,4879.201,1
1780811524,4879.106,6
1780811526,4878.963,3
1780811528,4878.898,8
1780811530,4878.725,5
1780811532,4878.866,6
1780811534,4878.786,6
1780811536,4878.700,0
1780811538,4878.675,5
1780811540,4878.692,2
1780811542,4878.859,9
1780811544,4878.864,4
1780811546,4878.959,9
1780811548,4878.938,8
1780811550,4879.030,0
1780811552,4879.020,0
1780811554,4879.140,0
1780811556,4879.027,7
1780811558,4878.895,5
1780811560,4879.002,2
1780811562,4879.050,0
1780811564,4878.987,7
1780811566,4878.631,1
1780811568,4878.601,1
1780811570,4878.570,0
1780811572,4878.611,1
1780811574,4878.557,7
1780811576,4878.606,6
1780811578,4878.577,7
1780811580,4878.689,9
1780811582,4878.585,5
1780811584,4878.499,9
1780811586,4878.419,9
1780811588,4878.546,6
1780811590,4878.340,0
1780811592,4878.429,9
1780811594,4878.342,2
1780811596,4878.354,4
1780811598,4878.261,1
1780811600,4878.077,7
1780811602,4878.106,6
1780811604,4878.063,3
1780811606,4878.338,8
1780811608,4878.360,0
1780811610,4878.578,8
1780811612,4878.474,4
1780811614,4878.386,6
1780811616,4878.416,6
1780811618,4878.465,5
1780811620,4878.449,9
1780811622,4878.575,5
1780811624,4878.392,2
1780811626,4878.313,3
1780811628,4878.300,0
1780811630,4878.168,8
1780811632,4878.295,5
1780811634,4878.260,0
1780811636,4878.357,7
1780811638,4878.399,9
1780811640,4878.383,3
1780811642,4878.353,3
1780811644,4878.460,0
1780811646,4878.400,0
1780811648,4878.471,1
1780811650,4878.477,7
1780811652,4878.398,8
1780811654,4878.458,8
1780811656,4878.438,8
1780811658,4878.336,6
1780811660,4878.234,4
1780811662,4878.149,9
1780811664,4878.158,8
1780811666,4878.060,0
1780811668,4878.167,7
1780811670,4877.982,2
1780811672,4877.695,5
1780811674,4877.553,3
1780811676,4877.555,5
1780811678,4877.564,4
1780811680,4877.630,0
1780811682,4877.706,6
1780811684,4877.626,6
1780811686,4877.664,4
1780811688,4877.658,8
1780811690,4877.650,0
1780811692,4877.681,1
1780811694,4877.471,1
1780811696,4877.223,3
1780811698,4877.221,1
1780811700,4877.058,8
1780811702,4876.930,0
1780811704,4876.884,4
1780811706,4876.695,5
1780811708,4876.897,7
1780811710,4876.779,9
1780811712,4876.893,3
1780811714,4876.946,6
1780811716,4876.826,6
1780811718,4876.787,7
1780811720,4876.893,3
1780811722,4877.128,8
1780811724,4877.088,8
1780811726,4877.070,0
1780811728,4877.179,9
1780811730,4877.164,4
1780811732,4877.212,2
1780811734,4877.284,4
1780811736,4877.291,1
1780811738,4877.350,0
1780811740,4877.276,6
1780811742,4877.148,8
1780811744,4877.161,1
1780811746,4877.294,4
1780811748,4877.446,6
1780811750,4877.417,7
1780811752,4877.342,2
1780811754,4877.452,2
1780811756,4877.397,7
1780811758,4877.447,7
1780811760,4877.462,2
1780811762,4877.371,1
1780811764,4877.390,0
1780811766,4877.474,4
1780811768,4877.483,3
1780811770,4877.442,2
1780811772,4877.419,9
1780811774,4877.386,6
1780811776,4877.596,6
1780811778,4877.619,9
1780811780,4877.719,9
1780811782,4877.652,2
1780811784,4877.646,6
1780811786,4877.369,9
1780811788,4877.625,5
1780811790,4877.773,3
1780811792,4877.887,7
1780811794,4877.890,0
1780811796,4877.860,0
1780811798,4877.892,2
1780811800,4878.038,8
1780811802,4878.241,1
1780811804,4878.147,7
1780811806,4878.141,1
1780811808,4878.098,8
1780811810,4878.130,0
1780811812,4878.026,6
1780811814,4878.228,8
1780811816,4878.305,5
1780811818,4878.455,5
1780811820,4878.454,4
1780811822,4878.511,1
1780811824,4878.589,9
1780811826,4878.659,9
1780811828,4878.648,8
1780811830,4878.691,1
1780811832,4878.624,4
1780811834,4878.720,0
1780811836,4878.621,1
1780811838,4878.716,6
1780811840,4878.711,1
1780811842,4878.829,9
1780811844,4878.880,0
1780811846,4878.877,7
1780811848,4878.604,4
1780811850,4878.641,1
1780811852,4878.726,6
1780811854,4878.743,3
1780811856,4878.849,9
1780811858,4879.082,2
1780811860,4878.947,7
1780811862,4878.847,7
1780811864,4878.685,5
1780811866,4878.766,6
1780811868,4878.593,3
1780811870,4878.628,8
1780811872,4878.670,0
1780811874,4878.682,2
1780811876,4878.530,0
1780811878,4878.557,7
1780811880,4878.764,4
1780811882,4878.734,4
1780811884,4878.728,8
1780811886,4878.924,4
1780811888,4878.863,3
1780811890,4879.083,3
1780811892,4879.139,9
1780811894,4879.177,7
1780811896,4879.177,7
1780811898,4878.839,9
1780811900,4878.760,0
1780811902,4878.769,9
1780811904,4879.011,1
1780811906,4878.834,4
1780811908,4878.970,0
1780811910,4879.082,2
1780811912,4879.315,5
1780811914,4879.413,3
1780811916,4879.326,6
1780811918,4879.267,7
1780811920,4879.223,3
1780811922,4879.258,8
1780811924,4879.239,9
1780811926,4879.266,6
1780811928,4879.347,7
1780811930,4879.244,4
1780811932,4879.335,5
1780811934,4879.315,5
1780811936,4879.331,1
1780811938,4879.143,3
1780811940,4879.088,8
1780811942,4879.063,3
1780811944,4879.028,8
1780811946,4878.799,9
1780811948,4878.770,0
1780811950,4878.814,4
1780811952,4878.875,5
1780811954,4878.782,2
1780811956,4878.909,9
1780811958,4878.812,2
1780811960,4878.737,7
1780811962,4878.468,8
1780811964,4878.647,7
1780811966,4878.730,0
1780811968,4878.674,4
1780811970,4878.727,7
1780811972,4878.625,5
1780811974,4878.609,9
1780811976,4878.551,1
1780811978,4878.463,3
1780811980,4878.653,3
1780811982,4878.699,9
1780811984,4878.677,7
1780811986,4878.440,0
1780811988,4878.524,4
1780811990,4878.782,2
1780811992,4878.851,1
1780811994,4878.845,5
1780811996,4878.685,5
1780811998,4878.738,8
1780812000,4878.613,3
1780812002,4878.716,6
1780812004,4878.564,4
1780812006,4878.890,0
1780812008,4879.017,7
1780812010,4878.942,2
1780812012,4879.041,1
1780812014,4879.084,4
1780812016,4879.270,0
1780812018,4879.346,6
1780812020,4879.481,1
1780812022,4879.421,1
1780812024,4879.579,9
1780812026,4879.453,3
1780812028,4879.329,9
1780812030,4879.385,5
1780812032,4879.471,1
1780812034,4879.187,7
1780812036,4879.276,6
1780812038,4879.331,1
1780812040,4879.418,8
1780812042,4879.141,1
1780812044,4879.307,7
1780812046,4879.217,7
1780812048,4879.064,4
1780812050,4879.162,2
1780812052,4879.109,9
1780812054,4879.329,9
1780812056,4879.311,1
1780812058,4879.255,5
1780812060,4879.210,0
1780812062,4879.080,0
1780812064,4879.076,6
1780812066,4879.178,8
1780812068,4879.204,4
1780812070,4879.119,9
1780812072,4879.139,9
1780812074,4878.993,3
1780812076,4878.831,1
1780812078,4878.814,4
1780812080,4878.865,5
1780812082,4878.980,0
1780812084,4878.959,9
1780812086,4878.981,1
1780812088,4878.849,9
1780812090,4878.905,5
1780812092,4878.773,3
1780812094,4878.840,0
1780812096,4878.979,9
1780812098,4878.974,4
1780812100,4879.059,9
1780812102,4878.958,8
1780812104,4878.860,0
1780812106,4878.674,4
1780812108,4878.810,0
1780812110,4878.520,0
1780812112,4878.430,0
1780812114,4878.356,6
1780812116,4878.301,1
1780812118,4878.379,9
1780812120,4878.474,4
1780812122,4878.179,9
1780812124,4878.139,9
1780812126,4878.202,2
1780812128,4878.278,8
1780812130,4878.200,0
1780812132,4878.101,1
1780812134,4878.030,0
1780812136,4878.098,8
1780812138,4878.160,0
1780812140,4878.055,5
1780812142,4878.083,3
1780812144,4877.949,9
1780812146,4877.780,0
1780812148,4877.968,8
1780812150,4877.684,4
1780812152,4877.582,2
1780812154,4877.667,7
1780812156,4877.737,7
1780812158,4877.712,2
1780812160,4878.018,8
1780812162,4878.130,0
1780812164,4878.041,1
1780812166,4878.147,7
1780812168,4878.201,1
1780812170,4878.357,7
1780812172,4878.701,1
1780812174,4878.636,6
1780812176,4878.586,6
1780812178,4878.631,1
1780812180,4878.597,7
1780812182,4878.714,4
1780812184,4878.680,0
1780812186,4878.586,6
1780812188,4878.452,2
1780812190,4878.551,1
1780812192,4878.597,7
1780812194,4878.618,8
1780812196,4878.512,2
1780812198,4878.282,2
1780812200,4878.196,6
1780812202,4878.210,0
1780812204,4878.159,9
1780812206,4878.145,5
1780812208,4878.098,8
1780812210,4878.160,0
1780812212,4878.205,5
1780812214,4878.066,6
1780812216,4877.863,3
1780812218,4877.601,1
1780812220,4877.509,9
1780812222,4877.322,2
1780812224,4877.338,8
1780812226,4877.231,1
1780812228,4877.269,9
1780812230,4877.511,1
1780812232,4877.530,0
1780812234,4877.708,8
1780812236,4877.794,4
1780812238,4877.939,9
1780812240,4878.075,5
1780812242,4877.974,4
1780812244,4877.912,2
1780812246,4878.118,8
1780812248,4878.186,6
1780812250,4878.216,6
1780812252,4878.160,0
1780812254,4878.089,9
1780812256,4877.913,3
1780812258,4877.763,3
1780812260,4877.534,4
1780812262,4877.536,6
1780812264,4877.624,4
1780812266,4877.602,2
1780812268,4877.552,2
1780812270,4877.645,5
1780812272,4877.546,6
1780812274,4877.430,0
1780812276,4877.448,8
1780812278,4877.371,1
1780812280,4877.375,5
1780812282,4877.269,9
1780812284,4877.381,1
1780812286,4877.489,9
1780812288,4877.411,1
1780812290,4877.627,7
1780812292,4877.603,3
1780812294,4877.555,5
1780812296,4877.630,0
1780812298,4877.604,4
1780812300,4877.672,2
1780812302,4877.685,5
1780812304,4877.511,1
1780812306,4877.460,0
1780812308,4877.461,1
1780812310,4877.646,6
1780812312,4877.431,1
1780812314,4877.626,6
1780812316,4877.563,3
1780812318,4877.754,4
1780812320,4877.716,6
1780812322,4877.736,6
1780812324,4877.903,3
1780812326,4877.881,1
1780812328,4877.865,5
1780812330,4878.016,6
1780812332,4877.827,7
1780812334,4877.947,7
1780812336,4877.856,6
1780812338,4877.774,4
1780812340,4877.820,0
1780812342,4877.629,9
1780812344,4877.553,3
1780812346,4877.551,1
1780812348,4877.591,1
1780812350,4877.619,9
1780812352,4877.624,4
1780812354,4877.652,2
1780812356,4877.810,0
1780812358,4877.790,0
1780812360,4877.980,0
1780812362,4877.800,0
1780812364,4878.106,6
1780812366,4877.997,7
1780812368,4878.159,9
1780812370,4878.057,7
1780812372,4877.955,5
1780812374,4877.892,2
1780812376,4877.826,6
1780812378,4877.945,5
1780812380,4877.840,0
1780812382,4877.893,3
1780812384,4878.006,6
1780812386,4878.093,3
1780812388,4878.097,7
1780812390,4878.104,4
1780812392,4878.098,8
1780812394,4878.159,9
1780812396,4878.282,2
1780812398,4878.253,3
1780812400,4878.000,0
1780812402,4877.985,5
1780812404,4877.786,6
1780812406,4877.792,2
1780812408,4877.770,0
1780812410,4877.693,3
1780812412,4877.481,1
1780812414,4877.480,0
1780812416,4877.636,6
1780812418,4877.692,2
1780812420,4877.669,9
1780812422,4877.807,7
1780812424,4877.697,7
1780812426,4877.596,6
1780812428,4877.571,1
1780812430,4877.639,9
1780812432,4877.761,1
1780812434,4877.527,7
1780812436,4877.352,2
1780812438,4877.654,4
1780812440,4877.760,0
1780812442,4877.810,0
1780812444,4877.866,6
1780812446,4877.900,0
1780812448,4877.991,1
1780812450,4878.009,9
1780812452,4877.997,7
1780812454,4877.956,6
1780812456,4877.927,7
1780812458,4877.890,0
1780812460,4878.067,7
1780812462,4878.346,6
1780812464,4878.450,0
1780812466,4878.333,3
1780812468,4878.408,8
1780812470,4878.331,1
1780812472,4878.226,6
1780812474,4878.238,8
1780812476,4878.252,2
1780812478,4878.324,4
1780812480,4878.293,3
1780812482,4878.470,0
1780812484,4878.583,3
1780812486,4878.681,1
1780812488,4878.503,3
1780812490,4878.353,3
1780812492,4878.353,3
1780812494,4878.481,1
1780812496,4878.313,3
1780812498,4878.358,8
1780812500,4878.626,6
1780812502,4878.693,3
1780812504,4878.609,9
1780812506,4878.483,3
1780812508,4878.414,4
1780812510,4878.420,0
1780812512,4878.424,4
1780812514,4878.621,1
1780812516,4878.343,3
1780812518,4878.442,2
1780812520,4878.452,2
1780812522,4878.401,1
1780812524,4878.374,4
1780812526,4878.288,8
1780812528,4878.157,7
1780812530,4878.256,6
1780812532,4878.247,7
1780812534,4878.322,2
1780812536,4878.500,0
1780812538,4878.459,9
1780812540,4878.590,0
1780812542,4878.703,3
1780812544,4878.684,4
1780812546,4878.680,0
1780812548,4878.829,9
1780812550,4879.030,0
1780812552,4878.929,9
1780812554,4878.914,4
1780812556,4878.935,5
1780812558,4878.940,0
1780812560,4878.929,9
1780812562,4879.009,9
1780812564,4879.052,2
1780812566,4878.838,8
1780812568,4878.723,3
1780812570,4878.771,1
1780812572,4878.704,4
1780812574,4878.899,9
1780812576,4878.794,4
1780812578,4878.833,3
1780812580,4878.910,0
1780812582,4878.738,8
1780812584,4878.702,2
1780812586,4878.603,3
1780812588,4878.668,8
1780812590,4878.851,1
1780812592,4878.694,4
1780812594,4878.710,0
1780812596,4878.615,5
1780812598,4878.732,2
1780812600,4878.678,8
1780812602,4878.550,0
1780812604,4878.685,5
1780812606,4878.532,2
1780812608,4878.628,8
1780812610,4878.647,7
1780812612,4878.423,3
1780812614,4878.292,2
1780812616,4878.089,9
1780812618,4878.098,8
1780812620,4878.284,4
1780812622,4878.160,0
1780812624,4878.065,5
1780812626,4878.126,6
1780812628,4878.023,3
1780812630,4878.160,0
1780812632,4878.246,6
1780812634,4878.257,7
1780812636,4878.306,6
1780812638,4878.590,0
1780812640,4878.610,0
1780812642,4878.869,9
1780812644,4878.810,0
1780812646,4878.752,2
1780812648,4878.913,3
1780812650,4878.875,5
1780812652,4878.954,4
1780812654,4879.042,2
1780812656,4878.937,7
1780812658,4878.728,8
1780812660,4878.647,7
1780812662,4878.700,0
1780812664,4878.733,3
1780812666,4878.548,8
1780812668,4878.528,8
1780812670,4878.684,4
1780812672,4878.642,2
1780812674,4878.543,3
1780812676,4878.463,3
1780812678,4878.401,1
1780812680,4878.267,7
1780812682,4878.380,0
1780812684,4878.404,4
1780812686,4878.446,6
1780812688,4878.560,0
1780812690,4878.486,6
1780812692,4878.605,5
1780812694,4878.865,5
1780812696,4879.005,5
1780812698,4878.871,1
1780812700,4878.806,6
1780812702,4878.834,4
1780812704,4878.752,2
1780812706,4878.625,5
1780812708,4878.590,0
1780812710,4878.557,7
1780812712,4878.421,1
1780812714,4878.209,9
1780812716,4878.328,8
1780812718,4878.348,8
1780812720,4878.314,4
1780812722,4878.489,9
1780812724,4878.489,9
1780812726,4878.448,8
1780812728,4878.309,9
1780812730,4878.364,4
1780812732,4878.390,0
1780812734,4878.586,6
1780812736,4878.664,4
1780812738,4878.962,2
1780812740,4878.930,0
1780812742,4878.789,9
1780812744,4878.825,5
1780812746,4878.950,0
1780812748,4878.892,2
1780812750,4878.858,8
1780812752,4878.919,9
1780812754,4878.786,6
1780812756,4878.788,8
1780812758,4878.582,2
1780812760,4878.509,9
1780812762,4878.514,4
1780812764,4878.587,7
1780812766,4878.602,2
1780812768,4878.722,2
1780812770,4878.425,5
1780812772,4878.477,7
1780812774,4878.388,8
1780812776,4878.326,6
1780812778,4878.429,9
1780812780,4878.562,2
1780812782,4878.618,8
1780812784,4878.418,8
1780812786,4878.536,6
1780812788,4878.572,2
1780812790,4878.519,9
1780812792,4878.595,5
1780812794,4878.641,1
1780812796,4878.503,3
1780812798,4878.443,3
1780812800,4878.351,1
1780812802,4878.375,5
1780812804,4878.374,4
1780812806,4878.264,4
1780812808,4878.274,4
1780812810,4878.199,9
1780812812,4878.236,6
1780812814,4878.185,5
1780812816,4878.055,5
1780812818,4878.107,7
1780812820,4878.045,5
1780812822,4878.195,5
1780812824,4878.106,6
1780812826,4877.857,7
1780812828,4878.045,5
1780812830,4878.103,3
1780812832,4878.049,9
1780812834,4878.227,7
1780812836,4878.147,7
1780812838,4878.266,6
1780812840,4878.193,3
1780812842,4878.135,5
1780812844,4878.131,1
1780812846,4878.253,3
1780812848,4878.109,9
1780812850,4878.041,1
1780812852,4877.897,7
1780812854,4877.950,0
1780812856,4877.897,7
1780812858,4877.861,1
1780812860,4877.792,2
1780812862,4877.805,5
1780812864,4877.861,1
1780812866,4878.093,3
1780812868,4877.966,6
1780812870,4877.951,1
1780812872,4877.904,4
1780812874,4878.033,3
1780812876,4878.014,4
1780812878,4878.050,0
1780812880,4878.134,4
1780812882,4878.027,7
1780812884,4878.331,1
1780812886,4878.675,5
1780812888,4878.596,6
1780812890,4878.551,1
1780812892,4878.343,3
1780812894,4878.391,1
1780812896,4878.309,9
1780812898,4878.545,5
1780812900,4878.459,9
1780812902,4878.646,6
1780812904,4878.706,6
1780812906,4878.592,2
1780812908,4878.552,2
1780812910,4878.710,0
1780812912,4878.480,0
1780812914,4878.301,1
1780812916,4878.193,3
1780812918,4878.147,7
1780812920,4878.215,5
1780812922,4878.001,1
1780812924,4878.008,8
1780812926,4878.035,5
1780812928,4877.875,5
1780812930,4877.753,3
1780812932,4877.831,1
1780812934,4877.787,7
1780812936,4877.815,5
1780812938,4878.026,6
1780812940,4878.162,2
1780812942,4877.977,7
1780812944,4877.992,2
1780812946,4877.843,3
1780812948,4878.168,8
1780812950,4877.918,8
1780812952,4877.970,0
1780812954,4878.032,2
1780812956,4877.920,0
1780812958,4878.099,9
1780812960,4878.000,0
1780812962,4878.154,4
1780812964,4878.092,2
1780812966,4878.298,8
1780812968,4878.188,8
1780812970,4878.162,2
1780812972,4878.037,7
1780812974,4878.125,5
1780812976,4878.145,5
1780812978,4878.202,2
1780812980,4878.121,1
1780812982,4878.058,8
1780812984,4878.013,3
1780812986,4877.823,3
1780812988,4877.879,9
1780812990,4877.835,5
1780812992,4877.908,8
1780812994,4877.786,6
1780812996,4877.964,4
1780812998,4878.124,4
1780813000,4878.203,3
1780813002,4878.124,4
1780813004,4878.249,9
1780813006,4878.114,4
1780813008,4878.014,4
1780813010,4878.194,4
1780813012,4878.092,2
1780813014,4877.956,6
1780813016,4878.260,0
1780813018,4878.475,5
1780813020,4878.122,2
1780813022,4878.238,8
1780813024,4878.485,5
1780813026,4878.466,6
1780813028,4878.419,9
1780813030,4878.435,5
1780813032,4878.470,0
1780813034,4878.462,2
1780813036,4878.235,5
1780813038,4878.370,0
1780813040,4878.701,1
1780813042,4878.696,6
1780813044,4878.457,7
1780813046,4878.517,7
1780813048,4878.675,5
1780813050,4878.759,9
1780813052,4878.757,7
1780813054,4878.646,6
1780813056,4878.526,6
1780813058,4878.711,1
1780813060,4878.747,7
1780813062,4878.869,9
1780813064,4879.006,6
1780813066,4878.919,9
1780813068,4878.899,9
1780813070,4878.742,2
1780813072,4878.769,9
1780813074,4878.741,1
1780813076,4878.952,2
1780813078,4879.167,7
1780813080,4879.020,0
1780813082,4879.008,8
1780813084,4878.970,0
1780813086,4878.871,1
1780813088,4878.791,1
1780813090,4878.926,6
1780813092,4878.825,5
1780813094,4878.662,2
1780813096,4878.521,1
1780813098,4878.725,5
1780813100,4878.559,9
1780813102,4878.672,2
1780813104,4878.726,6
1780813106,4878.546,6
1780813108,4878.696,6
1780813110,4878.685,5
1780813112,4878.644,4
1780813114,4878.661,1
1780813116,4878.652,2
1780813118,4878.663,3
1780813120,4878.781,1
1780813122,4878.789,9
1780813124,4878.872,2
1780813126,4879.001,1
1780813128,4878.984,4
1780813130,4879.064,4
1780813132,4879.143,3
1780813134,4879.241,1
1780813136,4879.392,2
1780813138,4879.490,0
1780813140,4879.329,9
1780813142,4879.298,8
1780813144,4879.334,4
1780813146,4879.529,9
1780813148,4879.713,3
1780813150,4879.748,8
1780813152,4879.702,2
1780813154,4879.776,6
1780813156,4879.764,4
1780813158,4879.920,0
1780813160,4879.861,1
1780813162,4879.766,6
1780813164,4879.639,9
1780813166,4879.438,8
1780813168,4879.434,4
1780813170,4879.584,4
1780813172,4879.547,7
1780813174,4879.523,3
1780813176,4879.496,6
1780813178,4879.395,5
1780813180,4879.550,0
1780813182,4879.909,9
1780813184,4880.058,8
1780813186,4879.882,2
1780813188,4879.815,5
1780813190,4879.731,1
1780813192,4879.948,8
1780813194,4879.912,2
1780813196,4879.829,9
1780813198,4879.771,1
1780813200,4879.781,1
1780813202,4879.800,0
1780813204,4879.744,4
1780813206,4879.876,6
1780813208,4879.788,8
1780813210,4879.726,6
1780813212,4879.738,8
1780813214,4879.496,6
1780813216,4879.331,1
1780813218,4879.236,6
1780813220,4879.131,1
1780813222,4879.226,6
1780813224,4879.370,0
1780813226,4879.209,9
1780813228,4879.243,3
1780813230,4879.003,3
1780813232,4879.022,2
1780813234,4879.336,6
1780813236,4879.484,4
1780813238,4879.351,1
1780813240,4879.303,3
1780813242,4879.211,1
1780813244,4879.022,2
1780813246,4879.060,0
1780813248,4879.059,9
1780813250,4879.171,1
1780813252,4879.012,2
1780813254,4879.043,3
1780813256,4879.025,5
1780813258,4878.886,6
1780813260,4878.745,5
1780813262,4878.986,6
1780813264,4878.989,9
1780813266,4878.976,6
1780813268,4879.123,3
1780813270,4879.032,2
1780813272,4878.896,6
1780813274,4879.106,6
1780813276,4879.075,5
1780813278,4878.777,7
1780813280,4878.725,5
1780813282,4878.677,7
1780813284,4878.500,0
1780813286,4878.574,4
1780813288,4878.659,9
1780813290,4878.656,6
1780813292,4878.615,5
1780813294,4878.604,4
1780813296,4878.684,4
1780813298,4878.603,3
1780813300,4878.540,0
1780813302,4878.521,1
1780813304,4878.551,1
1780813306,4878.558,8
1780813308,4878.671,1
1780813310,4878.613,3
1780813312,4878.502,2
1780813314,4878.548,8
1780813316,4878.429,9
1780813318,4878.435,5
1780813320,4878.316,6
1780813322,4878.252,2
1780813324,4878.359,9
1780813326,4878.259,9
1780813328,4878.359,9
1780813330,4878.482,2
1780813332,4878.438,8
1780813334,4878.438,8
1780813336,4878.329,9
1780813338,4878.260,0
1780813340,4878.241,1
1780813342,4878.095,5
1780813344,4877.892,2
1780813346,4877.840,0
1780813348,4877.590,0
1780813350,4877.693,3
1780813352,4877.785,5
1780813354,4877.810,0
1780813356,4877.566,6
1780813358,4877.632,2
1780813360,4877.454,4
1780813362,4877.513,3
1780813364,4877.269,9
1780813366,4877.283,3
1780813368,4877.323,3
1780813370,4877.105,5
1780813372,4877.122,2
1780813374,4877.145,5
1780813376,4877.113,3
1780813378,4877.077,7
1780813380,4877.060,0
1780813382,4876.999,9
1780813384,4876.936,6
1780813386,4876.708,8
1780813388,4876.753,3
1780813390,4876.651,1
1780813392,4876.787,7
1780813394,4876.766,6
1780813396,4876.889,9
1780813398,4876.951,1
1780813400,4876.818,8
1780813402,4876.674,4
1780813404,4876.490,0
1780813406,4876.527,7
1780813408,4876.665,5
1780813410,4876.565,5
1780813412,4876.427,7
1780813414,4876.497,7
1780813416,4876.472,2
1780813418,4876.172,2
1780813420,4876.222,2
1780813422,4876.190,0
1780813424,4876.264,4
1780813426,4876.518,8
1780813428,4876.443,3
1780813430,4876.629,9
1780813432,4876.735,5
1780813434,4876.809,9
1780813436,4876.704,4
1780813438,4876.697,7
1780813440,4876.617,7
1780813442,4876.801,1
1780813444,4876.694,4
1780813446,4876.897,7
1780813448,4876.774,4
1780813450,4876.761,1
1780813452,4876.898,8
1780813454,4876.799,9
1780813456,4876.740,0
1780813458,4876.811,1
1780813460,4876.991,1
1780813462,4877.003,3
1780813464,4877.033,3
1780813466,4877.016,6
1780813468,4876.853,3
1780813470,4876.978,8
1780813472,4876.948,8
1780813474,4876.954,4
1780813476,4876.927,7
1780813478,4876.759,9
1780813480,4876.555,5
1780813482,4876.720,0
1780813484,4876.929,9
1780813486,4876.884,4
1780813488,4876.804,4
1780813490,4876.743,3
1780813492,4877.000,0
1780813494,4876.874,4
1780813496,4877.010,0
1780813498,4876.998,8
1780813500,4876.680,0
1780813502,4876.633,3
1780813504,4876.748,8
1780813506,4876.779,9
1780813508,4876.739,9
1780813510,4876.658,8
1780813512,4876.762,2
1780813514,4876.749,9
1780813516,4876.820,0
1780813518,4876.734,4
1780813520,4876.754,4
1780813522,4876.744,4
1780813524,4876.713,3
1780813526,4876.936,6
1780813528,4876.877,7
1780813530,4876.859,9
1780813532,4876.698,8
1780813534,4876.711,1
1780813536,4876.710,0
1780813538,4876.656,6
1780813540,4876.482,2
1780813542,4876.434,4
1780813544,4876.418,8
1780813546,4876.385,5
1780813548,4876.333,3
1780813550,4876.410,0
1780813552,4876.295,5
1780813554,4876.536,6
1780813556,4876.605,5
1780813558,4876.812,2
1780813560,4876.690,0
1780813562,4876.655,5
1780813564,4876.528,8
1780813566,4876.460,0
1780813568,4876.271,1
1780813570,4876.268,8
1780813572,4876.318,8
1780813574,4876.238,8
1780813576,4876.309,9
1780813578,4876.313,3
1780813580,4876.431,1
1780813582,4876.662,2
1780813584,4876.655,5
1780813586,4876.648,8
1780813588,4876.699,9
1780813590,4876.720,0
1780813592,4876.595,5
1780813594,4876.592,2
1780813596,4876.667,7
1780813598,4876.746,6
1780813600,4876.876,6
1780813602,4876.772,2
1780813604,4876.691,1
1780813606,4876.553,3
1780813608,4876.436,6
1780813610,4876.380,0
1780813612,4876.368,8
1780813614,4876.408,8
1780813616,4876.275,5
1780813618,4876.286,6
1780813620,4876.325,5
1780813622,4876.235,5
1780813624,4876.325,5
1780813626,4876.342,2
1780813628,4876.631,1
1780813630,4876.523,3
1780813632,4876.533,3
1780813634,4876.529,9
1780813636,4876.546,6
1780813638,4876.673,3
1780813640,4876.817,7
1780813642,4876.784,4
1780813644,4876.887,7
1780813646,4876.908,8
1780813648,4877.124,4
1780813650,4877.293,3
1780813652,4877.328,8
1780813654,4877.446,6
1780813656,4877.364,4
1780813658,4877.587,7
1780813660,4877.641,1
1780813662,4877.647,7
1780813664,4877.785,5
1780813666,4877.807,7
1780813668,4877.816,6
1780813670,4877.841,1
1780813672,4877.882,2
1780813674,4877.786,6
1780813676,4877.823,3
1780813678,4877.857,7
1780813680,4877.846,6
1780813682,4877.878,8
1780813684,4877.957,7
1780813686,4877.731,1
1780813688,4877.717,7
1780813690,4877.685,5
1780813692,4877.723,3
1780813694,4877.596,6
1780813696,4877.553,3
1780813698,4877.346,6
1780813700,4877.317,7
1780813702,4877.299,9
1780813704,4877.373,3
1780813706,4877.332,2
1780813708,4877.326,6
1780813710,4877.308,8
1780813712,4877.258,8
1780813714,4877.339,9
1780813716,4877.486,6
1780813718,4877.464,4
1780813720,4877.233,3
1780813722,4877.106,6
1780813724,4877.061,1
1780813726,4877.107,7
1780813728,4876.938,8
1780813730,4876.827,7
1780813732,4876.663,3
1780813734,4876.641,1
1780813736,4876.989,9
1780813738,4877.075,5
1780813740,4877.165,5
1780813742,4877.011,1
1780813744,4877.145,5
1780813746,4876.974,4
1780813748,4877.047,7
1780813750,4877.016,6
1780813752,4876.874,4
1780813754,4876.884,4
1780813756,4876.958,8
1780813758,4876.992,2
1780813760,4876.996,6
1780813762,4876.918,8
1780813764,4877.356,6
1780813766,4877.288,8
1780813768,4877.225,5
1780813770,4877.362,2
1780813772,4877.425,5
1780813774,4877.493,3
1780813776,4877.553,3
1780813778,4877.573,3
1780813780,4877.378,8
1780813782,4877.276,6
1780813784,4877.114,4
1780813786,4877.142,2
1780813788,4877.266,6
1780813790,4877.185,5
1780813792,4877.216,6
1780813794,4877.038,8
1780813796,4877.137,7
1780813798,4877.228,8
1780813800,4877.344,4
1780813802,4877.232,2
1780813804,4877.268,8
1780813806,4877.361,1
1780813808,4877.600,0
1780813810,4877.830,0
1780813812,4877.645,5
1780813814,4877.603,3
1780813816,4877.676,6
1780813818,4877.528,8
1780813820,4877.327,7
1780813822,4877.289,9
1780813824,4877.165,5
1780813826,4877.274,4
1780813828,4877.274,4
1780813830,4877.279,9
1780813832,4877.334,4
1780813834,4877.448,8
1780813836,4877.441,1
1780813838,4877.448,8
1780813840,4877.469,9
1780813842,4877.726,6
1780813844,4877.870,0
1780813846,4877.784,4
1780813848,4877.587,7
1780813850,4877.521,1
1780813852,4877.269,9
1780813854,4877.136,6
1780813856,4877.367,7
1780813858,4877.498,8
1780813860,4877.697,7
1780813862,4877.499,9
1780813864,4877.622,2
1780813866,4877.584,4
1780813868,4877.525,5
1780813870,4877.588,8
1780813872,4877.506,6
1780813874,4877.630,0
1780813876,4877.656,6
1780813878,4877.859,9
1780813880,4877.864,4
1780813882,4878.002,2
1780813884,4878.340,0
1780813886,4878.375,5
1780813888,4878.224,4
1780813890,4878.301,1
1780813892,4878.531,1
1780813894,4878.457,7
1780813896,4878.417,7
1780813898,4878.216,6
1780813900,4878.069,9
1780813902,4878.377,7
1780813904,4878.419,9
1780813906,4878.096,6
1780813908,4878.169,9
1780813910,4878.112,2
1780813912,4878.096,6
1780813914,4878.001,1
1780813916,4877.897,7
1780813918,4877.935,5
1780813920,4877.782,2
1780813922,4877.815,5
1780813924,4877.694,4
1780813926,4877.680,0
1780813928,4877.869,9
1780813930,4877.830,0
1780813932,4877.882,2
1780813934,4877.858,8
1780813936,4877.724,4
1780813938,4877.562,2
1780813940,4877.468,8
1780813942,4877.344,4
1780813944,4877.296,6
1780813946,4877.406,6
1780813948,4877.330,0
1780813950,4877.102,2
1780813952,4877.185,5
1780813954,4877.207,7
1780813956,4877.353,3
1780813958,4877.282,2
1780813960,4877.229,9
1780813962,4877.429,9
1780813964,4877.562,2
1780813966,4877.418,8
1780813968,4877.368,8
1780813970,4877.353,3
1780813972,4877.373,3
1780813974,4877.332,2
1780813976,4877.376,6
1780813978,4877.324,4
1780813980,4877.459,9
1780813982,4877.508,8
1780813984,4877.508,8
1780813986,4877.226,6
1780813988,4877.192,2
1780813990,4877.181,1
1780813992,4877.075,5
1780813994,4877.166,6
1780813996,4877.293,3
1780813998,4877.340,0
1780814000,4877.559,9
1780814002,4877.562,2
1780814004,4877.570,0
1780814006,4877.441,1
1780814008,4877.517,7
1780814010,4877.484,4
1780814012,4877.445,5
1780814014,4877.497,7
1780814016,4877.489,9
1780814018,4877.364,4
1780814020,4877.204,4
1780814022,4877.163,3
1780814024,4877.120,0
1780814026,4877.264,4
1780814028,4877.436,6
1780814030,4877.372,2
1780814032,4877.364,4
1780814034,4877.405,5
1780814036,4877.528,8
1780814038,4877.858,8
1780814040,4877.863,3
1780814042,4877.659,9
1780814044,4877.753,3
1780814046,4877.623,3
1780814048,4877.630,0
1780814050,4877.571,1
1780814052,4877.412,2
1780814054,4877.419,9
1780814056,4877.370,0
1780814058,4877.404,4
1780814060,4877.207,7
1780814062,4877.313,3
1780814064,4877.220,0
1780814066,4877.162,2
1780814068,4877.078,8
1780814070,4877.086,6
1780814072,4877.113,3
1780814074,4877.204,4
1780814076,4877.098,8
1780814078,4877.133,3
1780814080,4877.140,0
1780814082,4876.878,8
1780814084,4876.779,9
1780814086,4876.630,0
1780814088,4876.692,2
1780814090,4876.491,1
1780814092,4876.348,8
1780814094,4876.388,8
1780814096,4876.478,8
1780814098,4876.455,5
1780814100,4876.314,4
1780814102,4876.343,3
1780814104,4876.398,8
1780814106,4876.354,4
1780814108,4876.102,2
1780814110,4876.035,5
1780814112,4876.187,7
1780814114,4876.052,2
1780814116,4876.021,1
1780814118,4876.164,4
1780814120,4876.167,7
1780814122,4876.243,3
1780814124,4876.139,9
1780814126,4876.344,4
1780814128,4876.231,1
1780814130,4876.347,7
1780814132,4876.304,4
1780814134,4876.172,2
1780814136,4875.972,2
1780814138,4876.073,3
1780814140,4876.294,4
1780814142,4876.291,1
1780814144,4876.264,4
1780814146,4876.183,3
1780814148,4876.114,4
1780814150,4876.171,1
1780814152,4876.062,2
1780814154,4876.068,8
1780814156,4876.090,0
1780814158,4876.388,8
1780814160,4876.540,0
1780814162,4876.445,5
1780814164,4876.454,4
1780814166,4876.428,8
1780814168,4876.375,5
1780814170,4876.418,8
1780814172,4876.510,0
1780814174,4876.608,8
1780814176,4876.593,3
1780814178,4876.605,5
1780814180,4876.818,8
1780814182,4876.857,7
1780814184,4876.995,5
1780814186,4877.185,5
1780814188,4877.393,3
1780814190,4877.396,6
1780814192,4877.333,3
1780814194,4877.276,6
1780814196,4877.360,0
1780814198,4877.478,8
1780814200,4877.513,3
1780814202,4877.647,7
1780814204,4877.387,7
1780814206,4877.454,4
1780814208,4877.573,3
1780814210,4877.469,9
1780814212,4877.279,9
1780814214,4877.183,3
1780814216,4877.286,6
1780814218,4877.290,0
1780814220,4877.175,5
1780814222,4877.048,8
1780814224,4877.128,8
1780814226,4877.015,5
1780814228,4876.779,9
1780814230,4876.630,0
1780814232,4876.557,7
1780814234,4876.686,6
1780814236,4876.801,1
1780814238,4876.825,5
1780814240,4876.891,1
1780814242,4876.946,6
1780814244,4877.054,4
1780814246,4877.266,6
1780814248,4877.269,9
1780814250,4877.327,7
1780814252,4877.293,3
1780814254,4877.275,5
1780814256,4877.208,8
1780814258,4877.247,7
1780814260,4877.449,9
1780814262,4877.645,5
1780814264,4877.444,4
1780814266,4877.651,1
1780814268,4877.733,3
1780814270,4877.654,4
1780814272,4877.557,7
1780814274,4877.456,6
1780814276,4877.440,0
1780814278,4877.520,0
1780814280,4877.723,3
1780814282,4877.614,4
1780814284,4877.507,7
1780814286,4877.337,7
1780814288,4877.195,5
1780814290,4877.091,1
1780814292,4876.813,3
1780814294,4876.774,4
1780814296,4876.648,8
1780814298,4876.818,8
1780814300,4876.751,1
1780814302,4876.818,8
1780814304,4876.875,5
1780814306,4876.736,6
1780814308,4876.803,3
1780814310,4876.875,5
1780814312,4876.697,7
1780814314,4876.870,0
1780814316,4876.916,6
1780814318,4876.799,9
1780814320,4876.975,5
1780814322,4877.118,8
1780814324,4877.126,6
1780814326,4877.177,7
1780814328,4877.211,1
1780814330,4877.261,1
1780814332,4877.240,0
1780814334,4877.282,2
1780814336,4877.329,9
1780814338,4877.382,2
1780814340,4877.479,9
1780814342,4877.344,4
1780814344,4877.506,6
1780814346,4877.310,0
1780814348,4877.355,5
1780814350,4877.269,9
1780814352,4877.298,8
1780814354,4877.117,7
1780814356,4877.089,9
1780814358,4877.171,1
1780814360,4877.218,8
1780814362,4877.236,6
1780814364,4877.381,1
1780814366,4877.277,7
1780814368,4877.291,1
1780814370,4877.460,0
1780814372,4877.332,2
1780814374,4877.351,1
1780814376,4877.277,7
1780814378,4877.287,7
1780814380,4877.333,3
1780814382,4877.481,1
1780814384,4877.592,2
1780814386,4877.407,7
1780814388,4877.351,1
1780814390,4877.304,4
1780814392,4877.336,6
1780814394,4877.348,8
1780814396,4877.247,7
1780814398,4877.547,7
1780814400,4877.631,1
1780814402,4877.786,6
1780814404,4877.897,7
1780814406,4877.899,9
1780814408,4877.861,1
1780814410,4877.916,6
1780814412,4877.682,2
1780814414,4877.678,8
1780814416,4877.764,4
1780814418,4877.726,6
1780814420,4877.637,7
1780814422,4877.860,0
1780814424,4877.998,8
1780814426,4877.726,6
1780814428,4877.750,0
1780814430,4877.815,5
1780814432,4877.887,7
1780814434,4878.090,0
1780814436,4878.020,0
1780814438,4878.230,0
1780814440,4878.006,6
1780814442,4877.903,3
1780814444,4877.803,3
1780814446,4877.738,8
1780814448,4877.722,2
1780814450,4877.888,8
1780814452,4878.007,7
1780814454,4877.948,8
1780814456,4877.922,2
1780814458,4877.840,0
1780814460,4878.027,7
1780814462,4878.019,9
1780814464,4877.799,9
1780814466,4877.915,5
1780814468,4877.894,4
1780814470,4877.994,4
1780814472,4877.886,6
1780814474,4877.761,1
1780814476,4877.800,0
1780814478,4877.664,4
1780814480,4877.786,6
1780814482,4877.890,0
1780814484,4877.900,0
1780814486,4877.586,6
1780814488,4877.732,2
1780814490,4877.647,7
1780814492,4877.548,8
1780814494,4877.624,4
1780814496,4877.581,1
1780814498,4877.596,6
1780814500,4877.614,4
1780814502,4877.609,9
1780814504,4877.502,2
1780814506,4877.510,0
1780814508,4877.708,8
1780814510,4877.595,5
1780814512,4877.660,0
1780814514,4877.644,4
1780814516,4877.482,2
1780814518,4877.580,0
1780814520,4877.519,9
1780814522,4877.537,7
1780814524,4877.506,6
1780814526,4877.379,9
1780814528,4877.121,1
1780814530,4877.207,7
1780814532,4877.300,0
1780814534,4877.325,5
1780814536,4877.380,0
1780814538,4877.407,7
1780814540,4877.493,3
1780814542,4877.455,5
1780814544,4877.350,0
1780814546,4877.433,3
1780814548,4877.605,5
1780814550,4877.603,3
1780814552,4877.689,9
1780814554,4877.557,7
1780814556,4877.552,2
1780814558,4877.563,3
1780814560,4877.749,9
1780814562,4877.644,4
1780814564,4877.601,1
1780814566,4877.715,5
1780814568,4877.894,4
1780814570,4877.868,8
1780814572,4877.926,6
1780814574,4877.827,7
1780814576,4877.751,1
1780814578,4877.728,8
1780814580,4877.563,3
1780814582,4877.463,3
1780814584,4877.404,4
1780814586,4877.374,4
1780814588,4877.213,3
1780814590,4877.052,2
1780814592,4877.057,7
1780814594,4877.060,0
1780814596,4876.942,2
1780814598,4876.950,0
1780814600,4876.868,8
1780814602,4876.910,0
1780814604,4876.985,5
1780814606,4876.851,1
1780814608,4877.074,4
1780814610,4877.203,3
1780814612,4877.421,1
1780814614,4877.241,1
1780814616,4877.267,7
1780814618,4877.160,0
1780814620,4877.165,5
1780814622,4877.234,4
1780814624,4877.178,8
1780814626,4877.375,5
1780814628,4877.403,3
1780814630,4877.364,4
1780814632,4877.410,0
1780814634,4877.500,0
1780814636,4877.486,6
1780814638,4877.358,8
1780814640,4877.493,3
1780814642,4877.715,5
1780814644,4877.586,6
1780814646,4877.683,3
1780814648,4877.661,1
1780814650,4877.658,8
1780814652,4877.743,3
1780814654,4877.915,5
1780814656,4877.888,8
1780814658,4877.880,0
1780814660,4877.729,9
1780814662,4877.543,3
1780814664,4877.505,5
1780814666,4877.451,1
1780814668,4877.422,2
1780814670,4877.532,2
1780814672,4877.678,8
1780814674,4877.509,9
1780814676,4877.488,8
1780814678,4877.429,9
1780814680,4877.423,3
1780814682,4877.402,2
1780814684,4877.425,5
1780814686,4877.352,2
1780814688,4877.296,6
1780814690,4877.090,0
1780814692,4876.801,1
1780814694,4876.842,2
1780814696,4876.977,7
1780814698,4877.079,9
1780814700,4877.241,1
1780814702,4877.300,0
1780814704,4877.205,5
1780814706,4877.082,2
1780814708,4876.983,3
1780814710,4876.855,5
1780814712,4876.788,8
1780814714,4876.719,9
1780814716,4876.641,1
1780814718,4876.634,4
1780814720,4876.452,2
1780814722,4876.524,4
1780814724,4876.520,0
1780814726,4876.477,7
1780814728,4876.374,4
1780814730,4876.311,1
1780814732,4876.452,2
1780814734,4876.368,8
1780814736,4876.309,9
1780814738,4876.262,2
1780814740,4876.307,7
1780814742,4876.216,6
1780814744,4876.126,6
1780814746,4876.382,2
1780814748,4876.213,3
1780814750,4876.080,0
1780814752,4876.113,3
1780814754,4876.087,7
1780814756,4876.101,1
1780814758,4876.172,2
1780814760,4876.124,4
1780814762,4876.121,1
1780814764,4876.155,5
1780814766,4876.152,2
1780814768,4876.275,5
1780814770,4876.241,1
1780814772,4876.121,1
1780814774,4875.972,2
1780814776,4876.135,5
1780814778,4876.118,8
1780814780,4876.084,4
1780814782,4876.096,6
1780814784,4876.212,2
1780814786,4876.283,3
1780814788,4876.262,2
1780814790,4876.146,6
1780814792,4876.156,6
1780814794,4875.949,9
1780814796,4876.207,7
1780814798,4876.183,3
1780814800,4876.155,5
1780814802,4876.040,0
1780814804,4875.881,1
1780814806,4875.883,3
1780814808,4875.986,6
1780814810,4875.971,1
1780814812,4875.977,7
1780814814,4876.261,1
1780814816,4876.222,2
1780814818,4876.224,4
1780814820,4876.314,4
1780814822,4876.334,4
1780814824,4876.222,2
1780814826,4876.216,6
1780814828,4876.091,1
1780814830,4875.956,6
1780814832,4875.902,2
1780814834,4875.862,2
1780814836,4875.972,2
1780814838,4875.979,9
1780814840,4876.149,9
1780814842,4876.088,8
1780814844,4876.078,8
1780814846,4875.927,7
1780814848,4875.778,8
1780814850,4875.540,0
1780814852,4875.442,2
1780814854,4875.498,8
1780814856,4875.539,9
1780814858,4875.531,1
1780814860,4875.541,1
1780814862,4875.309,9
1780814864,4875.348,8
1780814866,4875.601,1
1780814868,4875.619,9
1780814870,4875.795,5
1780814872,4875.832,2
1780814874,4875.780,0
1780814876,4875.935,5
1780814878,4875.684,4
1780814880,4875.561,1
1780814882,4875.714,4
1780814884,4875.616,6
1780814886,4875.608,8
1780814888,4875.615,5
1780814890,4875.498,8
1780814892,4875.423,3
1780814894,4875.516,6
1780814896,4875.425,5
1780814898,4875.509,9
1780814900,4875.480,0
1780814902,4875.347,7
1780814904,4875.386,6
1780814906,4875.554,4
1780814908,4875.538,8
1780814910,4875.448,8
1780814912,4875.437,7
1780814914,4875.311,1
1780814916,4875.064,4
1780814918,4875.299,9
1780814920,4875.295,5
1780814922,4875.239,9
1780814924,4875.314,4
1780814926,4875.333,3
1780814928,4875.451,1
1780814930,4875.389,9
1780814932,4875.543,3
1780814934,4875.396,6
1780814936,4875.626,6
1780814938,4875.567,7
1780814940,4875.533,3
1780814942,4875.560,0
1780814944,4875.426,6
1780814946,4875.514,4
1780814948,4875.336,6
1780814950,4875.347,7
1780814952,4875.265,5
1780814954,4875.175,5
1780814956,4875.168,8
1780814958,4875.108,8
1780814960,4875.098,8
1780814962,4875.013,3
1780814964,4874.948,8
1780814966,4874.875,5
1780814968,4874.916,6
1780814970,4874.798,8
1780814972,4874.474,4
1780814974,4874.401,1
1780814976,4874.511,1
1780814978,4874.355,5
1780814980,4874.576,6
1780814982,4874.594,4
1780814984,4874.630,0
1780814986,4874.567,7
1780814988,4874.529,9
1780814990,4874.432,2
1780814992,4874.255,5
1780814994,4874.200,0
1780814996,4874.167,7
1780814998,4874.083,3
1780815000,4874.335,5
1780815002,4874.121,1
1780815004,4874.047,7
1780815006,4874.154,4
1780815008,4874.167,7
1780815010,4874.274,4
1780815012,4874.314,4
1780815014,4874.372,2
1780815016,4874.498,8
1780815018,4874.507,7
1780815020,4874.510,0
1780815022,4874.713,3
1780815024,4874.806,6
1780815026,4874.785,5
1780815028,4874.752,2
1780815030,4874.638,8
1780815032,4874.553,3
1780815034,4874.625,5
1780815036,4874.665,5
1780815038,4874.552,2
1780815040,4874.463,3
1780815042,4874.637,7
1780815044,4874.340,0
1780815046,4874.330,0
1780815048,4874.365,5
1780815050,4874.435,5
1780815052,4874.265,5
1780815054,4874.349,9
1780815056,4874.585,5
1780815058,4874.388,8
1780815060,4874.198,8
1780815062,4874.183,3
1780815064,4874.490,0
1780815066,4874.434,4
1780815068,4874.614,4
1780815070,4874.620,0
1780815072,4874.492,2
1780815074,4874.532,2
1780815076,4874.592,2
1780815078,4874.612,2
1780815080,4874.403,3
1780815082,4874.566,6
1780815084,4874.481,1
1780815086,4874.518,8
1780815088,4874.314,4
1780815090,4874.348,8
1780815092,4874.322,2
1780815094,4874.351,1
1780815096,4874.071,1
1780815098,4874.116,6
1780815100,4874.076,6
1780815102,4874.234,4
1780815104,4874.181,1
1780815106,4874.320,0
1780815108,4874.414,4
1780815110,4874.347,7
1780815112,4874.375,5
1780815114,4874.292,2
1780815116,4874.296,6
1780815118,4874.392,2
1780815120,4874.508,8
1780815122,4874.377,7
1780815124,4874.367,7
1780815126,4874.304,4
1780815128,4874.388,8
1780815130,4874.320,0
1780815132,4874.099,9
1780815134,4873.887,7
1780815136,4873.927,7
1780815138,4873.911,1
1780815140,4874.008,8
1780815142,4873.967,7
1780815144,4874.110,0
1780815146,4873.914,4
1780815148,4873.918,8
1780815150,4873.986,6
1780815152,4874.036,6
1780815154,4873.878,8
1780815156,4873.980,0
1780815158,4873.948,8
1780815160,4874.100,0
1780815162,4874.325,5
1780815164,4874.406,6
1780815166,4874.250,0
1780815168,4874.370,0
1780815170,4874.440,0
1780815172,4874.350,0
1780815174,4874.472,2
1780815176,4874.686,6
1780815178,4874.901,1
1780815180,4874.878,8
1780815182,4874.805,5
1780815184,4874.979,9
1780815186,4874.840,0
1780815188,4874.753,3
1780815190,4874.595,5
1780815192,4874.748,8
1780815194,4874.611,1
1780815196,4874.592,2
1780815198,4874.514,4
1780815200,4874.373,3
1780815202,4874.565,5
1780815204,4874.495,5
1780815206,4874.580,0
1780815208,4874.685,5
1780815210,4874.799,9
1780815212,4875.002,2
1780815214,4874.865,5
1780815216,4874.996,6
1780815218,4875.025,5
1780815220,4875.163,3
1780815222,4875.256,6
1780815224,4875.198,8
1780815226,4875.370,0
1780815228,4875.261,1
1780815230,4875.183,3
1780815232,4875.007,7
1780815234,4874.921,1
1780815236,4875.080,0
1780815238,4875.171,1
1780815240,4875.521,1
1780815242,4875.577,7
1780815244,4875.696,6
1780815246,4875.975,5
1780815248,4875.945,5
1780815250,4876.045,5
1780815252,4876.084,4
1780815254,4876.132,2
1780815256,4876.082,2
1780815258,4875.851,1
1780815260,4875.923,3
1780815262,4875.939,9
1780815264,4875.868,8
1780815266,4875.966,6
1780815268,4875.983,3
1780815270,4875.881,1
1780815272,4875.920,0
1780815274,4875.954,4
1780815276,4875.845,5
1780815278,4875.805,5
1780815280,4875.580,0
1780815282,4875.506,6
1780815284,4875.396,6
1780815286,4875.550,0
1780815288,4875.297,7
1780815290,4875.349,9
1780815292,4875.490,0
1780815294,4875.182,2
1780815296,4875.269,9
1780815298,4875.322,2
1780815300,4875.337,7
1780815302,4875.300,0
1780815304,4875.349,9
1780815306,4875.218,8
1780815308,4875.093,3
1780815310,4875.034,4
1780815312,4875.115,5
1780815314,4875.247,7
1780815316,4875.208,8
1780815318,4875.288,8
1780815320,4875.176,6
1780815322,4875.189,9
1780815324,4875.115,5
1780815326,4874.931,1
1780815328,4875.003,3
1780815330,4875.130,0
1780815332,4875.267,7
1780815334,4875.360,0
1780815336,4875.466,6
1780815338,4875.360,0
1780815340,4875.206,6
1780815342,4875.241,1
1780815344,4875.158,8
1780815346,4874.960,0
1780815348,4874.983,3
1780815350,4875.071,1
1780815352,4874.939,9
1780815354,4875.042,2
1780815356,4875.245,5
1780815358,4875.102,2
1780815360,4874.901,1
1780815362,4874.725,5
1780815364,4874.773,3
1780815366,4874.666,6
1780815368,4874.657,7
1780815370,4874.642,2
1780815372,4874.631,1
1780815374,4874.649,9
1780815376,4874.625,5
1780815378,4874.775,5
1780815380,4874.867,7
1780815382,4874.988,8
1780815384,4875.032,2
1780815386,4874.981,1
1780815388,4875.150,0
1780815390,4875.097,7
1780815392,4875.066,6
1780815394,4875.023,3
1780815396,4875.016,6
1780815398,4874.897,7
1780815400,4874.793,3
1780815402,4874.781,1
1780815404,4874.887,7
1780815406,4874.846,6
1780815408,4874.915,5
1780815410,4874.778,8
1780815412,4874.578,8
1780815414,4874.642,2
1780815416,4874.374,4
1780815418,4874.612,2
1780815420,4874.473,3
1780815422,4874.722,2
1780815424,4874.622,2
1780815426,4874.742,2
1780815428,4874.724,4
1780815430,4875.031,1
1780815432,4874.860,0
1780815434,4874.891,1
1780815436,4874.778,8
1780815438,4874.906,6
1780815440,4875.127,7
1780815442,4875.042,2
1780815444,4874.849,9
1780815446,4874.775,5
1780815448,4874.907,7
1780815450,4874.630,0
1780815452,4874.694,4
1780815454,4874.699,9
1780815456,4874.638,8
1780815458,4874.691,1
1780815460,4874.515,5
1780815462,4874.339,9
1780815464,4874.177,7
1780815466,4874.130,0
1780815468,4874.087,7
1780815470,4873.980,0
1780815472,4873.885,5
1780815474,4873.868,8
1780815476,4873.818,8
1780815478,4873.969,9
1780815480,4873.803,3
1780815482,4873.824,4
1780815484,4873.948,8
1780815486,4873.980,0
1780815488,4874.043,3
1780815490,4874.117,7
1780815492,4873.984,4
1780815494,4873.893,3
1780815496,4873.753,3
1780815498,4873.661,1
1780815500,4873.736,6
1780815502,4873.844,4
1780815504,4873.649,9
1780815506,4873.532,2
1780815508,4873.694,4
1780815510,4873.517,7
1780815512,4873.363,3
1780815514,4873.330,0
1780815516,4873.190,0
1780815518,4873.097,7
1780815520,4873.128,8
1780815522,4873.142,2
1780815524,4873.188,8
1780815526,4873.193,3
1780815528,4873.344,4
1780815530,4873.540,0
1780815532,4873.651,1
1780815534,4873.844,4
1780815536,4873.815,5
1780815538,4873.766,6
1780815540,4873.596,6
1780815542,4873.679,9
1780815544,4873.828,8
1780815546,4873.803,3
1780815548,4873.769,9
1780815550,4873.577,7
1780815552,4873.594,4
1780815554,4873.504,4
1780815556,4873.528,8
1780815558,4873.481,1
1780815560,4873.353,3
1780815562,4873.315,5
1780815564,4873.403,3
1780815566,4873.490,0
1780815568,4873.685,5
1780815570,4873.510,0
1780815572,4873.738,8
1780815574,4873.670,0
1780815576,4873.826,6
1780815578,4873.941,1
1780815580,4874.051,1
1780815582,4874.099,9
1780815584,4874.096,6
1780815586,4873.980,0
1780815588,4873.858,8
1780815590,4873.815,5
1780815592,4873.963,3
1780815594,4873.864,4
1780815596,4873.846,6
1780815598,4873.688,8
1780815600,4873.840,0
1780815602,4873.844,4
1780815604,4873.903,3
1780815606,4873.781,1
1780815608,4873.735,5
1780815610,4873.637,7
1780815612,4873.358,8
1780815614,4873.384,4
1780815616,4873.428,8
1780815618,4873.354,4
1780815620,4873.357,7
1780815622,4873.630,0
1780815624,4873.565,5
1780815626,4873.386,6
1780815628,4873.315,5
1780815630,4873.355,5
1780815632,4873.390,0
1780815634,4873.626,6
1780815636,4873.674,4
1780815638,4873.704,4
1780815640,4873.781,1
1780815642,4873.783,3
1780815644,4873.922,2
1780815646,4874.097,7
1780815648,4873.939,9
1780815650,4874.070,0
1780815652,4874.114,4
1780815654,4874.154,4
1780815656,4874.123,3
1780815658,4873.932,2
1780815660,4874.193,3
1780815662,4874.215,5
1780815664,4874.347,7
1780815666,4874.452,2
1780815668,4874.527,7
1780815670,4874.561,1
1780815672,4874.688,8
1780815674,4874.842,2
1780815676,4874.944,4
1780815678,4874.964,4
1780815680,4874.947,7
1780815682,4874.971,1
1780815684,4875.069,9
1780815686,4875.150,0
1780815688,4874.880,0
1780815690,4874.736,6
1780815692,4874.642,2
1780815694,4874.845,5
1780815696,4874.837,7
1780815698,4874.806,6
1780815700,4874.774,4
1780815702,4874.860,0
1780815704,4874.954,4
1780815706,4875.043,3
1780815708,4875.031,1
1780815710,4874.958,8
1780815712,4874.825,5
1780815714,4874.888,8
1780815716,4875.201,1
1780815718,4875.307,7
1780815720,4875.221,1
1780815722,4875.238,8
1780815724,4875.308,8
1780815726,4875.394,4
1780815728,4875.418,8
1780815730,4875.665,5
1780815732,4875.648,8
1780815734,4875.732,2
1780815736,4875.773,3
1780815738,4875.667,7
1780815740,4875.652,2
1780815742,4875.610,0
1780815744,4875.484,4
1780815746,4875.495,5
1780815748,4875.496,6
1780815750,4875.411,1
1780815752,4875.395,5
1780815754,4875.186,6
1780815756,4875.080,0
1780815758,4874.877,7
1780815760,4874.839,9
1780815762,4874.953,3
1780815764,4874.982,2
1780815766,4875.257,7
1780815768,4875.307,7
1780815770,4875.251,1
1780815772,4875.148,8
1780815774,4875.074,4
1780815776,4875.287,7
1780815778,4875.097,7
1780815780,4875.040,0
1780815782,4874.984,4
1780815784,4874.986,6
1780815786,4874.859,9
1780815788,4874.909,9
1780815790,4875.049,9
1780815792,4875.137,7
1780815794,4874.894,4
1780815796,4874.839,9
1780815798,4874.789,9
1780815800,4874.615,5
1780815802,4874.744,4
1780815804,4874.626,6
1780815806,4874.833,3
1780815808,4874.598,8
1780815810,4874.652,2
1780815812,4874.666,6
1780815814,4874.567,7
1780815816,4874.417,7
1780815818,4874.418,8
1780815820,4874.383,3
1780815822,4874.324,4
1780815824,4874.229,9
1780815826,4874.046,6
1780815828,4874.041,1
1780815830,4874.101,1
1780815832,4874.004,4
1780815834,4874.133,3
1780815836,4874.176,6
1780815838,4874.127,7
1780815840,4873.980,0
1780815842,4874.201,1
1780815844,4874.034,4
1780815846,4874.180,0
1780815848,4874.181,1
1780815850,4874.347,7
1780815852,4874.229,9
1780815854,4874.178,8
1780815856,4874.371,1
1780815858,4874.424,4
1780815860,4874.393,3
1780815862,4874.569,9
1780815864,4874.692,2
1780815866,4874.644,4
1780815868,4874.807,7
1780815870,4874.965,5
1780815872,4874.993,3
1780815874,4875.001,1
1780815876,4875.201,1
1780815878,4875.117,7
1780815880,4875.088,8
1780815882,4875.006,6
1780815884,4875.049,9
1780815886,4875.134,4
1780815888,4874.946,6
1780815890,4875.188,8
1780815892,4875.282,2
1780815894,4875.441,1
1780815896,4875.249,9
1780815898,4875.446,6
1780815900,4875.422,2
1780815902,4875.497,7
1780815904,4875.523,3
1780815906,4875.270,0
1780815908,4875.441,1
1780815910,4875.434,4
1780815912,4875.574,4
1780815914,4875.511,1
1780815916,4875.615,5
1780815918,4875.706,6
1780815920,4875.752,2
1780815922,4875.700,0
1780815924,4875.797,7
1780815926,4875.785,5
1780815928,4875.838,8
1780815930,4875.527,7
1780815932,4875.470,0
1780815934,4875.249,9
1780815936,4875.346,6
1780815938,4875.511,1
1780815940,4875.369,9
1780815942,4875.368,8
1780815944,4875.732,2
1780815946,4875.728,8
1780815948,4875.576,6
1780815950,4875.671,1
1780815952,4875.728,8
1780815954,4875.817,7
1780815956,4875.747,7
1780815958,4875.754,4
1780815960,4875.750,0
1780815962,4875.795,5
1780815964,4875.872,2
1780815966,4875.883,3
1780815968,4875.865,5
1780815970,4875.790,0
1780815972,4875.742,2
1780815974,4875.586,6
1780815976,4875.683,3
1780815978,4875.370,0
1780815980,4875.237,7
1780815982,4875.221,1
1780815984,4875.213,3
1780815986,4875.312,2
1780815988,4875.259,9
1780815990,4875.397,7
1780815992,4875.461,1
1780815994,4875.616,6
1780815996,4875.619,9
1780815998,4875.656,6
1780816000,4875.345,5
1780816002,4875.222,2
1780816004,4875.226,6
1780816006,4875.268,8
1780816008,4875.218,8
1780816010,4875.309,9
1780816012,4875.528,8
1780816014,4875.625,5
1780816016,4875.718,8
1780816018,4875.590,0
1780816020,4875.558,8
1780816022,4875.452,2
1780816024,4875.604,4
1780816026,4875.427,7
1780816028,4875.399,9
1780816030,4875.511,1
1780816032,4875.509,9
1780816034,4875.556,6
1780816036,4875.420,0
1780816038,4875.431,1
1780816040,4875.482,2
1780816042,4875.433,3
1780816044,4875.548,8
1780816046,4875.486,6
1780816048,4875.616,6
1780816050,4875.520,0
1780816052,4875.551,1
1780816054,4875.518,8
1780816056,4875.436,6
1780816058,4875.675,5
1780816060,4875.810,0
1780816062,4875.749,9
1780816064,4875.708,8
1780816066,4875.760,0
1780816068,4875.798,8
1780816070,4875.762,2
1780816072,4875.959,9
1780816074,4875.936,6
1780816076,4875.761,1
1780816078,4875.559,9
1780816080,4875.599,9
1780816082,4875.523,3
1780816084,4875.493,3
1780816086,4875.359,9
1780816088,4875.502,2
1780816090,4875.608,8
1780816092,4875.660,0
1780816094,4875.742,2
1780816096,4875.855,5
1780816098,4876.049,9
1780816100,4876.018,8
1780816102,4875.912,2
1780816104,4875.928,8
1780816106,4875.833,3
1780816108,4875.843,3
1780816110,4875.741,1
1780816112,4875.564,4
1780816114,4875.254,4
1780816116,4875.448,8
1780816118,4875.566,6
1780816120,4875.775,5
1780816122,4875.756,6
1780816124,4875.579,9
1780816126,4875.703,3
1780816128,4875.534,4
1780816130,4875.718,8
1780816132,4875.649,9
1780816134,4875.676,6
1780816136,4875.724,4
1780816138,4875.941,1
1780816140,4876.125,5
1780816142,4876.094,4
1780816144,4876.065,5
1780816146,4875.909,9
1780816148,4875.960,0
1780816150,4875.691,1
1780816152,4875.659,9
1780816154,4875.760,0
1780816156,4875.778,8
1780816158,4875.779,9
1780816160,4875.795,5
1780816162,4875.783,3
1780816164,4875.712,2
1780816166,4875.664,4
1780816168,4875.585,5
1780816170,4875.672,2
1780816172,4875.787,7
1780816174,4875.694,4
1780816176,4875.415,5
1780816178,4875.199,9
1780816180,4875.431,1
1780816182,4875.482,2
1780816184,4875.404,4
1780816186,4875.419,9
1780816188,4875.373,3
1780816190,4875.597,7
1780816192,4875.595,5
1780816194,4875.642,2
1780816196,4875.602,2
1780816198,4875.633,3
1780816200,4875.823,3
1780816202,4875.910,0
1780816204,4875.824,4
1780816206,4875.864,4
1780816208,4876.170,0
1780816210,4876.292,2
1780816212,4876.345,5
1780816214,4876.371,1
1780816216,4876.328,8
1780816218,4876.434,4
1780816220,4876.498,8
1780816222,4876.294,4
1780816224,4876.158,8
1780816226,4876.074,4
1780816228,4876.062,2
1780816230,4875.962,2
1780816232,4875.997,7
1780816234,4876.058,8
1780816236,4876.010,0
1780816238,4876.291,1
1780816240,4876.270,0
1780816242,4876.200,0
1780816244,4876.170,0
1780816246,4876.112,2
1780816248,4876.163,3
1780816250,4876.240,0
1780816252,4876.294,4
1780816254,4876.289,9
1780816256,4876.334,4
1780816258,4876.278,8
1780816260,4876.094,4
1780816262,4876.023,3
1780816264,4875.987,7
1780816266,4876.108,8
1780816268,4876.055,5
1780816270,4876.082,2
1780816272,4875.836,6
1780816274,4875.654,4
1780816276,4875.782,2
1780816278,4875.924,4
1780816280,4876.000,0
1780816282,4875.884,4
1780816284,4875.899,9
1780816286,4875.983,3
1780816288,4875.703,3
1780816290,4875.775,5
1780816292,4875.678,8
1780816294,4875.600,0
1780816296,4875.609,9
1780816298,4875.486,6
1780816300,4875.414,4
1780816302,4875.425,5
1780816304,4875.676,6
1780816306,4875.825,5
1780816308,4875.880,0
1780816310,4875.543,3
1780816312,4875.437,7
1780816314,4875.407,7
1780816316,4875.454,4
1780816318,4875.423,3
1780816320,4875.473,3
1780816322,4875.452,2
1780816324,4875.478,8
1780816326,4875.497,7
1780816328,4875.382,2
1780816330,4875.318,8
1780816332,4875.240,0
1780816334,4875.255,5
1780816336,4875.272,2
1780816338,4874.986,6
1780816340,4874.867,7
1780816342,4874.773,3
1780816344,4874.806,6
1780816346,4874.900,0
1780816348,4875.015,5
1780816350,4874.810,0
1780816352,4874.949,9
1780816354,4874.989,9
1780816356,4874.901,1
1780816358,4874.774,4
1780816360,4874.758,8
1780816362,4874.648,8
1780816364,4874.662,2
1780816366,4874.774,4
1780816368,4874.579,9
1780816370,4874.479,9
1780816372,4874.504,4
1780816374,4874.599,9
1780816376,4874.710,0
1780816378,4874.642,2
1780816380,4874.666,6
1780816382,4874.613,3
1780816384,4874.390,0
1780816386,4874.538,8
1780816388,4874.597,7
1780816390,4874.480,0
1780816392,4874.496,6
1780816394,4874.182,2
1780816396,4874.314,4
1780816398,4874.399,9
1780816400,4874.449,9
1780816402,4874.513,3
1780816404,4874.354,4
1780816406,4874.447,7
1780816408,4874.528,8
1780816410,4874.694,4
1780816412,4874.723,3
1780816414,4874.695,5
1780816416,4874.863,3
1780816418,4874.824,4
1780816420,4874.774,4
1780816422,4874.662,2
1780816424,4874.560,0
1780816426,4874.587,7
1780816428,4874.611,1
1780816430,4874.539,9
1780816432,4874.728,8
1780816434,4874.689,9
1780816436,4874.606,6
1780816438,4874.638,8
1780816440,4874.579,9
1780816442,4874.335,5
1780816444,4874.288,8
1780816446,4874.277,7
1780816448,4874.171,1
1780816450,4874.118,8
1780816452,4874.102,2
1780816454,4873.929,9
1780816456,4873.832,2
1780816458,4873.861,1
1780816460,4873.718,8
1780816462,4873.429,9
1780816464,4873.362,2
1780816466,4873.641,1
1780816468,4873.877,7
1780816470,4873.994,4
1780816472,4874.023,3
1780816474,4873.939,9
1780816476,4873.983,3
1780816478,4873.821,1
1780816480,4874.010,0
1780816482,4873.847,7
1780816484,4873.855,5
1780816486,4873.880,0
1780816488,4873.744,4
1780816490,4873.666,6
1780816492,4873.624,4
1780816494,4873.605,5
1780816496,4873.584,4
1780816498,4873.437,7
1780816500,4873.367,7
1780816502,4873.334,4
1780816504,4873.355,5
1780816506,4873.207,7
1780816508,4873.365,5
1780816510,4873.517,7
1780816512,4873.378,8
1780816514,4873.373,3
1780816516,4873.381,1
1780816518,4873.451,1
1780816520,4873.430,0
1780816522,4873.478,8
1780816524,4873.723,3
1780816526,4873.705,5
1780816528,4873.657,7
1780816530,4873.917,7
1780816532,4874.015,5
1780816534,4874.271,1
1780816536,4874.526,6
1780816538,4874.747,7
1780816540,4874.686,6
1780816542,4874.774,4
1780816544,4874.930,0
1780816546,4874.947,7
1780816548,4874.823,3
1780816550,4874.601,1
1780816552,4874.588,8
1780816554,4874.760,0
1780816556,4874.937,7
1780816558,4875.129,9
1780816560,4875.008,8
1780816562,4875.222,2
1780816564,4875.210,0
1780816566,4875.127,7
1780816568,4875.226,6
1780816570,4875.360,0
1780816572,4875.349,9
1780816574,4875.426,6
1780816576,4875.300,0
1780816578,4875.502,2
1780816580,4875.632,2
1780816582,4875.794,4
1780816584,4875.692,2
1780816586,4875.645,5
1780816588,4875.596,6
1780816590,4875.772,2
1780816592,4875.497,7
1780816594,4875.298,8
1780816596,4875.042,2
1780816598,4875.094,4
1780816600,4875.107,7
1780816602,4875.091,1
1780816604,4875.007,7
1780816606,4874.955,5
1780816608,4874.887,7
1780816610,4874.882,2
1780816612,4874.785,5
1780816614,4874.852,2
1780816616,4874.980,0
1780816618,4874.970,0
1780816620,4875.070,0
1780816622,4875.160,0
1780816624,4875.192,2
1780816626,4875.294,4
1780816628,4875.355,5
1780816630,4875.534,4
1780816632,4875.548,8
1780816634,4875.486,6
1780816636,4875.372,2
1780816638,4875.308,8
1780816640,4875.054,4
1780816642,4874.974,4
1780816644,4874.978,8
1780816646,4874.962,2
1780816648,4875.110,0
1780816650,4875.115,5
1780816652,4875.055,5
1780816654,4874.940,0
1780816656,4874.866,6
1780816658,4874.802,2
1780816660,4874.812,2
1780816662,4874.811,1
1780816664,4874.814,4
1780816666,4874.709,9
1780816668,4874.474,4
1780816670,4874.554,4
1780816672,4874.618,8
1780816674,4874.757,7
1780816676,4874.804,4
1780816678,4874.899,9
1780816680,4874.781,1
1780816682,4874.805,5
1780816684,4874.835,5
1780816686,4874.883,3
1780816688,4874.658,8
1780816690,4874.667,7
1780816692,4874.710,0
1780816694,4874.683,3
1780816696,4874.607,7
1780816698,4874.675,5
1780816700,4874.520,0
1780816702,4874.423,3
1780816704,4874.497,7
1780816706,4874.442,2
1780816708,4874.344,4
1780816710,4874.245,5
1780816712,4874.294,4
1780816714,4874.423,3
1780816716,4874.420,0
1780816718,4874.537,7
1780816720,4874.726,6
1780816722,4874.690,0
1780816724,4874.485,5
1780816726,4874.442,2
1780816728,4874.301,1
1780816730,4874.247,7
1780816732,4874.205,5
1780816734,4874.211,1
1780816736,4874.203,3
1780816738,4874.149,9
1780816740,4874.090,0
1780816742,4874.039,9
1780816744,4874.089,9
1780816746,4874.078,8
1780816748,4874.222,2
1780816750,4874.316,6
1780816752,4874.413,3
1780816754,4874.310,0
1780816756,4874.111,1
1780816758,4874.221,1
1780816760,4874.081,1
1780816762,4874.148,8
1780816764,4873.926,6
1780816766,4873.993,3
1780816768,4874.038,8
1780816770,4873.862,2
1780816772,4874.025,5
1780816774,4873.897,7
1780816776,4873.882,2
1780816778,4873.954,4
1780816780,4874.172,2
1780816782,4874.218,8
1780816784,4874.461,1
1780816786,4874.599,9
1780816788,4874.391,1
1780816790,4874.591,1
1780816792,4874.688,8
1780816794,4874.612,2
1780816796,4874.484,4
1780816798,4874.498,8
1780816800,4874.505,5
1780816802,4874.577,7
1780816804,4874.887,7
1780816806,4874.908,8
1780816808,4874.904,4
1780816810,4874.761,1
1780816812,4874.751,1
1780816814,4874.777,7
1780816816,4874.923,3
1780816818,4875.125,5
1780816820,4875.037,7
1780816822,4874.847,7
1780816824,4874.722,2
1780816826,4874.739,9
1780816828,4874.532,2
1780816830,4874.559,9
1780816832,4874.640,0
1780816834,4874.763,3
1780816836,4874.751,1
1780816838,4874.463,3
1780816840,4874.223,3
1780816842,4874.332,2
1780816844,4874.346,6
1780816846,4874.374,4
1780816848,4874.333,3
1780816850,4874.286,6
1780816852,4874.383,3
1780816854,4874.441,1
1780816856,4874.482,2
1780816858,4874.594,4
1780816860,4874.670,0
1780816862,4874.717,7
1780816864,4874.645,5
1780816866,4874.782,2
1780816868,4874.848,8
1780816870,4874.836,6
1780816872,4874.836,6
1780816874,4874.747,7
1780816876,4874.848,8
1780816878,4874.754,4
1780816880,4874.931,1
1780816882,4874.822,2
1780816884,4875.012,2
1780816886,4874.965,5
1780816888,4874.980,0
1780816890,4874.882,2
1780816892,4874.915,5
1780816894,4874.991,1
1780816896,4874.969,9
1780816898,4875.039,9
1780816900,4875.009,9
1780816902,4875.045,5
1780816904,4875.190,0
1780816906,4875.246,6
1780816908,4875.434,4
1780816910,4875.503,3
1780816912,4875.431,1
1780816914,4875.592,2
1780816916,4875.587,7
1780816918,4875.441,1
1780816920,4875.475,5
1780816922,4875.437,7
1780816924,4875.617,7
1780816926,4875.658,8
1780816928,4875.793,3
1780816930,4875.729,9
1780816932,4875.775,5
1780816934,4875.868,8
1780816936,4875.745,5
1780816938,4875.554,4
1780816940,4875.542,2
1780816942,4875.533,3
1780816944,4875.520,0
1780816946,4875.499,9
1780816948,4875.369,9
1780816950,4875.411,1
1780816952,4875.199,9
1780816954,4875.052,2
1780816956,4875.125,5
1780816958,4874.884,4
1780816960,4874.839,9
1780816962,4874.898,8
1780816964,4874.972,2
1780816966,4874.886,6
1780816968,4874.802,2
1780816970,4874.892,2
1780816972,4874.716,6
1780816974,4874.854,4
1780816976,4874.631,1
1780816978,4874.660,0
1780816980,4874.415,5
1780816982,4874.335,5
1780816984,4874.241,1
1780816986,4874.075,5
1780816988,4873.954,4
1780816990,4873.971,1
1780816992,4873.879,9
1780816994,4873.707,7
1780816996,4873.574,4
1780816998,4873.611,1
1780817000,4873.671,1
1780817002,4873.700,0
1780817004,4873.909,9
1780817006,4873.843,3
1780817008,4873.790,0
1780817010,4873.763,3
1780817012,4873.709,9
1780817014,4873.730,0
1780817016,4873.635,5
1780817018,4873.976,6
1780817020,4873.588,8
1780817022,4873.702,2
1780817024,4873.584,4
1780817026,4873.556,6
1780817028,4873.396,6
1780817030,4873.212,2
1780817032,4873.235,5
1780817034,4873.062,2
1780817036,4873.088,8
1780817038,4872.989,9
1780817040,4872.936,6
1780817042,4872.949,9
1780817044,4873.024,4
1780817046,4872.890,0
1780817048,4872.807,7
1780817050,4872.909,9
1780817052,4872.901,1
1780817054,4872.975,5
1780817056,4872.850,0
1780817058,4873.035,5
1780817060,4872.941,1
1780817062,4872.982,2
1780817064,4873.014,4
1780817066,4873.080,0
1780817068,4873.040,0
1780817070,4872.865,5
1780817072,4872.885,5
1780817074,4873.073,3
1780817076,4873.237,7
1780817078,4873.359,9
1780817080,4873.619,9
1780817082,4873.617,7
1780817084,4873.524,4
1780817086,4873.482,2
1780817088,4873.261,1
1780817090,4873.388,8
1780817092,4873.263,3
1780817094,4873.270,0
1780817096,4873.124,4
1780817098,4873.245,5
1780817100,4873.112,2
1780817102,4873.154,4
1780817104,4873.234,4
1780817106,4873.285,5
1780817108,4873.233,3
1780817110,4873.277,7
1780817112,4873.266,6
1780817114,4873.363,3
1780817116,4873.376,6
1780817118,4873.529,9
1780817120,4873.435,5
1780817122,4873.294,4
1780817124,4873.489,9
1780817126,4873.291,1
1780817128,4873.243,3
1780817130,4872.986,6
1780817132,4873.079,9
1780817134,4873.141,1
1780817136,4873.255,5
1780817138,4873.028,8
1780817140,4873.058,8
1780817142,4873.099,9
1780817144,4873.077,7
1780817146,4872.952,2
1780817148,4872.936,6
1780817150,4872.901,1
1780817152,4872.996,6
1780817154,4873.030,0
1780817156,4873.075,5
1780817158,4872.953,3
1780817160,4873.025,5
1780817162,4872.970,0
1780817164,4873.098,8
1780817166,4873.182,2
1780817168,4873.130,0
1780817170,4873.065,5
1780817172,4873.139,9
1780817174,4873.245,5
1780817176,4873.251,1
1780817178,4873.053,3
1780817180,4873.198,8
1780817182,4873.198,8
1780817184,4873.045,5
1780817186,4873.107,7
1780817188,4872.933,3
1780817190,4873.003,3
1780817192,4873.278,8
1780817194,4873.444,4
1780817196,4873.558,8
1780817198,4873.720,0
1780817200,4873.650,0
1780817202,4873.637,7
1780817204,4873.696,6
1780817206,4873.617,7
1780817208,4873.601,1
1780817210,4873.362,2
1780817212,4873.141,1
1780817214,4873.123,3
1780817216,4873.141,1
1780817218,4872.823,3
1780817220,4872.846,6
1780817222,4872.927,7
1780817224,4872.999,9
1780817226,4873.085,5
1780817228,4873.109,9
1780817230,4873.300,0
1780817232,4873.299,9
1780817234,4873.360,0
1780817236,4873.243,3
1780817238,4873.259,9
1780817240,4873.051,1
1780817242,4873.038,8
1780817244,4873.208,8
1780817246,4873.308,8
1780817248,4873.241,1
1780817250,4873.296,6
1780817252,4873.350,0
1780817254,4873.349,9
1780817256,4873.321,1
1780817258,4873.534,4
1780817260,4873.587,7
1780817262,4873.567,7
1780817264,4873.444,4
1780817266,4873.438,8
1780817268,4873.402,2
1780817270,4873.276,6
1780817272,4873.103,3
1780817274,4873.063,3
1780817276,4873.106,6
1780817278,4873.443,3
1780817280,4873.367,7
1780817282,4873.437,7
1780817284,4873.578,8
1780817286,4873.725,5
1780817288,4873.777,7
1780817290,4873.600,0
1780817292,4873.731,1
1780817294,4873.837,7
1780817296,4873.904,4
1780817298,4873.810,0
1780817300,4873.853,3
1780817302,4873.964,4
1780817304,4873.900,0
1780817306,4874.108,8
1780817308,4874.162,2
1780817310,4874.136,6
1780817312,4874.036,6
1780817314,4873.806,6
1780817316,4873.887,7
1780817318,4873.920,0
1780817320,4873.780,0
1780817322,4873.906,6
1780817324,4873.950,0
1780817326,4873.991,1
1780817328,4874.168,8
1780817330,4874.135,5
1780817332,4874.134,4
1780817334,4874.155,5
1780817336,4874.107,7
1780817338,4874.156,6
1780817340,4874.137,7
1780817342,4873.810,0
1780817344,4873.835,5
1780817346,4873.835,5
1780817348,4873.876,6
1780817350,4873.778,8
1780817352,4873.920,0
1780817354,4873.970,0
1780817356,4873.997,7
1780817358,4874.056,6
1780817360,4874.032,2
1780817362,4873.930,0
1780817364,4874.045,5
1780817366,4874.028,8
1780817368,4873.710,0
1780817370,4873.812,2
1780817372,4873.596,6
1780817374,4873.482,2
1780817376,4873.409,9
1780817378,4873.222,2
1780817380,4873.127,7
1780817382,4873.064,4
1780817384,4873.211,1
1780817386,4873.222,2
1780817388,4873.153,3
1780817390,4873.189,9
1780817392,4873.175,5
1780817394,4873.203,3
1780817396,4873.360,0
1780817398,4873.534,4
1780817400,4873.705,5
1780817402,4873.603,3
1780817404,4873.618,8
1780817406,4873.654,4
1780817408,4873.637,7
1780817410,4873.553,3
1780817412,4873.747,7
1780817414,4873.755,5
1780817416,4873.645,5
1780817418,4873.625,5
1780817420,4873.481,1
1780817422,4873.309,9
1780817424,4873.525,5
1780817426,4873.507,7
1780817428,4873.400,0
1780817430,4873.512,2
1780817432,4873.641,1
1780817434,4873.590,0
1780817436,4873.535,5
1780817438,4873.483,3
1780817440,4873.515,5
1780817442,4873.521,1
1780817444,4873.483,3
1780817446,4873.441,1
1780817448,4873.367,7
1780817450,4873.313,3
1780817452,4873.418,8
1780817454,4873.320,0
1780817456,4873.271,1
1780817458,4873.320,0
1780817460,4873.472,2
1780817462,4873.366,6
1780817464,4873.293,3
1780817466,4873.392,2
1780817468,4873.223,3
1780817470,4873.173,3
1780817472,4873.175,5
1780817474,4873.184,4
1780817476,4873.328,8
1780817478,4873.716,6
1780817480,4873.911,1
1780817482,4874.062,2
1780817484,4874.088,8
1780817486,4874.182,2
1780817488,4874.127,7
1780817490,4874.133,3
1780817492,4874.197,7
1780817494,4874.293,3
1780817496,4874.361,1
1780817498,4874.426,6
1780817500,4874.374,4
1780817502,4874.497,7
1780817504,4874.494,4
1780817506,4874.686,6
1780817508,4874.625,5
1780817510,4874.608,8
1780817512,4874.542,2
1780817514,4874.446,6
1780817516,4874.421,1
1780817518,4874.483,3
1780817520,4874.440,0
1780817522,4874.606,6
1780817524,4874.678,8
1780817526,4874.691,1
1780817528,4874.810,0
1780817530,4874.750,0
1780817532,4874.680,0
1780817534,4874.599,9
1780817536,4874.588,8
1780817538,4874.610,0
1780817540,4874.496,6
1780817542,4874.560,0
1780817544,4874.546,6
1780817546,4874.460,0
1780817548,4874.503,3
1780817550,4874.576,6
1780817552,4874.407,7
1780817554,4874.537,7
1780817556,4874.460,0
1780817558,4874.465,5
1780817560,4874.417,7
1780817562,4874.451,1
1780817564,4874.662,2
1780817566,4874.702,2
1780817568,4874.706,6
1780817570,4874.785,5
1780817572,4874.956,6
1780817574,4875.070,0
1780817576,4875.066,6
1780817578,4874.950,0
1780817580,4875.005,5
1780817582,4875.147,7
1780817584,4874.874,4
1780817586,4874.848,8
1780817588,4875.042,2
1780817590,4874.995,5
1780817592,4875.012,2
1780817594,4874.903,3
1780817596,4874.819,9
1780817598,4874.932,2
1780817600,4874.879,9
1780817602,4874.853,3
1780817604,4874.905,5
1780817606,4874.940,0
1780817608,4875.231,1
1780817610,4875.285,5
1780817612,4875.061,1
1780817614,4874.973,3
1780817616,4874.839,9
1780817618,4875.015,5
1780817620,4874.909,9
1780817622,4874.841,1
1780817624,4874.878,8
1780817626,4874.817,7
1780817628,4874.859,9
1780817630,4875.116,6
1780817632,4874.983,3
1780817634,4874.868,8
1780817636,4874.918,8
1780817638,4874.977,7
1780817640,4875.082,2
1780817642,4874.847,7
1780817644,4875.082,2
1780817646,4875.066,6
1780817648,4875.053,3
1780817650,4875.086,6
1780817652,4875.090,0
1780817654,4875.186,6
1780817656,4875.139,9
1780817658,4874.907,7
1780817660,4874.970,0
1780817662,4874.896,6
1780817664,4875.089,9
1780817666,4875.343,3
1780817668,4875.154,4
1780817670,4875.164,4
1780817672,4875.001,1
1780817674,4875.280,0
1780817676,4875.385,5
1780817678,4875.286,6
1780817680,4875.451,1
1780817682,4875.274,4
1780817684,4875.338,8
1780817686,4875.501,1
1780817688,4875.418,8
1780817690,4875.432,2
1780817692,4875.537,7
1780817694,4875.546,6
1780817696,4875.742,2
1780817698,4875.857,7
1780817700,4875.795,5
1780817702,4875.839,9
1780817704,4875.715,5
1780817706,4875.762,2
1780817708,4875.723,3
1780817710,4876.028,8
1780817712,4876.110,0
1780817714,4876.103,3
1780817716,4876.006,6
1780817718,4875.865,5
1780817720,4875.739,9
1780817722,4875.874,4
1780817724,4876.096,6
1780817726,4876.049,9
1780817728,4876.051,1
1780817730,4876.304,4
1780817732,4876.177,7
1780817734,4875.990,0
1780817736,4876.078,8
1780817738,4876.176,6
1780817740,4875.985,5
1780817742,4876.021,1
1780817744,4875.945,5
1780817746,4875.942,2
1780817748,4876.084,4
1780817750,4875.873,3
1780817752,4875.730,0
1780817754,4875.813,3
1780817756,4875.733,3
1780817758,4875.745,5
1780817760,4875.771,1
1780817762,4875.453,3
1780817764,4875.318,8
1780817766,4875.266,6
1780817768,4875.151,1
1780817770,4875.253,3
1780817772,4875.390,0
1780817774,4875.367,7
1780817776,4875.558,8
1780817778,4875.779,9
1780817780,4875.767,7
1780817782,4875.838,8
1780817784,4875.882,2
1780817786,4875.939,9
1780817788,4875.677,7
1780817790,4875.775,5
1780817792,4875.803,3
1780817794,4875.869,9
1780817796,4875.772,2
1780817798,4875.786,6
1780817800,4875.983,3
1780817802,4876.019,9
1780817804,4876.081,1
1780817806,4876.138,8
1780817808,4876.215,5
1780817810,4876.155,5
1780817812,4876.002,2
1780817814,4876.154,4
1780817816,4876.320,0
1780817818,4876.346,6
1780817820,4876.341,1
1780817822,4876.471,1
1780817824,4876.640,0
1780817826,4876.699,9
1780817828,4876.753,3
1780817830,4876.757,7
1780817832,4876.838,8
1780817834,4876.917,7
1780817836,4876.852,2
1780817838,4876.717,7
1780817840,4876.929,9
1780817842,4876.778,8
1780817844,4876.974,4
1780817846,4877.318,8
1780817848,4877.587,7
1780817850,4877.449,9
1780817852,4877.374,4
1780817854,4877.238,8
1780817856,4877.281,1
1780817858,4877.194,4
1780817860,4877.175,5
1780817862,4877.551,1
1780817864,4877.494,4
1780817866,4877.309,9
1780817868,4877.414,4
1780817870,4877.513,3
1780817872,4877.483,3
1780817874,4877.401,1
1780817876,4877.135,5
1780817878,4877.244,4
1780817880,4877.381,1
1780817882,4877.357,7
1780817884,4877.049,9
1780817886,4877.402,2
1780817888,4877.453,3
1780817890,4877.565,5
1780817892,4877.433,3
1780817894,4877.520,0
1780817896,4877.417,7
1780817898,4877.304,4
1780817900,4877.182,2
1780817902,4877.375,5
1780817904,4877.411,1
1780817906,4877.686,6
1780817908,4877.817,7
1780817910,4877.706,6
1780817912,4877.796,6
1780817914,4877.865,5
1780817916,4877.813,3
1780817918,4877.897,7
1780817920,4877.914,4
1780817922,4877.843,3
1780817924,4877.683,3
1780817926,4877.761,1
1780817928,4877.882,2
1780817930,4878.010,0
1780817932,4877.887,7
1780817934,4877.877,7
1780817936,4877.987,7
1780817938,4878.049,9
1780817940,4877.992,2
1780817942,4878.109,9
1780817944,4878.003,3
1780817946,4877.916,6
1780817948,4877.916,6
1780817950,4877.955,5
1780817952,4877.757,7
1780817954,4877.958,8
1780817956,4878.147,7
1780817958,4878.337,7
1780817960,4878.097,7
1780817962,4878.405,5
1780817964,4878.384,4
1780817966,4878.388,8
1780817968,4878.263,3
1780817970,4878.194,4
1780817972,4878.147,7
1780817974,4878.159,9
1780817976,4878.376,6
1780817978,4878.434,4
1780817980,4878.458,8
1780817982,4878.185,5
1780817984,4878.044,4
1780817986,4878.033,3
1780817988,4878.073,3
1780817990,4878.082,2
1780817992,4878.214,4
1780817994,4878.280,0
1780817996,4878.130,0
1780817998,4878.146,6
1780818000,4878.180,0
1780818002,4878.243,3
1780818004,4878.495,5
1780818006,4878.696,6
1780818008,4878.593,3
1780818010,4878.609,9
1780818012,4878.747,7
1780818014,4878.800,0
1780818016,4878.729,9
1780818018,4878.704,4
1780818020,4878.594,4
1780818022,4878.787,7
1780818024,4878.835,5
1780818026,4878.969,9
1780818028,4879.363,3
1780818030,4879.196,6
1780818032,4878.905,5
1780818034,4878.833,3
1780818036,4878.890,0
1780818038,4878.828,8
1780818040,4878.814,4
1780818042,4878.787,7
1780818044,4878.867,7
1780818046,4878.976,6
1780818048,4879.019,9
1780818050,4879.221,1
1780818052,4879.339,9
1780818054,4879.035,5
1780818056,4879.241,1
1780818058,4879.121,1
1780818060,4879.238,8
1780818062,4879.103,3
1780818064,4879.232,2
1780818066,4879.218,8
1780818068,4879.170,0
1780818070,4879.177,7
1780818072,4879.058,8
1780818074,4879.226,6
1780818076,4879.198,8
1780818078,4879.181,1
1780818080,4879.304,4
1780818082,4879.152,2
1780818084,4879.394,4
1780818086,4879.494,4
1780818088,4879.564,4
1780818090,4879.630,0
1780818092,4879.649,9
1780818094,4879.780,0
1780818096,4879.784,4
1780818098,4879.934,4
1780818100,4880.057,7
1780818102,4880.086,6
1780818104,4880.241,1
1780818106,4880.105,5
1780818108,4880.185,5
1780818110,4880.164,4
1780818112,4880.041,1
1780818114,4880.004,4
1780818116,4879.728,8
1780818118,4879.517,7
1780818120,4879.276,6
1780818122,4879.161,1
1780818124,4879.050,0
1780818126,4879.254,4
1780818128,4879.481,1
1780818130,4879.254,4
1780818132,4879.147,7
1780818134,4879.259,9
1780818136,4879.249,9
1780818138,4879.211,1
1780818140,4879.312,2
1780818142,4879.362,2
1780818144,4879.292,2
1780818146,4879.316,6
1780818148,4879.395,5
1780818150,4879.176,6
1780818152,4879.150,0
1780818154,4879.262,2
1780818156,4879.234,4
1780818158,4879.352,2
1780818160,4879.273,3
1780818162,4879.284,4
1780818164,4879.371,1
1780818166,4879.338,8
1780818168,4879.309,9
1780818170,4879.293,3
1780818172,4879.180,0
1780818174,4879.354,4
1780818176,4879.414,4
1780818178,4879.391,1
1780818180,4879.378,8
1780818182,4879.419,9
1780818184,4879.248,8
1780818186,4879.208,8
1780818188,4879.376,6
1780818190,4879.570,0
1780818192,4879.430,0
1780818194,4879.248,8
1780818196,4879.063,3
1780818198,4879.147,7
1780818200,4879.143,3
1780818202,4879.088,8
1780818204,4879.172,2
1780818206,4879.284,4
1780818208,4879.127,7
1780818210,4879.011,1
1780818212,4879.050,0
1780818214,4878.952,2
1780818216,4878.843,3
1780818218,4878.879,9
1780818220,4878.788,8
1780818222,4878.498,8
1780818224,4878.359,9
1780818226,4878.208,8
1780818228,4877.978,8
1780818230,4878.137,7
1780818232,4877.900,0
1780818234,4877.950,0
1780818236,4877.847,7
1780818238,4877.748,8
1780818240,4877.788,8
1780818242,4877.872,2
1780818244,4877.832,2
1780818246,4877.862,2
1780818248,4877.865,5
1780818250,4877.705,5
1780818252,4877.621,1
1780818254,4877.514,4
1780818256,4877.701,1
1780818258,4877.683,3
1780818260,4877.603,3
1780818262,4877.582,2
1780818264,4877.570,0
1780818266,4877.440,0
1780818268,4877.237,7
1780818270,4877.248,8
1780818272,4877.570,0
1780818274,4877.514,4
1780818276,4877.391,1
1780818278,4877.368,8
1780818280,4877.359,9
1780818282,4877.444,4
1780818284,4877.454,4
1780818286,4877.604,4
1780818288,4877.809,9
1780818290,4877.977,7
1780818292,4878.111,1
1780818294,4878.142,2
1780818296,4878.205,5
1780818298,4878.151,1
1780818300,4878.344,4
1780818302,4878.231,1
1780818304,4878.181,1
1780818306,4878.222,2
1780818308,4878.349,9
1780818310,4878.186,6
1780818312,4878.146,6
1780818314,4878.313,3
1780818316,4878.592,2
1780818318,4878.672,2
1780818320,4878.628,8
1780818322,4878.329,9
1780818324,4878.443,3
1780818326,4878.321,1
1780818328,4878.316,6
1780818330,4878.142,2
1780818332,4878.037,7
1780818334,4877.967,7
1780818336,4878.260,0
1780818338,4878.304,4
1780818340,4878.310,0
1780818342,4878.541,1
1780818344,4878.280,0
1780818346,4878.239,9
1780818348,4878.090,0
1780818350,4878.123,3
1780818352,4878.056,6
1780818354,4878.108,8
1780818356,4878.085,5
1780818358,4878.011,1
1780818360,4878.108,8
1780818362,4878.227,7
1780818364,4878.069,9
1780818366,4878.172,2
1780818368,4878.124,4
1780818370,4878.045,5
1780818372,4877.876,6
1780818374,4877.848,8
1780818376,4877.718,8
1780818378,4877.614,4
1780818380,4877.583,3
1780818382,4877.572,2
1780818384,4877.559,9
1780818386,4877.378,8
1780818388,4877.487,7
1780818390,4877.658,8
1780818392,4877.861,1
1780818394,4877.863,3
1780818396,4878.057,7
1780818398,4878.036,6
1780818400,4878.030,0
1780818402,4878.085,5
1780818404,4878.106,6
1780818406,4878.099,9
1780818408,4878.251,1
1780818410,4878.247,7
1780818412,4878.193,3
1780818414,4878.133,3
1780818416,4878.005,5
1780818418,4877.998,8
1780818420,4877.875,5
1780818422,4877.957,7
1780818424,4878.056,6
1780818426,4877.954,4
1780818428,4877.928,8
1780818430,4877.884,4
1780818432,4878.002,2
1780818434,4877.978,8
1780818436,4877.940,0
1780818438,4878.114,4
1780818440,4878.254,4
1780818442,4878.023,3
1780818444,4877.830,0
1780818446,4877.646,6
1780818448,4877.777,7
1780818450,4877.873,3
1780818452,4877.936,6
1780818454,4878.083,3
1780818456,4878.118,8
1780818458,4878.140,0
1780818460,4878.023,3
1780818462,4878.056,6
1780818464,4878.134,4
1780818466,4878.315,5
1780818468,4878.164,4
1780818470,4878.044,4
1780818472,4878.190,0
1780818474,4878.257,7
1780818476,4878.276,6
1780818478,4878.105,5
1780818480,4878.102,2
1780818482,4878.197,7
1780818484,4878.319,9
1780818486,4878.332,2
1780818488,4878.185,5
1780818490,4878.102,2
1780818492,4877.863,3
1780818494,4877.839,9
1780818496,4877.851,1
1780818498,4877.711,1
1780818500,4877.710,0
1780818502,4877.799,9
1780818504,4878.011,1
1780818506,4878.103,3
1780818508,4878.178,8
1780818510,4878.225,5
1780818512,4878.294,4
1780818514,4878.279,9
1780818516,4878.388,8
1780818518,4878.288,8
1780818520,4878.429,9
1780818522,4878.535,5
1780818524,4878.618,8
1780818526,4878.619,9
1780818528,4878.694,4
1780818530,4878.554,4
1780818532,4878.437,7
1780818534,4878.485,5
1780818536,4878.537,7
1780818538,4878.297,7
1780818540,4878.371,1
1780818542,4878.591,1
1780818544,4878.783,3
1780818546,4878.840,0
1780818548,4878.936,6
1780818550,4878.957,7
1780818552,4878.885,5
1780818554,4878.847,7
1780818556,4879.077,7
1780818558,4879.134,4
1780818560,4879.182,2
1780818562,4879.042,2
1780818564,4878.846,6
1780818566,4878.818,8
1780818568,4878.669,9
1780818570,4878.658,8
1780818572,4878.680,0
1780818574,4878.929,9
1780818576,4878.765,5
1780818578,4878.832,2
1780818580,4878.853,3
1780818582,4878.811,1
1780818584,4878.937,7
1780818586,4878.836,6
1780818588,4878.719,9
1780818590,4878.672,2
1780818592,4878.580,0
1780818594,4878.644,4
1780818596,4878.572,2
1780818598,4878.751,1
1780818600,4878.757,7
1780818602,4878.876,6
1780818604,4878.808,8
1780818606,4878.544,4
1780818608,4878.655,5
1780818610,4878.524,4
1780818612,4878.442,2
1780818614,4878.716,6
1780818616,4878.674,4
1780818618,4878.625,5
1780818620,4878.589,9
1780818622,4878.686,6
1780818624,4878.533,3
1780818626,4878.428,8
1780818628,4878.323,3
1780818630,4878.232,2
1780818632,4878.120,0
1780818634,4878.149,9
1780818636,4877.981,1
1780818638,4877.951,1
1780818640,4877.859,9
1780818642,4878.012,2
1780818644,4877.973,3
1780818646,4878.168,8
1780818648,4878.097,7
1780818650,4878.256,6
1780818652,4878.150,0
1780818654,4878.334,4
1780818656,4878.385,5
1780818658,4878.446,6
1780818660,4878.238,8
1780818662,4878.357,7
1780818664,4878.376,6
1780818666,4878.194,4
1780818668,4878.167,7
1780818670,4878.238,8
1780818672,4878.289,9
1780818674,4878.222,2
1780818676,4878.370,0
1780818678,4878.297,7
1780818680,4878.196,6
1780818682,4878.095,5
1780818684,4878.100,0
1780818686,4878.039,9
1780818688,4878.018,8
1780818690,4877.910,0
1780818692,4877.897,7
1780818694,4877.933,3
1780818696,4877.949,9
1780818698,4877.752,2
1780818700,4877.703,3
1780818702,4877.576,6
1780818704,4877.411,1
1780818706,4877.451,1
1780818708,4877.468,8
1780818710,4877.266,6
1780818712,4877.279,9
1780818714,4877.450,0
1780818716,4877.553,3
1780818718,4877.457,7
1780818720,4877.404,4
1780818722,4877.168,8
1780818724,4877.272,2
1780818726,4877.269,9
1780818728,4877.274,4
1780818730,4877.294,4
1780818732,4877.096,6
1780818734,4877.078,8
1780818736,4877.135,5
1780818738,4877.195,5
1780818740,4877.089,9
1780818742,4877.246,6
1780818744,4877.371,1
1780818746,4877.443,3
1780818748,4877.392,2
1780818750,4877.292,2
1780818752,4877.313,3
1780818754,4877.428,8
1780818756,4877.583,3
1780818758,4877.621,1
1780818760,4877.622,2
1780818762,4877.659,9
1780818764,4877.605,5
1780818766,4877.617,7
1780818768,4877.400,0
1780818770,4877.445,5
1780818772,4877.527,7
1780818774,4877.467,7
1780818776,4877.387,7
1780818778,4877.207,7
1780818780,4877.367,7
1780818782,4877.244,4
1780818784,4877.413,3
1780818786,4877.324,4
1780818788,4877.473,3
1780818790,4877.515,5
1780818792,4877.480,0
1780818794,4877.817,7
1780818796,4877.979,9
1780818798,4878.088,8
1780818800,4878.009,9
1780818802,4878.000,0
1780818804,4877.971,1
1780818806,4878.029,9
1780818808,4878.011,1
1780818810,4878.227,7
1780818812,4878.569,9
1780818814,4878.551,1
1780818816,4878.469,9
1780818818,4878.390,0
1780818820,4878.391,1
1780818822,4878.433,3
1780818824,4878.472,2
1780818826,4878.471,1
1780818828,4878.341,1
1780818830,4878.328,8
1780818832,4878.065,5
1780818834,4878.109,9
1780818836,4878.145,5
1780818838,4878.069,9
1780818840,4878.305,5
1780818842,4878.089,9
1780818844,4878.093,3
1780818846,4878.169,9
1780818848,4878.176,6
1780818850,4878.137,7
1780818852,4878.174,4
1780818854,4878.261,1
1780818856,4878.360,0
1780818858,4878.663,3
1780818860,4878.687,7
1780818862,4878.673,3
1780818864,4878.591,1
1780818866,4878.674,4
1780818868,4878.745,5
1780818870,4878.832,2
1780818872,4878.765,5
1780818874,4878.768,8
1780818876,4878.532,2
1780818878,4878.690,0
1780818880,4878.509,9
1780818882,4878.373,3
1780818884,4878.155,5
1780818886,4878.390,0
1780818888,4878.248,8
1780818890,4878.038,8
1780818892,4877.885,5
1780818894,4878.046,6
1780818896,4877.997,7
1780818898,4878.026,6
1780818900,4877.797,7
1780818902,4877.836,6
1780818904,4877.719,9
1780818906,4877.716,6
1780818908,4877.580,0
1780818910,4877.515,5
1780818912,4877.346,6
1780818914,4877.125,5
1780818916,4877.203,3
1780818918,4877.278,8
1780818920,4877.272,2
1780818922,4877.386,6
1780818924,4877.363,3
1780818926,4877.573,3
1780818928,4877.462,2
1780818930,4877.459,9
1780818932,4877.471,1
1780818934,4877.500,0
1780818936,4877.356,6
1780818938,4877.342,2
1780818940,4877.414,4
1780818942,4877.173,3
1780818944,4877.413,3
1780818946,4877.303,3
1780818948,4877.391,1
1780818950,4877.543,3
1780818952,4877.689,9
1780818954,4877.677,7
1780818956,4877.652,2
1780818958,4877.797,7
1780818960,4877.951,1
1780818962,4878.040,0
1780818964,4877.670,0
1780818966,4877.723,3
1780818968,4877.806,6
1780818970,4877.561,1
1780818972,4877.441,1
1780818974,4877.331,1
1780818976,4877.539,9
1780818978,4877.766,6
1780818980,4877.840,0
1780818982,4878.120,0
1780818984,4878.104,4
1780818986,4878.308,8
1780818988,4878.483,3
1780818990,4878.431,1
1780818992,4878.406,6
1780818994,4878.453,3
1780818996,4878.422,2
1780818998,4878.148,8
1780819000,4878.265,5
1780819002,4878.294,4
1780819004,4878.411,1
1780819006,4878.295,5
1780819008,4877.980,0
1780819010,4877.818,8
1780819012,4877.900,0
1780819014,4878.000,0
1780819016,4877.790,0
1780819018,4877.580,0
1780819020,4877.431,1
1780819022,4877.482,2
1780819024,4877.269,9
1780819026,4877.313,3
1780819028,4877.263,3
1780819030,4877.237,7
1780819032,4877.213,3
1780819034,4877.215,5
1780819036,4876.970,0
1780819038,4877.014,4
1780819040,4876.943,3
1780819042,4876.889,9
1780819044,4876.859,9
1780819046,4876.771,1
1780819048,4876.681,1
1780819050,4876.773,3
1780819052,4876.796,6
1780819054,4877.010,0
1780819056,4876.989,9
1780819058,4877.034,4
1780819060,4876.940,0
1780819062,4876.687,7
1780819064,4876.668,8
1780819066,4876.703,3
1780819068,4876.662,2
1780819070,4876.722,2
1780819072,4876.599,9
1780819074,4876.427,7
1780819076,4876.651,1
1780819078,4876.426,6
1780819080,4876.435,5
1780819082,4876.331,1
1780819084,4876.288,8
1780819086,4876.209,9
1780819088,4876.301,1
1780819090,4876.288,8
1780819092,4876.240,0
1780819094,4876.391,1
1780819096,4876.499,9
1780819098,4876.510,0
1780819100,4876.535,5
1780819102,4876.427,7
1780819104,4876.460,0
1780819106,4876.515,5
1780819108,4876.429,9
1780819110,4876.560,0
1780819112,4876.629,9
1780819114,4876.680,0
1780819116,4876.705,5
1780819118,4876.790,0
1780819120,4876.833,3
1780819122,4876.916,6
1780819124,4877.053,3
1780819126,4877.159,9
1780819128,4877.144,4
1780819130,4876.957,7
1780819132,4877.016,6
1780819134,4877.176,6
1780819136,4877.004,4
1780819138,4877.060,0
1780819140,4877.041,1
1780819142,4877.057,7
1780819144,4877.077,7
1780819146,4877.042,2
1780819148,4877.295,5
1780819150,4877.306,6
1780819152,4876.992,2
1780819154,4876.996,6
1780819156,4876.929,9
1780819158,4876.949,9
1780819160,4876.990,0
1780819162,4876.932,2
1780819164,4877.004,4
1780819166,4877.145,5
1780819168,4877.096,6
1780819170,4877.354,4
1780819172,4877.505,5
1780819174,4877.378,8
1780819176,4877.367,7
1780819178,4877.183,3
1780819180,4877.248,8
1780819182,4877.132,2
1780819184,4877.091,1
1780819186,4877.049,9
1780819188,4877.109,9
1780819190,4877.052,2
1780819192,4876.791,1
1780819194,4876.725,5
1780819196,4876.667,7
1780819198,4876.721,1
1780819200,4876.685,5
1780819202,4876.841,1
1780819204,4876.860,0
1780819206,4876.821,1
1780819208,4877.035,5
1780819210,4877.076,6
1780819212,4877.064,4
1780819214,4877.089,9
1780819216,4876.987,7
1780819218,4876.920,0
1780819220,4877.006,6
1780819222,4876.982,2
1780819224,4877.157,7
1780819226,4877.165,5
1780819228,4877.321,1
1780819230,4877.501,1
1780819232,4877.412,2
1780819234,4877.193,3
1780819236,4877.136,6
1780819238,4877.064,4
1780819240,4876.888,8
1780819242,4876.785,5
1780819244,4876.388,8
1780819246,4876.658,8
1780819248,4876.481,1
1780819250,4876.566,6
1780819252,4876.797,7
1780819254,4876.968,8
1780819256,4877.045,5
1780819258,4877.171,1
1780819260,4877.198,8
1780819262,4877.310,0
1780819264,4877.290,0
1780819266,4877.174,4
1780819268,4877.048,8
1780819270,4877.111,1
1780819272,4877.153,3
1780819274,4877.267,7
1780819276,4877.173,3
1780819278,4877.239,9
1780819280,4877.193,3
1780819282,4877.179,9
1780819284,4877.121,1
1780819286,4877.053,3
1780819288,4876.956,6
1780819290,4876.631,1
1780819292,4876.789,9
1780819294,4876.510,0
1780819296,4876.752,2
1780819298,4876.652,2
1780819300,4876.572,2
1780819302,4876.466,6
1780819304,4876.586,6
1780819306,4876.503,3
1780819308,4876.450,0
1780819310,4876.315,5
1780819312,4876.227,7
1780819314,4876.102,2
1780819316,4876.229,9
1780819318,4876.085,5
1780819320,4876.208,8
1780819322,4876.099,9
1780819324,4876.045,5
1780819326,4876.120,0
1780819328,4876.182,2
1780819330,4876.480,0
1780819332,4876.453,3
1780819334,4876.494,4
1780819336,4876.443,3
1780819338,4876.439,9
1780819340,4876.341,1
1780819342,4876.370,0
1780819344,4876.519,9
1780819346,4876.367,7
1780819348,4876.385,5
1780819350,4876.452,2
1780819352,4876.277,7
1780819354,4876.390,0
1780819356,4876.605,5
1780819358,4876.552,2
1780819360,4876.505,5
1780819362,4876.418,8
1780819364,4876.418,8
1780819366,4876.580,0
1780819368,4876.936,6
1780819370,4876.884,4
1780819372,4876.879,9
1780819374,4876.838,8
1780819376,4876.739,9
1780819378,4876.478,8
1780819380,4876.525,5
1780819382,4876.473,3
1780819384,4876.358,8
1780819386,4876.510,0
1780819388,4876.670,0
1780819390,4876.613,3
1780819392,4876.585,5
1780819394,4876.598,8
1780819396,4876.719,9
1780819398,4876.891,1
1780819400,4876.913,3
1780819402,4876.902,2
1780819404,4876.894,4
1780819406,4876.822,2
1780819408,4876.908,8
1780819410,4876.895,5
1780819412,4876.740,0
1780819414,4876.741,1
1780819416,4876.639,9
1780819418,4876.485,5
1780819420,4876.491,1
1780819422,4876.417,7
1780819424,4876.548,8
1780819426,4876.754,4
1780819428,4876.777,7
1780819430,4876.673,3
1780819432,4876.652,2
1780819434,4876.649,9
1780819436,4876.532,2
1780819438,4876.693,3
1780819440,4876.540,0
1780819442,4876.520,0
1780819444,4876.505,5
1780819446,4876.483,3
1780819448,4876.499,9
1780819450,4876.548,8
1780819452,4876.617,7
1780819454,4876.801,1
1780819456,4876.669,9
1780819458,4876.642,2
1780819460,4876.401,1
1780819462,4876.486,6
1780819464,4876.556,6
1780819466,4876.476,6
1780819468,4876.342,2
1780819470,4876.419,9
1780819472,4876.365,5
1780819474,4876.245,5
1780819476,4876.190,0
1780819478,4876.242,2
1780819480,4876.216,6
1780819482,4875.953,3
1780819484,4875.904,4
1780819486,4875.865,5
1780819488,4875.749,9
1780819490,4875.558,8
1780819492,4875.858,8
1780819494,4875.885,5
1780819496,4876.061,1
1780819498,4876.101,1
1780819500,4876.284,4
1780819502,4876.195,5
1780819504,4876.123,3
1780819506,4876.215,5
1780819508,4876.420,0
1780819510,4876.586,6
1780819512,4876.529,9
1780819514,4876.481,1
1780819516,4876.463,3
1780819518,4876.619,9
1780819520,4876.382,2
1780819522,4876.483,3
1780819524,4876.429,9
1780819526,4876.589,9
1780819528,4876.466,6
1780819530,4876.461,1
1780819532,4876.343,3
1780819534,4876.512,2
1780819536,4876.537,7
1780819538,4876.441,1
1780819540,4876.431,1
1780819542,4876.436,6
1780819544,4876.501,1
1780819546,4876.480,0
1780819548,4876.401,1
1780819550,4876.572,2
1780819552,4876.467,7
1780819554,4876.476,6
1780819556,4876.495,5
1780819558,4876.616,6
1780819560,4876.720,0
1780819562,4876.779,9
1780819564,4876.583,3
1780819566,4876.515,5
1780819568,4876.516,6
1780819570,4876.347,7
1780819572,4876.152,2
1780819574,4876.118,8
1780819576,4876.051,1
1780819578,4876.038,8
1780819580,4876.106,6
1780819582,4876.080,0
1780819584,4876.024,4
1780819586,4875.803,3
1780819588,4875.847,7
1780819590,4875.649,9
1780819592,4875.614,4
1780819594,4875.685,5
1780819596,4875.722,2
1780819598,4875.638,8
1780819600,4875.681,1
1780819602,4875.644,4
1780819604,4875.566,6
1780819606,4875.488,8
1780819608,4875.660,0
1780819610,4875.635,5
1780819612,4875.454,4
1780819614,4875.413,3
1780819616,4875.368,8
1780819618,4875.394,4
1780819620,4875.039,9
1780819622,4875.282,2
1780819624,4875.389,9
1780819626,4875.201,1
1780819628,4875.093,3
1780819630,4875.027,7
1780819632,4875.133,3
1780819634,4875.179,9
1780819636,4875.357,7
1780819638,4875.179,9
1780819640,4875.276,6
1780819642,4875.292,2
1780819644,4875.519,9
1780819646,4875.472,2
1780819648,4875.448,8
1780819650,4875.575,5
1780819652,4875.701,1
1780819654,4875.677,7
1780819656,4875.614,4
1780819658,4875.654,4
1780819660,4875.637,7
1780819662,4875.710,0
1780819664,4875.718,8
1780819666,4875.814,4
1780819668,4875.621,1
1780819670,4875.843,3
1780819672,4875.864,4
1780819674,4875.803,3
1780819676,4875.832,2
1780819678,4875.818,8
1780819680,4875.792,2
1780819682,4875.913,3
1780819684,4875.913,3
1780819686,4875.929,9
1780819688,4875.833,3
1780819690,4875.635,5
1780819692,4875.714,4
1780819694,4875.681,1
1780819696,4875.721,1
1780819698,4875.695,5
1780819700,4875.950,0
1780819702,4876.014,4
1780819704,4876.096,6
1780819706,4876.135,5
1780819708,4876.157,7
1780819710,4876.039,9
1780819712,4876.046,6
1780819714,4876.156,6
1780819716,4876.140,0
1780819718,4876.418,8
1780819720,4876.358,8
1780819722,4876.243,3
1780819724,4876.121,1
1780819726,4876.093,3
1780819728,4876.273,3
1780819730,4876.261,1
1780819732,4876.335,5
1780819734,4876.396,6
1780819736,4876.373,3
1780819738,4876.488,8
1780819740,4876.386,6
1780819742,4876.394,4
1780819744,4876.127,7
1780819746,4876.217,7
1780819748,4876.235,5
1780819750,4875.970,0
1780819752,4875.946,6
1780819754,4875.996,6
1780819756,4876.052,2
1780819758,4876.172,2
1780819760,4876.296,6
1780819762,4876.467,7
1780819764,4876.604,4
1780819766,4876.353,3
1780819768,4876.304,4
1780819770,4876.389,9
1780819772,4876.504,4
1780819774,4876.522,2
1780819776,4876.398,8
1780819778,4876.352,2
1780819780,4876.425,5
1780819782,4876.378,8
1780819784,4876.411,1
1780819786,4876.483,3
1780819788,4876.136,6
1780819790,4876.122,2
1780819792,4876.460,0
1780819794,4876.392,2
1780819796,4876.223,3
1780819798,4876.225,5
1780819800,4876.209,9
1780819802,4876.234,4
1780819804,4876.420,0
1780819806,4876.488,8
1780819808,4876.431,1
1780819810,4876.431,1
1780819812,4876.456,6
1780819814,4876.534,4
1780819816,4876.693,3
1780819818,4876.659,9
1780819820,4876.357,7
1780819822,4876.319,9
1780819824,4876.588,8
1780819826,4876.414,4
1780819828,4876.442,2
1780819830,4876.337,7
1780819832,4876.679,9
1780819834,4876.719,9
1780819836,4876.837,7
1780819838,4876.730,0
1780819840,4876.582,2
1780819842,4876.445,5
1780819844,4876.533,3
1780819846,4876.408,8
1780819848,4876.631,1
1780819850,4876.770,0
1780819852,4876.808,8
1780819854,4876.655,5
1780819856,4876.681,1
1780819858,4876.834,4
1780819860,4876.816,6
1780819862,4876.723,3
1780819864,4876.627,7
1780819866,4876.610,0
1780819868,4876.689,9
1780819870,4876.879,9
1780819872,4877.100,0
1780819874,4876.978,8
1780819876,4876.862,2
1780819878,4876.811,1
1780819880,4876.645,5
1780819882,4876.678,8
1780819884,4876.751,1
1780819886,4876.674,4
1780819888,4876.770,0
1780819890,4876.944,4
1780819892,4876.943,3
1780819894,4876.866,6
1780819896,4876.689,9
1780819898,4876.528,8
1780819900,4876.575,5
1780819902,4876.555,5
1780819904,4876.437,7
1780819906,4876.493,3
1780819908,4876.657,7
1780819910,4876.527,7
1780819912,4876.475,5
1780819914,4876.580,0
1780819916,4876.627,7
1780819918,4876.683,3
1780819920,4876.851,1
1780819922,4877.022,2
1780819924,4877.352,2
1780819926,4877.350,0
1780819928,4877.252,2
1780819930,4877.143,3
1780819932,4877.215,5
1780819934,4877.033,3
1780819936,4877.345,5
1780819938,4877.310,0
1780819940,4877.351,1
1780819942,4877.559,9
1780819944,4877.711,1
1780819946,4877.542,2
1780819948,4877.406,6
1780819950,4877.370,0
1780819952,4877.409,9
1780819954,4877.322,2
1780819956,4877.341,1
1780819958,4877.262,2
1780819960,4877.375,5
1780819962,4877.421,1
1780819964,4877.500,0
1780819966,4877.591,1
1780819968,4877.692,2
1780819970,4877.733,3
1780819972,4878.004,4
1780819974,4877.919,9
1780819976,4877.691,1
1780819978,4877.644,4
1780819980,4877.770,0
1780819982,4877.712,2
1780819984,4877.842,2
1780819986,4877.819,9
1780819988,4877.862,2
1780819990,4877.807,7
1780819992,4877.599,9
1780819994,4877.657,7
1780819996,4877.595,5
1780819998,4877.569,9
1780820000,4877.514,4
1780820002,4877.306,6
1780820004,4877.015,5
1780820006,4876.997,7
1780820008,4876.918,8
1780820010,4876.744,4
1780820012,4876.972,2
1780820014,4877.143,3
1780820016,4876.980,0
1780820018,4877.025,5
1780820020,4877.044,4
1780820022,4877.123,3
1780820024,4877.014,4
1780820026,4876.896,6
1780820028,4877.138,8
1780820030,4877.108,8
1780820032,4877.066,6
1780820034,4877.146,6
1780820036,4877.193,3
1780820038,4876.914,4
1780820040,4876.928,8
1780820042,4876.743,3
1780820044,4876.817,7
1780820046,4876.891,1
1780820048,4876.905,5
1780820050,4876.809,9
1780820052,4876.652,2
1780820054,4876.439,9
1780820056,4876.673,3
1780820058,4876.663,3
1780820060,4876.766,6
1780820062,4876.844,4
1780820064,4876.967,7
1780820066,4877.015,5
1780820068,4877.041,1
1780820070,4877.325,5
1780820072,4877.501,1
1780820074,4877.406,6
1780820076,4877.345,5
1780820078,4877.221,1
1780820080,4877.199,9
1780820082,4877.381,1
1780820084,4877.172,2
1780820086,4877.310,0
1780820088,4877.390,0
1780820090,4877.424,4
1780820092,4877.691,1
1780820094,4877.654,4
1780820096,4877.687,7
1780820098,4877.670,0
1780820100,4877.721,1
1780820102,4877.640,0
1780820104,4877.625,5
1780820106,4877.639,9
1780820108,4877.671,1
1780820110,4877.884,4
1780820112,4877.536,6
1780820114,4877.445,5
1780820116,4877.433,3
1780820118,4877.371,1
1780820120,4877.428,8
1780820122,4877.366,6
1780820124,4877.326,6
1780820126,4877.295,5
1780820128,4877.308,8
1780820130,4877.191,1
1780820132,4877.178,8
1780820134,4877.126,6
1780820136,4877.055,5
1780820138,4877.071,1
1780820140,4877.059,9
1780820142,4877.064,4
1780820144,4877.049,9
1780820146,4877.175,5
1780820148,4877.242,2
1780820150,4877.279,9
1780820152,4877.075,5
1780820154,4876.919,9
1780820156,4876.934,4
1780820158,4876.983,3
1780820160,4876.831,1
1780820162,4876.969,9
1780820164,4876.916,6
1780820166,4876.872,2
1780820168,4876.938,8
1780820170,4876.964,4
1780820172,4876.899,9
1780820174,4876.848,8
1780820176,4876.967,7
1780820178,4876.894,4
1780820180,4876.943,3
1780820182,4876.946,6
1780820184,4876.850,0
1780820186,4876.875,5
1780820188,4876.776,6
1780820190,4877.005,5
1780820192,4877.016,6
1780820194,4876.969,9
1780820196,4876.969,9
1780820198,4877.228,8
1780820200,4877.157,7
1780820202,4877.220,0
1780820204,4877.163,3
1780820206,4877.161,1
1780820208,4877.155,5
1780820210,4877.172,2
1780820212,4877.123,3
1780820214,4877.067,7
1780820216,4877.078,8
1780820218,4876.945,5
1780820220,4876.895,5
1780820222,4876.845,5
1780820224,4876.775,5
1780820226,4876.868,8
1780820228,4876.779,9
1780820230,4876.953,3
1780820232,4877.056,6
1780820234,4877.044,4
1780820236,4877.021,1
1780820238,4877.239,9
1780820240,4877.355,5
1780820242,4877.273,3
1780820244,4877.119,9
1780820246,4877.219,9
1780820248,4877.249,9
1780820250,4877.223,3
1780820252,4877.228,8
1780820254,4877.016,6
1780820256,4877.057,7
1780820258,4877.019,9
1780820260,4877.078,8
1780820262,4877.096,6
1780820264,4877.163,3
1780820266,4876.974,4
1780820268,4877.130,0
1780820270,4877.236,6
1780820272,4877.222,2
1780820274,4877.242,2
1780820276,4877.418,8
1780820278,4877.327,7
1780820280,4877.213,3
1780820282,4877.105,5
1780820284,4877.300,0
1780820286,4877.236,6
1780820288,4877.240,0
1780820290,4877.205,5
1780820292,4877.327,7
1780820294,4877.222,2
1780820296,4877.450,0
1780820298,4877.684,4
1780820300,4877.874,4
1780820302,4877.815,5
1780820304,4877.782,2
1780820306,4877.879,9
1780820308,4877.816,6
1780820310,4877.843,3
1780820312,4877.690,0
1780820314,4877.646,6
1780820316,4877.747,7
1780820318,4877.899,9
1780820320,4877.999,9
1780820322,4877.852,2
1780820324,4877.878,8
1780820326,4878.281,1
1780820328,4878.227,7
1780820330,4878.184,4
1780820332,4878.367,7
1780820334,4878.273,3
1780820336,4878.146,6
1780820338,4878.160,0
1780820340,4878.302,2
1780820342,4878.365,5
1780820344,4878.463,3
1780820346,4878.660,0
1780820348,4878.355,5
1780820350,4878.367,7
1780820352,4878.446,6
1780820354,4878.375,5
1780820356,4878.179,9
1780820358,4878.215,5
1780820360,4878.254,4
1780820362,4878.294,4
1780820364,4878.351,1
1780820366,4878.488,8
1780820368,4878.544,4
1780820370,4878.473,3
1780820372,4878.567,7
1780820374,4878.507,7
1780820376,4878.665,5
1780820378,4878.603,3
1780820380,4878.501,1
1780820382,4878.568,8
1780820384,4878.324,4
1780820386,4878.319,9
1780820388,4878.383,3
1780820390,4878.381,1
1780820392,4878.343,3
1780820394,4878.114,4
1780820396,4878.009,9
1780820398,4877.864,4
1780820400,4877.777,7
1780820402,4877.882,2
1780820404,4878.057,7
1780820406,4878.152,2
1780820408,4878.340,0
1780820410,4878.407,7
1780820412,4878.173,3
1780820414,4878.331,1
1780820416,4878.388,8
1780820418,4878.247,7
1780820420,4878.179,9
1780820422,4878.159,9
1780820424,4878.400,0
1780820426,4878.597,7
1780820428,4878.813,3
1780820430,4878.736,6
1780820432,4878.626,6
1780820434,4878.620,0
1780820436,4878.604,4
1780820438,4878.643,3
1780820440,4878.762,2
1780820442,4878.575,5
1780820444,4878.399,9
1780820446,4878.236,6
1780820448,4878.349,9
1780820450,4878.436,6
1780820452,4878.379,9
1780820454,4878.266,6
1780820456,4878.145,5
1780820458,4878.191,1
1780820460,4878.134,4
1780820462,4878.131,1
1780820464,4878.103,3
1780820466,4878.325,5
1780820468,4878.136,6
1780820470,4878.235,5
1780820472,4878.090,0
1780820474,4878.309,9
1780820476,4878.610,0
1780820478,4878.758,8
1780820480,4878.793,3
1780820482,4878.871,1
1780820484,4878.922,2
1780820486,4878.945,5
1780820488,4878.928,8
1780820490,4878.956,6
1780820492,4878.807,7
1780820494,4878.856,6
1780820496,4878.850,0
1780820498,4878.850,0
1780820500,4878.865,5
1780820502,4878.774,4
1780820504,4878.942,2
1780820506,4878.829,9
1780820508,4878.687,7
1780820510,4878.795,5
1780820512,4878.779,9
1780820514,4878.766,6
1780820516,4878.846,6
1780820518,4878.887,7
1780820520,4878.923,3
1780820522,4878.724,4
1780820524,4878.789,9
1780820526,4878.577,7
1780820528,4878.488,8
1780820530,4878.509,9
1780820532,4878.497,7
1780820534,4878.394,4
1780820536,4878.352,2
1780820538,4878.532,2
1780820540,4878.435,5
1780820542,4878.356,6
1780820544,4878.489,9
1780820546,4878.494,4
1780820548,4878.471,1
1780820550,4878.681,1
1780820552,4878.645,5
1780820554,4878.412,2
1780820556,4878.505,5
1780820558,4878.583,3
1780820560,4878.608,8
1780820562,4878.508,8
1780820564,4878.577,7
1780820566,4878.602,2
1780820568,4878.443,3
1780820570,4878.507,7
1780820572,4878.660,0
1780820574,4878.642,2
1780820576,4878.533,3
1780820578,4878.227,7
1780820580,4878.436,6
1780820582,4878.539,9
1780820584,4878.424,4
1780820586,4878.405,5
1780820588,4878.255,5
1780820590,4878.229,9
1780820592,4878.211,1
1780820594,4878.361,1
1780820596,4878.427,7
1780820598,4878.367,7
1780820600,4878.227,7
1780820602,4878.244,4
1780820604,4878.305,5
1780820606,4878.277,7
1780820608,4878.398,8
1780820610,4878.381,1
1780820612,4878.251,1
1780820614,4878.200,0
1780820616,4878.074,4
1780820618,4877.992,2
1780820620,4877.914,4
1780820622,4878.108,8
1780820624,4878.354,4
1780820626,4878.474,4
1780820628,4878.366,6
1780820630,4878.362,2
1780820632,4878.509,9
1780820634,4878.508,8
1780820636,4878.674,4
1780820638,4878.482,2
1780820640,4878.493,3
1780820642,4878.471,1
1780820644,4878.398,8
1780820646,4878.188,8
1780820648,4878.211,1
1780820650,4878.086,6
1780820652,4878.109,9
1780820654,4878.185,5
1780820656,4878.030,0
1780820658,4878.069,9
1780820660,4878.004,4
1780820662,4878.200,0
1780820664,4878.017,7
1780820666,4878.195,5
1780820668,4878.318,8
1780820670,4878.152,2
1780820672,4878.318,8
1780820674,4878.308,8
1780820676,4878.351,1
1780820678,4878.435,5
1780820680,4878.435,5
1780820682,4878.707,7
1780820684,4878.832,2
1780820686,4878.902,2
1780820688,4878.925,5
1780820690,4879.055,5
1780820692,4878.964,4
1780820694,4878.892,2
1780820696,4879.095,5
1780820698,4878.805,5
1780820700,4878.611,1
1780820702,4878.697,7
1780820704,4878.649,9
1780820706,4878.835,5
1780820708,4878.986,6
1780820710,4878.983,3
1780820712,4879.007,7
1780820714,4878.848,8
1780820716,4878.926,6
1780820718,4879.012,2
1780820720,4879.028,8
1780820722,4879.121,1
1780820724,4879.359,9
1780820726,4879.605,5
1780820728,4879.913,3
1780820730,4879.967,7
1780820732,4879.980,0
1780820734,4879.880,0
1780820736,4879.955,5
1780820738,4879.787,7
1780820740,4879.817,7
1780820742,4879.804,4
1780820744,4879.708,8
1780820746,4879.977,7
1780820748,4879.868,8
1780820750,4879.814,4
1780820752,4879.715,5
1780820754,4879.547,7
1780820756,4879.867,7
1780820758,4879.879,9
1780820760,4879.876,6
1780820762,4879.656,6
1780820764,4879.799,9
1780820766,4879.955,5
1780820768,4880.009,9
1780820770,4880.077,7
1780820772,4880.083,3
1780820774,4879.979,9
1780820776,4879.936,6
1780820778,4879.929,9
1780820780,4879.667,7
1780820782,4879.694,4
1780820784,4879.652,2
1780820786,4879.654,4
1780820788,4879.733,3
1780820790,4879.714,4
1780820792,4879.802,2
1780820794,4879.861,1
1780820796,4879.598,8
1780820798,4879.784,4
1780820800,4879.878,8
1780820802,4879.816,6
1780820804,4879.956,6
1780820806,4879.800,0
1780820808,4879.730,0
1780820810,4880.084,4
1780820812,4880.189,9
1780820814,4880.123,3
1780820816,4879.909,9
1780820818,4879.936,6
1780820820,4879.938,8
1780820822,4879.832,2
1780820824,4879.729,9
1780820826,4879.632,2
1780820828,4879.664,4
1780820830,4879.694,4
1780820832,4879.687,7
1780820834,4879.858,8
1780820836,4879.948,8
1780820838,4879.815,5
1780820840,4879.992,2
1780820842,4879.857,7
1780820844,4879.867,7
1780820846,4879.404,4
1780820848,4879.409,9
1780820850,4879.525,5
1780820852,4879.480,0
1780820854,4879.440,0
1780820856,4879.508,8
1780820858,4879.289,9
1780820860,4879.435,5
1780820862,4879.402,2
1780820864,4879.328,8
1780820866,4879.334,4
1780820868,4879.245,5
1780820870,4879.426,6
1780820872,4879.298,8
1780820874,4879.359,9
1780820876,4879.424,4
1780820878,4879.357,7
1780820880,4879.398,8
1780820882,4879.584,4
1780820884,4879.757,7
1780820886,4879.900,0
1780820888,4879.983,3
1780820890,4880.028,8
1780820892,4880.169,9
1780820894,4880.027,7
1780820896,4880.011,1
1780820898,4880.170,0
1780820900,4880.155,5
1780820902,4880.193,3
1780820904,4880.266,6
1780820906,4880.367,7
1780820908,4880.563,3
1780820910,4880.574,4
1780820912,4880.307,7
1780820914,4880.357,7
1780820916,4880.507,7
1780820918,4880.441,1
1780820920,4880.735,5
1780820922,4880.767,7
1780820924,4880.730,0
1780820926,4880.614,4
1780820928,4880.667,7
1780820930,4880.533,3
1780820932,4880.361,1
