epoch,price,last_digit
1780810936,331.76,6
1780810938,331.91,1
1780810940,331.87,7
1780810942,331.82,2
1780810944,331.88,8
1780810946,331.98,8
1780810948,331.95,5
1780810950,331.84,4
1780810952,331.72,2
1780810954,331.71,1
1780810956,331.78,8
1780810958,331.63,3
1780810960,331.68,8
1780810962,331.71,1
1780810964,331.64,4
1780810966,331.72,2
1780810968,331.73,3
1780810970,331.76,6
1780810972,331.80,0
1780810974,331.76,6
1780810976,331.53,3
1780810978,331.59,9
1780810980,331.49,9
1780810982,331.43,3
1780810984,331.41,1
1780810986,331.42,2
1780810988,331.30,0
1780810990,331.36,6
1780810992,331.33,3
1780810994,331.36,6
1780810996,331.32,2
1780810998,331.30,0
1780811000,331.26,6
1780811002,331.22,2
1780811004,331.17,7
1780811006,331.14,4
1780811008,331.08,8
1780811010,331.11,1
1780811012,331.12,2
1780811014,331.31,1
1780811016,331.37,7
1780811018,331.34,4
1780811020,331.31,1
1780811022,331.30,0
1780811024,331.30,0
1780811026,331.23,3
1780811028,331.22,2
1780811030,331.20,0
1780811032,331.12,2
1780811034,331.05,5
1780811036,331.06,6
1780811038,331.10,0
1780811040,331.20,0
1780811042,331.15,5
1780811044,331.16,6
1780811046,331.03,3
1780811048,330.91,1
1780811050,330.86,6
1780811052,330.90,0
1780811054,331.01,1
1780811056,331.09,9
1780811058,331.05,5
1780811060,330.93,3
1780811062,331.04,4
1780811064,331.01,1
1780811066,330.81,1
1780811068,330.95,5
1780811070,330.99,9
1780811072,330.95,5
1780811074,330.95,5
1780811076,330.94,4
1780811078,330.89,9
1780811080,331.06,6
1780811082,330.94,4
1780811084,330.92,2
1780811086,330.92,2
1780811088,330.98,8
1780811090,330.99,9
1780811092,330.97,7
1780811094,331.01,1
1780811096,331.04,4
1780811098,331.22,2
1780811100,331.24,4
1780811102,331.37,7
1780811104,331.30,0
1780811106,331.27,7
1780811108,331.20,0
1780811110,331.08,8
1780811112,331.04,4
1780811114,331.00,0
1780811116,331.00,0
1780811118,330.81,1
1780811120,330.76,6
1780811122,330.91,1
1780811124,330.93,3
1780811126,330.93,3
1780811128,330.85,5
1780811130,330.88,8
1780811132,331.02,2
1780811134,330.96,6
1780811136,331.00,0
1780811138,331.03,3
1780811140,330.94,4
1780811142,330.76,6
1780811144,330.93,3
1780811146,330.95,5
1780811148,331.03,3
1780811150,331.17,7
1780811152,331.15,5
1780811154,331.12,2
1780811156,331.10,0
1780811158,331.17,7
1780811160,331.09,9
1780811162,331.21,1
1780811164,331.30,0
1780811166,331.21,1
1780811168,331.30,0
1780811170,331.17,7
1780811172,331.37,7
1780811174,331.42,2
1780811176,331.53,3
1780811178,331.59,9
1780811180,331.72,2
1780811182,331.61,1
1780811184,331.65,5
1780811186,331.56,6
1780811188,331.67,7
1780811190,331.66,6
1780811192,331.66,6
1780811194,331.62,2
1780811196,331.64,4
1780811198,331.62,2
1780811200,331.69,9
1780811202,331.67,7
1780811204,331.66,6
1780811206,331.63,3
1780811208,331.52,2
1780811210,331.56,6
1780811212,331.74,4
1780811214,331.73,3
1780811216,331.75,5
1780811218,331.83,3
1780811220,331.77,7
1780811222,331.74,4
1780811224,331.76,6
1780811226,331.77,7
1780811228,331.67,7
1780811230,331.68,8
1780811232,331.54,4
1780811234,331.32,2
1780811236,331.25,5
1780811238,331.26,6
1780811240,331.26,6
1780811242,331.23,3
1780811244,331.26,6
1780811246,331.23,3
1780811248,331.20,0
1780811250,331.30,0
1780811252,331.30,0
1780811254,331.40,0
1780811256,331.50,0
1780811258,331.46,6
1780811260,331.33,3
1780811262,331.44,4
1780811264,331.34,4
1780811266,331.40,0
1780811268,331.31,1
1780811270,331.38,8
1780811272,331.17,7
1780811274,331.32,2
1780811276,331.21,1
1780811278,331.22,2
1780811280,331.11,1
1780811282,331.03,3
1780811284,331.04,4
1780811286,330.95,5
1780811288,331.03,3
1780811290,331.02,2
1780811292,330.94,4
1780811294,330.89,9
1780811296,330.75,5
1780811298,330.63,3
1780811300,330.61,1
1780811302,330.69,9
1780811304,330.63,3
1780811306,330.61,1
1780811308,330.62,2
1780811310,330.54,4
1780811312,330.49,9
1780811314,330.39,9
1780811316,330.40,0
1780811318,330.46,6
1780811320,330.36,6
1780811322,330.56,6
1780811324,330.47,7
1780811326,330.43,3
1780811328,330.38,8
1780811330,330.34,4
1780811332,330.35,5
1780811334,330.36,6
1780811336,330.24,4
1780811338,330.23,3
1780811340,330.17,7
1780811342,330.21,1
1780811344,330.24,4
1780811346,330.19,9
1780811348,330.36,6
1780811350,330.28,8
1780811352,330.25,5
1780811354,330.28,8
1780811356,330.31,1
1780811358,330.36,6
1780811360,330.26,6
1780811362,330.29,9
1780811364,330.34,4
1780811366,330.27,7
1780811368,330.31,1
1780811370,330.35,5
1780811372,330.38,8
1780811374,330.47,7
1780811376,330.42,2
1780811378,330.44,4
1780811380,330.40,0
1780811382,330.39,9
1780811384,330.46,6
1780811386,330.45,5
1780811388,330.41,1
1780811390,330.41,1
1780811392,330.36,6
1780811394,330.28,8
1780811396,330.28,8
1780811398,330.35,5
1780811400,330.31,1
1780811402,330.35,5
1780811404,330.20,0
1780811406,330.29,9
1780811408,330.31,1
1780811410,330.21,1
1780811412,330.07,7
1780811414,330.09,9
1780811416,330.10,0
1780811418,330.05,5
1780811420,330.04,4
1780811422,330.06,6
1780811424,330.01,1
1780811426,330.15,5
1780811428,330.19,9
1780811430,330.28,8
1780811432,330.33,3
1780811434,330.33,3
1780811436,330.41,1
1780811438,330.42,2
1780811440,330.33,3
1780811442,330.36,6
1780811444,330.32,2
1780811446,330.38,8
1780811448,330.46,6
1780811450,330.47,7
1780811452,330.49,9
1780811454,330.46,6
1780811456,330.55,5
1780811458,330.50,0
1780811460,330.47,7
1780811462,330.42,2
1780811464,330.41,1
1780811466,330.37,7
1780811468,330.38,8
1780811470,330.33,3
1780811472,330.31,1
1780811474,330.25,5
1780811476,330.25,5
1780811478,330.26,6
1780811480,330.38,8
1780811482,330.35,5
1780811484,330.37,7
1780811486,330.39,9
1780811488,330.52,2
1780811490,330.60,0
1780811492,330.50,0
1780811494,330.38,8
1780811496,330.35,5
1780811498,330.45,5
1780811500,330.49,9
1780811502,330.61,1
1780811504,330.68,8
1780811506,330.68,8
1780811508,330.76,6
1780811510,330.78,8
1780811512,330.79,9
1780811514,330.72,2
1780811516,330.75,5
1780811518,330.73,3
1780811520,330.63,3
1780811522,330.65,5
1780811524,330.72,2
1780811526,330.68,8
1780811528,330.68,8
1780811530,330.67,7
1780811532,330.70,0
1780811534,330.67,7
1780811536,330.87,7
1780811538,330.76,6
1780811540,330.77,7
1780811542,330.75,5
1780811544,330.77,7
1780811546,330.60,0
1780811548,330.58,8
1780811550,330.44,4
1780811552,330.48,8
1780811554,330.57,7
1780811556,330.68,8
1780811558,330.65,5
1780811560,330.68,8
1780811562,330.77,7
1780811564,330.85,5
1780811566,330.75,5
1780811568,330.66,6
1780811570,330.84,4
1780811572,330.89,9
1780811574,330.88,8
1780811576,330.83,3
1780811578,330.87,7
1780811580,330.94,4
1780811582,330.87,7
1780811584,330.84,4
1780811586,330.77,7
1780811588,330.87,7
1780811590,330.80,0
1780811592,330.90,0
1780811594,330.79,9
1780811596,330.72,2
1780811598,330.74,4
1780811600,330.79,9
1780811602,330.87,7
1780811604,330.95,5
1780811606,330.97,7
1780811608,330.91,1
1780811610,331.04,4
1780811612,330.99,9
1780811614,331.03,3
1780811616,331.01,1
1780811618,331.13,3
1780811620,331.08,8
1780811622,331.15,5
1780811624,331.21,1
1780811626,331.19,9
1780811628,331.19,9
1780811630,331.19,9
1780811632,331.39,9
1780811634,331.38,8
1780811636,331.30,0
1780811638,331.22,2
1780811640,331.28,8
1780811642,331.31,1
1780811644,331.20,0
1780811646,331.23,3
1780811648,331.39,9
1780811650,331.45,5
1780811652,331.39,9
1780811654,331.33,3
1780811656,331.26,6
1780811658,331.32,2
1780811660,331.31,1
1780811662,331.34,4
1780811664,331.29,9
1780811666,331.54,4
1780811668,331.69,9
1780811670,331.73,3
1780811672,331.71,1
1780811674,331.75,5
1780811676,331.80,0
1780811678,331.88,8
1780811680,331.93,3
1780811682,332.02,2
1780811684,332.21,1
1780811686,332.14,4
1780811688,332.17,7
1780811690,332.09,9
1780811692,332.11,1
1780811694,332.15,5
1780811696,332.23,3
1780811698,332.19,9
1780811700,332.29,9
1780811702,332.31,1
1780811704,332.37,7
1780811706,332.22,2
1780811708,332.14,4
1780811710,332.17,7
1780811712,332.25,5
1780811714,332.23,3
1780811716,332.11,1
1780811718,332.10,0
1780811720,332.04,4
1780811722,332.27,7
1780811724,332.24,4
1780811726,332.33,3
1780811728,332.44,4
1780811730,332.44,4
1780811732,332.35,5
1780811734,332.43,3
1780811736,332.41,1
1780811738,332.33,3
1780811740,332.12,2
1780811742,332.00,0
1780811744,332.06,6
1780811746,332.07,7
1780811748,332.09,9
1780811750,332.21,1
1780811752,332.12,2
1780811754,332.14,4
1780811756,332.18,8
1780811758,332.15,5
1780811760,332.15,5
1780811762,332.27,7
1780811764,332.39,9
1780811766,332.23,3
1780811768,332.24,4
1780811770,332.10,0
1780811772,332.14,4
1780811774,332.08,8
1780811776,332.02,2
1780811778,331.92,2
1780811780,331.92,2
1780811782,331.85,5
1780811784,331.86,6
1780811786,331.95,5
1780811788,331.83,3
1780811790,331.83,3
1780811792,331.79,9
1780811794,331.78,8
1780811796,331.75,5
1780811798,331.77,7
1780811800,331.72,2
1780811802,331.72,2
1780811804,331.71,1
1780811806,331.71,1
1780811808,331.63,3
1780811810,331.61,1
1780811812,331.52,2
1780811814,331.48,8
1780811816,331.42,2
1780811818,331.58,8
1780811820,331.65,5
1780811822,331.70,0
1780811824,331.75,5
1780811826,331.65,5
1780811828,331.49,9
1780811830,331.64,4
1780811832,331.59,9
1780811834,331.61,1
1780811836,331.70,0
1780811838,331.71,1
1780811840,331.64,4
1780811842,331.64,4
1780811844,331.57,7
1780811846,331.49,9
1780811848,331.54,4
1780811850,331.49,9
1780811852,331.46,6
1780811854,331.44,4
1780811856,331.57,7
1780811858,331.62,2
1780811860,331.61,1
1780811862,331.83,3
1780811864,331.85,5
1780811866,332.05,5
1780811868,332.01,1
1780811870,332.13,3
1780811872,332.22,2
1780811874,332.34,4
1780811876,332.33,3
1780811878,332.45,5
1780811880,332.46,6
1780811882,332.63,3
1780811884,332.56,6
1780811886,332.65,5
1780811888,332.69,9
1780811890,332.76,6
1780811892,332.70,0
1780811894,332.63,3
1780811896,332.69,9
1780811898,332.66,6
1780811900,332.71,1
1780811902,332.74,4
1780811904,332.71,1
1780811906,332.78,8
1780811908,332.78,8
1780811910,332.81,1
1780811912,332.88,8
1780811914,332.96,6
1780811916,332.91,1
1780811918,332.92,2
1780811920,333.15,5
1780811922,333.10,0
1780811924,333.08,8
1780811926,333.23,3
1780811928,333.23,3
1780811930,333.16,6
1780811932,333.26,6
1780811934,333.26,6
1780811936,333.46,6
1780811938,333.41,1
1780811940,333.40,0
1780811942,333.36,6
1780811944,333.40,0
1780811946,333.53,3
1780811948,333.54,4
1780811950,333.58,8
1780811952,333.35,5
1780811954,333.25,5
1780811956,333.13,3
1780811958,332.99,9
1780811960,332.92,2
1780811962,332.91,1
1780811964,332.82,2
1780811966,333.00,0
1780811968,333.04,4
1780811970,332.95,5
1780811972,333.02,2
1780811974,332.88,8
1780811976,332.77,7
1780811978,332.75,5
1780811980,332.71,1
1780811982,332.67,7
1780811984,332.65,5
1780811986,332.64,4
1780811988,332.54,4
1780811990,332.46,6
1780811992,332.34,4
1780811994,332.42,2
1780811996,332.37,7
1780811998,332.37,7
1780812000,332.52,2
1780812002,332.71,1
1780812004,332.67,7
1780812006,332.72,2
1780812008,332.63,3
1780812010,332.72,2
1780812012,332.80,0
1780812014,332.78,8
1780812016,332.80,0
1780812018,332.77,7
1780812020,332.63,3
1780812022,332.59,9
1780812024,332.65,5
1780812026,332.68,8
1780812028,332.72,2
1780812030,332.70,0
1780812032,332.73,3
1780812034,332.74,4
1780812036,332.70,0
1780812038,332.74,4
1780812040,332.73,3
1780812042,332.81,1
1780812044,332.77,7
1780812046,332.76,6
1780812048,332.73,3
1780812050,332.64,4
1780812052,332.56,6
1780812054,332.59,9
1780812056,332.49,9
1780812058,332.49,9
1780812060,332.50,0
1780812062,332.54,4
1780812064,332.58,8
1780812066,332.57,7
1780812068,332.65,5
1780812070,332.67,7
1780812072,332.58,8
1780812074,332.66,6
1780812076,332.75,5
1780812078,332.89,9
1780812080,332.99,9
1780812082,332.86,6
1780812084,332.86,6
1780812086,332.89,9
1780812088,332.85,5
1780812090,332.91,1
1780812092,332.85,5
1780812094,332.94,4
1780812096,332.90,0
1780812098,332.94,4
1780812100,333.03,3
1780812102,333.03,3
1780812104,332.94,4
1780812106,333.01,1
1780812108,333.01,1
1780812110,332.98,8
1780812112,332.90,0
1780812114,332.90,0
1780812116,332.89,9
1780812118,332.83,3
1780812120,332.82,2
1780812122,332.73,3
1780812124,332.84,4
1780812126,332.91,1
1780812128,332.92,2
1780812130,332.98,8
1780812132,332.93,3
1780812134,333.03,3
1780812136,332.90,0
1780812138,332.92,2
1780812140,332.80,0
1780812142,332.84,4
1780812144,332.82,2
1780812146,332.87,7
1780812148,332.91,1
1780812150,332.83,3
1780812152,332.73,3
1780812154,332.73,3
1780812156,332.65,5
1780812158,332.64,4
1780812160,332.55,5
1780812162,332.60,0
1780812164,332.58,8
1780812166,332.57,7
1780812168,332.43,3
1780812170,332.46,6
1780812172,332.44,4
1780812174,332.40,0
1780812176,332.41,1
1780812178,332.49,9
1780812180,332.40,0
1780812182,332.38,8
1780812184,332.30,0
1780812186,332.40,0
1780812188,332.46,6
1780812190,332.51,1
1780812192,332.41,1
1780812194,332.49,9
1780812196,332.25,5
1780812198,332.16,6
1780812200,332.29,9
1780812202,332.23,3
1780812204,332.06,6
1780812206,331.92,2
1780812208,331.87,7
1780812210,331.94,4
1780812212,331.88,8
1780812214,331.82,2
1780812216,331.81,1
1780812218,331.93,3
1780812220,331.84,4
1780812222,331.94,4
1780812224,332.02,2
1780812226,332.05,5
1780812228,332.11,1
1780812230,332.16,6
1780812232,332.17,7
1780812234,332.14,4
1780812236,332.22,2
1780812238,332.13,3
1780812240,332.13,3
1780812242,332.10,0
1780812244,332.02,2
1780812246,331.90,0
1780812248,331.85,5
1780812250,331.72,2
1780812252,331.81,1
1780812254,331.80,0
1780812256,331.73,3
1780812258,331.66,6
1780812260,331.69,9
1780812262,331.77,7
1780812264,331.75,5
1780812266,331.68,8
1780812268,331.53,3
1780812270,331.63,3
1780812272,331.77,7
1780812274,331.63,3
1780812276,331.64,4
1780812278,331.68,8
1780812280,331.67,7
1780812282,331.74,4
1780812284,331.78,8
1780812286,331.79,9
1780812288,331.77,7
1780812290,331.80,0
1780812292,331.69,9
1780812294,331.75,5
1780812296,331.70,0
1780812298,331.66,6
1780812300,331.66,6
1780812302,331.61,1
1780812304,331.62,2
1780812306,331.70,0
1780812308,331.72,2
1780812310,331.76,6
1780812312,331.84,4
1780812314,331.74,4
1780812316,331.61,1
1780812318,331.67,7
1780812320,331.71,1
1780812322,331.60,0
1780812324,331.63,3
1780812326,331.58,8
1780812328,331.61,1
1780812330,331.64,4
1780812332,331.70,0
1780812334,331.77,7
1780812336,331.79,9
1780812338,331.75,5
1780812340,331.84,4
1780812342,331.85,5
1780812344,331.65,5
1780812346,331.57,7
1780812348,331.66,6
1780812350,331.68,8
1780812352,331.52,2
1780812354,331.54,4
1780812356,331.50,0
1780812358,331.51,1
1780812360,331.49,9
1780812362,331.48,8
1780812364,331.46,6
1780812366,331.61,1
1780812368,331.59,9
1780812370,331.41,1
1780812372,331.43,3
1780812374,331.56,6
1780812376,331.45,5
1780812378,331.39,9
1780812380,331.38,8
1780812382,331.40,0
1780812384,331.38,8
1780812386,331.25,5
1780812388,331.41,1
1780812390,331.35,5
1780812392,331.57,7
1780812394,331.82,2
1780812396,331.75,5
1780812398,331.81,1
1780812400,331.75,5
1780812402,331.78,8
1780812404,331.80,0
1780812406,331.74,4
1780812408,331.76,6
1780812410,331.99,9
1780812412,331.96,6
1780812414,332.00,0
1780812416,332.04,4
1780812418,332.03,3
1780812420,332.02,2
1780812422,332.01,1
1780812424,331.87,7
1780812426,331.91,1
1780812428,331.86,6
1780812430,331.84,4
1780812432,331.85,5
1780812434,331.88,8
1780812436,331.83,3
1780812438,331.84,4
1780812440,331.99,9
1780812442,331.91,1
1780812444,331.97,7
1780812446,331.85,5
1780812448,331.83,3
1780812450,331.90,0
1780812452,331.89,9
1780812454,331.91,1
1780812456,331.97,7
1780812458,331.95,5
1780812460,331.97,7
1780812462,331.89,9
1780812464,331.86,6
1780812466,331.84,4
1780812468,331.80,0
1780812470,331.99,9
1780812472,331.88,8
1780812474,331.84,4
1780812476,331.82,2
1780812478,331.90,0
1780812480,332.16,6
1780812482,332.19,9
1780812484,332.38,8
1780812486,332.30,0
1780812488,332.16,6
1780812490,332.05,5
1780812492,331.99,9
1780812494,332.01,1
1780812496,332.03,3
1780812498,331.97,7
1780812500,331.85,5
1780812502,331.89,9
1780812504,331.81,1
1780812506,331.92,2
1780812508,331.92,2
1780812510,331.96,6
1780812512,331.90,0
1780812514,331.91,1
1780812516,331.92,2
1780812518,331.95,5
1780812520,331.84,4
1780812522,331.76,6
1780812524,331.83,3
1780812526,331.89,9
1780812528,331.89,9
1780812530,331.92,2
1780812532,331.97,7
1780812534,331.98,8
1780812536,332.01,1
1780812538,332.13,3
1780812540,332.18,8
1780812542,332.23,3
1780812544,332.40,0
1780812546,332.34,4
1780812548,332.26,6
1780812550,332.30,0
1780812552,332.31,1
1780812554,332.26,6
1780812556,332.25,5
1780812558,332.27,7
1780812560,332.27,7
1780812562,332.29,9
1780812564,332.33,3
1780812566,332.23,3
1780812568,332.24,4
1780812570,332.18,8
1780812572,332.29,9
1780812574,332.21,1
1780812576,332.09,9
1780812578,332.04,4
1780812580,332.06,6
1780812582,332.18,8
1780812584,332.23,3
1780812586,332.22,2
1780812588,332.16,6
1780812590,332.18,8
1780812592,332.25,5
1780812594,332.37,7
1780812596,332.32,2
1780812598,332.34,4
1780812600,332.38,8
1780812602,332.48,8
1780812604,332.54,4
1780812606,332.67,7
1780812608,332.75,5
1780812610,332.90,0
1780812612,332.79,9
1780812614,332.72,2
1780812616,332.68,8
1780812618,332.71,1
1780812620,332.74,4
1780812622,332.92,2
1780812624,332.83,3
1780812626,332.80,0
1780812628,332.75,5
1780812630,332.83,3
1780812632,332.78,8
1780812634,332.70,0
1780812636,332.76,6
1780812638,332.79,9
1780812640,332.88,8
1780812642,333.01,1
1780812644,333.09,9
1780812646,333.16,6
1780812648,333.08,8
1780812650,333.10,0
1780812652,333.17,7
1780812654,333.15,5
1780812656,333.09,9
1780812658,333.12,2
1780812660,333.22,2
1780812662,333.14,4
1780812664,333.16,6
1780812666,333.28,8
1780812668,333.26,6
1780812670,333.22,2
1780812672,333.25,5
1780812674,333.08,8
1780812676,332.97,7
1780812678,333.01,1
1780812680,333.15,5
1780812682,333.28,8
1780812684,333.32,2
1780812686,333.34,4
1780812688,333.34,4
1780812690,333.38,8
1780812692,333.29,9
1780812694,333.38,8
1780812696,333.28,8
1780812698,333.20,0
1780812700,333.28,8
1780812702,333.43,3
1780812704,333.52,2
1780812706,333.57,7
1780812708,333.43,3
1780812710,333.26,6
1780812712,333.29,9
1780812714,333.35,5
1780812716,333.36,6
1780812718,333.42,2
1780812720,333.37,7
1780812722,333.37,7
1780812724,333.34,4
1780812726,333.40,0
1780812728,333.27,7
1780812730,333.14,4
1780812732,333.07,7
1780812734,333.04,4
1780812736,333.06,6
1780812738,333.17,7
1780812740,333.18,8
1780812742,333.08,8
1780812744,332.96,6
1780812746,333.03,3
1780812748,332.91,1
1780812750,332.89,9
1780812752,332.88,8
1780812754,332.95,5
1780812756,332.90,0
1780812758,332.88,8
1780812760,332.86,6
1780812762,332.98,8
1780812764,333.03,3
1780812766,332.93,3
1780812768,332.99,9
1780812770,332.95,5
1780812772,333.16,6
1780812774,333.17,7
1780812776,333.17,7
1780812778,333.24,4
1780812780,333.29,9
1780812782,333.39,9
1780812784,333.42,2
1780812786,333.33,3
1780812788,333.25,5
1780812790,333.21,1
1780812792,333.20,0
1780812794,333.21,1
1780812796,333.08,8
1780812798,333.01,1
1780812800,333.06,6
1780812802,333.09,9
1780812804,333.04,4
1780812806,333.17,7
1780812808,333.02,2
1780812810,333.03,3
1780812812,332.88,8
1780812814,332.85,5
1780812816,332.74,4
1780812818,332.75,5
1780812820,332.85,5
1780812822,332.80,0
1780812824,332.79,9
1780812826,332.82,2
1780812828,332.82,2
1780812830,332.86,6
1780812832,332.84,4
1780812834,332.83,3
1780812836,332.87,7
1780812838,332.79,9
1780812840,332.68,8
1780812842,332.46,6
1780812844,332.48,8
1780812846,332.55,5
1780812848,332.57,7
1780812850,332.57,7
1780812852,332.66,6
1780812854,332.75,5
1780812856,332.67,7
1780812858,332.64,4
1780812860,332.54,4
1780812862,332.64,4
1780812864,332.63,3
1780812866,332.67,7
1780812868,332.62,2
1780812870,332.68,8
1780812872,332.70,0
1780812874,332.64,4
1780812876,332.69,9
1780812878,332.65,5
1780812880,332.50,0
1780812882,332.42,2
1780812884,332.29,9
1780812886,332.31,1
1780812888,332.25,5
1780812890,332.30,0
1780812892,332.31,1
1780812894,332.33,3
1780812896,332.47,7
1780812898,332.49,9
1780812900,332.58,8
1780812902,332.54,4
1780812904,332.46,6
1780812906,332.49,9
1780812908,332.51,1
1780812910,332.44,4
1780812912,332.57,7
1780812914,332.44,4
1780812916,332.57,7
1780812918,332.58,8
1780812920,332.60,0
1780812922,332.62,2
1780812924,332.56,6
1780812926,332.52,2
1780812928,332.51,1
1780812930,332.60,0
1780812932,332.77,7
1780812934,332.81,1
1780812936,332.86,6
1780812938,332.87,7
1780812940,332.91,1
1780812942,332.69,9
1780812944,332.86,6
1780812946,332.86,6
1780812948,332.94,4
1780812950,333.08,8
1780812952,333.24,4
1780812954,333.29,9
1780812956,333.30,0
1780812958,333.29,9
1780812960,333.26,6
1780812962,333.17,7
1780812964,333.09,9
1780812966,333.07,7
1780812968,333.11,1
1780812970,333.02,2
1780812972,333.01,1
1780812974,332.99,9
1780812976,332.95,5
1780812978,332.82,2
1780812980,332.83,3
1780812982,332.85,5
1780812984,332.87,7
1780812986,332.90,0
1780812988,332.90,0
1780812990,332.80,0
1780812992,332.81,1
1780812994,332.73,3
1780812996,332.80,0
1780812998,332.65,5
1780813000,332.63,3
1780813002,332.59,9
1780813004,332.61,1
1780813006,332.67,7
1780813008,332.76,6
1780813010,332.65,5
1780813012,332.60,0
1780813014,332.51,1
1780813016,332.40,0
1780813018,332.41,1
1780813020,332.45,5
1780813022,332.58,8
1780813024,332.65,5
1780813026,332.75,5
1780813028,332.83,3
1780813030,332.75,5
1780813032,332.85,5
1780813034,332.82,2
1780813036,332.79,9
1780813038,332.84,4
1780813040,332.82,2
1780813042,332.95,5
1780813044,332.94,4
1780813046,332.87,7
1780813048,332.80,0
1780813050,332.78,8
1780813052,332.67,7
1780813054,332.88,8
1780813056,332.89,9
1780813058,332.79,9
1780813060,332.79,9
1780813062,332.85,5
1780813064,332.83,3
1780813066,332.80,0
1780813068,332.80,0
1780813070,332.96,6
1780813072,332.79,9
1780813074,332.56,6
1780813076,332.57,7
1780813078,332.50,0
1780813080,332.42,2
1780813082,332.51,1
1780813084,332.51,1
1780813086,332.65,5
1780813088,332.60,0
1780813090,332.54,4
1780813092,332.44,4
1780813094,332.38,8
1780813096,332.29,9
1780813098,332.29,9
1780813100,332.23,3
1780813102,332.28,8
1780813104,332.19,9
1780813106,332.25,5
1780813108,332.30,0
1780813110,332.25,5
1780813112,332.21,1
1780813114,332.24,4
1780813116,332.22,2
1780813118,332.11,1
1780813120,332.18,8
1780813122,332.22,2
1780813124,332.19,9
1780813126,332.19,9
1780813128,332.23,3
1780813130,332.19,9
1780813132,332.27,7
1780813134,332.27,7
1780813136,332.19,9
1780813138,332.39,9
1780813140,332.49,9
1780813142,332.50,0
1780813144,332.58,8
1780813146,332.61,1
1780813148,332.67,7
1780813150,332.80,0
1780813152,332.74,4
1780813154,332.82,2
1780813156,332.89,9
1780813158,332.86,6
1780813160,332.88,8
1780813162,332.87,7
1780813164,332.79,9
1780813166,332.83,3
1780813168,332.86,6
1780813170,332.90,0
1780813172,332.77,7
1780813174,332.61,1
1780813176,332.73,3
1780813178,332.60,0
1780813180,332.63,3
1780813182,332.50,0
1780813184,332.52,2
1780813186,332.52,2
1780813188,332.61,1
1780813190,332.72,2
1780813192,332.58,8
1780813194,332.38,8
1780813196,332.32,2
1780813198,332.31,1
1780813200,332.23,3
1780813202,332.25,5
1780813204,332.32,2
1780813206,332.27,7
1780813208,332.28,8
1780813210,332.23,3
1780813212,332.25,5
1780813214,332.17,7
1780813216,332.28,8
1780813218,332.22,2
1780813220,332.30,0
1780813222,332.18,8
1780813224,332.20,0
1780813226,332.12,2
1780813228,332.06,6
1780813230,332.03,3
1780813232,332.00,0
1780813234,331.98,8
1780813236,332.05,5
1780813238,331.84,4
1780813240,331.86,6
1780813242,331.78,8
1780813244,331.83,3
1780813246,331.81,1
1780813248,331.77,7
1780813250,331.67,7
1780813252,331.69,9
1780813254,331.69,9
1780813256,331.77,7
1780813258,331.65,5
1780813260,331.66,6
1780813262,331.63,3
1780813264,331.79,9
1780813266,331.76,6
1780813268,331.83,3
1780813270,331.96,6
1780813272,332.00,0
1780813274,332.09,9
1780813276,332.17,7
1780813278,332.06,6
1780813280,332.11,1
1780813282,332.21,1
1780813284,332.14,4
1780813286,332.17,7
1780813288,332.14,4
1780813290,332.26,6
1780813292,332.27,7
1780813294,332.22,2
1780813296,332.28,8
1780813298,332.29,9
1780813300,332.18,8
1780813302,332.18,8
1780813304,332.21,1
1780813306,332.23,3
1780813308,332.18,8
1780813310,332.32,2
1780813312,332.47,7
1780813314,332.58,8
1780813316,332.63,3
1780813318,332.71,1
1780813320,332.75,5
1780813322,332.69,9
1780813324,332.61,1
1780813326,332.61,1
1780813328,332.63,3
1780813330,332.60,0
1780813332,332.62,2
1780813334,332.57,7
1780813336,332.58,8
1780813338,332.61,1
1780813340,332.66,6
1780813342,332.89,9
1780813344,332.94,4
1780813346,332.99,9
1780813348,332.95,5
1780813350,332.99,9
1780813352,333.08,8
1780813354,333.23,3
1780813356,333.19,9
1780813358,332.95,5
1780813360,332.98,8
1780813362,333.06,6
1780813364,333.18,8
1780813366,333.11,1
1780813368,333.07,7
1780813370,333.20,0
1780813372,333.20,0
1780813374,333.28,8
1780813376,333.44,4
1780813378,333.42,2
1780813380,333.43,3
1780813382,333.20,0
1780813384,333.20,0
1780813386,333.30,0
1780813388,333.31,1
1780813390,333.33,3
1780813392,333.26,6
1780813394,333.18,8
1780813396,333.25,5
1780813398,333.19,9
1780813400,333.07,7
1780813402,333.12,2
1780813404,332.99,9
1780813406,333.04,4
1780813408,333.15,5
1780813410,333.29,9
1780813412,333.31,1
1780813414,333.30,0
1780813416,333.25,5
1780813418,333.45,5
1780813420,333.31,1
1780813422,333.23,3
1780813424,333.13,3
1780813426,333.04,4
1780813428,333.07,7
1780813430,333.21,1
1780813432,333.13,3
1780813434,332.95,5
1780813436,332.87,7
1780813438,332.79,9
1780813440,332.85,5
1780813442,332.85,5
1780813444,333.04,4
1780813446,332.91,1
1780813448,332.95,5
1780813450,332.98,8
1780813452,333.16,6
1780813454,333.29,9
1780813456,333.13,3
1780813458,333.00,0
1780813460,333.10,0
1780813462,333.27,7
1780813464,333.21,1
1780813466,333.14,4
1780813468,333.09,9
1780813470,332.97,7
1780813472,332.95,5
1780813474,332.93,3
1780813476,332.85,5
1780813478,332.85,5
1780813480,332.86,6
1780813482,333.01,1
1780813484,333.10,0
1780813486,333.01,1
1780813488,332.96,6
1780813490,332.97,7
1780813492,333.04,4
1780813494,333.01,1
1780813496,333.23,3
1780813498,333.33,3
1780813500,333.45,5
1780813502,333.51,1
1780813504,333.43,3
1780813506,333.31,1
1780813508,333.42,2
1780813510,333.38,8
1780813512,333.37,7
1780813514,333.36,6
1780813516,333.47,7
1780813518,333.53,3
1780813520,333.59,9
1780813522,333.63,3
1780813524,333.55,5
1780813526,333.53,3
1780813528,333.46,6
1780813530,333.51,1
1780813532,333.49,9
1780813534,333.43,3
1780813536,333.57,7
1780813538,333.68,8
1780813540,333.68,8
1780813542,333.80,0
1780813544,333.78,8
1780813546,333.81,1
1780813548,333.84,4
1780813550,333.76,6
1780813552,333.85,5
1780813554,333.75,5
1780813556,333.66,6
1780813558,333.74,4
1780813560,333.72,2
1780813562,333.66,6
1780813564,333.57,7
1780813566,333.62,2
1780813568,333.53,3
1780813570,333.50,0
1780813572,333.44,4
1780813574,333.36,6
1780813576,333.30,0
1780813578,333.34,4
1780813580,333.37,7
1780813582,333.33,3
1780813584,333.43,3
1780813586,333.48,8
1780813588,333.48,8
1780813590,333.51,1
1780813592,333.56,6
1780813594,333.70,0
1780813596,333.52,2
1780813598,333.41,1
1780813600,333.35,5
1780813602,333.39,9
1780813604,333.48,8
1780813606,333.59,9
1780813608,333.75,5
1780813610,333.55,5
1780813612,333.61,1
1780813614,333.62,2
1780813616,333.64,4
1780813618,333.58,8
1780813620,333.57,7
1780813622,333.56,6
1780813624,333.52,2
1780813626,333.63,3
1780813628,333.67,7
1780813630,333.67,7
1780813632,333.62,2
1780813634,333.61,1
1780813636,333.67,7
1780813638,333.67,7
1780813640,333.61,1
1780813642,333.72,2
1780813644,333.60,0
1780813646,333.63,3
1780813648,333.69,9
1780813650,333.69,9
1780813652,333.64,4
1780813654,333.59,9
1780813656,333.68,8
1780813658,333.65,5
1780813660,333.50,0
1780813662,333.46,6
1780813664,333.45,5
1780813666,333.36,6
1780813668,333.46,6
1780813670,333.50,0
1780813672,333.60,0
1780813674,333.65,5
1780813676,333.72,2
1780813678,333.81,1
1780813680,333.77,7
1780813682,333.76,6
1780813684,333.86,6
1780813686,333.86,6
1780813688,333.80,0
1780813690,333.78,8
1780813692,333.86,6
1780813694,333.83,3
1780813696,333.75,5
1780813698,333.65,5
1780813700,333.67,7
1780813702,333.71,1
1780813704,333.71,1
1780813706,333.61,1
1780813708,333.62,2
1780813710,333.53,3
1780813712,333.44,4
1780813714,333.56,6
1780813716,333.62,2
1780813718,333.50,0
1780813720,333.73,3
1780813722,333.65,5
1780813724,333.66,6
1780813726,333.55,5
1780813728,333.47,7
1780813730,333.49,9
1780813732,333.58,8
1780813734,333.56,6
1780813736,333.53,3
1780813738,333.57,7
1780813740,333.56,6
1780813742,333.64,4
1780813744,333.57,7
1780813746,333.58,8
1780813748,333.60,0
1780813750,333.75,5
1780813752,333.73,3
1780813754,333.75,5
1780813756,333.73,3
1780813758,333.62,2
1780813760,333.67,7
1780813762,333.72,2
1780813764,333.90,0
1780813766,334.01,1
1780813768,334.10,0
1780813770,334.17,7
1780813772,334.20,0
1780813774,334.15,5
1780813776,334.20,0
1780813778,334.22,2
1780813780,334.11,1
1780813782,334.00,0
1780813784,334.07,7
1780813786,334.04,4
1780813788,334.02,2
1780813790,334.04,4
1780813792,334.06,6
1780813794,334.03,3
1780813796,333.98,8
1780813798,333.87,7
1780813800,333.82,2
1780813802,333.88,8
1780813804,334.03,3
1780813806,334.14,4
1780813808,334.21,1
1780813810,334.15,5
1780813812,333.97,7
1780813814,333.97,7
1780813816,333.98,8
1780813818,333.90,0
1780813820,333.90,0
1780813822,333.85,5
1780813824,333.94,4
1780813826,333.93,3
1780813828,333.92,2
1780813830,333.98,8
1780813832,333.77,7
1780813834,333.71,1
1780813836,333.84,4
1780813838,333.86,6
1780813840,333.75,5
1780813842,333.82,2
1780813844,333.93,3
1780813846,333.89,9
1780813848,333.82,2
1780813850,333.89,9
1780813852,333.91,1
1780813854,333.90,0
1780813856,333.94,4
1780813858,333.89,9
1780813860,333.81,1
1780813862,333.70,0
1780813864,333.59,9
1780813866,333.55,5
1780813868,333.65,5
1780813870,333.63,3
1780813872,333.58,8
1780813874,333.52,2
1780813876,333.59,9
1780813878,333.51,1
1780813880,333.38,8
1780813882,333.31,1
1780813884,333.36,6
1780813886,333.41,1
1780813888,333.33,3
1780813890,333.27,7
1780813892,333.20,0
1780813894,333.23,3
1780813896,333.20,0
1780813898,333.21,1
1780813900,333.33,3
1780813902,333.28,8
1780813904,333.31,1
1780813906,333.31,1
1780813908,333.39,9
1780813910,333.46,6
1780813912,333.59,9
1780813914,333.44,4
1780813916,333.51,1
1780813918,333.56,6
1780813920,333.52,2
1780813922,333.65,5
1780813924,333.73,3
1780813926,333.69,9
1780813928,333.64,4
1780813930,333.58,8
1780813932,333.58,8
1780813934,333.51,1
1780813936,333.54,4
1780813938,333.52,2
1780813940,333.48,8
1780813942,333.48,8
1780813944,333.45,5
1780813946,333.34,4
1780813948,333.38,8
1780813950,333.42,2
1780813952,333.32,2
1780813954,333.21,1
1780813956,333.19,9
1780813958,333.10,0
1780813960,333.04,4
1780813962,333.04,4
1780813964,332.91,1
1780813966,332.99,9
1780813968,333.05,5
1780813970,333.08,8
1780813972,333.03,3
1780813974,333.08,8
1780813976,332.98,8
1780813978,333.00,0
1780813980,333.00,0
1780813982,332.98,8
1780813984,333.00,0
1780813986,333.01,1
1780813988,333.11,1
1780813990,333.12,2
1780813992,332.92,2
1780813994,332.92,2
1780813996,333.01,1
1780813998,333.09,9
1780814000,333.21,1
1780814002,333.18,8
1780814004,333.27,7
1780814006,333.33,3
1780814008,333.37,7
1780814010,333.28,8
1780814012,333.31,1
1780814014,333.28,8
1780814016,333.37,7
1780814018,333.32,2
1780814020,333.31,1
1780814022,333.33,3
1780814024,333.35,5
1780814026,333.35,5
1780814028,333.36,6
1780814030,333.52,2
1780814032,333.41,1
1780814034,333.31,1
1780814036,333.47,7
1780814038,333.44,4
1780814040,333.53,3
1780814042,333.48,8
1780814044,333.51,1
1780814046,333.43,3
1780814048,333.52,2
1780814050,333.57,7
1780814052,333.62,2
1780814054,333.64,4
1780814056,333.55,5
1780814058,333.49,9
1780814060,333.50,0
1780814062,333.55,5
1780814064,333.53,3
1780814066,333.37,7
1780814068,333.28,8
1780814070,333.27,7
1780814072,333.27,7
1780814074,333.33,3
1780814076,333.35,5
1780814078,333.28,8
1780814080,333.30,0
1780814082,333.29,9
1780814084,333.28,8
1780814086,333.32,2
1780814088,333.18,8
1780814090,333.04,4
1780814092,333.12,2
1780814094,333.17,7
1780814096,333.09,9
1780814098,333.10,0
1780814100,333.06,6
1780814102,333.14,4
1780814104,333.14,4
1780814106,332.94,4
1780814108,332.98,8
1780814110,333.05,5
1780814112,333.06,6
1780814114,333.06,6
1780814116,332.95,5
1780814118,333.00,0
1780814120,333.10,0
1780814122,333.10,0
1780814124,333.13,3
1780814126,333.07,7
1780814128,333.15,5
1780814130,333.07,7
1780814132,333.00,0
1780814134,332.92,2
1780814136,332.73,3
1780814138,332.74,4
1780814140,332.65,5
1780814142,332.68,8
1780814144,332.65,5
1780814146,332.72,2
1780814148,332.74,4
1780814150,332.65,5
1780814152,332.70,0
1780814154,332.64,4
1780814156,332.61,1
1780814158,332.68,8
1780814160,332.53,3
1780814162,332.49,9
1780814164,332.41,1
1780814166,332.34,4
1780814168,332.32,2
1780814170,332.27,7
1780814172,332.17,7
1780814174,332.10,0
1780814176,332.26,6
1780814178,332.24,4
1780814180,332.13,3
1780814182,332.04,4
1780814184,331.97,7
1780814186,331.83,3
1780814188,331.91,1
1780814190,331.96,6
1780814192,331.90,0
1780814194,331.85,5
1780814196,331.94,4
1780814198,332.07,7
1780814200,332.16,6
1780814202,332.24,4
1780814204,332.13,3
1780814206,332.16,6
1780814208,332.19,9
1780814210,332.22,2
1780814212,332.27,7
1780814214,332.20,0
1780814216,332.15,5
1780814218,332.12,2
1780814220,332.13,3
1780814222,332.11,1
1780814224,332.03,3
1780814226,331.93,3
1780814228,331.90,0
1780814230,331.92,2
1780814232,331.85,5
1780814234,332.00,0
1780814236,331.97,7
1780814238,331.94,4
1780814240,332.03,3
1780814242,331.95,5
1780814244,331.87,7
1780814246,331.83,3
1780814248,331.74,4
1780814250,331.96,6
1780814252,332.13,3
1780814254,332.09,9
1780814256,332.26,6
1780814258,332.28,8
1780814260,332.34,4
1780814262,332.52,2
1780814264,332.55,5
1780814266,332.53,3
1780814268,332.50,0
1780814270,332.73,3
1780814272,332.77,7
1780814274,332.88,8
1780814276,332.91,1
1780814278,332.94,4
1780814280,332.88,8
1780814282,332.77,7
1780814284,332.62,2
1780814286,332.60,0
1780814288,332.61,1
1780814290,332.72,2
1780814292,332.64,4
1780814294,332.66,6
1780814296,332.58,8
1780814298,332.55,5
1780814300,332.59,9
1780814302,332.56,6
1780814304,332.48,8
1780814306,332.46,6
1780814308,332.47,7
1780814310,332.36,6
1780814312,332.20,0
1780814314,332.27,7
1780814316,332.08,8
1780814318,332.12,2
1780814320,332.12,2
1780814322,332.13,3
1780814324,332.07,7
1780814326,331.97,7
1780814328,331.83,3
1780814330,331.84,4
1780814332,331.84,4
1780814334,331.81,1
1780814336,331.92,2
1780814338,331.82,2
1780814340,331.88,8
1780814342,331.89,9
1780814344,332.02,2
1780814346,331.96,6
1780814348,332.02,2
1780814350,332.09,9
1780814352,332.10,0
1780814354,332.00,0
1780814356,332.11,1
1780814358,332.05,5
1780814360,332.07,7
1780814362,332.10,0
1780814364,332.11,1
1780814366,332.28,8
1780814368,332.40,0
1780814370,332.51,1
1780814372,332.55,5
1780814374,332.63,3
1780814376,332.66,6
1780814378,332.63,3
1780814380,332.57,7
1780814382,332.71,1
1780814384,332.71,1
1780814386,332.63,3
1780814388,332.57,7
1780814390,332.44,4
1780814392,332.54,4
1780814394,332.49,9
1780814396,332.57,7
1780814398,332.65,5
1780814400,332.66,6
1780814402,332.67,7
1780814404,332.59,9
1780814406,332.53,3
1780814408,332.50,0
1780814410,332.60,0
1780814412,332.58,8
1780814414,332.53,3
1780814416,332.56,6
1780814418,332.64,4
1780814420,332.52,2
1780814422,332.43,3
1780814424,332.41,1
1780814426,332.42,2
1780814428,332.40,0
1780814430,332.37,7
1780814432,332.36,6
1780814434,332.34,4
1780814436,332.23,3
1780814438,332.22,2
1780814440,332.21,1
1780814442,332.21,1
1780814444,332.25,5
1780814446,332.31,1
1780814448,332.29,9
1780814450,332.22,2
1780814452,332.19,9
1780814454,332.20,0
1780814456,332.11,1
1780814458,332.00,0
1780814460,331.83,3
1780814462,331.70,0
1780814464,331.63,3
1780814466,331.63,3
1780814468,331.61,1
1780814470,331.52,2
1780814472,331.53,3
1780814474,331.54,4
1780814476,331.44,4
1780814478,331.35,5
1780814480,331.56,6
1780814482,331.56,6
1780814484,331.52,2
1780814486,331.51,1
1780814488,331.48,8
1780814490,331.47,7
1780814492,331.57,7
1780814494,331.56,6
1780814496,331.54,4
1780814498,331.57,7
1780814500,331.53,3
1780814502,331.64,4
1780814504,331.68,8
1780814506,331.63,3
1780814508,331.69,9
1780814510,331.60,0
1780814512,331.54,4
1780814514,331.60,0
1780814516,331.61,1
1780814518,331.53,3
1780814520,331.48,8
1780814522,331.51,1
1780814524,331.53,3
1780814526,331.77,7
1780814528,331.71,1
1780814530,331.75,5
1780814532,331.60,0
1780814534,331.60,0
1780814536,331.64,4
1780814538,331.73,3
1780814540,331.64,4
1780814542,331.70,0
1780814544,331.78,8
1780814546,331.72,2
1780814548,331.64,4
1780814550,331.62,2
1780814552,331.76,6
1780814554,331.91,1
1780814556,332.04,4
1780814558,332.15,5
1780814560,332.21,1
1780814562,332.33,3
1780814564,332.30,0
1780814566,332.25,5
1780814568,332.22,2
1780814570,332.28,8
1780814572,332.21,1
1780814574,332.42,2
1780814576,332.48,8
1780814578,332.44,4
1780814580,332.47,7
1780814582,332.54,4
1780814584,332.37,7
1780814586,332.34,4
1780814588,332.14,4
1780814590,332.06,6
1780814592,332.09,9
1780814594,332.07,7
1780814596,332.01,1
1780814598,331.97,7
1780814600,331.98,8
1780814602,332.05,5
1780814604,332.10,0
1780814606,332.02,2
1780814608,331.85,5
1780814610,332.05,5
1780814612,331.88,8
1780814614,331.97,7
1780814616,331.86,6
1780814618,331.65,5
1780814620,331.73,3
1780814622,331.78,8
1780814624,331.79,9
1780814626,331.76,6
1780814628,331.83,3
1780814630,331.98,8
1780814632,332.04,4
1780814634,332.03,3
1780814636,331.93,3
1780814638,331.81,1
1780814640,331.87,7
1780814642,331.88,8
1780814644,331.86,6
1780814646,331.98,8
1780814648,332.09,9
1780814650,332.19,9
1780814652,332.29,9
1780814654,332.20,0
1780814656,332.30,0
1780814658,332.28,8
1780814660,332.25,5
1780814662,332.14,4
1780814664,332.15,5
1780814666,332.16,6
1780814668,332.09,9
1780814670,332.23,3
1780814672,332.13,3
1780814674,332.20,0
1780814676,331.98,8
1780814678,332.06,6
1780814680,332.14,4
1780814682,332.23,3
1780814684,332.36,6
1780814686,332.34,4
1780814688,332.34,4
1780814690,332.45,5
1780814692,332.42,2
1780814694,332.58,8
1780814696,332.62,2
1780814698,332.58,8
1780814700,332.51,1
1780814702,332.50,0
1780814704,332.46,6
1780814706,332.53,3
1780814708,332.53,3
1780814710,332.50,0
1780814712,332.45,5
1780814714,332.54,4
1780814716,332.61,1
1780814718,332.61,1
1780814720,332.66,6
1780814722,332.66,6
1780814724,332.57,7
1780814726,332.64,4
1780814728,332.60,0
1780814730,332.58,8
1780814732,332.75,5
1780814734,332.70,0
1780814736,332.65,5
1780814738,332.49,9
1780814740,332.35,5
1780814742,332.27,7
1780814744,332.31,1
1780814746,332.41,1
1780814748,332.40,0
1780814750,332.39,9
1780814752,332.40,0
1780814754,332.49,9
1780814756,332.60,0
1780814758,332.66,6
1780814760,332.65,5
1780814762,332.57,7
1780814764,332.66,6
1780814766,332.64,4
1780814768,332.62,2
1780814770,332.62,2
1780814772,332.59,9
1780814774,332.50,0
1780814776,332.63,3
1780814778,332.63,3
1780814780,332.62,2
1780814782,332.48,8
1780814784,332.33,3
1780814786,332.35,5
1780814788,332.38,8
1780814790,332.19,9
1780814792,332.14,4
1780814794,332.16,6
1780814796,332.26,6
1780814798,332.22,2
1780814800,332.25,5
1780814802,332.24,4
1780814804,332.27,7
1780814806,332.32,2
1780814808,332.17,7
1780814810,332.13,3
1780814812,332.07,7
1780814814,332.17,7
1780814816,332.05,5
1780814818,332.06,6
1780814820,332.11,1
1780814822,332.01,1
1780814824,331.90,0
1780814826,331.81,1
1780814828,331.78,8
1780814830,331.84,4
1780814832,331.87,7
1780814834,331.77,7
1780814836,331.78,8
1780814838,331.80,0
1780814840,331.76,6
1780814842,331.84,4
1780814844,331.85,5
1780814846,331.97,7
1780814848,331.94,4
1780814850,332.07,7
1780814852,332.09,9
1780814854,331.97,7
1780814856,331.91,1
1780814858,331.87,7
1780814860,331.82,2
1780814862,331.79,9
1780814864,331.79,9
1780814866,331.76,6
1780814868,331.80,0
1780814870,331.76,6
1780814872,331.60,0
1780814874,331.63,3
1780814876,331.55,5
1780814878,331.54,4
1780814880,331.41,1
1780814882,331.49,9
1780814884,331.41,1
1780814886,331.43,3
1780814888,331.46,6
1780814890,331.41,1
1780814892,331.35,5
1780814894,331.40,0
1780814896,331.38,8
1780814898,331.32,2
1780814900,331.42,2
1780814902,331.52,2
1780814904,331.54,4
1780814906,331.43,3
1780814908,331.32,2
1780814910,331.19,9
1780814912,331.12,2
1780814914,331.11,1
1780814916,331.04,4
1780814918,331.08,8
1780814920,331.10,0
1780814922,331.01,1
1780814924,331.06,6
1780814926,331.13,3
1780814928,330.91,1
1780814930,330.66,6
1780814932,330.72,2
1780814934,330.88,8
1780814936,330.93,3
1780814938,331.06,6
1780814940,331.24,4
1780814942,331.34,4
1780814944,331.49,9
1780814946,331.57,7
1780814948,331.56,6
1780814950,331.43,3
1780814952,331.36,6
1780814954,331.46,6
1780814956,331.36,6
1780814958,331.37,7
1780814960,331.42,2
1780814962,331.40,0
1780814964,331.25,5
1780814966,331.10,0
1780814968,331.13,3
1780814970,331.09,9
1780814972,331.12,2
1780814974,331.11,1
1780814976,331.02,2
1780814978,330.99,9
1780814980,330.98,8
1780814982,331.06,6
1780814984,331.09,9
1780814986,331.04,4
1780814988,331.09,9
1780814990,331.20,0
1780814992,331.34,4
1780814994,331.30,0
1780814996,331.32,2
1780814998,331.32,2
1780815000,331.42,2
1780815002,331.36,6
1780815004,331.33,3
1780815006,331.31,1
1780815008,331.24,4
1780815010,331.21,1
1780815012,331.24,4
1780815014,331.15,5
1780815016,331.14,4
1780815018,331.12,2
1780815020,331.27,7
1780815022,331.24,4
1780815024,331.03,3
1780815026,331.08,8
1780815028,331.03,3
1780815030,331.10,0
1780815032,331.22,2
1780815034,331.11,1
1780815036,330.96,6
1780815038,330.94,4
1780815040,330.96,6
1780815042,331.09,9
1780815044,331.20,0
1780815046,331.08,8
1780815048,331.19,9
1780815050,331.29,9
1780815052,331.25,5
1780815054,331.29,9
1780815056,331.37,7
1780815058,331.52,2
1780815060,331.38,8
1780815062,331.43,3
1780815064,331.46,6
1780815066,331.51,1
1780815068,331.59,9
1780815070,331.70,0
1780815072,331.67,7
1780815074,331.44,4
1780815076,331.40,0
1780815078,331.32,2
1780815080,331.27,7
1780815082,331.22,2
1780815084,331.17,7
1780815086,331.21,1
1780815088,331.16,6
1780815090,331.07,7
1780815092,331.15,5
1780815094,331.21,1
1780815096,331.25,5
1780815098,331.30,0
1780815100,331.27,7
1780815102,331.24,4
1780815104,331.25,5
1780815106,331.21,1
1780815108,331.34,4
1780815110,331.18,8
1780815112,331.21,1
1780815114,331.06,6
1780815116,331.04,4
1780815118,331.08,8
1780815120,331.02,2
1780815122,331.28,8
1780815124,331.31,1
1780815126,331.33,3
1780815128,331.23,3
1780815130,331.25,5
1780815132,331.21,1
1780815134,331.21,1
1780815136,331.23,3
1780815138,331.20,0
1780815140,331.27,7
1780815142,331.39,9
1780815144,331.25,5
1780815146,331.26,6
1780815148,331.16,6
1780815150,330.98,8
1780815152,331.02,2
1780815154,330.99,9
1780815156,330.86,6
1780815158,330.81,1
1780815160,330.88,8
1780815162,330.87,7
1780815164,330.95,5
1780815166,330.96,6
1780815168,331.07,7
1780815170,331.03,3
1780815172,331.03,3
1780815174,331.01,1
1780815176,330.94,4
1780815178,331.08,8
1780815180,331.09,9
1780815182,331.15,5
1780815184,331.14,4
1780815186,331.12,2
1780815188,331.09,9
1780815190,331.19,9
1780815192,331.25,5
1780815194,331.27,7
1780815196,331.06,6
1780815198,331.09,9
1780815200,330.96,6
1780815202,331.05,5
1780815204,331.22,2
1780815206,331.24,4
1780815208,331.27,7
1780815210,331.41,1
1780815212,331.48,8
1780815214,331.58,8
1780815216,331.58,8
1780815218,331.46,6
1780815220,331.51,1
1780815222,331.40,0
1780815224,331.47,7
1780815226,331.50,0
1780815228,331.47,7
1780815230,331.46,6
1780815232,331.49,9
1780815234,331.40,0
1780815236,331.23,3
1780815238,331.12,2
1780815240,331.31,1
1780815242,331.31,1
1780815244,331.33,3
1780815246,331.35,5
1780815248,331.41,1
1780815250,331.32,2
1780815252,331.49,9
1780815254,331.53,3
1780815256,331.56,6
1780815258,331.61,1
1780815260,331.62,2
1780815262,331.48,8
1780815264,331.60,0
1780815266,331.66,6
1780815268,331.56,6
1780815270,331.60,0
1780815272,331.51,1
1780815274,331.65,5
1780815276,331.59,9
1780815278,331.59,9
1780815280,331.55,5
1780815282,331.58,8
1780815284,331.47,7
1780815286,331.52,2
1780815288,331.58,8
1780815290,331.52,2
1780815292,331.37,7
1780815294,331.27,7
1780815296,331.25,5
1780815298,331.19,9
1780815300,331.17,7
1780815302,331.11,1
1780815304,331.17,7
1780815306,331.28,8
1780815308,331.14,4
1780815310,331.02,2
1780815312,331.06,6
1780815314,331.01,1
1780815316,330.88,8
1780815318,330.93,3
1780815320,330.89,9
1780815322,330.89,9
1780815324,330.85,5
1780815326,330.83,3
1780815328,330.91,1
1780815330,330.90,0
1780815332,330.96,6
1780815334,331.10,0
1780815336,331.25,5
1780815338,331.29,9
1780815340,331.28,8
1780815342,331.25,5
1780815344,331.31,1
1780815346,331.36,6
1780815348,331.30,0
1780815350,331.45,5
1780815352,331.48,8
1780815354,331.41,1
1780815356,331.48,8
1780815358,331.60,0
1780815360,331.48,8
1780815362,331.56,6
1780815364,331.59,9
1780815366,331.40,0
1780815368,331.41,1
1780815370,331.49,9
1780815372,331.53,3
1780815374,331.52,2
1780815376,331.58,8
1780815378,331.62,2
1780815380,331.71,1
1780815382,331.74,4
1780815384,331.72,2
1780815386,331.74,4
1780815388,331.79,9
1780815390,331.83,3
1780815392,331.89,9
1780815394,331.77,7
1780815396,331.84,4
1780815398,331.96,6
1780815400,331.82,2
1780815402,331.83,3
1780815404,331.89,9
1780815406,331.84,4
1780815408,331.75,5
1780815410,331.67,7
1780815412,331.75,5
1780815414,331.91,1
1780815416,332.02,2
1780815418,331.95,5
1780815420,331.98,8
1780815422,332.04,4
1780815424,332.01,1
1780815426,332.06,6
1780815428,332.06,6
1780815430,332.07,7
1780815432,332.20,0
1780815434,332.17,7
1780815436,332.17,7
1780815438,332.25,5
1780815440,332.12,2
1780815442,332.23,3
1780815444,332.11,1
1780815446,332.14,4
1780815448,332.06,6
1780815450,332.00,0
1780815452,332.10,0
1780815454,332.09,9
1780815456,332.26,6
1780815458,332.24,4
1780815460,332.29,9
1780815462,332.28,8
1780815464,332.13,3
1780815466,332.05,5
1780815468,332.00,0
1780815470,331.96,6
1780815472,332.04,4
1780815474,332.07,7
1780815476,331.98,8
1780815478,331.95,5
1780815480,331.83,3
1780815482,331.72,2
1780815484,331.54,4
1780815486,331.60,0
1780815488,331.60,0
1780815490,331.54,4
1780815492,331.61,1
1780815494,331.42,2
1780815496,331.41,1
1780815498,331.47,7
1780815500,331.36,6
1780815502,331.32,2
1780815504,331.35,5
1780815506,331.23,3
1780815508,331.20,0
1780815510,331.30,0
1780815512,331.34,4
1780815514,331.34,4
1780815516,331.47,7
1780815518,331.34,4
1780815520,331.39,9
1780815522,331.43,3
1780815524,331.53,3
1780815526,331.55,5
1780815528,331.59,9
1780815530,331.57,7
1780815532,331.52,2
1780815534,331.55,5
1780815536,331.67,7
1780815538,331.58,8
1780815540,331.57,7
1780815542,331.50,0
1780815544,331.60,0
1780815546,331.69,9
1780815548,331.75,5
1780815550,331.64,4
1780815552,331.70,0
1780815554,331.70,0
1780815556,331.63,3
1780815558,331.57,7
1780815560,331.55,5
1780815562,331.59,9
1780815564,331.54,4
1780815566,331.60,0
1780815568,331.55,5
1780815570,331.57,7
1780815572,331.39,9
1780815574,331.39,9
1780815576,331.47,7
1780815578,331.46,6
1780815580,331.44,4
1780815582,331.45,5
1780815584,331.57,7
1780815586,331.58,8
1780815588,331.55,5
1780815590,331.59,9
1780815592,331.62,2
1780815594,331.63,3
1780815596,331.55,5
1780815598,331.46,6
1780815600,331.56,6
1780815602,331.57,7
1780815604,331.68,8
1780815606,331.54,4
1780815608,331.55,5
1780815610,331.42,2
1780815612,331.36,6
1780815614,331.44,4
1780815616,331.46,6
1780815618,331.32,2
1780815620,331.26,6
1780815622,331.25,5
1780815624,331.17,7
1780815626,331.24,4
1780815628,331.24,4
1780815630,331.18,8
1780815632,331.06,6
1780815634,331.05,5
1780815636,331.00,0
1780815638,331.04,4
1780815640,330.99,9
1780815642,330.85,5
1780815644,330.90,0
1780815646,330.92,2
1780815648,330.99,9
1780815650,330.88,8
1780815652,330.87,7
1780815654,330.70,0
1780815656,330.64,4
1780815658,330.68,8
1780815660,330.76,6
1780815662,330.66,6
1780815664,330.67,7
1780815666,330.62,2
1780815668,330.58,8
1780815670,330.68,8
1780815672,330.64,4
1780815674,330.71,1
1780815676,330.83,3
1780815678,330.85,5
1780815680,330.93,3
1780815682,330.92,2
1780815684,330.95,5
1780815686,330.94,4
1780815688,330.94,4
1780815690,330.87,7
1780815692,330.83,3
1780815694,330.72,2
1780815696,330.68,8
1780815698,330.59,9
1780815700,330.60,0
1780815702,330.67,7
1780815704,330.61,1
1780815706,330.49,9
1780815708,330.48,8
1780815710,330.36,6
1780815712,330.37,7
1780815714,330.39,9
1780815716,330.42,2
1780815718,330.40,0
1780815720,330.50,0
1780815722,330.52,2
1780815724,330.37,7
1780815726,330.41,1
1780815728,330.39,9
1780815730,330.53,3
1780815732,330.63,3
1780815734,330.69,9
1780815736,330.79,9
1780815738,330.71,1
1780815740,330.78,8
1780815742,330.74,4
1780815744,330.71,1
1780815746,330.71,1
1780815748,330.60,0
1780815750,330.72,2
1780815752,330.59,9
1780815754,330.63,3
1780815756,330.74,4
1780815758,330.70,0
1780815760,330.68,8
1780815762,330.72,2
1780815764,330.73,3
1780815766,330.60,0
1780815768,330.78,8
1780815770,330.80,0
1780815772,330.72,2
1780815774,330.75,5
1780815776,330.78,8
1780815778,330.68,8
1780815780,330.83,3
1780815782,330.69,9
1780815784,330.66,6
1780815786,330.67,7
1780815788,330.67,7
1780815790,330.58,8
1780815792,330.61,1
1780815794,330.61,1
1780815796,330.71,1
1780815798,330.61,1
1780815800,330.61,1
1780815802,330.68,8
1780815804,330.76,6
1780815806,330.75,5
1780815808,330.68,8
1780815810,330.78,8
1780815812,330.95,5
1780815814,330.90,0
1780815816,330.87,7
1780815818,330.81,1
1780815820,330.84,4
1780815822,331.02,2
1780815824,330.89,9
1780815826,330.96,6
1780815828,330.93,3
1780815830,331.03,3
1780815832,331.14,4
1780815834,331.16,6
1780815836,331.28,8
1780815838,331.31,1
1780815840,331.20,0
1780815842,331.11,1
1780815844,331.17,7
1780815846,331.20,0
1780815848,331.19,9
1780815850,331.19,9
1780815852,331.21,1
1780815854,331.20,0
1780815856,331.10,0
1780815858,331.17,7
1780815860,331.17,7
1780815862,331.15,5
1780815864,330.95,5
1780815866,330.83,3
1780815868,330.85,5
1780815870,330.73,3
1780815872,330.64,4
1780815874,330.47,7
1780815876,330.52,2
1780815878,330.44,4
1780815880,330.50,0
1780815882,330.45,5
1780815884,330.49,9
1780815886,330.37,7
1780815888,330.27,7
1780815890,330.25,5
1780815892,330.11,1
1780815894,330.11,1
1780815896,330.12,2
1780815898,330.25,5
1780815900,330.28,8
1780815902,330.30,0
1780815904,330.28,8
1780815906,330.33,3
1780815908,330.34,4
1780815910,330.24,4
1780815912,330.23,3
1780815914,330.20,0
1780815916,330.15,5
1780815918,330.21,1
1780815920,330.24,4
1780815922,330.15,5
1780815924,330.11,1
1780815926,330.34,4
1780815928,330.40,0
1780815930,330.29,9
1780815932,330.33,3
1780815934,330.35,5
1780815936,330.42,2
1780815938,330.37,7
1780815940,330.23,3
1780815942,330.25,5
1780815944,330.25,5
1780815946,330.31,1
1780815948,330.38,8
1780815950,330.33,3
1780815952,330.30,0
1780815954,330.44,4
1780815956,330.38,8
1780815958,330.49,9
1780815960,330.37,7
1780815962,330.45,5
1780815964,330.48,8
1780815966,330.52,2
1780815968,330.43,3
1780815970,330.38,8
1780815972,330.48,8
1780815974,330.62,2
1780815976,330.45,5
1780815978,330.38,8
1780815980,330.40,0
1780815982,330.39,9
1780815984,330.32,2
1780815986,330.27,7
1780815988,330.34,4
1780815990,330.52,2
1780815992,330.59,9
1780815994,330.54,4
1780815996,330.57,7
1780815998,330.52,2
1780816000,330.44,4
1780816002,330.44,4
1780816004,330.45,5
1780816006,330.47,7
1780816008,330.58,8
1780816010,330.67,7
1780816012,330.50,0
1780816014,330.53,3
1780816016,330.52,2
1780816018,330.57,7
1780816020,330.58,8
1780816022,330.65,5
1780816024,330.64,4
1780816026,330.70,0
1780816028,330.59,9
1780816030,330.55,5
1780816032,330.55,5
1780816034,330.49,9
1780816036,330.37,7
1780816038,330.35,5
1780816040,330.47,7
1780816042,330.41,1
1780816044,330.50,0
1780816046,330.50,0
1780816048,330.56,6
1780816050,330.50,0
1780816052,330.55,5
1780816054,330.43,3
1780816056,330.43,3
1780816058,330.57,7
1780816060,330.58,8
1780816062,330.52,2
1780816064,330.63,3
1780816066,330.75,5
1780816068,330.62,2
1780816070,330.56,6
1780816072,330.68,8
1780816074,330.67,7
1780816076,330.63,3
1780816078,330.60,0
1780816080,330.55,5
1780816082,330.59,9
1780816084,330.62,2
1780816086,330.62,2
1780816088,330.64,4
1780816090,330.49,9
1780816092,330.56,6
1780816094,330.45,5
1780816096,330.39,9
1780816098,330.33,3
1780816100,330.28,8
1780816102,330.31,1
1780816104,330.41,1
1780816106,330.25,5
1780816108,330.26,6
1780816110,330.19,9
1780816112,330.11,1
1780816114,330.08,8
1780816116,330.17,7
1780816118,330.19,9
1780816120,330.22,2
1780816122,330.32,2
1780816124,330.31,1
1780816126,330.27,7
1780816128,330.33,3
1780816130,330.40,0
1780816132,330.37,7
1780816134,330.40,0
1780816136,330.38,8
1780816138,330.38,8
1780816140,330.29,9
1780816142,330.33,3
1780816144,330.37,7
1780816146,330.36,6
1780816148,330.38,8
1780816150,330.27,7
1780816152,330.17,7
1780816154,330.18,8
1780816156,330.15,5
1780816158,330.14,4
1780816160,330.04,4
1780816162,330.17,7
1780816164,330.25,5
1780816166,330.23,3
1780816168,330.23,3
1780816170,330.15,5
1780816172,330.15,5
1780816174,330.04,4
1780816176,330.09,9
1780816178,330.13,3
1780816180,330.19,9
1780816182,330.29,9
1780816184,330.37,7
1780816186,330.43,3
1780816188,330.53,3
1780816190,330.60,0
1780816192,330.59,9
1780816194,330.55,5
1780816196,330.78,8
1780816198,330.65,5
1780816200,330.66,6
1780816202,330.62,2
1780816204,330.55,5
1780816206,330.40,0
1780816208,330.45,5
1780816210,330.38,8
1780816212,330.36,6
1780816214,330.40,0
1780816216,330.39,9
1780816218,330.42,2
1780816220,330.35,5
1780816222,330.42,2
1780816224,330.42,2
1780816226,330.41,1
1780816228,330.37,7
1780816230,330.43,3
1780816232,330.47,7
1780816234,330.56,6
1780816236,330.69,9
1780816238,330.51,1
1780816240,330.54,4
1780816242,330.52,2
1780816244,330.63,3
1780816246,330.48,8
1780816248,330.48,8
1780816250,330.44,4
1780816252,330.48,8
1780816254,330.33,3
1780816256,330.41,1
1780816258,330.35,5
1780816260,330.41,1
1780816262,330.37,7
1780816264,330.37,7
1780816266,330.30,0
1780816268,330.35,5
1780816270,330.25,5
1780816272,330.24,4
1780816274,330.28,8
1780816276,330.18,8
1780816278,330.21,1
1780816280,330.35,5
1780816282,330.31,1
1780816284,330.35,5
1780816286,330.34,4
1780816288,330.31,1
1780816290,330.19,9
1780816292,330.25,5
1780816294,330.21,1
1780816296,330.18,8
1780816298,330.36,6
1780816300,330.42,2
1780816302,330.54,4
1780816304,330.67,7
1780816306,330.48,8
1780816308,330.44,4
1780816310,330.51,1
1780816312,330.57,7
1780816314,330.65,5
1780816316,330.66,6
1780816318,330.60,0
1780816320,330.67,7
1780816322,330.56,6
1780816324,330.56,6
1780816326,330.69,9
1780816328,330.68,8
1780816330,330.57,7
1780816332,330.65,5
1780816334,330.74,4
1780816336,330.77,7
1780816338,330.63,3
1780816340,330.54,4
1780816342,330.60,0
1780816344,330.56,6
1780816346,330.60,0
1780816348,330.60,0
1780816350,330.69,9
1780816352,330.68,8
1780816354,330.69,9
1780816356,330.69,9
1780816358,330.62,2
1780816360,330.47,7
1780816362,330.57,7
1780816364,330.58,8
1780816366,330.59,9
1780816368,330.53,3
1780816370,330.63,3
1780816372,330.52,2
1780816374,330.68,8
1780816376,330.54,4
1780816378,330.49,9
1780816380,330.34,4
1780816382,330.43,3
1780816384,330.55,5
1780816386,330.62,2
1780816388,330.59,9
1780816390,330.48,8
1780816392,330.44,4
1780816394,330.41,1
1780816396,330.49,9
1780816398,330.60,0
1780816400,330.62,2
1780816402,330.72,2
1780816404,330.70,0
1780816406,330.70,0
1780816408,330.74,4
1780816410,330.64,4
1780816412,330.69,9
1780816414,330.68,8
1780816416,330.67,7
1780816418,330.62,2
1780816420,330.50,0
1780816422,330.52,2
1780816424,330.56,6
1780816426,330.46,6
1780816428,330.44,4
1780816430,330.57,7
1780816432,330.59,9
1780816434,330.49,9
1780816436,330.59,9
1780816438,330.53,3
1780816440,330.35,5
1780816442,330.27,7
1780816444,330.24,4
1780816446,330.19,9
1780816448,330.20,0
1780816450,330.27,7
1780816452,330.23,3
1780816454,330.27,7
1780816456,330.32,2
1780816458,330.33,3
1780816460,330.38,8
1780816462,330.41,1
1780816464,330.23,3
1780816466,330.29,9
1780816468,330.39,9
1780816470,330.38,8
1780816472,330.40,0
1780816474,330.26,6
1780816476,330.27,7
1780816478,330.19,9
1780816480,330.19,9
1780816482,330.18,8
1780816484,330.04,4
1780816486,330.03,3
1780816488,329.94,4
1780816490,329.97,7
1780816492,329.87,7
1780816494,329.91,1
1780816496,329.88,8
1780816498,329.98,8
1780816500,330.02,2
1780816502,329.92,2
1780816504,329.97,7
1780816506,329.96,6
1780816508,329.97,7
1780816510,329.84,4
1780816512,329.90,0
1780816514,329.82,2
1780816516,329.88,8
1780816518,329.86,6
1780816520,329.92,2
1780816522,329.89,9
1780816524,329.85,5
1780816526,329.78,8
1780816528,329.79,9
1780816530,329.91,1
1780816532,329.80,0
1780816534,329.87,7
1780816536,329.73,3
1780816538,329.70,0
1780816540,329.82,2
1780816542,329.73,3
1780816544,329.76,6
1780816546,329.78,8
1780816548,329.72,2
1780816550,329.80,0
1780816552,329.88,8
1780816554,329.76,6
1780816556,329.85,5
1780816558,329.98,8
1780816560,329.86,6
1780816562,329.95,5
1780816564,330.05,5
1780816566,330.05,5
1780816568,330.07,7
1780816570,330.03,3
1780816572,330.09,9
1780816574,330.08,8
1780816576,329.96,6
1780816578,329.92,2
1780816580,329.83,3
1780816582,329.80,0
1780816584,329.76,6
1780816586,329.90,0
1780816588,329.84,4
1780816590,329.84,4
1780816592,329.79,9
1780816594,329.83,3
1780816596,329.86,6
1780816598,329.98,8
1780816600,330.02,2
1780816602,330.05,5
1780816604,330.14,4
1780816606,330.16,6
1780816608,330.14,4
1780816610,330.13,3
1780816612,330.17,7
1780816614,330.37,7
1780816616,330.55,5
1780816618,330.60,0
1780816620,330.56,6
1780816622,330.43,3
1780816624,330.44,4
1780816626,330.59,9
1780816628,330.74,4
1780816630,330.72,2
1780816632,330.75,5
1780816634,330.91,1
1780816636,331.02,2
1780816638,330.85,5
1780816640,330.75,5
1780816642,330.74,4
1780816644,330.69,9
1780816646,330.79,9
1780816648,330.76,6
1780816650,330.75,5
1780816652,330.93,3
1780816654,330.89,9
1780816656,330.80,0
1780816658,330.82,2
1780816660,330.83,3
1780816662,330.90,0
1780816664,330.86,6
1780816666,330.77,7
1780816668,330.89,9
1780816670,330.96,6
1780816672,331.06,6
1780816674,331.03,3
1780816676,331.01,1
1780816678,330.84,4
1780816680,330.76,6
1780816682,330.71,1
1780816684,330.62,2
1780816686,330.52,2
1780816688,330.51,1
1780816690,330.52,2
1780816692,330.55,5
1780816694,330.57,7
1780816696,330.48,8
1780816698,330.63,3
1780816700,330.60,0
1780816702,330.66,6
1780816704,330.67,7
1780816706,330.60,0
1780816708,330.53,3
1780816710,330.58,8
1780816712,330.53,3
1780816714,330.53,3
1780816716,330.45,5
1780816718,330.45,5
1780816720,330.56,6
1780816722,330.64,4
1780816724,330.58,8
1780816726,330.55,5
1780816728,330.69,9
1780816730,330.68,8
1780816732,330.74,4
1780816734,330.81,1
1780816736,330.72,2
1780816738,330.71,1
1780816740,330.71,1
1780816742,330.71,1
1780816744,330.58,8
1780816746,330.63,3
1780816748,330.58,8
1780816750,330.66,6
1780816752,330.76,6
1780816754,330.69,9
1780816756,330.77,7
1780816758,331.01,1
1780816760,331.02,2
1780816762,331.16,6
1780816764,331.10,0
1780816766,331.07,7
1780816768,331.03,3
1780816770,331.12,2
1780816772,331.03,3
1780816774,331.18,8
1780816776,331.00,0
1780816778,330.98,8
1780816780,330.84,4
1780816782,330.76,6
1780816784,330.80,0
1780816786,330.74,4
1780816788,330.78,8
1780816790,330.72,2
1780816792,330.70,0
1780816794,330.69,9
1780816796,330.61,1
1780816798,330.67,7
1780816800,330.66,6
1780816802,330.61,1
1780816804,330.66,6
1780816806,330.64,4
1780816808,330.67,7
1780816810,330.76,6
1780816812,330.77,7
1780816814,330.66,6
1780816816,330.84,4
1780816818,330.83,3
1780816820,330.72,2
1780816822,330.76,6
1780816824,330.66,6
1780816826,330.67,7
1780816828,330.66,6
1780816830,330.71,1
1780816832,330.85,5
1780816834,330.97,7
1780816836,331.01,1
1780816838,331.17,7
1780816840,331.10,0
1780816842,330.97,7
1780816844,331.09,9
1780816846,331.19,9
1780816848,331.19,9
1780816850,331.21,1
1780816852,331.18,8
1780816854,331.07,7
1780816856,331.06,6
1780816858,331.07,7
1780816860,331.16,6
1780816862,331.22,2
1780816864,331.24,4
1780816866,331.12,2
1780816868,331.18,8
1780816870,331.08,8
1780816872,331.15,5
1780816874,331.12,2
1780816876,331.29,9
1780816878,331.28,8
1780816880,331.26,6
1780816882,331.23,3
1780816884,331.21,1
1780816886,331.21,1
1780816888,331.18,8
1780816890,331.22,2
1780816892,331.14,4
1780816894,331.15,5
1780816896,331.06,6
1780816898,331.13,3
1780816900,331.06,6
1780816902,331.09,9
1780816904,331.18,8
1780816906,331.26,6
1780816908,331.36,6
1780816910,331.33,3
1780816912,331.20,0
1780816914,331.30,0
1780816916,331.10,0
1780816918,331.21,1
1780816920,331.19,9
1780816922,331.17,7
1780816924,331.16,6
1780816926,331.16,6
1780816928,331.06,6
1780816930,330.99,9
1780816932,330.97,7
1780816934,330.98,8
1780816936,330.81,1
1780816938,330.92,2
1780816940,331.06,6
1780816942,331.00,0
1780816944,330.91,1
1780816946,330.93,3
1780816948,330.91,1
1780816950,330.97,7
1780816952,330.92,2
1780816954,331.01,1
1780816956,331.12,2
1780816958,331.16,6
1780816960,331.22,2
1780816962,331.22,2
1780816964,331.18,8
1780816966,331.18,8
1780816968,331.14,4
1780816970,331.13,3
1780816972,331.14,4
1780816974,330.97,7
1780816976,331.04,4
1780816978,330.99,9
1780816980,331.06,6
1780816982,330.98,8
1780816984,330.75,5
1780816986,330.69,9
1780816988,330.50,0
1780816990,330.56,6
1780816992,330.46,6
1780816994,330.34,4
1780816996,330.42,2
1780816998,330.53,3
1780817000,330.55,5
1780817002,330.68,8
1780817004,330.65,5
1780817006,330.67,7
1780817008,330.89,9
1780817010,330.97,7
1780817012,331.09,9
1780817014,331.15,5
1780817016,331.10,0
1780817018,331.09,9
1780817020,331.17,7
1780817022,331.15,5
1780817024,331.13,3
1780817026,331.03,3
1780817028,331.01,1
1780817030,331.05,5
1780817032,331.16,6
1780817034,331.13,3
1780817036,331.11,1
1780817038,331.06,6
1780817040,331.13,3
1780817042,331.22,2
1780817044,331.16,6
1780817046,331.12,2
1780817048,331.07,7
1780817050,331.09,9
1780817052,331.13,3
1780817054,331.23,3
1780817056,331.18,8
1780817058,331.13,3
1780817060,331.22,2
1780817062,331.28,8
1780817064,331.31,1
1780817066,331.47,7
1780817068,331.53,3
1780817070,331.41,1
1780817072,331.55,5
1780817074,331.51,1
1780817076,331.54,4
1780817078,331.54,4
1780817080,331.65,5
1780817082,331.56,6
1780817084,331.47,7
1780817086,331.57,7
1780817088,331.59,9
1780817090,331.63,3
1780817092,331.75,5
1780817094,331.70,0
1780817096,331.76,6
1780817098,331.87,7
1780817100,331.93,3
1780817102,331.89,9
1780817104,331.80,0
1780817106,331.79,9
1780817108,331.84,4
1780817110,331.75,5
1780817112,331.75,5
1780817114,331.69,9
1780817116,331.60,0
1780817118,331.69,9
1780817120,331.64,4
1780817122,331.59,9
1780817124,331.57,7
1780817126,331.63,3
1780817128,331.54,4
1780817130,331.52,2
1780817132,331.61,1
1780817134,331.54,4
1780817136,331.64,4
1780817138,331.59,9
1780817140,331.55,5
1780817142,331.59,9
1780817144,331.53,3
1780817146,331.51,1
1780817148,331.56,6
1780817150,331.66,6
1780817152,331.68,8
1780817154,331.64,4
1780817156,331.61,1
1780817158,331.57,7
1780817160,331.65,5
1780817162,331.61,1
1780817164,331.57,7
1780817166,331.52,2
1780817168,331.50,0
1780817170,331.49,9
1780817172,331.37,7
1780817174,331.33,3
1780817176,331.21,1
1780817178,331.14,4
1780817180,330.98,8
1780817182,330.97,7
1780817184,330.99,9
1780817186,330.81,1
1780817188,330.86,6
1780817190,330.81,1
1780817192,330.63,3
1780817194,330.69,9
1780817196,330.77,7
1780817198,330.89,9
1780817200,330.80,0
1780817202,330.77,7
1780817204,330.75,5
1780817206,330.67,7
1780817208,330.40,0
1780817210,330.47,7
1780817212,330.54,4
1780817214,330.45,5
1780817216,330.26,6
1780817218,330.32,2
1780817220,330.31,1
1780817222,330.28,8
1780817224,330.35,5
1780817226,330.38,8
1780817228,330.51,1
1780817230,330.39,9
1780817232,330.44,4
1780817234,330.55,5
1780817236,330.66,6
1780817238,330.61,1
1780817240,330.49,9
1780817242,330.35,5
1780817244,330.10,0
1780817246,330.12,2
1780817248,330.17,7
1780817250,330.23,3
1780817252,330.31,1
1780817254,330.22,2
1780817256,330.36,6
1780817258,330.45,5
1780817260,330.41,1
1780817262,330.37,7
1780817264,330.41,1
1780817266,330.39,9
1780817268,330.37,7
1780817270,330.37,7
1780817272,330.39,9
1780817274,330.41,1
1780817276,330.43,3
1780817278,330.39,9
1780817280,330.36,6
1780817282,330.31,1
1780817284,330.35,5
1780817286,330.37,7
1780817288,330.30,0
1780817290,330.41,1
1780817292,330.40,0
1780817294,330.40,0
1780817296,330.29,9
1780817298,330.27,7
1780817300,330.18,8
1780817302,330.07,7
1780817304,329.89,9
1780817306,329.84,4
1780817308,330.00,0
1780817310,329.87,7
1780817312,329.88,8
1780817314,330.11,1
1780817316,330.18,8
1780817318,330.18,8
1780817320,330.18,8
1780817322,330.11,1
1780817324,330.02,2
1780817326,329.94,4
1780817328,329.92,2
1780817330,329.93,3
1780817332,329.95,5
1780817334,329.83,3
1780817336,329.75,5
1780817338,329.54,4
1780817340,329.49,9
1780817342,329.52,2
1780817344,329.64,4
1780817346,329.54,4
1780817348,329.49,9
1780817350,329.47,7
1780817352,329.41,1
1780817354,329.41,1
1780817356,329.57,7
1780817358,329.49,9
1780817360,329.51,1
1780817362,329.48,8
1780817364,329.47,7
1780817366,329.51,1
1780817368,329.38,8
1780817370,329.53,3
1780817372,329.53,3
1780817374,329.61,1
1780817376,329.63,3
1780817378,329.57,7
1780817380,329.57,7
1780817382,329.56,6
1780817384,329.55,5
1780817386,329.46,6
1780817388,329.49,9
1780817390,329.52,2
1780817392,329.52,2
1780817394,329.61,1
1780817396,329.48,8
1780817398,329.32,2
1780817400,329.43,3
1780817402,329.54,4
1780817404,329.69,9
1780817406,329.68,8
1780817408,329.51,1
1780817410,329.39,9
1780817412,329.37,7
1780817414,329.34,4
1780817416,329.39,9
1780817418,329.42,2
1780817420,329.16,6
1780817422,329.31,1
1780817424,329.37,7
1780817426,329.48,8
1780817428,329.63,3
1780817430,329.55,5
1780817432,329.58,8
1780817434,329.61,1
1780817436,329.75,5
1780817438,329.71,1
1780817440,329.77,7
1780817442,329.79,9
1780817444,329.72,2
1780817446,329.68,8
1780817448,329.70,0
1780817450,329.74,4
1780817452,329.65,5
1780817454,329.71,1
1780817456,329.84,4
1780817458,329.94,4
1780817460,330.01,1
1780817462,329.97,7
1780817464,329.88,8
1780817466,329.90,0
1780817468,329.76,6
1780817470,329.84,4
1780817472,329.93,3
1780817474,329.88,8
1780817476,329.84,4
1780817478,329.95,5
1780817480,329.99,9
1780817482,330.11,1
1780817484,330.19,9
1780817486,330.22,2
1780817488,330.22,2
1780817490,330.28,8
1780817492,330.36,6
1780817494,330.24,4
1780817496,330.39,9
1780817498,330.44,4
1780817500,330.39,9
1780817502,330.45,5
1780817504,330.50,0
1780817506,330.42,2
1780817508,330.46,6
1780817510,330.44,4
1780817512,330.39,9
1780817514,330.38,8
1780817516,330.43,3
1780817518,330.36,6
1780817520,330.35,5
1780817522,330.46,6
1780817524,330.52,2
1780817526,330.51,1
1780817528,330.55,5
1780817530,330.60,0
1780817532,330.54,4
1780817534,330.56,6
1780817536,330.67,7
1780817538,330.67,7
1780817540,330.63,3
1780817542,330.78,8
1780817544,330.77,7
1780817546,330.71,1
1780817548,330.80,0
1780817550,330.84,4
1780817552,330.88,8
1780817554,330.86,6
1780817556,330.91,1
1780817558,330.83,3
1780817560,330.76,6
1780817562,330.64,4
1780817564,330.56,6
1780817566,330.59,9
1780817568,330.59,9
1780817570,330.62,2
1780817572,330.53,3
1780817574,330.46,6
1780817576,330.43,3
1780817578,330.45,5
1780817580,330.41,1
1780817582,330.43,3
1780817584,330.39,9
1780817586,330.31,1
1780817588,330.32,2
1780817590,330.28,8
1780817592,330.32,2
1780817594,330.36,6
1780817596,330.39,9
1780817598,330.43,3
1780817600,330.42,2
1780817602,330.27,7
1780817604,330.28,8
1780817606,330.29,9
1780817608,330.15,5
1780817610,330.02,2
1780817612,330.00,0
1780817614,329.99,9
1780817616,330.02,2
1780817618,329.98,8
1780817620,330.09,9
1780817622,330.06,6
1780817624,329.96,6
1780817626,329.92,2
1780817628,329.91,1
1780817630,329.79,9
1780817632,330.05,5
1780817634,330.11,1
1780817636,330.07,7
1780817638,329.93,3
1780817640,329.93,3
1780817642,330.03,3
1780817644,330.17,7
1780817646,330.12,2
1780817648,330.06,6
1780817650,330.06,6
1780817652,330.19,9
1780817654,330.20,0
1780817656,330.35,5
1780817658,330.30,0
1780817660,330.24,4
1780817662,330.19,9
1780817664,330.13,3
1780817666,330.16,6
1780817668,330.06,6
1780817670,330.01,1
1780817672,330.15,5
1780817674,330.16,6
1780817676,330.10,0
1780817678,330.13,3
1780817680,330.11,1
1780817682,329.98,8
1780817684,330.03,3
1780817686,329.90,0
1780817688,330.05,5
1780817690,329.96,6
1780817692,329.94,4
1780817694,330.08,8
1780817696,330.00,0
1780817698,329.95,5
1780817700,330.12,2
1780817702,330.00,0
1780817704,330.09,9
1780817706,330.13,3
1780817708,330.12,2
1780817710,330.07,7
1780817712,330.00,0
1780817714,329.94,4
1780817716,329.88,8
1780817718,329.88,8
1780817720,329.96,6
1780817722,330.04,4
1780817724,330.02,2
1780817726,329.97,7
1780817728,329.85,5
1780817730,329.81,1
1780817732,329.90,0
1780817734,329.92,2
1780817736,329.93,3
1780817738,329.93,3
1780817740,329.97,7
1780817742,329.98,8
1780817744,330.01,1
1780817746,330.00,0
1780817748,330.12,2
1780817750,330.28,8
1780817752,330.25,5
1780817754,330.25,5
1780817756,330.37,7
1780817758,330.28,8
1780817760,330.18,8
1780817762,330.15,5
1780817764,330.10,0
1780817766,330.19,9
1780817768,330.07,7
1780817770,330.03,3
1780817772,330.08,8
1780817774,329.99,9
1780817776,329.99,9
1780817778,330.13,3
1780817780,330.13,3
1780817782,330.20,0
1780817784,330.33,3
1780817786,330.20,0
1780817788,330.30,0
1780817790,330.23,3
1780817792,330.01,1
1780817794,330.00,0
1780817796,329.97,7
1780817798,329.99,9
1780817800,330.15,5
1780817802,330.07,7
1780817804,330.10,0
1780817806,330.09,9
1780817808,329.97,7
1780817810,329.97,7
1780817812,329.95,5
1780817814,329.99,9
1780817816,330.05,5
1780817818,329.96,6
1780817820,329.99,9
1780817822,330.09,9
1780817824,330.06,6
1780817826,329.97,7
1780817828,329.91,1
1780817830,329.89,9
1780817832,329.94,4
1780817834,329.89,9
1780817836,329.56,6
1780817838,329.46,6
1780817840,329.57,7
1780817842,329.62,2
1780817844,329.52,2
1780817846,329.56,6
1780817848,329.51,1
1780817850,329.55,5
1780817852,329.63,3
1780817854,329.63,3
1780817856,329.64,4
1780817858,329.65,5
1780817860,329.67,7
1780817862,329.79,9
1780817864,329.61,1
1780817866,329.69,9
1780817868,329.79,9
1780817870,329.78,8
1780817872,329.75,5
1780817874,329.65,5
1780817876,329.57,7
1780817878,329.59,9
1780817880,329.52,2
1780817882,329.50,0
1780817884,329.52,2
1780817886,329.50,0
1780817888,329.47,7
1780817890,329.37,7
1780817892,329.46,6
1780817894,329.45,5
1780817896,329.49,9
1780817898,329.49,9
1780817900,329.59,9
1780817902,329.63,3
1780817904,329.64,4
1780817906,329.48,8
1780817908,329.49,9
1780817910,329.53,3
1780817912,329.58,8
1780817914,329.47,7
1780817916,329.67,7
1780817918,329.69,9
1780817920,329.56,6
1780817922,329.64,4
1780817924,329.80,0
1780817926,329.84,4
1780817928,329.72,2
1780817930,329.77,7
1780817932,329.80,0
1780817934,329.72,2
1780817936,329.81,1
1780817938,329.81,1
1780817940,329.92,2
1780817942,330.16,6
1780817944,330.17,7
1780817946,330.33,3
1780817948,330.37,7
1780817950,330.45,5
1780817952,330.46,6
1780817954,330.57,7
1780817956,330.57,7
1780817958,330.59,9
1780817960,330.62,2
1780817962,330.59,9
1780817964,330.73,3
1780817966,330.83,3
1780817968,330.80,0
1780817970,330.80,0
1780817972,330.83,3
1780817974,330.85,5
1780817976,330.84,4
1780817978,330.77,7
1780817980,330.71,1
1780817982,330.65,5
1780817984,330.68,8
1780817986,330.61,1
1780817988,330.61,1
1780817990,330.48,8
1780817992,330.53,3
1780817994,330.55,5
1780817996,330.63,3
1780817998,330.58,8
1780818000,330.51,1
1780818002,330.48,8
1780818004,330.52,2
1780818006,330.60,0
1780818008,330.61,1
1780818010,330.64,4
1780818012,330.63,3
1780818014,330.43,3
1780818016,330.53,3
1780818018,330.49,9
1780818020,330.54,4
1780818022,330.65,5
1780818024,330.65,5
1780818026,330.70,0
1780818028,330.68,8
1780818030,330.61,1
1780818032,330.55,5
1780818034,330.61,1
1780818036,330.71,1
1780818038,330.72,2
1780818040,330.84,4
1780818042,330.73,3
1780818044,330.77,7
1780818046,330.89,9
1780818048,330.84,4
1780818050,330.80,0
1780818052,330.75,5
1780818054,330.76,6
1780818056,330.69,9
1780818058,330.79,9
1780818060,330.71,1
1780818062,330.79,9
1780818064,330.74,4
1780818066,330.75,5
1780818068,330.86,6
1780818070,331.02,2
1780818072,331.02,2
1780818074,331.10,0
1780818076,331.13,3
1780818078,331.18,8
1780818080,331.32,2
1780818082,331.39,9
1780818084,331.48,8
1780818086,331.59,9
1780818088,331.42,2
1780818090,331.32,2
1780818092,331.13,3
1780818094,331.05,5
1780818096,331.14,4
1780818098,331.07,7
1780818100,331.01,1
1780818102,331.07,7
1780818104,331.04,4
1780818106,331.15,5
1780818108,331.10,0
1780818110,331.17,7
1780818112,331.34,4
1780818114,331.28,8
1780818116,331.39,9
1780818118,331.39,9
1780818120,331.39,9
1780818122,331.29,9
1780818124,331.27,7
1780818126,331.22,2
1780818128,331.27,7
1780818130,331.35,5
1780818132,331.36,6
1780818134,331.34,4
1780818136,331.39,9
1780818138,331.31,1
1780818140,331.37,7
1780818142,331.38,8
1780818144,331.42,2
1780818146,331.55,5
1780818148,331.47,7
1780818150,331.47,7
1780818152,331.45,5
1780818154,331.42,2
1780818156,331.46,6
1780818158,331.61,1
1780818160,331.56,6
1780818162,331.57,7
1780818164,331.51,1
1780818166,331.49,9
1780818168,331.56,6
1780818170,331.45,5
1780818172,331.40,0
1780818174,331.45,5
1780818176,331.32,2
1780818178,331.39,9
1780818180,331.36,6
1780818182,331.26,6
1780818184,331.30,0
1780818186,331.24,4
1780818188,331.26,6
1780818190,331.14,4
1780818192,331.25,5
1780818194,331.26,6
1780818196,331.33,3
1780818198,331.43,3
1780818200,331.40,0
1780818202,331.48,8
1780818204,331.50,0
1780818206,331.52,2
1780818208,331.68,8
1780818210,331.72,2
1780818212,331.72,2
1780818214,331.71,1
1780818216,331.68,8
1780818218,331.57,7
1780818220,331.48,8
1780818222,331.45,5
1780818224,331.36,6
1780818226,331.39,9
1780818228,331.35,5
1780818230,331.24,4
1780818232,331.33,3
1780818234,331.28,8
1780818236,331.32,2
1780818238,331.25,5
1780818240,331.20,0
1780818242,331.09,9
1780818244,331.02,2
1780818246,331.20,0
1780818248,331.17,7
1780818250,331.08,8
1780818252,331.17,7
1780818254,331.09,9
1780818256,331.07,7
1780818258,331.06,6
1780818260,331.20,0
1780818262,331.20,0
1780818264,331.21,1
1780818266,331.19,9
1780818268,331.08,8
1780818270,331.18,8
1780818272,331.17,7
1780818274,331.30,0
1780818276,331.28,8
1780818278,331.33,3
1780818280,331.32,2
1780818282,331.37,7
1780818284,331.42,2
1780818286,331.48,8
1780818288,331.44,4
1780818290,331.46,6
1780818292,331.46,6
1780818294,331.41,1
1780818296,331.34,4
1780818298,331.41,1
1780818300,331.42,2
1780818302,331.16,6
1780818304,331.04,4
1780818306,331.03,3
1780818308,331.14,4
1780818310,331.05,5
1780818312,331.17,7
1780818314,331.09,9
1780818316,331.15,5
1780818318,331.09,9
1780818320,331.05,5
1780818322,331.09,9
1780818324,331.08,8
1780818326,331.08,8
1780818328,331.10,0
1780818330,331.13,3
1780818332,331.12,2
1780818334,331.13,3
1780818336,331.13,3
1780818338,331.22,2
1780818340,331.04,4
1780818342,331.10,0
1780818344,331.01,1
1780818346,330.98,8
1780818348,331.07,7
1780818350,331.15,5
1780818352,331.16,6
1780818354,331.25,5
1780818356,331.16,6
1780818358,331.20,0
1780818360,331.15,5
1780818362,331.31,1
1780818364,331.16,6
1780818366,331.27,7
1780818368,331.18,8
1780818370,331.00,0
1780818372,330.85,5
1780818374,330.92,2
1780818376,330.91,1
1780818378,330.85,5
1780818380,330.77,7
1780818382,330.65,5
1780818384,330.70,0
1780818386,330.69,9
1780818388,330.61,1
1780818390,330.49,9
1780818392,330.49,9
1780818394,330.58,8
1780818396,330.41,1
1780818398,330.35,5
1780818400,330.40,0
1780818402,330.46,6
1780818404,330.33,3
1780818406,330.32,2
1780818408,330.29,9
1780818410,330.17,7
1780818412,330.33,3
1780818414,330.42,2
1780818416,330.39,9
1780818418,330.60,0
1780818420,330.56,6
1780818422,330.54,4
1780818424,330.59,9
1780818426,330.60,0
1780818428,330.56,6
1780818430,330.46,6
1780818432,330.57,7
1780818434,330.59,9
1780818436,330.56,6
1780818438,330.58,8
1780818440,330.53,3
1780818442,330.49,9
1780818444,330.60,0
1780818446,330.68,8
1780818448,330.65,5
1780818450,330.66,6
1780818452,330.55,5
1780818454,330.57,7
1780818456,330.55,5
1780818458,330.49,9
1780818460,330.44,4
1780818462,330.41,1
1780818464,330.23,3
1780818466,330.27,7
1780818468,330.39,9
1780818470,330.52,2
1780818472,330.63,3
1780818474,330.69,9
1780818476,330.77,7
1780818478,330.69,9
1780818480,330.67,7
1780818482,330.62,2
1780818484,330.61,1
1780818486,330.60,0
1780818488,330.72,2
1780818490,330.69,9
1780818492,330.70,0
1780818494,330.61,1
1780818496,330.60,0
1780818498,330.67,7
1780818500,330.71,1
1780818502,330.75,5
1780818504,330.84,4
1780818506,330.94,4
1780818508,331.05,5
1780818510,330.95,5
1780818512,330.97,7
1780818514,330.89,9
1780818516,330.92,2
1780818518,330.94,4
1780818520,330.88,8
1780818522,330.89,9
1780818524,330.95,5
1780818526,331.03,3
1780818528,331.09,9
1780818530,330.96,6
1780818532,330.92,2
1780818534,330.96,6
1780818536,331.00,0
1780818538,330.96,6
1780818540,330.92,2
1780818542,330.89,9
1780818544,330.89,9
1780818546,330.94,4
1780818548,330.99,9
1780818550,331.03,3
1780818552,331.11,1
1780818554,331.24,4
1780818556,331.22,2
1780818558,331.18,8
1780818560,331.15,5
1780818562,331.11,1
1780818564,331.10,0
1780818566,331.12,2
1780818568,331.12,2
1780818570,331.05,5
1780818572,331.04,4
1780818574,330.95,5
1780818576,330.90,0
1780818578,330.87,7
1780818580,331.02,2
1780818582,331.04,4
1780818584,331.12,2
1780818586,331.14,4
1780818588,331.03,3
1780818590,331.15,5
1780818592,331.11,1
1780818594,331.03,3
1780818596,330.86,6
1780818598,330.93,3
1780818600,331.03,3
1780818602,330.96,6
1780818604,330.93,3
1780818606,330.99,9
1780818608,330.89,9
1780818610,330.79,9
1780818612,330.70,0
1780818614,330.86,6
1780818616,330.89,9
1780818618,330.87,7
1780818620,331.09,9
1780818622,331.04,4
1780818624,331.01,1
1780818626,331.17,7
1780818628,331.13,3
1780818630,331.10,0
1780818632,331.12,2
1780818634,330.97,7
1780818636,330.99,9
1780818638,330.92,2
1780818640,330.95,5
1780818642,330.94,4
1780818644,330.82,2
1780818646,330.93,3
1780818648,331.04,4
1780818650,330.96,6
1780818652,331.07,7
1780818654,330.96,6
1780818656,330.96,6
1780818658,330.98,8
1780818660,330.79,9
1780818662,330.82,2
1780818664,330.64,4
1780818666,330.63,3
1780818668,330.71,1
1780818670,330.79,9
1780818672,330.94,4
1780818674,330.86,6
1780818676,330.91,1
1780818678,330.78,8
1780818680,330.82,2
1780818682,330.76,6
1780818684,330.68,8
1780818686,330.74,4
1780818688,330.76,6
1780818690,330.84,4
1780818692,330.80,0
1780818694,330.67,7
1780818696,330.58,8
1780818698,330.59,9
1780818700,330.60,0
1780818702,330.52,2
1780818704,330.51,1
1780818706,330.50,0
1780818708,330.08,8
1780818710,330.11,1
1780818712,330.10,0
1780818714,330.01,1
1780818716,329.93,3
1780818718,329.90,0
1780818720,329.86,6
1780818722,329.87,7
1780818724,329.87,7
1780818726,329.93,3
1780818728,329.95,5
1780818730,329.92,2
1780818732,329.99,9
1780818734,330.02,2
1780818736,330.08,8
1780818738,330.04,4
1780818740,330.03,3
1780818742,330.16,6
1780818744,330.12,2
1780818746,330.13,3
1780818748,330.14,4
1780818750,330.18,8
1780818752,330.15,5
1780818754,330.22,2
1780818756,330.17,7
1780818758,330.15,5
1780818760,330.17,7
1780818762,330.10,0
1780818764,330.03,3
1780818766,330.07,7
1780818768,330.01,1
1780818770,330.07,7
1780818772,329.91,1
1780818774,329.83,3
1780818776,329.81,1
1780818778,330.02,2
1780818780,329.95,5
1780818782,329.88,8
1780818784,329.88,8
1780818786,329.95,5
1780818788,329.97,7
1780818790,330.08,8
1780818792,330.07,7
1780818794,330.15,5
1780818796,330.25,5
1780818798,330.29,9
1780818800,330.31,1
1780818802,330.33,3
1780818804,330.24,4
1780818806,330.31,1
1780818808,330.44,4
1780818810,330.37,7
1780818812,330.34,4
1780818814,330.23,3
1780818816,330.34,4
1780818818,330.40,0
1780818820,330.31,1
1780818822,330.29,9
1780818824,330.31,1
1780818826,330.30,0
1780818828,330.25,5
1780818830,330.23,3
1780818832,330.19,9
1780818834,330.20,0
1780818836,330.33,3
1780818838,330.24,4
1780818840,330.10,0
1780818842,330.00,0
1780818844,329.96,6
1780818846,329.92,2
1780818848,329.98,8
1780818850,329.81,1
1780818852,329.84,4
1780818854,329.72,2
1780818856,329.71,1
1780818858,329.70,0
1780818860,329.67,7
1780818862,329.60,0
1780818864,329.68,8
1780818866,329.45,5
1780818868,329.32,2
1780818870,329.34,4
1780818872,329.34,4
1780818874,329.40,0
1780818876,329.57,7
1780818878,329.51,1
1780818880,329.33,3
1780818882,329.48,8
1780818884,329.36,6
1780818886,329.25,5
1780818888,329.40,0
1780818890,329.54,4
1780818892,329.54,4
1780818894,329.65,5
1780818896,329.57,7
1780818898,329.53,3
1780818900,329.61,1
1780818902,329.63,3
1780818904,329.58,8
1780818906,329.46,6
1780818908,329.54,4
1780818910,329.60,0
1780818912,329.67,7
1780818914,329.66,6
1780818916,329.75,5
1780818918,329.88,8
1780818920,329.77,7
1780818922,329.82,2
1780818924,329.88,8
1780818926,329.80,0
1780818928,329.81,1
1780818930,329.80,0
1780818932,329.87,7
1780818934,330.04,4
1780818936,330.11,1
1780818938,330.16,6
1780818940,330.24,4
1780818942,330.22,2
1780818944,330.24,4
1780818946,330.28,8
1780818948,330.34,4
1780818950,330.40,0
1780818952,330.51,1
1780818954,330.44,4
1780818956,330.34,4
1780818958,330.39,9
1780818960,330.52,2
1780818962,330.59,9
1780818964,330.62,2
1780818966,330.62,2
1780818968,330.56,6
1780818970,330.61,1
1780818972,330.70,0
1780818974,330.63,3
1780818976,330.53,3
1780818978,330.41,1
1780818980,330.56,6
1780818982,330.71,1
1780818984,330.76,6
1780818986,330.83,3
1780818988,330.69,9
1780818990,330.66,6
1780818992,330.54,4
1780818994,330.52,2
1780818996,330.64,4
1780818998,330.57,7
1780819000,330.57,7
1780819002,330.52,2
1780819004,330.39,9
1780819006,330.31,1
1780819008,330.36,6
1780819010,330.40,0
1780819012,330.54,4
1780819014,330.51,1
1780819016,330.37,7
1780819018,330.38,8
1780819020,330.47,7
1780819022,330.51,1
1780819024,330.52,2
1780819026,330.60,0
1780819028,330.54,4
1780819030,330.66,6
1780819032,330.69,9
1780819034,330.69,9
1780819036,330.66,6
1780819038,330.64,4
1780819040,330.71,1
1780819042,330.74,4
1780819044,330.72,2
1780819046,330.73,3
1780819048,330.68,8
1780819050,330.65,5
1780819052,330.68,8
1780819054,330.76,6
1780819056,330.92,2
1780819058,330.86,6
1780819060,330.90,0
1780819062,330.95,5
1780819064,331.05,5
1780819066,331.08,8
1780819068,331.10,0
1780819070,331.10,0
1780819072,331.12,2
1780819074,330.90,0
1780819076,330.91,1
1780819078,330.86,6
1780819080,330.79,9
1780819082,330.91,1
1780819084,330.93,3
1780819086,330.93,3
1780819088,330.92,2
1780819090,330.88,8
1780819092,330.82,2
1780819094,330.75,5
1780819096,330.63,3
1780819098,330.70,0
1780819100,330.73,3
1780819102,330.71,1
1780819104,330.70,0
1780819106,330.79,9
1780819108,330.80,0
1780819110,330.71,1
1780819112,330.67,7
1780819114,330.68,8
1780819116,330.62,2
1780819118,330.57,7
1780819120,330.44,4
1780819122,330.50,0
1780819124,330.40,0
1780819126,330.52,2
1780819128,330.57,7
1780819130,330.46,6
1780819132,330.53,3
1780819134,330.55,5
1780819136,330.57,7
1780819138,330.69,9
1780819140,330.66,6
1780819142,330.70,0
1780819144,330.69,9
1780819146,330.59,9
1780819148,330.65,5
1780819150,330.58,8
1780819152,330.52,2
1780819154,330.48,8
1780819156,330.55,5
1780819158,330.45,5
1780819160,330.50,0
1780819162,330.43,3
1780819164,330.45,5
1780819166,330.46,6
1780819168,330.56,6
1780819170,330.50,0
1780819172,330.46,6
1780819174,330.27,7
1780819176,330.26,6
1780819178,330.33,3
1780819180,330.26,6
1780819182,330.24,4
1780819184,330.13,3
1780819186,330.29,9
1780819188,330.38,8
1780819190,330.38,8
1780819192,330.50,0
1780819194,330.51,1
1780819196,330.62,2
1780819198,330.79,9
1780819200,330.66,6
1780819202,330.72,2
1780819204,330.66,6
1780819206,330.63,3
1780819208,330.62,2
1780819210,330.50,0
1780819212,330.46,6
1780819214,330.43,3
1780819216,330.58,8
1780819218,330.61,1
1780819220,330.51,1
1780819222,330.38,8
1780819224,330.38,8
1780819226,330.42,2
1780819228,330.40,0
1780819230,330.43,3
1780819232,330.45,5
1780819234,330.46,6
1780819236,330.51,1
1780819238,330.57,7
1780819240,330.62,2
1780819242,330.74,4
1780819244,330.74,4
1780819246,330.72,2
1780819248,330.76,6
1780819250,330.78,8
1780819252,330.84,4
1780819254,330.84,4
1780819256,330.83,3
1780819258,330.82,2
1780819260,330.71,1
1780819262,330.74,4
1780819264,330.81,1
1780819266,330.77,7
1780819268,330.73,3
1780819270,330.88,8
1780819272,330.93,3
1780819274,330.75,5
1780819276,330.69,9
1780819278,330.57,7
1780819280,330.64,4
1780819282,330.64,4
1780819284,330.64,4
1780819286,330.63,3
1780819288,330.62,2
1780819290,330.64,4
1780819292,330.65,5
1780819294,330.71,1
1780819296,330.50,0
1780819298,330.61,1
1780819300,330.65,5
1780819302,330.58,8
1780819304,330.55,5
1780819306,330.47,7
1780819308,330.47,7
1780819310,330.45,5
1780819312,330.32,2
1780819314,330.44,4
1780819316,330.36,6
1780819318,330.30,0
1780819320,330.33,3
1780819322,330.39,9
1780819324,330.48,8
1780819326,330.44,4
1780819328,330.64,4
1780819330,330.57,7
1780819332,330.63,3
1780819334,330.67,7
1780819336,330.65,5
1780819338,330.57,7
1780819340,330.38,8
1780819342,330.48,8
1780819344,330.53,3
1780819346,330.46,6
1780819348,330.53,3
1780819350,330.68,8
1780819352,330.63,3
1780819354,330.60,0
1780819356,330.62,2
1780819358,330.70,0
1780819360,330.63,3
1780819362,330.62,2
1780819364,330.55,5
1780819366,330.59,9
1780819368,330.39,9
1780819370,330.37,7
1780819372,330.37,7
1780819374,330.28,8
1780819376,330.28,8
1780819378,330.45,5
1780819380,330.53,3
1780819382,330.63,3
1780819384,330.76,6
1780819386,330.71,1
1780819388,330.65,5
1780819390,330.77,7
1780819392,330.72,2
1780819394,330.79,9
1780819396,330.72,2
1780819398,330.75,5
1780819400,330.70,0
1780819402,330.52,2
1780819404,330.65,5
1780819406,330.66,6
1780819408,330.61,1
1780819410,330.65,5
1780819412,330.75,5
1780819414,330.83,3
1780819416,330.76,6
1780819418,330.79,9
1780819420,330.88,8
1780819422,330.79,9
1780819424,330.71,1
1780819426,330.67,7
1780819428,330.77,7
1780819430,330.78,8
1780819432,330.89,9
1780819434,331.01,1
1780819436,331.17,7
1780819438,331.23,3
1780819440,331.29,9
1780819442,331.38,8
1780819444,331.32,2
1780819446,331.22,2
1780819448,331.20,0
1780819450,331.27,7
1780819452,331.28,8
1780819454,331.25,5
1780819456,331.16,6
1780819458,331.10,0
1780819460,331.20,0
1780819462,331.27,7
1780819464,331.38,8
1780819466,331.34,4
1780819468,331.47,7
1780819470,331.45,5
1780819472,331.51,1
1780819474,331.60,0
1780819476,331.57,7
1780819478,331.56,6
1780819480,331.42,2
1780819482,331.42,2
1780819484,331.43,3
1780819486,331.38,8
1780819488,331.49,9
1780819490,331.45,5
1780819492,331.39,9
1780819494,331.20,0
1780819496,331.20,0
1780819498,331.11,1
1780819500,331.10,0
1780819502,331.15,5
1780819504,331.17,7
1780819506,331.19,9
1780819508,331.15,5
1780819510,331.19,9
1780819512,331.26,6
1780819514,331.13,3
1780819516,331.12,2
1780819518,331.25,5
1780819520,331.23,3
1780819522,331.14,4
1780819524,331.27,7
1780819526,331.23,3
1780819528,331.19,9
1780819530,331.14,4
1780819532,331.28,8
1780819534,331.32,2
1780819536,331.32,2
1780819538,331.42,2
1780819540,331.33,3
1780819542,331.27,7
1780819544,331.12,2
1780819546,331.24,4
1780819548,331.19,9
1780819550,331.23,3
1780819552,331.22,2
1780819554,331.15,5
1780819556,331.20,0
1780819558,331.17,7
1780819560,331.30,0
1780819562,331.34,4
1780819564,331.25,5
1780819566,331.28,8
1780819568,331.19,9
1780819570,331.20,0
1780819572,331.17,7
1780819574,331.19,9
1780819576,331.16,6
1780819578,331.07,7
1780819580,331.19,9
1780819582,331.11,1
1780819584,331.11,1
1780819586,331.08,8
1780819588,331.09,9
1780819590,331.15,5
1780819592,331.14,4
1780819594,331.02,2
1780819596,331.05,5
1780819598,331.03,3
1780819600,330.94,4
1780819602,330.94,4
1780819604,330.95,5
1780819606,330.80,0
1780819608,330.81,1
1780819610,330.83,3
1780819612,330.87,7
1780819614,330.91,1
1780819616,330.90,0
1780819618,330.86,6
1780819620,330.87,7
1780819622,330.86,6
1780819624,330.93,3
1780819626,330.91,1
1780819628,330.98,8
1780819630,331.00,0
1780819632,331.08,8
1780819634,331.04,4
1780819636,331.02,2
1780819638,331.00,0
1780819640,330.85,5
1780819642,330.89,9
1780819644,331.00,0
1780819646,330.88,8
1780819648,330.92,2
1780819650,330.93,3
1780819652,331.13,3
1780819654,331.00,0
1780819656,330.91,1
1780819658,330.87,7
1780819660,330.90,0
1780819662,330.99,9
1780819664,331.06,6
1780819666,331.07,7
1780819668,330.99,9
1780819670,330.94,4
1780819672,330.94,4
1780819674,331.03,3
1780819676,330.96,6
1780819678,330.92,2
1780819680,330.93,3
1780819682,330.77,7
1780819684,330.90,0
1780819686,330.81,1
1780819688,330.88,8
1780819690,330.78,8
1780819692,330.74,4
1780819694,330.73,3
1780819696,330.68,8
1780819698,330.68,8
1780819700,330.62,2
1780819702,330.64,4
1780819704,330.67,7
1780819706,330.65,5
1780819708,330.69,9
1780819710,330.73,3
1780819712,330.72,2
1780819714,330.75,5
1780819716,330.82,2
1780819718,330.91,1
1780819720,330.93,3
1780819722,330.95,5
1780819724,330.92,2
1780819726,331.00,0
1780819728,330.97,7
1780819730,331.05,5
1780819732,331.00,0
1780819734,331.13,3
1780819736,331.04,4
1780819738,331.18,8
1780819740,331.24,4
1780819742,331.20,0
1780819744,331.19,9
1780819746,331.18,8
1780819748,331.13,3
1780819750,331.15,5
1780819752,331.18,8
1780819754,331.20,0
1780819756,331.14,4
1780819758,331.34,4
1780819760,331.26,6
1780819762,331.04,4
1780819764,331.08,8
1780819766,331.12,2
1780819768,330.98,8
1780819770,331.14,4
1780819772,331.08,8
1780819774,330.98,8
1780819776,330.92,2
1780819778,331.03,3
1780819780,331.15,5
1780819782,331.12,2
1780819784,331.16,6
1780819786,331.27,7
1780819788,331.37,7
1780819790,331.50,0
1780819792,331.46,6
1780819794,331.41,1
1780819796,331.38,8
1780819798,331.40,0
1780819800,331.53,3
1780819802,331.40,0
1780819804,331.49,9
1780819806,331.38,8
1780819808,331.51,1
1780819810,331.49,9
1780819812,331.58,8
1780819814,331.66,6
1780819816,331.64,4
1780819818,331.54,4
1780819820,331.54,4
1780819822,331.53,3
1780819824,331.65,5
1780819826,331.68,8
1780819828,331.49,9
1780819830,331.54,4
1780819832,331.74,4
1780819834,331.74,4
1780819836,331.69,9
1780819838,331.71,1
1780819840,331.61,1
1780819842,331.50,0
1780819844,331.49,9
1780819846,331.37,7
1780819848,331.25,5
1780819850,331.25,5
1780819852,331.25,5
1780819854,331.07,7
1780819856,331.03,3
1780819858,331.02,2
1780819860,331.10,0
1780819862,330.96,6
1780819864,330.86,6
1780819866,330.80,0
1780819868,330.97,7
1780819870,330.87,7
1780819872,330.93,3
1780819874,331.08,8
1780819876,331.01,1
1780819878,331.08,8
1780819880,330.97,7
1780819882,331.00,0
1780819884,330.94,4
1780819886,330.96,6
1780819888,330.93,3
1780819890,330.98,8
1780819892,331.04,4
1780819894,331.03,3
1780819896,330.79,9
1780819898,330.88,8
1780819900,330.90,0
1780819902,330.91,1
1780819904,330.96,6
1780819906,330.96,6
1780819908,330.89,9
1780819910,330.84,4
1780819912,330.73,3
1780819914,330.67,7
1780819916,330.69,9
1780819918,330.68,8
1780819920,330.47,7
1780819922,330.49,9
1780819924,330.65,5
1780819926,330.78,8
1780819928,330.89,9
1780819930,331.02,2
1780819932,331.04,4
1780819934,330.98,8
1780819936,330.97,7
1780819938,330.92,2
1780819940,331.02,2
1780819942,331.01,1
1780819944,331.14,4
1780819946,331.19,9
1780819948,331.11,1
1780819950,331.10,0
1780819952,331.14,4
1780819954,331.19,9
1780819956,331.12,2
1780819958,331.11,1
1780819960,331.07,7
1780819962,331.16,6
1780819964,331.13,3
1780819966,331.05,5
1780819968,331.01,1
1780819970,331.09,9
1780819972,330.94,4
1780819974,331.09,9
1780819976,331.05,5
1780819978,330.95,5
1780819980,331.02,2
1780819982,330.85,5
1780819984,330.83,3
1780819986,330.88,8
1780819988,330.99,9
1780819990,331.08,8
1780819992,331.06,6
1780819994,330.99,9
1780819996,331.12,2
1780819998,331.17,7
1780820000,331.27,7
1780820002,331.29,9
1780820004,331.35,5
1780820006,331.33,3
1780820008,331.22,2
1780820010,331.31,1
1780820012,331.23,3
1780820014,331.25,5
1780820016,331.28,8
1780820018,331.42,2
1780820020,331.39,9
1780820022,331.29,9
1780820024,331.32,2
1780820026,331.21,1
1780820028,331.13,3
1780820030,331.25,5
1780820032,331.12,2
1780820034,331.10,0
1780820036,331.09,9
1780820038,331.09,9
1780820040,330.99,9
1780820042,331.06,6
1780820044,331.16,6
1780820046,331.03,3
1780820048,331.18,8
1780820050,331.23,3
1780820052,331.26,6
1780820054,331.20,0
1780820056,331.22,2
1780820058,331.18,8
1780820060,331.07,7
1780820062,331.23,3
1780820064,331.36,6
1780820066,331.37,7
1780820068,331.38,8
1780820070,331.47,7
1780820072,331.51,1
1780820074,331.66,6
1780820076,331.68,8
1780820078,331.72,2
1780820080,331.62,2
1780820082,331.52,2
1780820084,331.43,3
1780820086,331.38,8
1780820088,331.40,0
1780820090,331.35,5
1780820092,331.44,4
1780820094,331.54,4
1780820096,331.57,7
1780820098,331.63,3
1780820100,331.65,5
1780820102,331.61,1
1780820104,331.58,8
1780820106,331.59,9
1780820108,331.66,6
1780820110,331.67,7
1780820112,331.72,2
1780820114,331.84,4
1780820116,331.96,6
1780820118,332.01,1
1780820120,331.96,6
1780820122,332.12,2
1780820124,332.06,6
1780820126,332.17,7
1780820128,332.22,2
1780820130,332.35,5
1780820132,332.43,3
1780820134,332.37,7
1780820136,332.34,4
1780820138,332.40,0
1780820140,332.31,1
1780820142,332.32,2
1780820144,332.32,2
1780820146,332.30,0
1780820148,332.13,3
1780820150,332.29,9
1780820152,332.35,5
1780820154,332.31,1
1780820156,332.34,4
1780820158,332.30,0
1780820160,332.30,0
1780820162,332.19,9
1780820164,332.34,4
1780820166,332.19,9
1780820168,332.16,6
1780820170,332.08,8
1780820172,332.13,3
1780820174,332.25,5
1780820176,332.30,0
1780820178,332.33,3
1780820180,332.30,0
1780820182,332.27,7
1780820184,332.17,7
1780820186,332.08,8
1780820188,332.16,6
1780820190,332.07,7
1780820192,331.97,7
1780820194,331.98,8
1780820196,332.08,8
1780820198,332.11,1
1780820200,332.03,3
1780820202,332.03,3
1780820204,331.99,9
1780820206,332.01,1
1780820208,332.06,6
1780820210,332.12,2
1780820212,332.18,8
1780820214,332.16,6
1780820216,332.16,6
1780820218,332.17,7
1780820220,332.26,6
1780820222,332.22,2
1780820224,332.24,4
1780820226,332.18,8
1780820228,332.20,0
1780820230,332.16,6
1780820232,332.16,6
1780820234,332.20,0
1780820236,332.32,2
1780820238,332.37,7
1780820240,332.35,5
1780820242,332.36,6
1780820244,332.40,0
1780820246,332.51,1
1780820248,332.53,3
1780820250,332.39,9
1780820252,332.45,5
1780820254,332.51,1
1780820256,332.63,3
1780820258,332.52,2
1780820260,332.41,1
1780820262,332.43,3
1780820264,332.33,3
1780820266,332.38,8
1780820268,332.33,3
1780820270,332.26,6
1780820272,332.31,1
1780820274,332.26,6
1780820276,332.27,7
1780820278,332.26,6
1780820280,332.38,8
1780820282,332.32,2
1780820284,332.39,9
1780820286,332.26,6
1780820288,332.15,5
1780820290,332.24,4
1780820292,332.06,6
1780820294,332.08,8
1780820296,332.20,0
1780820298,332.28,8
1780820300,332.04,4
1780820302,332.07,7
1780820304,332.04,4
1780820306,331.98,8
1780820308,331.92,2
1780820310,331.91,1
1780820312,331.93,3
1780820314,331.90,0
1780820316,331.81,1
1780820318,331.75,5
1780820320,331.83,3
1780820322,332.03,3
1780820324,332.01,1
1780820326,331.98,8
1780820328,331.82,2
1780820330,331.90,0
1780820332,332.11,1
1780820334,332.11,1
1780820336,332.11,1
1780820338,332.11,1
1780820340,332.00,0
1780820342,331.93,3
1780820344,331.93,3
1780820346,331.98,8
1780820348,331.93,3
1780820350,331.90,0
1780820352,331.95,5
1780820354,331.76,6
1780820356,331.78,8
1780820358,331.77,7
1780820360,331.81,1
1780820362,331.77,7
1780820364,331.81,1
1780820366,331.80,0
1780820368,331.80,0
1780820370,331.86,6
1780820372,331.85,5
1780820374,331.85,5
1780820376,331.87,7
1780820378,331.87,7
1780820380,331.82,2
1780820382,331.82,2
1780820384,331.76,6
1780820386,331.87,7
1780820388,331.99,9
1780820390,331.99,9
1780820392,332.06,6
1780820394,332.14,4
1780820396,332.31,1
1780820398,332.29,9
1780820400,332.29,9
1780820402,332.37,7
1780820404,332.31,1
1780820406,332.28,8
1780820408,332.37,7
1780820410,332.42,2
1780820412,332.36,6
1780820414,332.29,9
1780820416,332.28,8
1780820418,332.26,6
1780820420,332.28,8
1780820422,332.40,0
1780820424,332.32,2
1780820426,332.27,7
1780820428,332.24,4
1780820430,332.12,2
1780820432,332.11,1
1780820434,332.08,8
1780820436,332.14,4
1780820438,332.14,4
1780820440,332.15,5
1780820442,332.35,5
1780820444,332.38,8
1780820446,332.31,1
1780820448,332.38,8
1780820450,332.47,7
1780820452,332.49,9
1780820454,332.52,2
1780820456,332.62,2
1780820458,332.68,8
1780820460,332.52,2
1780820462,332.52,2
1780820464,332.55,5
1780820466,332.58,8
1780820468,332.66,6
1780820470,332.71,1
1780820472,332.66,6
1780820474,332.54,4
1780820476,332.60,0
1780820478,332.70,0
1780820480,332.60,0
1780820482,332.59,9
1780820484,332.66,6
1780820486,332.73,3
1780820488,332.82,2
1780820490,332.73,3
1780820492,332.70,0
1780820494,332.65,5
1780820496,332.60,0
1780820498,332.65,5
1780820500,332.59,9
1780820502,332.61,1
1780820504,332.59,9
1780820506,332.55,5
1780820508,332.50,0
1780820510,332.56,6
1780820512,332.54,4
1780820514,332.44,4
1780820516,332.49,9
1780820518,332.56,6
1780820520,332.59,9
1780820522,332.64,4
1780820524,332.72,2
1780820526,332.78,8
1780820528,332.81,1
1780820530,332.88,8
1780820532,332.88,8
1780820534,332.96,6
1780820536,333.03,3
1780820538,333.10,0
1780820540,333.05,5
1780820542,332.98,8
1780820544,333.01,1
1780820546,333.09,9
1780820548,333.00,0
1780820550,333.07,7
1780820552,333.25,5
1780820554,333.20,0
1780820556,333.17,7
1780820558,333.03,3
1780820560,332.90,0
1780820562,332.95,5
1780820564,332.93,3
1780820566,333.00,0
1780820568,332.87,7
1780820570,332.93,3
1780820572,332.74,4
1780820574,332.80,0
1780820576,332.96,6
1780820578,332.95,5
1780820580,332.95,5
1780820582,332.96,6
1780820584,332.97,7
1780820586,333.05,5
1780820588,333.14,4
1780820590,333.18,8
1780820592,333.20,0
1780820594,333.24,4
1780820596,333.23,3
1780820598,333.10,0
1780820600,333.06,6
1780820602,333.15,5
1780820604,333.16,6
1780820606,333.21,1
1780820608,333.17,7
1780820610,333.15,5
1780820612,333.11,1
1780820614,333.19,9
1780820616,333.09,9
1780820618,333.11,1
1780820620,333.00,0
1780820622,333.06,6
1780820624,333.03,3
1780820626,332.99,9
1780820628,332.91,1
1780820630,333.02,2
1780820632,332.98,8
1780820634,332.99,9
1780820636,332.88,8
1780820638,332.92,2
1780820640,333.01,1
1780820642,332.95,5
1780820644,333.01,1
1780820646,333.07,7
1780820648,333.00,0
1780820650,333.03,3
1780820652,333.06,6
1780820654,332.99,9
1780820656,333.13,3
1780820658,333.26,6
1780820660,333.39,9
1780820662,333.31,1
1780820664,333.41,1
1780820666,333.38,8
1780820668,333.27,7
1780820670,333.42,2
1780820672,333.46,6
1780820674,333.49,9
1780820676,333.43,3
1780820678,333.51,1
1780820680,333.43,3
1780820682,333.37,7
1780820684,333.37,7
1780820686,333.38,8
1780820688,333.26,6
1780820690,333.25,5
1780820692,333.10,0
1780820694,333.12,2
1780820696,333.05,5
1780820698,333.15,5
1780820700,332.99,9
1780820702,332.84,4
1780820704,332.85,5
1780820706,332.89,9
1780820708,332.85,5
1780820710,332.95,5
1780820712,332.79,9
1780820714,332.92,2
1780820716,332.91,1
1780820718,332.91,1
1780820720,332.92,2
1780820722,333.03,3
1780820724,333.09,9
1780820726,333.11,1
1780820728,333.13,3
1780820730,333.09,9
1780820732,332.97,7
1780820734,332.90,0
1780820736,332.97,7
1780820738,333.05,5
1780820740,333.10,0
1780820742,333.10,0
1780820744,333.02,2
1780820746,333.09,9
1780820748,333.22,2
1780820750,333.14,4
1780820752,333.14,4
1780820754,333.22,2
1780820756,333.16,6
1780820758,333.21,1
1780820760,333.21,1
1780820762,333.22,2
1780820764,333.26,6
1780820766,333.24,4
1780820768,333.32,2
1780820770,333.30,0
1780820772,333.30,0
1780820774,333.37,7
1780820776,333.44,4
1780820778,333.41,1
1780820780,333.41,1
1780820782,333.43,3
1780820784,333.51,1
1780820786,333.58,8
1780820788,333.58,8
1780820790,333.67,7
1780820792,333.69,9
1780820794,333.69,9
1780820796,333.76,6
1780820798,333.83,3
1780820800,333.92,2
1780820802,333.92,2
1780820804,333.77,7
1780820806,333.76,6
1780820808,333.74,4
1780820810,333.68,8
1780820812,333.74,4
1780820814,333.83,3
1780820816,333.93,3
1780820818,333.98,8
1780820820,334.21,1
1780820822,334.25,5
1780820824,334.35,5
1780820826,334.40,0
1780820828,334.48,8
1780820830,334.45,5
1780820832,334.35,5
1780820834,334.36,6
1780820836,334.35,5
1780820838,334.37,7
1780820840,334.26,6
1780820842,334.18,8
1780820844,334.03,3
1780820846,334.01,1
1780820848,333.94,4
1780820850,333.99,9
1780820852,333.94,4
1780820854,333.97,7
1780820856,333.88,8
1780820858,333.86,6
1780820860,333.78,8
1780820862,333.72,2
1780820864,333.72,2
1780820866,333.71,1
1780820868,333.71,1
1780820870,333.59,9
1780820872,333.55,5
1780820874,333.50,0
1780820876,333.36,6
1780820878,333.32,2
1780820880,333.42,2
1780820882,333.48,8
1780820884,333.47,7
1780820886,333.55,5
1780820888,333.39,9
1780820890,333.44,4
1780820892,333.38,8
1780820894,333.32,2
1780820896,333.34,4
1780820898,333.25,5
1780820900,333.23,3
1780820902,333.22,2
1780820904,333.27,7
1780820906,333.31,1
1780820908,333.31,1
1780820910,333.23,3
1780820912,333.18,8
1780820914,333.11,1
1780820916,333.09,9
1780820918,332.95,5
1780820920,333.05,5
1780820922,333.16,6
1780820924,333.07,7
1780820926,333.09,9
1780820928,333.19,9
1780820930,333.25,5
1780820932,333.27,7
1780820934,333.20,0
