epoch,price,last_digit
1780810934,93.3683,3
1780810936,93.3761,1
1780810938,93.3814,4
1780810940,93.3637,7
1780810942,93.3782,2
1780810944,93.3524,4
1780810946,93.3545,5
1780810948,93.3403,3
1780810950,93.3195,5
1780810952,93.3172,2
1780810954,93.3357,7
1780810956,93.3262,2
1780810958,93.3354,4
1780810960,93.3474,4
1780810962,93.3601,1
1780810964,93.3383,3
1780810966,93.3465,5
1780810968,93.3466,6
1780810970,93.3285,5
1780810972,93.3322,2
1780810974,93.3189,9
1780810976,93.3259,9
1780810978,93.3154,4
1780810980,93.3244,4
1780810982,93.3188,8
1780810984,93.3414,4
1780810986,93.3312,2
1780810988,93.3374,4
1780810990,93.3395,5
1780810992,93.3313,3
1780810994,93.3159,9
1780810996,93.3061,1
1780810998,93.3092,2
1780811000,93.3131,1
1780811002,93.3095,5
1780811004,93.3248,8
1780811006,93.3086,6
1780811008,93.3016,6
1780811010,93.3018,8
1780811012,93.2992,2
1780811014,93.3093,3
1780811016,93.2915,5
1780811018,93.2899,9
1780811020,93.2757,7
1780811022,93.2792,2
1780811024,93.2801,1
1780811026,93.2653,3
1780811028,93.2809,9
1780811030,93.2538,8
1780811032,93.2389,9
1780811034,93.2436,6
1780811036,93.2470,0
1780811038,93.2552,2
1780811040,93.2580,0
1780811042,93.2881,1
1780811044,93.2804,4
1780811046,93.2843,3
1780811048,93.2764,4
1780811050,93.2666,6
1780811052,93.2402,2
1780811054,93.2526,6
1780811056,93.2781,1
1780811058,93.2826,6
1780811060,93.2835,5
1780811062,93.2752,2
1780811064,93.2915,5
1780811066,93.3036,6
1780811068,93.2936,6
1780811070,93.2955,5
1780811072,93.2920,0
1780811074,93.2985,5
1780811076,93.2922,2
1780811078,93.2728,8
1780811080,93.2717,7
1780811082,93.2573,3
1780811084,93.2695,5
1780811086,93.2848,8
1780811088,93.2844,4
1780811090,93.2710,0
1780811092,93.2697,7
1780811094,93.2600,0
1780811096,93.2627,7
1780811098,93.2477,7
1780811100,93.2394,4
1780811102,93.2284,4
1780811104,93.2263,3
1780811106,93.2055,5
1780811108,93.2130,0
1780811110,93.2168,8
1780811112,93.2237,7
1780811114,93.2250,0
1780811116,93.2241,1
1780811118,93.2068,8
1780811120,93.2181,1
1780811122,93.2290,0
1780811124,93.2225,5
1780811126,93.2237,7
1780811128,93.2022,2
1780811130,93.1976,6
1780811132,93.1755,5
1780811134,93.1857,7
1780811136,93.1886,6
1780811138,93.1763,3
1780811140,93.1862,2
1780811142,93.2063,3
1780811144,93.2242,2
1780811146,93.2524,4
1780811148,93.2448,8
1780811150,93.2564,4
1780811152,93.2491,1
1780811154,93.2455,5
1780811156,93.2198,8
1780811158,93.2380,0
1780811160,93.2401,1
1780811162,93.2178,8
1780811164,93.2118,8
1780811166,93.2171,1
1780811168,93.2103,3
1780811170,93.2182,2
1780811172,93.2239,9
1780811174,93.2287,7
1780811176,93.2412,2
1780811178,93.2309,9
1780811180,93.2371,1
1780811182,93.2351,1
1780811184,93.2486,6
1780811186,93.2390,0
1780811188,93.2366,6
1780811190,93.2341,1
1780811192,93.2252,2
1780811194,93.2282,2
1780811196,93.2212,2
1780811198,93.2207,7
1780811200,93.2179,9
1780811202,93.2342,2
1780811204,93.2251,1
1780811206,93.2157,7
1780811208,93.2173,3
1780811210,93.2179,9
1780811212,93.2301,1
1780811214,93.2218,8
1780811216,93.2188,8
1780811218,93.2140,0
1780811220,93.2093,3
1780811222,93.2226,6
1780811224,93.2286,6
1780811226,93.2184,4
1780811228,93.1956,6
1780811230,93.1976,6
1780811232,93.1862,2
1780811234,93.1918,8
1780811236,93.1861,1
1780811238,93.1901,1
1780811240,93.1977,7
1780811242,93.2015,5
1780811244,93.2026,6
1780811246,93.2024,4
1780811248,93.2040,0
1780811250,93.2015,5
1780811252,93.1952,2
1780811254,93.1970,0
1780811256,93.1842,2
1780811258,93.1797,7
1780811260,93.1770,0
1780811262,93.1955,5
1780811264,93.1992,2
1780811266,93.1982,2
1780811268,93.1915,5
1780811270,93.1878,8
1780811272,93.1809,9
1780811274,93.1778,8
1780811276,93.1810,0
1780811278,93.1663,3
1780811280,93.1690,0
1780811282,93.1791,1
1780811284,93.1901,1
1780811286,93.1962,2
1780811288,93.1920,0
1780811290,93.1942,2
1780811292,93.1683,3
1780811294,93.1656,6
1780811296,93.1854,4
1780811298,93.1904,4
1780811300,93.1737,7
1780811302,93.1791,1
1780811304,93.1922,2
1780811306,93.1927,7
1780811308,93.1938,8
1780811310,93.1877,7
1780811312,93.1723,3
1780811314,93.1758,8
1780811316,93.1552,2
1780811318,93.1479,9
1780811320,93.1641,1
1780811322,93.1532,2
1780811324,93.1625,5
1780811326,93.1456,6
1780811328,93.1457,7
1780811330,93.1333,3
1780811332,93.1284,4
1780811334,93.1182,2
1780811336,93.1134,4
1780811338,93.1112,2
1780811340,93.1183,3
1780811342,93.1152,2
1780811344,93.1241,1
1780811346,93.1323,3
1780811348,93.1316,6
1780811350,93.1423,3
1780811352,93.1423,3
1780811354,93.1479,9
1780811356,93.1303,3
1780811358,93.1279,9
1780811360,93.1145,5
1780811362,93.1151,1
1780811364,93.1168,8
1780811366,93.1123,3
1780811368,93.1216,6
1780811370,93.1156,6
1780811372,93.1253,3
1780811374,93.1285,5
1780811376,93.1132,2
1780811378,93.1127,7
1780811380,93.0979,9
1780811382,93.0867,7
1780811384,93.0952,2
1780811386,93.0838,8
1780811388,93.0806,6
1780811390,93.0646,6
1780811392,93.0585,5
1780811394,93.0465,5
1780811396,93.0737,7
1780811398,93.0793,3
1780811400,93.0769,9
1780811402,93.0861,1
1780811404,93.0806,6
1780811406,93.0896,6
1780811408,93.0898,8
1780811410,93.0947,7
1780811412,93.1032,2
1780811414,93.1053,3
1780811416,93.1085,5
1780811418,93.1162,2
1780811420,93.1196,6
1780811422,93.1207,7
1780811424,93.1334,4
1780811426,93.1343,3
1780811428,93.1322,2
1780811430,93.1307,7
1780811432,93.1330,0
1780811434,93.1332,2
1780811436,93.1238,8
1780811438,93.1055,5
1780811440,93.1066,6
1780811442,93.1251,1
1780811444,93.1223,3
1780811446,93.1220,0
1780811448,93.1320,0
1780811450,93.1296,6
1780811452,93.1144,4
1780811454,93.1284,4
1780811456,93.1156,6
1780811458,93.0890,0
1780811460,93.0802,2
1780811462,93.0927,7
1780811464,93.0869,9
1780811466,93.0828,8
1780811468,93.0750,0
1780811470,93.0625,5
1780811472,93.0663,3
1780811474,93.0548,8
1780811476,93.0664,4
1780811478,93.0735,5
1780811480,93.0755,5
1780811482,93.0749,9
1780811484,93.0660,0
1780811486,93.0541,1
1780811488,93.0327,7
1780811490,93.0287,7
1780811492,93.0273,3
1780811494,93.0270,0
1780811496,93.0178,8
1780811498,92.9996,6
1780811500,93.0003,3
1780811502,93.0025,5
1780811504,92.9875,5
1780811506,92.9995,5
1780811508,93.0243,3
1780811510,93.0067,7
1780811512,93.0074,4
1780811514,93.0037,7
1780811516,93.0074,4
1780811518,93.0132,2
1780811520,93.0218,8
1780811522,92.9818,8
1780811524,92.9512,2
1780811526,92.9525,5
1780811528,92.9493,3
1780811530,92.9432,2
1780811532,92.9560,0
1780811534,92.9382,2
1780811536,92.9558,8
1780811538,92.9295,5
1780811540,92.9276,6
1780811542,92.9334,4
1780811544,92.9377,7
1780811546,92.9260,0
1780811548,92.9210,0
1780811550,92.9369,9
1780811552,92.9179,9
1780811554,92.9179,9
1780811556,92.9260,0
1780811558,92.9474,4
1780811560,92.9527,7
1780811562,92.9639,9
1780811564,92.9651,1
1780811566,92.9878,8
1780811568,93.0054,4
1780811570,93.0075,5
1780811572,93.0169,9
1780811574,93.0021,1
1780811576,93.0001,1
1780811578,93.0220,0
1780811580,93.0424,4
1780811582,93.0355,5
1780811584,93.0394,4
1780811586,93.0574,4
1780811588,93.0720,0
1780811590,93.0758,8
1780811592,93.0702,2
1780811594,93.0552,2
1780811596,93.0580,0
1780811598,93.0433,3
1780811600,93.0437,7
1780811602,93.0569,9
1780811604,93.0623,3
1780811606,93.0578,8
1780811608,93.0579,9
1780811610,93.0561,1
1780811612,93.0825,5
1780811614,93.0820,0
1780811616,93.0860,0
1780811618,93.0912,2
1780811620,93.1027,7
1780811622,93.0943,3
1780811624,93.1011,1
1780811626,93.0847,7
1780811628,93.0738,8
1780811630,93.0577,7
1780811632,93.0694,4
1780811634,93.0435,5
1780811636,93.0481,1
1780811638,93.0383,3
1780811640,93.0254,4
1780811642,93.0182,2
1780811644,93.0332,2
1780811646,93.0410,0
1780811648,93.0531,1
1780811650,93.0390,0
1780811652,93.0529,9
1780811654,93.0607,7
1780811656,93.0478,8
1780811658,93.0458,8
1780811660,93.0269,9
1780811662,93.0124,4
1780811664,93.0219,9
1780811666,93.0547,7
1780811668,93.0609,9
1780811670,93.0648,8
1780811672,93.0583,3
1780811674,93.0533,3
1780811676,93.0492,2
1780811678,93.0569,9
1780811680,93.0645,5
1780811682,93.0635,5
1780811684,93.0738,8
1780811686,93.0854,4
1780811688,93.0752,2
1780811690,93.0595,5
1780811692,93.0620,0
1780811694,93.0661,1
1780811696,93.0797,7
1780811698,93.0845,5
1780811700,93.0666,6
1780811702,93.0689,9
1780811704,93.0771,1
1780811706,93.0896,6
1780811708,93.1092,2
1780811710,93.1148,8
1780811712,93.0955,5
1780811714,93.0943,3
1780811716,93.0982,2
1780811718,93.0875,5
1780811720,93.0884,4
1780811722,93.0854,4
1780811724,93.0811,1
1780811726,93.0927,7
1780811728,93.0905,5
1780811730,93.1077,7
1780811732,93.1097,7
1780811734,93.1143,3
1780811736,93.0952,2
1780811738,93.1113,3
1780811740,93.1205,5
1780811742,93.1206,6
1780811744,93.1050,0
1780811746,93.0830,0
1780811748,93.0870,0
1780811750,93.0900,0
1780811752,93.1072,2
1780811754,93.1036,6
1780811756,93.0988,8
1780811758,93.1115,5
1780811760,93.1210,0
1780811762,93.1212,2
1780811764,93.1097,7
1780811766,93.1228,8
1780811768,93.1248,8
1780811770,93.1318,8
1780811772,93.1222,2
1780811774,93.1345,5
1780811776,93.1431,1
1780811778,93.1357,7
1780811780,93.1341,1
1780811782,93.1430,0
1780811784,93.1682,2
1780811786,93.1711,1
1780811788,93.1703,3
1780811790,93.1673,3
1780811792,93.1735,5
1780811794,93.1548,8
1780811796,93.1506,6
1780811798,93.1420,0
1780811800,93.1358,8
1780811802,93.1376,6
1780811804,93.1610,0
1780811806,93.1625,5
1780811808,93.1634,4
1780811810,93.1672,2
1780811812,93.1658,8
1780811814,93.1660,0
1780811816,93.1591,1
1780811818,93.1638,8
1780811820,93.1643,3
1780811822,93.1816,6
1780811824,93.1763,3
1780811826,93.1691,1
1780811828,93.1544,4
1780811830,93.1581,1
1780811832,93.1597,7
1780811834,93.1669,9
1780811836,93.1662,2
1780811838,93.1711,1
1780811840,93.1705,5
1780811842,93.1767,7
1780811844,93.1866,6
1780811846,93.1728,8
1780811848,93.1639,9
1780811850,93.1626,6
1780811852,93.1585,5
1780811854,93.1549,9
1780811856,93.1633,3
1780811858,93.1744,4
1780811860,93.1707,7
1780811862,93.1695,5
1780811864,93.1685,5
1780811866,93.1969,9
1780811868,93.1826,6
1780811870,93.2008,8
1780811872,93.1908,8
1780811874,93.1967,7
1780811876,93.1759,9
1780811878,93.1748,8
1780811880,93.1721,1
1780811882,93.1738,8
1780811884,93.1919,9
1780811886,93.1971,1
1780811888,93.2021,1
1780811890,93.2028,8
1780811892,93.2017,7
1780811894,93.2086,6
1780811896,93.2177,7
1780811898,93.2413,3
1780811900,93.2593,3
1780811902,93.2490,0
1780811904,93.2523,3
1780811906,93.2414,4
1780811908,93.2474,4
1780811910,93.2376,6
1780811912,93.2464,4
1780811914,93.2542,2
1780811916,93.2735,5
1780811918,93.2877,7
1780811920,93.2966,6
1780811922,93.3011,1
1780811924,93.2819,9
1780811926,93.2910,0
1780811928,93.2819,9
1780811930,93.2951,1
1780811932,93.2781,1
1780811934,93.2593,3
1780811936,93.2575,5
1780811938,93.2630,0
1780811940,93.2573,3
1780811942,93.2552,2
1780811944,93.2615,5
1780811946,93.2647,7
1780811948,93.2348,8
1780811950,93.2366,6
1780811952,93.2176,6
1780811954,93.2235,5
1780811956,93.2368,8
1780811958,93.2337,7
1780811960,93.2334,4
1780811962,93.2317,7
1780811964,93.2101,1
1780811966,93.2141,1
1780811968,93.2186,6
1780811970,93.2455,5
1780811972,93.2439,9
1780811974,93.2356,6
1780811976,93.2432,2
1780811978,93.2321,1
1780811980,93.2412,2
1780811982,93.2620,0
1780811984,93.2611,1
1780811986,93.2765,5
1780811988,93.2708,8
1780811990,93.2832,2
1780811992,93.2856,6
1780811994,93.2730,0
1780811996,93.2843,3
1780811998,93.2909,9
1780812000,93.2901,1
1780812002,93.2922,2
1780812004,93.2575,5
1780812006,93.2632,2
1780812008,93.2535,5
1780812010,93.2575,5
1780812012,93.2621,1
1780812014,93.2704,4
1780812016,93.2741,1
1780812018,93.2898,8
1780812020,93.2913,3
1780812022,93.3029,9
1780812024,93.3164,4
1780812026,93.3409,9
1780812028,93.3274,4
1780812030,93.3116,6
1780812032,93.3313,3
1780812034,93.3405,5
1780812036,93.3318,8
1780812038,93.3463,3
1780812040,93.3616,6
1780812042,93.3512,2
1780812044,93.3451,1
1780812046,93.3448,8
1780812048,93.3645,5
1780812050,93.3545,5
1780812052,93.3624,4
1780812054,93.3764,4
1780812056,93.3873,3
1780812058,93.3618,8
1780812060,93.3807,7
1780812062,93.3628,8
1780812064,93.3492,2
1780812066,93.3524,4
1780812068,93.3492,2
1780812070,93.3535,5
1780812072,93.3547,7
1780812074,93.3726,6
1780812076,93.3734,4
1780812078,93.3624,4
1780812080,93.3605,5
1780812082,93.3700,0
1780812084,93.3696,6
1780812086,93.3625,5
1780812088,93.3675,5
1780812090,93.3583,3
1780812092,93.3709,9
1780812094,93.3964,4
1780812096,93.4104,4
1780812098,93.4252,2
1780812100,93.4282,2
1780812102,93.4277,7
1780812104,93.4192,2
1780812106,93.4305,5
1780812108,93.4329,9
1780812110,93.4345,5
1780812112,93.4400,0
1780812114,93.4520,0
1780812116,93.4506,6
1780812118,93.4504,4
1780812120,93.4518,8
1780812122,93.4463,3
1780812124,93.4633,3
1780812126,93.4793,3
1780812128,93.4713,3
1780812130,93.4840,0
1780812132,93.4675,5
1780812134,93.4550,0
1780812136,93.4671,1
1780812138,93.4834,4
1780812140,93.4693,3
1780812142,93.4509,9
1780812144,93.4626,6
1780812146,93.4571,1
1780812148,93.4539,9
1780812150,93.4500,0
1780812152,93.4494,4
1780812154,93.4405,5
1780812156,93.4430,0
1780812158,93.4491,1
1780812160,93.4487,7
1780812162,93.4444,4
1780812164,93.4558,8
1780812166,93.4654,4
1780812168,93.4637,7
1780812170,93.4709,9
1780812172,93.4933,3
1780812174,93.4905,5
1780812176,93.4939,9
1780812178,93.4924,4
1780812180,93.4732,2
1780812182,93.4838,8
1780812184,93.4789,9
1780812186,93.4835,5
1780812188,93.4651,1
1780812190,93.4439,9
1780812192,93.4342,2
1780812194,93.4514,4
1780812196,93.4655,5
1780812198,93.4708,8
1780812200,93.4672,2
1780812202,93.4621,1
1780812204,93.4455,5
1780812206,93.4489,9
1780812208,93.4254,4
1780812210,93.4258,8
1780812212,93.4232,2
1780812214,93.4284,4
1780812216,93.4235,5
1780812218,93.4036,6
1780812220,93.3918,8
1780812222,93.4074,4
1780812224,93.3837,7
1780812226,93.3981,1
1780812228,93.3956,6
1780812230,93.3863,3
1780812232,93.3933,3
1780812234,93.4082,2
1780812236,93.4379,9
1780812238,93.4385,5
1780812240,93.4399,9
1780812242,93.4413,3
1780812244,93.4393,3
1780812246,93.4530,0
1780812248,93.4587,7
1780812250,93.4661,1
1780812252,93.4680,0
1780812254,93.4571,1
1780812256,93.4499,9
1780812258,93.4396,6
1780812260,93.4394,4
1780812262,93.4406,6
1780812264,93.4476,6
1780812266,93.4732,2
1780812268,93.4670,0
1780812270,93.4662,2
1780812272,93.4682,2
1780812274,93.4674,4
1780812276,93.4608,8
1780812278,93.4425,5
1780812280,93.4513,3
1780812282,93.4529,9
1780812284,93.4617,7
1780812286,93.4709,9
1780812288,93.4716,6
1780812290,93.4474,4
1780812292,93.4308,8
1780812294,93.4437,7
1780812296,93.4208,8
1780812298,93.4156,6
1780812300,93.4130,0
1780812302,93.4031,1
1780812304,93.4069,9
1780812306,93.4072,2
1780812308,93.4014,4
1780812310,93.3909,9
1780812312,93.3857,7
1780812314,93.3793,3
1780812316,93.3964,4
1780812318,93.3946,6
1780812320,93.3901,1
1780812322,93.3683,3
1780812324,93.3642,2
1780812326,93.3637,7
1780812328,93.3581,1
1780812330,93.3517,7
1780812332,93.3299,9
1780812334,93.3358,8
1780812336,93.3831,1
1780812338,93.3885,5
1780812340,93.4010,0
1780812342,93.4012,2
1780812344,93.4158,8
1780812346,93.4456,6
1780812348,93.4528,8
1780812350,93.4525,5
1780812352,93.4623,3
1780812354,93.4585,5
1780812356,93.4596,6
1780812358,93.4654,4
1780812360,93.4560,0
1780812362,93.4585,5
1780812364,93.4551,1
1780812366,93.4627,7
1780812368,93.4657,7
1780812370,93.4548,8
1780812372,93.4726,6
1780812374,93.4752,2
1780812376,93.4809,9
1780812378,93.4838,8
1780812380,93.4813,3
1780812382,93.4865,5
1780812384,93.4688,8
1780812386,93.4804,4
1780812388,93.4671,1
1780812390,93.4769,9
1780812392,93.4688,8
1780812394,93.4828,8
1780812396,93.4884,4
1780812398,93.4755,5
1780812400,93.4658,8
1780812402,93.4647,7
1780812404,93.4859,9
1780812406,93.4996,6
1780812408,93.5167,7
1780812410,93.4988,8
1780812412,93.5091,1
1780812414,93.5257,7
1780812416,93.5368,8
1780812418,93.5305,5
1780812420,93.5484,4
1780812422,93.5414,4
1780812424,93.5413,3
1780812426,93.5305,5
1780812428,93.5062,2
1780812430,93.4972,2
1780812432,93.5089,9
1780812434,93.5064,4
1780812436,93.5129,9
1780812438,93.5103,3
1780812440,93.4948,8
1780812442,93.5162,2
1780812444,93.5154,4
1780812446,93.4921,1
1780812448,93.4939,9
1780812450,93.4781,1
1780812452,93.4845,5
1780812454,93.4793,3
1780812456,93.4655,5
1780812458,93.4505,5
1780812460,93.4365,5
1780812462,93.4502,2
1780812464,93.4708,8
1780812466,93.4651,1
1780812468,93.4597,7
1780812470,93.4757,7
1780812472,93.4609,9
1780812474,93.4761,1
1780812476,93.4860,0
1780812478,93.4883,3
1780812480,93.4714,4
1780812482,93.4653,3
1780812484,93.4697,7
1780812486,93.4528,8
1780812488,93.4315,5
1780812490,93.4219,9
1780812492,93.4097,7
1780812494,93.3913,3
1780812496,93.3862,2
1780812498,93.3736,6
1780812500,93.3735,5
1780812502,93.3732,2
1780812504,93.3852,2
1780812506,93.3972,2
1780812508,93.3924,4
1780812510,93.3886,6
1780812512,93.4114,4
1780812514,93.4255,5
1780812516,93.4250,0
1780812518,93.4098,8
1780812520,93.3942,2
1780812522,93.3729,9
1780812524,93.3697,7
1780812526,93.3762,2
1780812528,93.3621,1
1780812530,93.3672,2
1780812532,93.3696,6
1780812534,93.3681,1
1780812536,93.3601,1
1780812538,93.3586,6
1780812540,93.3663,3
1780812542,93.3763,3
1780812544,93.3894,4
1780812546,93.3800,0
1780812548,93.3892,2
1780812550,93.3786,6
1780812552,93.3851,1
1780812554,93.3987,7
1780812556,93.3990,0
1780812558,93.3820,0
1780812560,93.3861,1
1780812562,93.3852,2
1780812564,93.3724,4
1780812566,93.3693,3
1780812568,93.3822,2
1780812570,93.3720,0
1780812572,93.3670,0
1780812574,93.3767,7
1780812576,93.3944,4
1780812578,93.3965,5
1780812580,93.3995,5
1780812582,93.3770,0
1780812584,93.3793,3
1780812586,93.3890,0
1780812588,93.3757,7
1780812590,93.3786,6
1780812592,93.3901,1
1780812594,93.3974,4
1780812596,93.3957,7
1780812598,93.3829,9
1780812600,93.3862,2
1780812602,93.4020,0
1780812604,93.4017,7
1780812606,93.3946,6
1780812608,93.4043,3
1780812610,93.4279,9
1780812612,93.4383,3
1780812614,93.4405,5
1780812616,93.4322,2
1780812618,93.4491,1
1780812620,93.4513,3
1780812622,93.4266,6
1780812624,93.4359,9
1780812626,93.4285,5
1780812628,93.4273,3
1780812630,93.4286,6
1780812632,93.4217,7
1780812634,93.4338,8
1780812636,93.4191,1
1780812638,93.4166,6
1780812640,93.4342,2
1780812642,93.4229,9
1780812644,93.4298,8
1780812646,93.4336,6
1780812648,93.4195,5
1780812650,93.4373,3
1780812652,93.4335,5
1780812654,93.4371,1
1780812656,93.4232,2
1780812658,93.4399,9
1780812660,93.4437,7
1780812662,93.4614,4
1780812664,93.4580,0
1780812666,93.4638,8
1780812668,93.4493,3
1780812670,93.4516,6
1780812672,93.4668,8
1780812674,93.4882,2
1780812676,93.4778,8
1780812678,93.4755,5
1780812680,93.4677,7
1780812682,93.4367,7
1780812684,93.4444,4
1780812686,93.4525,5
1780812688,93.4385,5
1780812690,93.4535,5
1780812692,93.4439,9
1780812694,93.4595,5
1780812696,93.4516,6
1780812698,93.4351,1
1780812700,93.4204,4
1780812702,93.4165,5
1780812704,93.4146,6
1780812706,93.3989,9
1780812708,93.3969,9
1780812710,93.3959,9
1780812712,93.3834,4
1780812714,93.3939,9
1780812716,93.4164,4
1780812718,93.4223,3
1780812720,93.4243,3
1780812722,93.4314,4
1780812724,93.4288,8
1780812726,93.4380,0
1780812728,93.4415,5
1780812730,93.4460,0
1780812732,93.4432,2
1780812734,93.4400,0
1780812736,93.4538,8
1780812738,93.4760,0
1780812740,93.4732,2
1780812742,93.4660,0
1780812744,93.4791,1
1780812746,93.4860,0
1780812748,93.4916,6
1780812750,93.4886,6
1780812752,93.4991,1
1780812754,93.5068,8
1780812756,93.5066,6
1780812758,93.5071,1
1780812760,93.4827,7
1780812762,93.4741,1
1780812764,93.4616,6
1780812766,93.4695,5
1780812768,93.4730,0
1780812770,93.4834,4
1780812772,93.4947,7
1780812774,93.5292,2
1780812776,93.5138,8
1780812778,93.5147,7
1780812780,93.5183,3
1780812782,93.5088,8
1780812784,93.5149,9
1780812786,93.5182,2
1780812788,93.5433,3
1780812790,93.5254,4
1780812792,93.5229,9
1780812794,93.5133,3
1780812796,93.5308,8
1780812798,93.5265,5
1780812800,93.5295,5
1780812802,93.5299,9
1780812804,93.5415,5
1780812806,93.5402,2
1780812808,93.5416,6
1780812810,93.5573,3
1780812812,93.5499,9
1780812814,93.5527,7
1780812816,93.5483,3
1780812818,93.5530,0
1780812820,93.5835,5
1780812822,93.5833,3
1780812824,93.5875,5
1780812826,93.5639,9
1780812828,93.5585,5
1780812830,93.5372,2
1780812832,93.5461,1
1780812834,93.5436,6
1780812836,93.5511,1
1780812838,93.5514,4
1780812840,93.5467,7
1780812842,93.5479,9
1780812844,93.5398,8
1780812846,93.5146,6
1780812848,93.5262,2
1780812850,93.5211,1
1780812852,93.5177,7
1780812854,93.5203,3
1780812856,93.5194,4
1780812858,93.5359,9
1780812860,93.5426,6
1780812862,93.5419,9
1780812864,93.5414,4
1780812866,93.5408,8
1780812868,93.5297,7
1780812870,93.5252,2
1780812872,93.5271,1
1780812874,93.5282,2
1780812876,93.5222,2
1780812878,93.5414,4
1780812880,93.5496,6
1780812882,93.5402,2
1780812884,93.5413,3
1780812886,93.5453,3
1780812888,93.5361,1
1780812890,93.5358,8
1780812892,93.5319,9
1780812894,93.5308,8
1780812896,93.5476,6
1780812898,93.5520,0
1780812900,93.5455,5
1780812902,93.5674,4
1780812904,93.5788,8
1780812906,93.5962,2
1780812908,93.6272,2
1780812910,93.6294,4
1780812912,93.6343,3
1780812914,93.6527,7
1780812916,93.6495,5
1780812918,93.6560,0
1780812920,93.6545,5
1780812922,93.6629,9
1780812924,93.6604,4
1780812926,93.6594,4
1780812928,93.6675,5
1780812930,93.6706,6
1780812932,93.6668,8
1780812934,93.6856,6
1780812936,93.6828,8
1780812938,93.6940,0
1780812940,93.6971,1
1780812942,93.7011,1
1780812944,93.7084,4
1780812946,93.7072,2
1780812948,93.7041,1
1780812950,93.7210,0
1780812952,93.7119,9
1780812954,93.7108,8
1780812956,93.7173,3
1780812958,93.7217,7
1780812960,93.7109,9
1780812962,93.7212,2
1780812964,93.7164,4
1780812966,93.7108,8
1780812968,93.6995,5
1780812970,93.7182,2
1780812972,93.7155,5
1780812974,93.7268,8
1780812976,93.7190,0
1780812978,93.7262,2
1780812980,93.7422,2
1780812982,93.7450,0
1780812984,93.7406,6
1780812986,93.7379,9
1780812988,93.7472,2
1780812990,93.7441,1
1780812992,93.7394,4
1780812994,93.7425,5
1780812996,93.7415,5
1780812998,93.7338,8
1780813000,93.7350,0
1780813002,93.7442,2
1780813004,93.7554,4
1780813006,93.7548,8
1780813008,93.7434,4
1780813010,93.7366,6
1780813012,93.7091,1
1780813014,93.7017,7
1780813016,93.7078,8
1780813018,93.7246,6
1780813020,93.7092,2
1780813022,93.7348,8
1780813024,93.7248,8
1780813026,93.7276,6
1780813028,93.7393,3
1780813030,93.7340,0
1780813032,93.7376,6
1780813034,93.7441,1
1780813036,93.7441,1
1780813038,93.7183,3
1780813040,93.7213,3
1780813042,93.7331,1
1780813044,93.7433,3
1780813046,93.7364,4
1780813048,93.7159,9
1780813050,93.7103,3
1780813052,93.7033,3
1780813054,93.7209,9
1780813056,93.7451,1
1780813058,93.7453,3
1780813060,93.7797,7
1780813062,93.7489,9
1780813064,93.7531,1
1780813066,93.7483,3
1780813068,93.7500,0
1780813070,93.7617,7
1780813072,93.7714,4
1780813074,93.7841,1
1780813076,93.7817,7
1780813078,93.7759,9
1780813080,93.7786,6
1780813082,93.7781,1
1780813084,93.7865,5
1780813086,93.7962,2
1780813088,93.7991,1
1780813090,93.8124,4
1780813092,93.8096,6
1780813094,93.8195,5
1780813096,93.8197,7
1780813098,93.8283,3
1780813100,93.8373,3
1780813102,93.8270,0
1780813104,93.8207,7
1780813106,93.8173,3
1780813108,93.8250,0
1780813110,93.8069,9
1780813112,93.7850,0
1780813114,93.7783,3
1780813116,93.7692,2
1780813118,93.7708,8
1780813120,93.7655,5
1780813122,93.7843,3
1780813124,93.7853,3
1780813126,93.7751,1
1780813128,93.7946,6
1780813130,93.7955,5
1780813132,93.7713,3
1780813134,93.8001,1
1780813136,93.8054,4
1780813138,93.8165,5
1780813140,93.8270,0
1780813142,93.8333,3
1780813144,93.8316,6
1780813146,93.8277,7
1780813148,93.8307,7
1780813150,93.8233,3
1780813152,93.8348,8
1780813154,93.8380,0
1780813156,93.8291,1
1780813158,93.8176,6
1780813160,93.8317,7
1780813162,93.8315,5
1780813164,93.8343,3
1780813166,93.8339,9
1780813168,93.8420,0
1780813170,93.8536,6
1780813172,93.8458,8
1780813174,93.8594,4
1780813176,93.8696,6
1780813178,93.8718,8
1780813180,93.8658,8
1780813182,93.8620,0
1780813184,93.8610,0
1780813186,93.8640,0
1780813188,93.8596,6
1780813190,93.8653,3
1780813192,93.8520,0
1780813194,93.8672,2
1780813196,93.8753,3
1780813198,93.8795,5
1780813200,93.8629,9
1780813202,93.8681,1
1780813204,93.8668,8
1780813206,93.8735,5
1780813208,93.8712,2
1780813210,93.8446,6
1780813212,93.8597,7
1780813214,93.8402,2
1780813216,93.8382,2
1780813218,93.8392,2
1780813220,93.8207,7
1780813222,93.8374,4
1780813224,93.8358,8
1780813226,93.8379,9
1780813228,93.8231,1
1780813230,93.8211,1
1780813232,93.8401,1
1780813234,93.8387,7
1780813236,93.8559,9
1780813238,93.8422,2
1780813240,93.8227,7
1780813242,93.8369,9
1780813244,93.8322,2
1780813246,93.8049,9
1780813248,93.8133,3
1780813250,93.8231,1
1780813252,93.8258,8
1780813254,93.8106,6
1780813256,93.7979,9
1780813258,93.8010,0
1780813260,93.8145,5
1780813262,93.8075,5
1780813264,93.8259,9
1780813266,93.8488,8
1780813268,93.8646,6
1780813270,93.8692,2
1780813272,93.8637,7
1780813274,93.8663,3
1780813276,93.8587,7
1780813278,93.8630,0
1780813280,93.8673,3
1780813282,93.8697,7
1780813284,93.8555,5
1780813286,93.8644,4
1780813288,93.8650,0
1780813290,93.8847,7
1780813292,93.8775,5
1780813294,93.8756,6
1780813296,93.8741,1
1780813298,93.9034,4
1780813300,93.9126,6
1780813302,93.9082,2
1780813304,93.8836,6
1780813306,93.8831,1
1780813308,93.8769,9
1780813310,93.8806,6
1780813312,93.8850,0
1780813314,93.8705,5
1780813316,93.8655,5
1780813318,93.8610,0
1780813320,93.8627,7
1780813322,93.8536,6
1780813324,93.8571,1
1780813326,93.8364,4
1780813328,93.8516,6
1780813330,93.8439,9
1780813332,93.8367,7
1780813334,93.8250,0
1780813336,93.8386,6
1780813338,93.8408,8
1780813340,93.8769,9
1780813342,93.8618,8
1780813344,93.8801,1
1780813346,93.8873,3
1780813348,93.8871,1
1780813350,93.8601,1
1780813352,93.8469,9
1780813354,93.8465,5
1780813356,93.8514,4
1780813358,93.8552,2
1780813360,93.8763,3
1780813362,93.8734,4
1780813364,93.8738,8
1780813366,93.8847,7
1780813368,93.8776,6
1780813370,93.8803,3
1780813372,93.8864,4
1780813374,93.8990,0
1780813376,93.9102,2
1780813378,93.9251,1
1780813380,93.9205,5
1780813382,93.9187,7
1780813384,93.9154,4
1780813386,93.8952,2
1780813388,93.8906,6
1780813390,93.8973,3
1780813392,93.9175,5
1780813394,93.9249,9
1780813396,93.9451,1
1780813398,93.9456,6
1780813400,93.9224,4
1780813402,93.9100,0
1780813404,93.9272,2
1780813406,93.9152,2
1780813408,93.9242,2
1780813410,93.9334,4
1780813412,93.9474,4
1780813414,93.9242,2
1780813416,93.9212,2
1780813418,93.9270,0
1780813420,93.9253,3
1780813422,93.9361,1
1780813424,93.9509,9
1780813426,93.9590,0
1780813428,93.9818,8
1780813430,93.9946,6
1780813432,94.0073,3
1780813434,93.9847,7
1780813436,93.9820,0
1780813438,93.9882,2
1780813440,93.9816,6
1780813442,93.9774,4
1780813444,93.9613,3
1780813446,93.9544,4
1780813448,93.9360,0
1780813450,93.9228,8
1780813452,93.9186,6
1780813454,93.9275,5
1780813456,93.9267,7
1780813458,93.9087,7
1780813460,93.9089,9
1780813462,93.9089,9
1780813464,93.9070,0
1780813466,93.9016,6
1780813468,93.9060,0
1780813470,93.9218,8
1780813472,93.8853,3
1780813474,93.8661,1
1780813476,93.8597,7
1780813478,93.8768,8
1780813480,93.8764,4
1780813482,93.8682,2
1780813484,93.8422,2
1780813486,93.8351,1
1780813488,93.8173,3
1780813490,93.8262,2
1780813492,93.8389,9
1780813494,93.8266,6
1780813496,93.8098,8
1780813498,93.8081,1
1780813500,93.8077,7
1780813502,93.8249,9
1780813504,93.8277,7
1780813506,93.8283,3
1780813508,93.8117,7
1780813510,93.8153,3
1780813512,93.8096,6
1780813514,93.8075,5
1780813516,93.8015,5
1780813518,93.8194,4
1780813520,93.7981,1
1780813522,93.8039,9
1780813524,93.8022,2
1780813526,93.7941,1
1780813528,93.7848,8
1780813530,93.7880,0
1780813532,93.7870,0
1780813534,93.7759,9
1780813536,93.7712,2
1780813538,93.7677,7
1780813540,93.7798,8
1780813542,93.7793,3
1780813544,93.7871,1
1780813546,93.7860,0
1780813548,93.7866,6
1780813550,93.7640,0
1780813552,93.7635,5
1780813554,93.7648,8
1780813556,93.7700,0
1780813558,93.7626,6
1780813560,93.7555,5
1780813562,93.7431,1
1780813564,93.7383,3
1780813566,93.7241,1
1780813568,93.7164,4
1780813570,93.7156,6
1780813572,93.7135,5
1780813574,93.6914,4
1780813576,93.6930,0
1780813578,93.6650,0
1780813580,93.6741,1
1780813582,93.7039,9
1780813584,93.7167,7
1780813586,93.7090,0
1780813588,93.7229,9
1780813590,93.7007,7
1780813592,93.6977,7
1780813594,93.7095,5
1780813596,93.6950,0
1780813598,93.6973,3
1780813600,93.7017,7
1780813602,93.7146,6
1780813604,93.7201,1
1780813606,93.7247,7
1780813608,93.7385,5
1780813610,93.7142,2
1780813612,93.7207,7
1780813614,93.7200,0
1780813616,93.7436,6
1780813618,93.7576,6
1780813620,93.7449,9
1780813622,93.7397,7
1780813624,93.7416,6
1780813626,93.7420,0
1780813628,93.7478,8
1780813630,93.7361,1
1780813632,93.7421,1
1780813634,93.7372,2
1780813636,93.7279,9
1780813638,93.7424,4
1780813640,93.7226,6
1780813642,93.7405,5
1780813644,93.7351,1
1780813646,93.7330,0
1780813648,93.7343,3
1780813650,93.7348,8
1780813652,93.7401,1
1780813654,93.7392,2
1780813656,93.7236,6
1780813658,93.7432,2
1780813660,93.7475,5
1780813662,93.7342,2
1780813664,93.7220,0
1780813666,93.7147,7
1780813668,93.6951,1
1780813670,93.7075,5
1780813672,93.7241,1
1780813674,93.7211,1
1780813676,93.7092,2
1780813678,93.6854,4
1780813680,93.6570,0
1780813682,93.6206,6
1780813684,93.6212,2
1780813686,93.6187,7
1780813688,93.6160,0
1780813690,93.6118,8
1780813692,93.6014,4
1780813694,93.6006,6
1780813696,93.5752,2
1780813698,93.5832,2
1780813700,93.5915,5
1780813702,93.5871,1
1780813704,93.6007,7
1780813706,93.6114,4
1780813708,93.6009,9
1780813710,93.6073,3
1780813712,93.6225,5
1780813714,93.6187,7
1780813716,93.6216,6
1780813718,93.6202,2
1780813720,93.6197,7
1780813722,93.6191,1
1780813724,93.6148,8
1780813726,93.6119,9
1780813728,93.6143,3
1780813730,93.6115,5
1780813732,93.6166,6
1780813734,93.6260,0
1780813736,93.6220,0
1780813738,93.6412,2
1780813740,93.6422,2
1780813742,93.6513,3
1780813744,93.6665,5
1780813746,93.6713,3
1780813748,93.6646,6
1780813750,93.6780,0
1780813752,93.6576,6
1780813754,93.6461,1
1780813756,93.6713,3
1780813758,93.6818,8
1780813760,93.6829,9
1780813762,93.6944,4
1780813764,93.6801,1
1780813766,93.7077,7
1780813768,93.7021,1
1780813770,93.7217,7
1780813772,93.7368,8
1780813774,93.7437,7
1780813776,93.7398,8
1780813778,93.7380,0
1780813780,93.7393,3
1780813782,93.7421,1
1780813784,93.7472,2
1780813786,93.7273,3
1780813788,93.7314,4
1780813790,93.7251,1
1780813792,93.7337,7
1780813794,93.7341,1
1780813796,93.7460,0
1780813798,93.7414,4
1780813800,93.7304,4
1780813802,93.7255,5
1780813804,93.6974,4
1780813806,93.7129,9
1780813808,93.7117,7
1780813810,93.7311,1
1780813812,93.7412,2
1780813814,93.7562,2
1780813816,93.7517,7
1780813818,93.7566,6
1780813820,93.7703,3
1780813822,93.7946,6
1780813824,93.7892,2
1780813826,93.8007,7
1780813828,93.8011,1
1780813830,93.7878,8
1780813832,93.7860,0
1780813834,93.8039,9
1780813836,93.7897,7
1780813838,93.7885,5
1780813840,93.7893,3
1780813842,93.7879,9
1780813844,93.7819,9
1780813846,93.7798,8
1780813848,93.7834,4
1780813850,93.7903,3
1780813852,93.7986,6
1780813854,93.8146,6
1780813856,93.8133,3
1780813858,93.8131,1
1780813860,93.8195,5
1780813862,93.8204,4
1780813864,93.8127,7
1780813866,93.8139,9
1780813868,93.8245,5
1780813870,93.8441,1
1780813872,93.8489,9
1780813874,93.8547,7
1780813876,93.8593,3
1780813878,93.8507,7
1780813880,93.8479,9
1780813882,93.8237,7
1780813884,93.8331,1
1780813886,93.8298,8
1780813888,93.8330,0
1780813890,93.8324,4
1780813892,93.8281,1
1780813894,93.8274,4
1780813896,93.8247,7
1780813898,93.8187,7
1780813900,93.8224,4
1780813902,93.8070,0
1780813904,93.8000,0
1780813906,93.8137,7
1780813908,93.8251,1
1780813910,93.8026,6
1780813912,93.8039,9
1780813914,93.8137,7
1780813916,93.8331,1
1780813918,93.8533,3
1780813920,93.8384,4
1780813922,93.8206,6
1780813924,93.8087,7
1780813926,93.8112,2
1780813928,93.8110,0
1780813930,93.8179,9
1780813932,93.8105,5
1780813934,93.7903,3
1780813936,93.7764,4
1780813938,93.7931,1
1780813940,93.7985,5
1780813942,93.8009,9
1780813944,93.8108,8
1780813946,93.8299,9
1780813948,93.8205,5
1780813950,93.8205,5
1780813952,93.8177,7
1780813954,93.8149,9
1780813956,93.8234,4
1780813958,93.8138,8
1780813960,93.8267,7
1780813962,93.8285,5
1780813964,93.8307,7
1780813966,93.8154,4
1780813968,93.8302,2
1780813970,93.8167,7
1780813972,93.7973,3
1780813974,93.7884,4
1780813976,93.7983,3
1780813978,93.7862,2
1780813980,93.8126,6
1780813982,93.8434,4
1780813984,93.8431,1
1780813986,93.8359,9
1780813988,93.8199,9
1780813990,93.8335,5
1780813992,93.8330,0
1780813994,93.8349,9
1780813996,93.8405,5
1780813998,93.8626,6
1780814000,93.8433,3
1780814002,93.8404,4
1780814004,93.8267,7
1780814006,93.8085,5
1780814008,93.8229,9
1780814010,93.8337,7
1780814012,93.8368,8
1780814014,93.8286,6
1780814016,93.8287,7
1780814018,93.8208,8
1780814020,93.8029,9
1780814022,93.8139,9
1780814024,93.8166,6
1780814026,93.8157,7
1780814028,93.8122,2
1780814030,93.8150,0
1780814032,93.8226,6
1780814034,93.8373,3
1780814036,93.8476,6
1780814038,93.8534,4
1780814040,93.8672,2
1780814042,93.8448,8
1780814044,93.8657,7
1780814046,93.8594,4
1780814048,93.8563,3
1780814050,93.8460,0
1780814052,93.8520,0
1780814054,93.8289,9
1780814056,93.8302,2
1780814058,93.8280,0
1780814060,93.8412,2
1780814062,93.8494,4
1780814064,93.8401,1
1780814066,93.8455,5
1780814068,93.8367,7
1780814070,93.8287,7
1780814072,93.8208,8
1780814074,93.8259,9
1780814076,93.8183,3
1780814078,93.8098,8
1780814080,93.7949,9
1780814082,93.7807,7
1780814084,93.7779,9
1780814086,93.7947,7
1780814088,93.7809,9
1780814090,93.7819,9
1780814092,93.7988,8
1780814094,93.8091,1
1780814096,93.8032,2
1780814098,93.7965,5
1780814100,93.7956,6
1780814102,93.7847,7
1780814104,93.7945,5
1780814106,93.7842,2
1780814108,93.7800,0
1780814110,93.7777,7
1780814112,93.7639,9
1780814114,93.7554,4
1780814116,93.7487,7
1780814118,93.7319,9
1780814120,93.7251,1
1780814122,93.7260,0
1780814124,93.7254,4
1780814126,93.7378,8
1780814128,93.7380,0
1780814130,93.7536,6
1780814132,93.7429,9
1780814134,93.7396,6
1780814136,93.7522,2
1780814138,93.7658,8
1780814140,93.7755,5
1780814142,93.7629,9
1780814144,93.7747,7
1780814146,93.7691,1
1780814148,93.7684,4
1780814150,93.7608,8
1780814152,93.7711,1
1780814154,93.7606,6
1780814156,93.7503,3
1780814158,93.7599,9
1780814160,93.7511,1
1780814162,93.7537,7
1780814164,93.7563,3
1780814166,93.7592,2
1780814168,93.7558,8
1780814170,93.7539,9
1780814172,93.7173,3
1780814174,93.7311,1
1780814176,93.7364,4
1780814178,93.7407,7
1780814180,93.7556,6
1780814182,93.7795,5
1780814184,93.8026,6
1780814186,93.8062,2
1780814188,93.8090,0
1780814190,93.8027,7
1780814192,93.8153,3
1780814194,93.8065,5
1780814196,93.7992,2
1780814198,93.7941,1
1780814200,93.8095,5
1780814202,93.8052,2
1780814204,93.8081,1
1780814206,93.8084,4
1780814208,93.8257,7
1780814210,93.8245,5
1780814212,93.8382,2
1780814214,93.8259,9
1780814216,93.8369,9
1780814218,93.8182,2
1780814220,93.8419,9
1780814222,93.8344,4
1780814224,93.8602,2
1780814226,93.8582,2
1780814228,93.8478,8
1780814230,93.8688,8
1780814232,93.8621,1
1780814234,93.8444,4
1780814236,93.8214,4
1780814238,93.7967,7
1780814240,93.7964,4
1780814242,93.7814,4
1780814244,93.7812,2
1780814246,93.7682,2
1780814248,93.7599,9
1780814250,93.7466,6
1780814252,93.7749,9
1780814254,93.7713,3
1780814256,93.7805,5
1780814258,93.7502,2
1780814260,93.7589,9
1780814262,93.7820,0
1780814264,93.7888,8
1780814266,93.8167,7
1780814268,93.8039,9
1780814270,93.8096,6
1780814272,93.8303,3
1780814274,93.8487,7
1780814276,93.8532,2
1780814278,93.8491,1
1780814280,93.8632,2
1780814282,93.8492,2
1780814284,93.8652,2
1780814286,93.8525,5
1780814288,93.8535,5
1780814290,93.8541,1
1780814292,93.8510,0
1780814294,93.8591,1
1780814296,93.8940,0
1780814298,93.8930,0
1780814300,93.8917,7
1780814302,93.9042,2
1780814304,93.9225,5
1780814306,93.9287,7
1780814308,93.9386,6
1780814310,93.9303,3
1780814312,93.9104,4
1780814314,93.9313,3
1780814316,93.9108,8
1780814318,93.8820,0
1780814320,93.8682,2
1780814322,93.8705,5
1780814324,93.8750,0
1780814326,93.8666,6
1780814328,93.8591,1
1780814330,93.8401,1
1780814332,93.8254,4
1780814334,93.8409,9
1780814336,93.8716,6
1780814338,93.8713,3
1780814340,93.8813,3
1780814342,93.8851,1
1780814344,93.8790,0
1780814346,93.8673,3
1780814348,93.8566,6
1780814350,93.8544,4
1780814352,93.8711,1
1780814354,93.8608,8
1780814356,93.8657,7
1780814358,93.8828,8
1780814360,93.8962,2
1780814362,93.8983,3
1780814364,93.9053,3
1780814366,93.8901,1
1780814368,93.9108,8
1780814370,93.9061,1
1780814372,93.9243,3
1780814374,93.9226,6
1780814376,93.9148,8
1780814378,93.9203,3
1780814380,93.9292,2
1780814382,93.9163,3
1780814384,93.9191,1
1780814386,93.9156,6
1780814388,93.9335,5
1780814390,93.9314,4
1780814392,93.9298,8
1780814394,93.9447,7
1780814396,93.9417,7
1780814398,93.9500,0
1780814400,93.9579,9
1780814402,93.9560,0
1780814404,93.9335,5
1780814406,93.9290,0
1780814408,93.9297,7
1780814410,93.9206,6
1780814412,93.9274,4
1780814414,93.9446,6
1780814416,93.9356,6
1780814418,93.9376,6
1780814420,93.9421,1
1780814422,93.9426,6
1780814424,93.9553,3
1780814426,93.9620,0
1780814428,93.9611,1
1780814430,93.9668,8
1780814432,93.9791,1
1780814434,93.9768,8
1780814436,93.9833,3
1780814438,93.9803,3
1780814440,93.9756,6
1780814442,93.9772,2
1780814444,93.9803,3
1780814446,93.9962,2
1780814448,93.9778,8
1780814450,93.9816,6
1780814452,93.9880,0
1780814454,94.0031,1
1780814456,93.9969,9
1780814458,94.0044,4
1780814460,94.0252,2
1780814462,94.0059,9
1780814464,93.9958,8
1780814466,93.9955,5
1780814468,93.9812,2
1780814470,93.9947,7
1780814472,93.9978,8
1780814474,94.0168,8
1780814476,94.0025,5
1780814478,94.0098,8
1780814480,94.0058,8
1780814482,93.9997,7
1780814484,93.9946,6
1780814486,93.9965,5
1780814488,93.9858,8
1780814490,93.9776,6
1780814492,93.9833,3
1780814494,93.9659,9
1780814496,93.9740,0
1780814498,93.9868,8
1780814500,93.9961,1
1780814502,93.9965,5
1780814504,93.9938,8
1780814506,93.9756,6
1780814508,93.9795,5
1780814510,93.9612,2
1780814512,93.9495,5
1780814514,93.9416,6
1780814516,93.9593,3
1780814518,93.9481,1
1780814520,93.9306,6
1780814522,93.9288,8
1780814524,93.9388,8
1780814526,93.9379,9
1780814528,93.9290,0
1780814530,93.9369,9
1780814532,93.9399,9
1780814534,93.9380,0
1780814536,93.9378,8
1780814538,93.9420,0
1780814540,93.9376,6
1780814542,93.9582,2
1780814544,93.9484,4
1780814546,93.9541,1
1780814548,93.9487,7
1780814550,93.9639,9
1780814552,93.9604,4
1780814554,93.9628,8
1780814556,93.9490,0
1780814558,93.9487,7
1780814560,93.9402,2
1780814562,93.9272,2
1780814564,93.9327,7
1780814566,93.9372,2
1780814568,93.9241,1
1780814570,93.9095,5
1780814572,93.9028,8
1780814574,93.9025,5
1780814576,93.9120,0
1780814578,93.9165,5
1780814580,93.9085,5
1780814582,93.9113,3
1780814584,93.9096,6
1780814586,93.9103,3
1780814588,93.9034,4
1780814590,93.8982,2
1780814592,93.9107,7
1780814594,93.9159,9
1780814596,93.9030,0
1780814598,93.9005,5
1780814600,93.8896,6
1780814602,93.8694,4
1780814604,93.8877,7
1780814606,93.8838,8
1780814608,93.8824,4
1780814610,93.8956,6
1780814612,93.9073,3
1780814614,93.8741,1
1780814616,93.8763,3
1780814618,93.8805,5
1780814620,93.8848,8
1780814622,93.8884,4
1780814624,93.8844,4
1780814626,93.8758,8
1780814628,93.8935,5
1780814630,93.8971,1
1780814632,93.9123,3
1780814634,93.9169,9
1780814636,93.9230,0
1780814638,93.9196,6
1780814640,93.9075,5
1780814642,93.9159,9
1780814644,93.9041,1
1780814646,93.9285,5
1780814648,93.9351,1
1780814650,93.9194,4
1780814652,93.9189,9
1780814654,93.8922,2
1780814656,93.9077,7
1780814658,93.9131,1
1780814660,93.8950,0
1780814662,93.9139,9
1780814664,93.9073,3
1780814666,93.9106,6
1780814668,93.9100,0
1780814670,93.9142,2
1780814672,93.9246,6
1780814674,93.9325,5
1780814676,93.9382,2
1780814678,93.9092,2
1780814680,93.9061,1
1780814682,93.9037,7
1780814684,93.8856,6
1780814686,93.8767,7
1780814688,93.8767,7
1780814690,93.8856,6
1780814692,93.8673,3
1780814694,93.8711,1
1780814696,93.8745,5
1780814698,93.8744,4
1780814700,93.8624,4
1780814702,93.8566,6
1780814704,93.8742,2
1780814706,93.8569,9
1780814708,93.8578,8
1780814710,93.8378,8
1780814712,93.8177,7
1780814714,93.8111,1
1780814716,93.8115,5
1780814718,93.8281,1
1780814720,93.8355,5
1780814722,93.8108,8
1780814724,93.8064,4
1780814726,93.8344,4
1780814728,93.8373,3
1780814730,93.8316,6
1780814732,93.8119,9
1780814734,93.8180,0
1780814736,93.8041,1
1780814738,93.8050,0
1780814740,93.8050,0
1780814742,93.7897,7
1780814744,93.8089,9
1780814746,93.8112,2
1780814748,93.8145,5
1780814750,93.8202,2
1780814752,93.8202,2
1780814754,93.8137,7
1780814756,93.8336,6
1780814758,93.8234,4
1780814760,93.8160,0
1780814762,93.8092,2
1780814764,93.8057,7
1780814766,93.8007,7
1780814768,93.7869,9
1780814770,93.7938,8
1780814772,93.7768,8
1780814774,93.7737,7
1780814776,93.7949,9
1780814778,93.7925,5
1780814780,93.7883,3
1780814782,93.8008,8
1780814784,93.7931,1
1780814786,93.7800,0
1780814788,93.7635,5
1780814790,93.7493,3
1780814792,93.7616,6
1780814794,93.7686,6
1780814796,93.7891,1
1780814798,93.7847,7
1780814800,93.7876,6
1780814802,93.7760,0
1780814804,93.7672,2
1780814806,93.7894,4
1780814808,93.7731,1
1780814810,93.7824,4
1780814812,93.7780,0
1780814814,93.7749,9
1780814816,93.7854,4
1780814818,93.7912,2
1780814820,93.7878,8
1780814822,93.7825,5
1780814824,93.7725,5
1780814826,93.7706,6
1780814828,93.7725,5
1780814830,93.7639,9
1780814832,93.7438,8
1780814834,93.7454,4
1780814836,93.7494,4
1780814838,93.7272,2
1780814840,93.7269,9
1780814842,93.7242,2
1780814844,93.7339,9
1780814846,93.7586,6
1780814848,93.7592,2
1780814850,93.7592,2
1780814852,93.7614,4
1780814854,93.7669,9
1780814856,93.7674,4
1780814858,93.7460,0
1780814860,93.7522,2
1780814862,93.7656,6
1780814864,93.7707,7
1780814866,93.7774,4
1780814868,93.7839,9
1780814870,93.7828,8
1780814872,93.7837,7
1780814874,93.7628,8
1780814876,93.7610,0
1780814878,93.7828,8
1780814880,93.7697,7
1780814882,93.7544,4
1780814884,93.7469,9
1780814886,93.7216,6
1780814888,93.7061,1
1780814890,93.6997,7
1780814892,93.7016,6
1780814894,93.6917,7
1780814896,93.6898,8
1780814898,93.6801,1
1780814900,93.6740,0
1780814902,93.6539,9
1780814904,93.6313,3
1780814906,93.6386,6
1780814908,93.6308,8
1780814910,93.6350,0
1780814912,93.6245,5
1780814914,93.6223,3
1780814916,93.6031,1
1780814918,93.5934,4
1780814920,93.6002,2
1780814922,93.5905,5
1780814924,93.5948,8
1780814926,93.6027,7
1780814928,93.6115,5
1780814930,93.6151,1
1780814932,93.6205,5
1780814934,93.6340,0
1780814936,93.6356,6
1780814938,93.6391,1
1780814940,93.6553,3
1780814942,93.6521,1
1780814944,93.6599,9
1780814946,93.6404,4
1780814948,93.6361,1
1780814950,93.6213,3
1780814952,93.6279,9
1780814954,93.6148,8
1780814956,93.6242,2
1780814958,93.6085,5
1780814960,93.6412,2
1780814962,93.6318,8
1780814964,93.6167,7
1780814966,93.6201,1
1780814968,93.6080,0
1780814970,93.5838,8
1780814972,93.5741,1
1780814974,93.5692,2
1780814976,93.5720,0
1780814978,93.5608,8
1780814980,93.5586,6
1780814982,93.5688,8
1780814984,93.5456,6
1780814986,93.5561,1
1780814988,93.5753,3
1780814990,93.5803,3
1780814992,93.5862,2
1780814994,93.5936,6
1780814996,93.5976,6
1780814998,93.6108,8
1780815000,93.5954,4
1780815002,93.5935,5
1780815004,93.6121,1
1780815006,93.6115,5
1780815008,93.5976,6
1780815010,93.6000,0
1780815012,93.6062,2
1780815014,93.6059,9
1780815016,93.5893,3
1780815018,93.5955,5
1780815020,93.5943,3
1780815022,93.5756,6
1780815024,93.5874,4
1780815026,93.6024,4
1780815028,93.6021,1
1780815030,93.5864,4
1780815032,93.5798,8
1780815034,93.5942,2
1780815036,93.5932,2
1780815038,93.5733,3
1780815040,93.5762,2
1780815042,93.5900,0
1780815044,93.5835,5
1780815046,93.6159,9
1780815048,93.6050,0
1780815050,93.5926,6
1780815052,93.5910,0
1780815054,93.6107,7
1780815056,93.5993,3
1780815058,93.5954,4
1780815060,93.5862,2
1780815062,93.5846,6
1780815064,93.5779,9
1780815066,93.5846,6
1780815068,93.6043,3
1780815070,93.5980,0
1780815072,93.5874,4
1780815074,93.5844,4
1780815076,93.5822,2
1780815078,93.5577,7
1780815080,93.5569,9
1780815082,93.5646,6
1780815084,93.5601,1
1780815086,93.5686,6
1780815088,93.5659,9
1780815090,93.5494,4
1780815092,93.5389,9
1780815094,93.5364,4
1780815096,93.5294,4
1780815098,93.5182,2
1780815100,93.5265,5
1780815102,93.5162,2
1780815104,93.4929,9
1780815106,93.5006,6
1780815108,93.5149,9
1780815110,93.5396,6
1780815112,93.5279,9
1780815114,93.5296,6
1780815116,93.5353,3
1780815118,93.5363,3
1780815120,93.5524,4
1780815122,93.5539,9
1780815124,93.5420,0
1780815126,93.5443,3
1780815128,93.5461,1
1780815130,93.5511,1
1780815132,93.5337,7
1780815134,93.5242,2
1780815136,93.5144,4
1780815138,93.5243,3
1780815140,93.5115,5
1780815142,93.5282,2
1780815144,93.5261,1
1780815146,93.5326,6
1780815148,93.5165,5
1780815150,93.5330,0
1780815152,93.5187,7
1780815154,93.5126,6
1780815156,93.5288,8
1780815158,93.5285,5
1780815160,93.5184,4
1780815162,93.5187,7
1780815164,93.5161,1
1780815166,93.4984,4
1780815168,93.5233,3
1780815170,93.5442,2
1780815172,93.5547,7
1780815174,93.5709,9
1780815176,93.5699,9
1780815178,93.5466,6
1780815180,93.5444,4
1780815182,93.5457,7
1780815184,93.5508,8
1780815186,93.5620,0
1780815188,93.5621,1
1780815190,93.5864,4
1780815192,93.6055,5
1780815194,93.6121,1
1780815196,93.6097,7
1780815198,93.5929,9
1780815200,93.6064,4
1780815202,93.6058,8
1780815204,93.6052,2
1780815206,93.5978,8
1780815208,93.6037,7
1780815210,93.5794,4
1780815212,93.5913,3
1780815214,93.5934,4
1780815216,93.5922,2
1780815218,93.5980,0
1780815220,93.6021,1
1780815222,93.5995,5
1780815224,93.5828,8
1780815226,93.5806,6
1780815228,93.6069,9
1780815230,93.5891,1
1780815232,93.5858,8
1780815234,93.5859,9
1780815236,93.5708,8
1780815238,93.5672,2
1780815240,93.5776,6
1780815242,93.5986,6
1780815244,93.6122,2
1780815246,93.6065,5
1780815248,93.6142,2
1780815250,93.6318,8
1780815252,93.6178,8
1780815254,93.6288,8
1780815256,93.6376,6
1780815258,93.6330,0
1780815260,93.6274,4
1780815262,93.6198,8
1780815264,93.6126,6
1780815266,93.6118,8
1780815268,93.6106,6
1780815270,93.5981,1
1780815272,93.5980,0
1780815274,93.6035,5
1780815276,93.5880,0
1780815278,93.5869,9
1780815280,93.5852,2
1780815282,93.5782,2
1780815284,93.5970,0
1780815286,93.5918,8
1780815288,93.5762,2
1780815290,93.5547,7
1780815292,93.5553,3
1780815294,93.5499,9
1780815296,93.5563,3
1780815298,93.5743,3
1780815300,93.5775,5
1780815302,93.5858,8
1780815304,93.6003,3
1780815306,93.6039,9
1780815308,93.5953,3
1780815310,93.6194,4
1780815312,93.6329,9
1780815314,93.6394,4
1780815316,93.6402,2
1780815318,93.6288,8
1780815320,93.6333,3
1780815322,93.6351,1
1780815324,93.6392,2
1780815326,93.6314,4
1780815328,93.6448,8
1780815330,93.6262,2
1780815332,93.6285,5
1780815334,93.6230,0
1780815336,93.6452,2
1780815338,93.6312,2
1780815340,93.6197,7
1780815342,93.6167,7
1780815344,93.6133,3
1780815346,93.6079,9
1780815348,93.6128,8
1780815350,93.6005,5
1780815352,93.6032,2
1780815354,93.5910,0
1780815356,93.5892,2
1780815358,93.5692,2
1780815360,93.5850,0
1780815362,93.5752,2
1780815364,93.5699,9
1780815366,93.5580,0
1780815368,93.5530,0
1780815370,93.5556,6
1780815372,93.5395,5
1780815374,93.5510,0
1780815376,93.5556,6
1780815378,93.5532,2
1780815380,93.5566,6
1780815382,93.5592,2
1780815384,93.5563,3
1780815386,93.5558,8
1780815388,93.5426,6
1780815390,93.5579,9
1780815392,93.5909,9
1780815394,93.5923,3
1780815396,93.5980,0
1780815398,93.6086,6
1780815400,93.5943,3
1780815402,93.6042,2
1780815404,93.6147,7
1780815406,93.6103,3
1780815408,93.6220,0
1780815410,93.6152,2
1780815412,93.6415,5
1780815414,93.6404,4
1780815416,93.6179,9
1780815418,93.6142,2
1780815420,93.6217,7
1780815422,93.6130,0
1780815424,93.6136,6
1780815426,93.6073,3
1780815428,93.6280,0
1780815430,93.6454,4
1780815432,93.6285,5
1780815434,93.6409,9
1780815436,93.6489,9
1780815438,93.6319,9
1780815440,93.6432,2
1780815442,93.6465,5
1780815444,93.6467,7
1780815446,93.6624,4
1780815448,93.6655,5
1780815450,93.6624,4
1780815452,93.6508,8
1780815454,93.6330,0
1780815456,93.6472,2
1780815458,93.6684,4
1780815460,93.6687,7
1780815462,93.6561,1
1780815464,93.6445,5
1780815466,93.6531,1
1780815468,93.6595,5
1780815470,93.6426,6
1780815472,93.6490,0
1780815474,93.6433,3
1780815476,93.6287,7
1780815478,93.6259,9
1780815480,93.6388,8
1780815482,93.6318,8
1780815484,93.6433,3
1780815486,93.6497,7
1780815488,93.6323,3
1780815490,93.6316,6
1780815492,93.6156,6
1780815494,93.6133,3
1780815496,93.6099,9
1780815498,93.6254,4
1780815500,93.6094,4
1780815502,93.6001,1
1780815504,93.5868,8
1780815506,93.5958,8
1780815508,93.5889,9
1780815510,93.5919,9
1780815512,93.5894,4
1780815514,93.6053,3
1780815516,93.5936,6
1780815518,93.6068,8
1780815520,93.6077,7
1780815522,93.6026,6
1780815524,93.6035,5
1780815526,93.6034,4
1780815528,93.6018,8
1780815530,93.6132,2
1780815532,93.6061,1
1780815534,93.6030,0
1780815536,93.6121,1
1780815538,93.6133,3
1780815540,93.6213,3
1780815542,93.6094,4
1780815544,93.6226,6
1780815546,93.6453,3
1780815548,93.6394,4
1780815550,93.6580,0
1780815552,93.6689,9
1780815554,93.6754,4
1780815556,93.6878,8
1780815558,93.7008,8
1780815560,93.7135,5
1780815562,93.6970,0
1780815564,93.7000,0
1780815566,93.7026,6
1780815568,93.7130,0
1780815570,93.7237,7
1780815572,93.7186,6
1780815574,93.7229,9
1780815576,93.7020,0
1780815578,93.7035,5
1780815580,93.7103,3
1780815582,93.7117,7
1780815584,93.6954,4
1780815586,93.7001,1
1780815588,93.6910,0
1780815590,93.6800,0
1780815592,93.6686,6
1780815594,93.6736,6
1780815596,93.6641,1
1780815598,93.6637,7
1780815600,93.6571,1
1780815602,93.6413,3
1780815604,93.6497,7
1780815606,93.6536,6
1780815608,93.6456,6
1780815610,93.6566,6
1780815612,93.6436,6
1780815614,93.6511,1
1780815616,93.6561,1
1780815618,93.6743,3
1780815620,93.6689,9
1780815622,93.6823,3
1780815624,93.6827,7
1780815626,93.6995,5
1780815628,93.7057,7
1780815630,93.6790,0
1780815632,93.6783,3
1780815634,93.6713,3
1780815636,93.6718,8
1780815638,93.6745,5
1780815640,93.6828,8
1780815642,93.6919,9
1780815644,93.6821,1
1780815646,93.6642,2
1780815648,93.6501,1
1780815650,93.6690,0
1780815652,93.6555,5
1780815654,93.6463,3
1780815656,93.6460,0
1780815658,93.6466,6
1780815660,93.6398,8
1780815662,93.6395,5
1780815664,93.6383,3
1780815666,93.6306,6
1780815668,93.6334,4
1780815670,93.6422,2
1780815672,93.6495,5
1780815674,93.6483,3
1780815676,93.6548,8
1780815678,93.6491,1
1780815680,93.6368,8
1780815682,93.6240,0
1780815684,93.6262,2
1780815686,93.6362,2
1780815688,93.6587,7
1780815690,93.6498,8
1780815692,93.6531,1
1780815694,93.6591,1
1780815696,93.6506,6
1780815698,93.6426,6
1780815700,93.6414,4
1780815702,93.6417,7
1780815704,93.6203,3
1780815706,93.6254,4
1780815708,93.6347,7
1780815710,93.6443,3
1780815712,93.6326,6
1780815714,93.6388,8
1780815716,93.6555,5
1780815718,93.6484,4
1780815720,93.6563,3
1780815722,93.6452,2
1780815724,93.6505,5
1780815726,93.6443,3
1780815728,93.6378,8
1780815730,93.6441,1
1780815732,93.6417,7
1780815734,93.6688,8
1780815736,93.6721,1
1780815738,93.6709,9
1780815740,93.6598,8
1780815742,93.6762,2
1780815744,93.6699,9
1780815746,93.6638,8
1780815748,93.6799,9
1780815750,93.6882,2
1780815752,93.6882,2
1780815754,93.6843,3
1780815756,93.6822,2
1780815758,93.6856,6
1780815760,93.6875,5
1780815762,93.6696,6
1780815764,93.6904,4
1780815766,93.6822,2
1780815768,93.6776,6
1780815770,93.6815,5
1780815772,93.6759,9
1780815774,93.6768,8
1780815776,93.6816,6
1780815778,93.6710,0
1780815780,93.6619,9
1780815782,93.6557,7
1780815784,93.6555,5
1780815786,93.6733,3
1780815788,93.6677,7
1780815790,93.6741,1
1780815792,93.6653,3
1780815794,93.6492,2
1780815796,93.6584,4
1780815798,93.6745,5
1780815800,93.6734,4
1780815802,93.6717,7
1780815804,93.6409,9
1780815806,93.6225,5
1780815808,93.6225,5
1780815810,93.6074,4
1780815812,93.6082,2
1780815814,93.6110,0
1780815816,93.6057,7
1780815818,93.6064,4
1780815820,93.6121,1
1780815822,93.6064,4
1780815824,93.6187,7
1780815826,93.6186,6
1780815828,93.6201,1
1780815830,93.6208,8
1780815832,93.6266,6
1780815834,93.6157,7
1780815836,93.5892,2
1780815838,93.5910,0
1780815840,93.5660,0
1780815842,93.5967,7
1780815844,93.5889,9
1780815846,93.5867,7
1780815848,93.6025,5
1780815850,93.5956,6
1780815852,93.5892,2
1780815854,93.5868,8
1780815856,93.5905,5
1780815858,93.5952,2
1780815860,93.6063,3
1780815862,93.6164,4
1780815864,93.6242,2
1780815866,93.6192,2
1780815868,93.6215,5
1780815870,93.6541,1
1780815872,93.6489,9
1780815874,93.6251,1
1780815876,93.6512,2
1780815878,93.6444,4
1780815880,93.6493,3
1780815882,93.6471,1
1780815884,93.6516,6
1780815886,93.6478,8
1780815888,93.6428,8
1780815890,93.6171,1
1780815892,93.5863,3
1780815894,93.5826,6
1780815896,93.5878,8
1780815898,93.5745,5
1780815900,93.5794,4
1780815902,93.5716,6
1780815904,93.6004,4
1780815906,93.6116,6
1780815908,93.6084,4
1780815910,93.6145,5
1780815912,93.5967,7
1780815914,93.5818,8
1780815916,93.5862,2
1780815918,93.5867,7
1780815920,93.5872,2
1780815922,93.5875,5
1780815924,93.5784,4
1780815926,93.5994,4
1780815928,93.6003,3
1780815930,93.6021,1
1780815932,93.5931,1
1780815934,93.5811,1
1780815936,93.5651,1
1780815938,93.5801,1
1780815940,93.5988,8
1780815942,93.5888,8
1780815944,93.5864,4
1780815946,93.5836,6
1780815948,93.5861,1
1780815950,93.5685,5
1780815952,93.5642,2
1780815954,93.5429,9
1780815956,93.5400,0
1780815958,93.5188,8
1780815960,93.5292,2
1780815962,93.5263,3
1780815964,93.5157,7
1780815966,93.4962,2
1780815968,93.5172,2
1780815970,93.5118,8
1780815972,93.4933,3
1780815974,93.4973,3
1780815976,93.4852,2
1780815978,93.4986,6
1780815980,93.4821,1
1780815982,93.4814,4
1780815984,93.4762,2
1780815986,93.4648,8
1780815988,93.4726,6
1780815990,93.4685,5
1780815992,93.4717,7
1780815994,93.4848,8
1780815996,93.4775,5
1780815998,93.4781,1
1780816000,93.4722,2
1780816002,93.4669,9
1780816004,93.4655,5
1780816006,93.4573,3
1780816008,93.4559,9
1780816010,93.4559,9
1780816012,93.4383,3
1780816014,93.4441,1
1780816016,93.4298,8
1780816018,93.4232,2
1780816020,93.3994,4
1780816022,93.4001,1
1780816024,93.3986,6
1780816026,93.4147,7
1780816028,93.4137,7
1780816030,93.4113,3
1780816032,93.4182,2
1780816034,93.4130,0
1780816036,93.4189,9
1780816038,93.4052,2
1780816040,93.4109,9
1780816042,93.3866,6
1780816044,93.3867,7
1780816046,93.3795,5
1780816048,93.3889,9
1780816050,93.3791,1
1780816052,93.3849,9
1780816054,93.3992,2
1780816056,93.4053,3
1780816058,93.4342,2
1780816060,93.4371,1
1780816062,93.4386,6
1780816064,93.4526,6
1780816066,93.4576,6
1780816068,93.4767,7
1780816070,93.4594,4
1780816072,93.4539,9
1780816074,93.4558,8
1780816076,93.4380,0
1780816078,93.4228,8
1780816080,93.4108,8
1780816082,93.4176,6
1780816084,93.4261,1
1780816086,93.4157,7
1780816088,93.4041,1
1780816090,93.4215,5
1780816092,93.4158,8
1780816094,93.4194,4
1780816096,93.4124,4
1780816098,93.4046,6
1780816100,93.4201,1
1780816102,93.4338,8
1780816104,93.4341,1
1780816106,93.4347,7
1780816108,93.4352,2
1780816110,93.4399,9
1780816112,93.4292,2
1780816114,93.4206,6
1780816116,93.4059,9
1780816118,93.4096,6
1780816120,93.4212,2
1780816122,93.4076,6
1780816124,93.4060,0
1780816126,93.4111,1
1780816128,93.4177,7
1780816130,93.4093,3
1780816132,93.3932,2
1780816134,93.3782,2
1780816136,93.3761,1
1780816138,93.3673,3
1780816140,93.3679,9
1780816142,93.3512,2
1780816144,93.3379,9
1780816146,93.3326,6
1780816148,93.3507,7
1780816150,93.3618,8
1780816152,93.3658,8
1780816154,93.3621,1
1780816156,93.3546,6
1780816158,93.3487,7
1780816160,93.3373,3
1780816162,93.3487,7
1780816164,93.3520,0
1780816166,93.3533,3
1780816168,93.3696,6
1780816170,93.3851,1
1780816172,93.3908,8
1780816174,93.3874,4
1780816176,93.3915,5
1780816178,93.3771,1
1780816180,93.3829,9
1780816182,93.3962,2
1780816184,93.4083,3
1780816186,93.4016,6
1780816188,93.4184,4
1780816190,93.4421,1
1780816192,93.4458,8
1780816194,93.4515,5
1780816196,93.4415,5
1780816198,93.4455,5
1780816200,93.4300,0
1780816202,93.4329,9
1780816204,93.4397,7
1780816206,93.4468,8
1780816208,93.4293,3
1780816210,93.4143,3
1780816212,93.4230,0
1780816214,93.3954,4
1780816216,93.3920,0
1780816218,93.3730,0
1780816220,93.3808,8
1780816222,93.3664,4
1780816224,93.3706,6
1780816226,93.3621,1
1780816228,93.3715,5
1780816230,93.3568,8
1780816232,93.3666,6
1780816234,93.3688,8
1780816236,93.3529,9
1780816238,93.3565,5
1780816240,93.3700,0
1780816242,93.3839,9
1780816244,93.3818,8
1780816246,93.3728,8
1780816248,93.3831,1
1780816250,93.3951,1
1780816252,93.3943,3
1780816254,93.3915,5
1780816256,93.3914,4
1780816258,93.4137,7
1780816260,93.4245,5
1780816262,93.4269,9
1780816264,93.4347,7
1780816266,93.4214,4
1780816268,93.4350,0
1780816270,93.4417,7
1780816272,93.4476,6
1780816274,93.4439,9
1780816276,93.4560,0
1780816278,93.4636,6
1780816280,93.4750,0
1780816282,93.4556,6
1780816284,93.4468,8
1780816286,93.4499,9
1780816288,93.4463,3
1780816290,93.4596,6
1780816292,93.4844,4
1780816294,93.4791,1
1780816296,93.4944,4
1780816298,93.4852,2
1780816300,93.4813,3
1780816302,93.4675,5
1780816304,93.4780,0
1780816306,93.4979,9
1780816308,93.4967,7
1780816310,93.5030,0
1780816312,93.5073,3
1780816314,93.5161,1
1780816316,93.5172,2
1780816318,93.5180,0
1780816320,93.5342,2
1780816322,93.5543,3
1780816324,93.5422,2
1780816326,93.5449,9
1780816328,93.5541,1
1780816330,93.5516,6
1780816332,93.5621,1
1780816334,93.5621,1
1780816336,93.5599,9
1780816338,93.5462,2
1780816340,93.5584,4
1780816342,93.5589,9
1780816344,93.5489,9
1780816346,93.5631,1
1780816348,93.5448,8
1780816350,93.5418,8
1780816352,93.5299,9
1780816354,93.5412,2
1780816356,93.5398,8
1780816358,93.5421,1
1780816360,93.5394,4
1780816362,93.5531,1
1780816364,93.5573,3
1780816366,93.5763,3
1780816368,93.5772,2
1780816370,93.5822,2
1780816372,93.5756,6
1780816374,93.5634,4
1780816376,93.5781,1
1780816378,93.5896,6
1780816380,93.5954,4
1780816382,93.5895,5
1780816384,93.6043,3
1780816386,93.6074,4
1780816388,93.5917,7
1780816390,93.5944,4
1780816392,93.6174,4
1780816394,93.6359,9
1780816396,93.6218,8
1780816398,93.6452,2
1780816400,93.6697,7
1780816402,93.6532,2
1780816404,93.6483,3
1780816406,93.6398,8
1780816408,93.6506,6
1780816410,93.6407,7
1780816412,93.6385,5
1780816414,93.6293,3
1780816416,93.6321,1
1780816418,93.6371,1
1780816420,93.6351,1
1780816422,93.6184,4
1780816424,93.6282,2
1780816426,93.6483,3
1780816428,93.6248,8
1780816430,93.6419,9
1780816432,93.6505,5
1780816434,93.6609,9
1780816436,93.6441,1
1780816438,93.6496,6
1780816440,93.6659,9
1780816442,93.6950,0
1780816444,93.6974,4
1780816446,93.7055,5
1780816448,93.7062,2
1780816450,93.7272,2
1780816452,93.7307,7
1780816454,93.7223,3
1780816456,93.7111,1
1780816458,93.7100,0
1780816460,93.7080,0
1780816462,93.7185,5
1780816464,93.7397,7
1780816466,93.7644,4
1780816468,93.7672,2
1780816470,93.7679,9
1780816472,93.7744,4
1780816474,93.7875,5
1780816476,93.7832,2
1780816478,93.7996,6
1780816480,93.7874,4
1780816482,93.7883,3
1780816484,93.7903,3
1780816486,93.7900,0
1780816488,93.7665,5
1780816490,93.7638,8
1780816492,93.7947,7
1780816494,93.8030,0
1780816496,93.8225,5
1780816498,93.8460,0
1780816500,93.8401,1
1780816502,93.8594,4
1780816504,93.8708,8
1780816506,93.8599,9
1780816508,93.8642,2
1780816510,93.8521,1
1780816512,93.8491,1
1780816514,93.8521,1
1780816516,93.8670,0
1780816518,93.8643,3
1780816520,93.8809,9
1780816522,93.8708,8
1780816524,93.8510,0
1780816526,93.8458,8
1780816528,93.8437,7
1780816530,93.8494,4
1780816532,93.8282,2
1780816534,93.8321,1
1780816536,93.8289,9
1780816538,93.8383,3
1780816540,93.8227,7
1780816542,93.8166,6
1780816544,93.8138,8
1780816546,93.7933,3
1780816548,93.7941,1
1780816550,93.7873,3
1780816552,93.8007,7
1780816554,93.7969,9
1780816556,93.7929,9
1780816558,93.7899,9
1780816560,93.8108,8
1780816562,93.8059,9
1780816564,93.7986,6
1780816566,93.7924,4
1780816568,93.7912,2
1780816570,93.7647,7
1780816572,93.7821,1
1780816574,93.7600,0
1780816576,93.7443,3
1780816578,93.7412,2
1780816580,93.7329,9
1780816582,93.7316,6
1780816584,93.7184,4
1780816586,93.7179,9
1780816588,93.7003,3
1780816590,93.7169,9
1780816592,93.7173,3
1780816594,93.6953,3
1780816596,93.7018,8
1780816598,93.7163,3
1780816600,93.7232,2
1780816602,93.7470,0
1780816604,93.7508,8
1780816606,93.7208,8
1780816608,93.7276,6
1780816610,93.7312,2
1780816612,93.7088,8
1780816614,93.7100,0
1780816616,93.7078,8
1780816618,93.6913,3
1780816620,93.6875,5
1780816622,93.6865,5
1780816624,93.6680,0
1780816626,93.6768,8
1780816628,93.6661,1
1780816630,93.6609,9
1780816632,93.6651,1
1780816634,93.6678,8
1780816636,93.6680,0
1780816638,93.6462,2
1780816640,93.6380,0
1780816642,93.6371,1
1780816644,93.6359,9
1780816646,93.6258,8
1780816648,93.6229,9
1780816650,93.6027,7
1780816652,93.6108,8
1780816654,93.5964,4
1780816656,93.6052,2
1780816658,93.5938,8
1780816660,93.5726,6
1780816662,93.5795,5
1780816664,93.5808,8
1780816666,93.5628,8
1780816668,93.5607,7
1780816670,93.5635,5
1780816672,93.5656,6
1780816674,93.5670,0
1780816676,93.5658,8
1780816678,93.5597,7
1780816680,93.5443,3
1780816682,93.5577,7
1780816684,93.5614,4
1780816686,93.5451,1
1780816688,93.5352,2
1780816690,93.5095,5
1780816692,93.5105,5
1780816694,93.4998,8
1780816696,93.4955,5
1780816698,93.5012,2
1780816700,93.5004,4
1780816702,93.4961,1
1780816704,93.4872,2
1780816706,93.4736,6
1780816708,93.4766,6
1780816710,93.4977,7
1780816712,93.4961,1
1780816714,93.5115,5
1780816716,93.5304,4
1780816718,93.5363,3
1780816720,93.5455,5
1780816722,93.5492,2
1780816724,93.5497,7
1780816726,93.5248,8
1780816728,93.5391,1
1780816730,93.5536,6
1780816732,93.5721,1
1780816734,93.5790,0
1780816736,93.5980,0
1780816738,93.5824,4
1780816740,93.5569,9
1780816742,93.5586,6
1780816744,93.5609,9
1780816746,93.5717,7
1780816748,93.5787,7
1780816750,93.5705,5
1780816752,93.5843,3
1780816754,93.5800,0
1780816756,93.5745,5
1780816758,93.5805,5
1780816760,93.5731,1
1780816762,93.5793,3
1780816764,93.5801,1
1780816766,93.5799,9
1780816768,93.5868,8
1780816770,93.5908,8
1780816772,93.6097,7
1780816774,93.5936,6
1780816776,93.5906,6
1780816778,93.5807,7
1780816780,93.5872,2
1780816782,93.5710,0
1780816784,93.5691,1
1780816786,93.5672,2
1780816788,93.5556,6
1780816790,93.5590,0
1780816792,93.5487,7
1780816794,93.5579,9
1780816796,93.5663,3
1780816798,93.5512,2
1780816800,93.5530,0
1780816802,93.5804,4
1780816804,93.5770,0
1780816806,93.5823,3
1780816808,93.5951,1
1780816810,93.5872,2
1780816812,93.6038,8
1780816814,93.5856,6
1780816816,93.5845,5
1780816818,93.5748,8
1780816820,93.5576,6
1780816822,93.5647,7
1780816824,93.5574,4
1780816826,93.5496,6
1780816828,93.5495,5
1780816830,93.5530,0
1780816832,93.5519,9
1780816834,93.5377,7
1780816836,93.5345,5
1780816838,93.5479,9
1780816840,93.5579,9
1780816842,93.5370,0
1780816844,93.5290,0
1780816846,93.5349,9
1780816848,93.5196,6
1780816850,93.5095,5
1780816852,93.4964,4
1780816854,93.5036,6
1780816856,93.5088,8
1780816858,93.5124,4
1780816860,93.5078,8
1780816862,93.5099,9
1780816864,93.4982,2
1780816866,93.4953,3
1780816868,93.5016,6
1780816870,93.5002,2
1780816872,93.5113,3
1780816874,93.5261,1
1780816876,93.5503,3
1780816878,93.5559,9
1780816880,93.5575,5
1780816882,93.5633,3
1780816884,93.5595,5
1780816886,93.5488,8
1780816888,93.5407,7
1780816890,93.5249,9
1780816892,93.5299,9
1780816894,93.5392,2
1780816896,93.5272,2
1780816898,93.5330,0
1780816900,93.5337,7
1780816902,93.4999,9
1780816904,93.5182,2
1780816906,93.5175,5
1780816908,93.5240,0
1780816910,93.5332,2
1780816912,93.5650,0
1780816914,93.5720,0
1780816916,93.5793,3
1780816918,93.5613,3
1780816920,93.5647,7
1780816922,93.5732,2
1780816924,93.5613,3
1780816926,93.5615,5
1780816928,93.5604,4
1780816930,93.5766,6
1780816932,93.5959,9
1780816934,93.5717,7
1780816936,93.5586,6
1780816938,93.5583,3
1780816940,93.5779,9
1780816942,93.5783,3
1780816944,93.5881,1
1780816946,93.6007,7
1780816948,93.6043,3
1780816950,93.5825,5
1780816952,93.5717,7
1780816954,93.5678,8
1780816956,93.5615,5
1780816958,93.5708,8
1780816960,93.5871,1
1780816962,93.5512,2
1780816964,93.5497,7
1780816966,93.5595,5
1780816968,93.5509,9
1780816970,93.5425,5
1780816972,93.5642,2
1780816974,93.5633,3
1780816976,93.5641,1
1780816978,93.5591,1
1780816980,93.5508,8
1780816982,93.5447,7
1780816984,93.5448,8
1780816986,93.5573,3
1780816988,93.5537,7
1780816990,93.5627,7
1780816992,93.5692,2
1780816994,93.5814,4
1780816996,93.5805,5
1780816998,93.5658,8
1780817000,93.5701,1
1780817002,93.5696,6
1780817004,93.5622,2
1780817006,93.5700,0
1780817008,93.5697,7
1780817010,93.5477,7
1780817012,93.5501,1
1780817014,93.5453,3
1780817016,93.5321,1
1780817018,93.5230,0
1780817020,93.5310,0
1780817022,93.5227,7
1780817024,93.5319,9
1780817026,93.5345,5
1780817028,93.5378,8
1780817030,93.5502,2
1780817032,93.5376,6
1780817034,93.5517,7
1780817036,93.5532,2
1780817038,93.5845,5
1780817040,93.5644,4
1780817042,93.5597,7
1780817044,93.5636,6
1780817046,93.5665,5
1780817048,93.5661,1
1780817050,93.5676,6
1780817052,93.5707,7
1780817054,93.5663,3
1780817056,93.5478,8
1780817058,93.5390,0
1780817060,93.5382,2
1780817062,93.5402,2
1780817064,93.5258,8
1780817066,93.5177,7
1780817068,93.5038,8
1780817070,93.5113,3
1780817072,93.5153,3
1780817074,93.5146,6
1780817076,93.5096,6
1780817078,93.4931,1
1780817080,93.4912,2
1780817082,93.4868,8
1780817084,93.4861,1
1780817086,93.4635,5
1780817088,93.4734,4
1780817090,93.4723,3
1780817092,93.4742,2
1780817094,93.4558,8
1780817096,93.4695,5
1780817098,93.4709,9
1780817100,93.4788,8
1780817102,93.4772,2
1780817104,93.4595,5
1780817106,93.4469,9
1780817108,93.4496,6
1780817110,93.4605,5
1780817112,93.4551,1
1780817114,93.4579,9
1780817116,93.4525,5
1780817118,93.4574,4
1780817120,93.4827,7
1780817122,93.5060,0
1780817124,93.4952,2
1780817126,93.4899,9
1780817128,93.4828,8
1780817130,93.4823,3
1780817132,93.5086,6
1780817134,93.5050,0
1780817136,93.4877,7
1780817138,93.4976,6
1780817140,93.4858,8
1780817142,93.4904,4
1780817144,93.4816,6
1780817146,93.4983,3
1780817148,93.4838,8
1780817150,93.4869,9
1780817152,93.5045,5
1780817154,93.5118,8
1780817156,93.5077,7
1780817158,93.5070,0
1780817160,93.4884,4
1780817162,93.4984,4
1780817164,93.5066,6
1780817166,93.5150,0
1780817168,93.5216,6
1780817170,93.5462,2
1780817172,93.5461,1
1780817174,93.5615,5
1780817176,93.5374,4
1780817178,93.5565,5
1780817180,93.5604,4
1780817182,93.5588,8
1780817184,93.5568,8
1780817186,93.5500,0
1780817188,93.5482,2
1780817190,93.5711,1
1780817192,93.5688,8
1780817194,93.5859,9
1780817196,93.5853,3
1780817198,93.6045,5
1780817200,93.6026,6
1780817202,93.6059,9
1780817204,93.6087,7
1780817206,93.6012,2
1780817208,93.6071,1
1780817210,93.5997,7
1780817212,93.6024,4
1780817214,93.6009,9
1780817216,93.5868,8
1780817218,93.6027,7
1780817220,93.5878,8
1780817222,93.5659,9
1780817224,93.5657,7
1780817226,93.5647,7
1780817228,93.5795,5
1780817230,93.5900,0
1780817232,93.5762,2
1780817234,93.5879,9
1780817236,93.5810,0
1780817238,93.5808,8
1780817240,93.5796,6
1780817242,93.5871,1
1780817244,93.5999,9
1780817246,93.5867,7
1780817248,93.6096,6
1780817250,93.5994,4
1780817252,93.5762,2
1780817254,93.5690,0
1780817256,93.5744,4
1780817258,93.5845,5
1780817260,93.5859,9
1780817262,93.6060,0
1780817264,93.6027,7
1780817266,93.5969,9
1780817268,93.5837,7
1780817270,93.5862,2
1780817272,93.5953,3
1780817274,93.5871,1
1780817276,93.5874,4
1780817278,93.5955,5
1780817280,93.5884,4
1780817282,93.5910,0
1780817284,93.6056,6
1780817286,93.6102,2
1780817288,93.6062,2
1780817290,93.6140,0
1780817292,93.6077,7
1780817294,93.6165,5
1780817296,93.6013,3
1780817298,93.5959,9
1780817300,93.5965,5
1780817302,93.5836,6
1780817304,93.5600,0
1780817306,93.5584,4
1780817308,93.5373,3
1780817310,93.5449,9
1780817312,93.5397,7
1780817314,93.5486,6
1780817316,93.5615,5
1780817318,93.5588,8
1780817320,93.5598,8
1780817322,93.5548,8
1780817324,93.5583,3
1780817326,93.5634,4
1780817328,93.5707,7
1780817330,93.5742,2
1780817332,93.5626,6
1780817334,93.5554,4
1780817336,93.5356,6
1780817338,93.5327,7
1780817340,93.5406,6
1780817342,93.5430,0
1780817344,93.5567,7
1780817346,93.5610,0
1780817348,93.5676,6
1780817350,93.5588,8
1780817352,93.5602,2
1780817354,93.5507,7
1780817356,93.5254,4
1780817358,93.5236,6
1780817360,93.5184,4
1780817362,93.5317,7
1780817364,93.5191,1
1780817366,93.5065,5
1780817368,93.5219,9
1780817370,93.4981,1
1780817372,93.4762,2
1780817374,93.4776,6
1780817376,93.4741,1
1780817378,93.4722,2
1780817380,93.4651,1
1780817382,93.4727,7
1780817384,93.4811,1
1780817386,93.4790,0
1780817388,93.4856,6
1780817390,93.5019,9
1780817392,93.5110,0
1780817394,93.4984,4
1780817396,93.5171,1
1780817398,93.5123,3
1780817400,93.5299,9
1780817402,93.5458,8
1780817404,93.5402,2
1780817406,93.5293,3
1780817408,93.5415,5
1780817410,93.5227,7
1780817412,93.5291,1
1780817414,93.5325,5
1780817416,93.5363,3
1780817418,93.5456,6
1780817420,93.5387,7
1780817422,93.5431,1
1780817424,93.5351,1
1780817426,93.5336,6
1780817428,93.5201,1
1780817430,93.5102,2
1780817432,93.5279,9
1780817434,93.5284,4
1780817436,93.5160,0
1780817438,93.5198,8
1780817440,93.5225,5
1780817442,93.5112,2
1780817444,93.5032,2
1780817446,93.5045,5
1780817448,93.4976,6
1780817450,93.4912,2
1780817452,93.4880,0
1780817454,93.5049,9
1780817456,93.5133,3
1780817458,93.5217,7
1780817460,93.5238,8
1780817462,93.5192,2
1780817464,93.4973,3
1780817466,93.5033,3
1780817468,93.4979,9
1780817470,93.5054,4
1780817472,93.5243,3
1780817474,93.5196,6
1780817476,93.5122,2
1780817478,93.5209,9
1780817480,93.4969,9
1780817482,93.4966,6
1780817484,93.5128,8
1780817486,93.5141,1
1780817488,93.5272,2
1780817490,93.5256,6
1780817492,93.5165,5
1780817494,93.5209,9
1780817496,93.5170,0
1780817498,93.5122,2
1780817500,93.5270,0
1780817502,93.5149,9
1780817504,93.5091,1
1780817506,93.5033,3
1780817508,93.4964,4
1780817510,93.4904,4
1780817512,93.4754,4
1780817514,93.4656,6
1780817516,93.4694,4
1780817518,93.4586,6
1780817520,93.4594,4
1780817522,93.4468,8
1780817524,93.4530,0
1780817526,93.4600,0
1780817528,93.4661,1
1780817530,93.4891,1
1780817532,93.4728,8
1780817534,93.4793,3
1780817536,93.4760,0
1780817538,93.4775,5
1780817540,93.4619,9
1780817542,93.4422,2
1780817544,93.4496,6
1780817546,93.4458,8
1780817548,93.4436,6
1780817550,93.4506,6
1780817552,93.4465,5
1780817554,93.4594,4
1780817556,93.4381,1
1780817558,93.4592,2
1780817560,93.4563,3
1780817562,93.4599,9
1780817564,93.4518,8
1780817566,93.4396,6
1780817568,93.4446,6
1780817570,93.4348,8
1780817572,93.4331,1
1780817574,93.4576,6
1780817576,93.4472,2
1780817578,93.4527,7
1780817580,93.4527,7
1780817582,93.4507,7
1780817584,93.4606,6
1780817586,93.4599,9
1780817588,93.4456,6
1780817590,93.4543,3
1780817592,93.4563,3
1780817594,93.4435,5
1780817596,93.4375,5
1780817598,93.4158,8
1780817600,93.4194,4
1780817602,93.4179,9
1780817604,93.4125,5
1780817606,93.4199,9
1780817608,93.4169,9
1780817610,93.4174,4
1780817612,93.4208,8
1780817614,93.4330,0
1780817616,93.4541,1
1780817618,93.4616,6
1780817620,93.4577,7
1780817622,93.4719,9
1780817624,93.4756,6
1780817626,93.4737,7
1780817628,93.4858,8
1780817630,93.4872,2
1780817632,93.4690,0
1780817634,93.4610,0
1780817636,93.4658,8
1780817638,93.4539,9
1780817640,93.4502,2
1780817642,93.4436,6
1780817644,93.4363,3
1780817646,93.4383,3
1780817648,93.4296,6
1780817650,93.4427,7
1780817652,93.4443,3
1780817654,93.4348,8
1780817656,93.4310,0
1780817658,93.4407,7
1780817660,93.4527,7
1780817662,93.4411,1
1780817664,93.4497,7
1780817666,93.4608,8
1780817668,93.4576,6
1780817670,93.4530,0
1780817672,93.4539,9
1780817674,93.4587,7
1780817676,93.4604,4
1780817678,93.4799,9
1780817680,93.4666,6
1780817682,93.4479,9
1780817684,93.4663,3
1780817686,93.4736,6
1780817688,93.4567,7
1780817690,93.4447,7
1780817692,93.4409,9
1780817694,93.4211,1
1780817696,93.4404,4
1780817698,93.4566,6
1780817700,93.4505,5
1780817702,93.4351,1
1780817704,93.4269,9
1780817706,93.4246,6
1780817708,93.4001,1
1780817710,93.3923,3
1780817712,93.3970,0
1780817714,93.3975,5
1780817716,93.3853,3
1780817718,93.3604,4
1780817720,93.3645,5
1780817722,93.3690,0
1780817724,93.3624,4
1780817726,93.3578,8
1780817728,93.3825,5
1780817730,93.3790,0
1780817732,93.3618,8
1780817734,93.3569,9
1780817736,93.3814,4
1780817738,93.3739,9
1780817740,93.3763,3
1780817742,93.3864,4
1780817744,93.4004,4
1780817746,93.3983,3
1780817748,93.3997,7
1780817750,93.4048,8
1780817752,93.4020,0
1780817754,93.3902,2
1780817756,93.3902,2
1780817758,93.3870,0
1780817760,93.3849,9
1780817762,93.3827,7
1780817764,93.3690,0
1780817766,93.3667,7
1780817768,93.3784,4
1780817770,93.3737,7
1780817772,93.3779,9
1780817774,93.3617,7
1780817776,93.3757,7
1780817778,93.3911,1
1780817780,93.4010,0
1780817782,93.3928,8
1780817784,93.3895,5
1780817786,93.3859,9
1780817788,93.3815,5
1780817790,93.3801,1
1780817792,93.3718,8
1780817794,93.3691,1
1780817796,93.3586,6
1780817798,93.3592,2
1780817800,93.3469,9
1780817802,93.3373,3
1780817804,93.3358,8
1780817806,93.3602,2
1780817808,93.3626,6
1780817810,93.3661,1
1780817812,93.3766,6
1780817814,93.4022,2
1780817816,93.3953,3
1780817818,93.3986,6
1780817820,93.3801,1
1780817822,93.3591,1
1780817824,93.3612,2
1780817826,93.3557,7
1780817828,93.3380,0
1780817830,93.3340,0
1780817832,93.3502,2
1780817834,93.3487,7
1780817836,93.3515,5
1780817838,93.3702,2
1780817840,93.3668,8
1780817842,93.3876,6
1780817844,93.4076,6
1780817846,93.3970,0
1780817848,93.4045,5
1780817850,93.4138,8
1780817852,93.4256,6
1780817854,93.4233,3
1780817856,93.4231,1
1780817858,93.4385,5
1780817860,93.4411,1
1780817862,93.4643,3
1780817864,93.4610,0
1780817866,93.4556,6
1780817868,93.4425,5
1780817870,93.4304,4
1780817872,93.4354,4
1780817874,93.4242,2
1780817876,93.4226,6
1780817878,93.4150,0
1780817880,93.4138,8
1780817882,93.4003,3
1780817884,93.4132,2
1780817886,93.4195,5
1780817888,93.4238,8
1780817890,93.4071,1
1780817892,93.4111,1
1780817894,93.3968,8
1780817896,93.3879,9
1780817898,93.3906,6
1780817900,93.3980,0
1780817902,93.3909,9
1780817904,93.3785,5
1780817906,93.3877,7
1780817908,93.3802,2
1780817910,93.3734,4
1780817912,93.3569,9
1780817914,93.3538,8
1780817916,93.3752,2
1780817918,93.3794,4
1780817920,93.3783,3
1780817922,93.3781,1
1780817924,93.3755,5
1780817926,93.3643,3
1780817928,93.3561,1
1780817930,93.3429,9
1780817932,93.3546,6
1780817934,93.3430,0
1780817936,93.3576,6
1780817938,93.3513,3
1780817940,93.3506,6
1780817942,93.3398,8
1780817944,93.3486,6
1780817946,93.3512,2
1780817948,93.3490,0
1780817950,93.3507,7
1780817952,93.3580,0
1780817954,93.3485,5
1780817956,93.3397,7
1780817958,93.3481,1
1780817960,93.3541,1
1780817962,93.3496,6
1780817964,93.3448,8
1780817966,93.3357,7
1780817968,93.3306,6
1780817970,93.3484,4
1780817972,93.3467,7
1780817974,93.3507,7
1780817976,93.3617,7
1780817978,93.3645,5
1780817980,93.3715,5
1780817982,93.3572,2
1780817984,93.3531,1
1780817986,93.3661,1
1780817988,93.3677,7
1780817990,93.3667,7
1780817992,93.3723,3
1780817994,93.3848,8
1780817996,93.3946,6
1780817998,93.3918,8
1780818000,93.3871,1
1780818002,93.3848,8
1780818004,93.3615,5
1780818006,93.3522,2
1780818008,93.3661,1
1780818010,93.3688,8
1780818012,93.3756,6
1780818014,93.3730,0
1780818016,93.3817,7
1780818018,93.3836,6
1780818020,93.3796,6
1780818022,93.3903,3
1780818024,93.4081,1
1780818026,93.4190,0
1780818028,93.4194,4
1780818030,93.4329,9
1780818032,93.4155,5
1780818034,93.4294,4
1780818036,93.4435,5
1780818038,93.4357,7
1780818040,93.4349,9
1780818042,93.4432,2
1780818044,93.4485,5
1780818046,93.4413,3
1780818048,93.4343,3
1780818050,93.4102,2
1780818052,93.4147,7
1780818054,93.4391,1
1780818056,93.4483,3
1780818058,93.4384,4
1780818060,93.4284,4
1780818062,93.4318,8
1780818064,93.4206,6
1780818066,93.4267,7
1780818068,93.4037,7
1780818070,93.4123,3
1780818072,93.4115,5
1780818074,93.4049,9
1780818076,93.4027,7
1780818078,93.4130,0
1780818080,93.4123,3
1780818082,93.4058,8
1780818084,93.4226,6
1780818086,93.4341,1
1780818088,93.4163,3
1780818090,93.4124,4
1780818092,93.4173,3
1780818094,93.4321,1
1780818096,93.4111,1
1780818098,93.4149,9
1780818100,93.4075,5
1780818102,93.4007,7
1780818104,93.3989,9
1780818106,93.3973,3
1780818108,93.3976,6
1780818110,93.4047,7
1780818112,93.4219,9
1780818114,93.4318,8
1780818116,93.4277,7
1780818118,93.4347,7
1780818120,93.4233,3
1780818122,93.4287,7
1780818124,93.4207,7
1780818126,93.4289,9
1780818128,93.4407,7
1780818130,93.4371,1
1780818132,93.4289,9
1780818134,93.4427,7
1780818136,93.4436,6
1780818138,93.4505,5
1780818140,93.4506,6
1780818142,93.4441,1
1780818144,93.4535,5
1780818146,93.4497,7
1780818148,93.4591,1
1780818150,93.4674,4
1780818152,93.4762,2
1780818154,93.4571,1
1780818156,93.4686,6
1780818158,93.4647,7
1780818160,93.4720,0
1780818162,93.4477,7
1780818164,93.4410,0
1780818166,93.4659,9
1780818168,93.4631,1
1780818170,93.4616,6
1780818172,93.4694,4
1780818174,93.4575,5
1780818176,93.4616,6
1780818178,93.4588,8
1780818180,93.4507,7
1780818182,93.4450,0
1780818184,93.4433,3
1780818186,93.4437,7
1780818188,93.4462,2
1780818190,93.4575,5
1780818192,93.4623,3
1780818194,93.4686,6
1780818196,93.4610,0
1780818198,93.4389,9
1780818200,93.4244,4
1780818202,93.4365,5
1780818204,93.4358,8
1780818206,93.4339,9
1780818208,93.4545,5
1780818210,93.4740,0
1780818212,93.4953,3
1780818214,93.4904,4
1780818216,93.4939,9
1780818218,93.4729,9
1780818220,93.4869,9
1780818222,93.4873,3
1780818224,93.4922,2
1780818226,93.4985,5
1780818228,93.5009,9
1780818230,93.5013,3
1780818232,93.5049,9
1780818234,93.5100,0
1780818236,93.5043,3
1780818238,93.5014,4
1780818240,93.5075,5
1780818242,93.4838,8
1780818244,93.4815,5
1780818246,93.4692,2
1780818248,93.4762,2
1780818250,93.4712,2
1780818252,93.4944,4
1780818254,93.5099,9
1780818256,93.5056,6
1780818258,93.4836,6
1780818260,93.4981,1
1780818262,93.5105,5
1780818264,93.4990,0
1780818266,93.5138,8
1780818268,93.5246,6
1780818270,93.5031,1
1780818272,93.5208,8
1780818274,93.5228,8
1780818276,93.5320,0
1780818278,93.5336,6
1780818280,93.5393,3
1780818282,93.5458,8
1780818284,93.5458,8
1780818286,93.5584,4
1780818288,93.5577,7
1780818290,93.5594,4
1780818292,93.5631,1
1780818294,93.5611,1
1780818296,93.5470,0
1780818298,93.5521,1
1780818300,93.5556,6
1780818302,93.5708,8
1780818304,93.5814,4
1780818306,93.5783,3
1780818308,93.5635,5
1780818310,93.5569,9
1780818312,93.5640,0
1780818314,93.5687,7
1780818316,93.5667,7
1780818318,93.5727,7
1780818320,93.5787,7
1780818322,93.5815,5
1780818324,93.5742,2
1780818326,93.5684,4
1780818328,93.5720,0
1780818330,93.5879,9
1780818332,93.5909,9
1780818334,93.6108,8
1780818336,93.6202,2
1780818338,93.6277,7
1780818340,93.6322,2
1780818342,93.6365,5
1780818344,93.6358,8
1780818346,93.6278,8
1780818348,93.6286,6
1780818350,93.6289,9
1780818352,93.6252,2
1780818354,93.6198,8
1780818356,93.6252,2
1780818358,93.6188,8
1780818360,93.6266,6
1780818362,93.6437,7
1780818364,93.6571,1
1780818366,93.6496,6
1780818368,93.6352,2
1780818370,93.6321,1
1780818372,93.6430,0
1780818374,93.6289,9
1780818376,93.6164,4
1780818378,93.6311,1
1780818380,93.6232,2
1780818382,93.6203,3
1780818384,93.6293,3
1780818386,93.6139,9
1780818388,93.6103,3
1780818390,93.6032,2
1780818392,93.6196,6
1780818394,93.6319,9
1780818396,93.6332,2
1780818398,93.6517,7
1780818400,93.6647,7
1780818402,93.6576,6
1780818404,93.6742,2
1780818406,93.6748,8
1780818408,93.6659,9
1780818410,93.6248,8
1780818412,93.6377,7
1780818414,93.6215,5
1780818416,93.6133,3
1780818418,93.5990,0
1780818420,93.6260,0
1780818422,93.6178,8
1780818424,93.6190,0
1780818426,93.5979,9
1780818428,93.5811,1
1780818430,93.5734,4
1780818432,93.5903,3
1780818434,93.5857,7
1780818436,93.5952,2
1780818438,93.6086,6
1780818440,93.5977,7
1780818442,93.6016,6
1780818444,93.6035,5
1780818446,93.6007,7
1780818448,93.5970,0
1780818450,93.6038,8
1780818452,93.5985,5
1780818454,93.5927,7
1780818456,93.5875,5
1780818458,93.5675,5
1780818460,93.5522,2
1780818462,93.5585,5
1780818464,93.5340,0
1780818466,93.5184,4
1780818468,93.5298,8
1780818470,93.5278,8
1780818472,93.5368,8
1780818474,93.5497,7
1780818476,93.5496,6
1780818478,93.5600,0
1780818480,93.5501,1
1780818482,93.5508,8
1780818484,93.5522,2
1780818486,93.5638,8
1780818488,93.5452,2
1780818490,93.5463,3
1780818492,93.5311,1
1780818494,93.5411,1
1780818496,93.5282,2
1780818498,93.5290,0
1780818500,93.5341,1
1780818502,93.5255,5
1780818504,93.5186,6
1780818506,93.5180,0
1780818508,93.5097,7
1780818510,93.4795,5
1780818512,93.4772,2
1780818514,93.4881,1
1780818516,93.4837,7
1780818518,93.4513,3
1780818520,93.4420,0
1780818522,93.4475,5
1780818524,93.4630,0
1780818526,93.4707,7
1780818528,93.4631,1
1780818530,93.4803,3
1780818532,93.4947,7
1780818534,93.4998,8
1780818536,93.4943,3
1780818538,93.4814,4
1780818540,93.5077,7
1780818542,93.5261,1
1780818544,93.5313,3
1780818546,93.5318,8
1780818548,93.5391,1
1780818550,93.5599,9
1780818552,93.5518,8
1780818554,93.5765,5
1780818556,93.5609,9
1780818558,93.5631,1
1780818560,93.5539,9
1780818562,93.5696,6
1780818564,93.5661,1
1780818566,93.5578,8
1780818568,93.5340,0
1780818570,93.5374,4
1780818572,93.5199,9
1780818574,93.5096,6
1780818576,93.4949,9
1780818578,93.5013,3
1780818580,93.5117,7
1780818582,93.5227,7
1780818584,93.5272,2
1780818586,93.5073,3
1780818588,93.5116,6
1780818590,93.5059,9
1780818592,93.5059,9
1780818594,93.4968,8
1780818596,93.5089,9
1780818598,93.5062,2
1780818600,93.5164,4
1780818602,93.5244,4
1780818604,93.5247,7
1780818606,93.5325,5
1780818608,93.5283,3
1780818610,93.5299,9
1780818612,93.5304,4
1780818614,93.5236,6
1780818616,93.5208,8
1780818618,93.5120,0
1780818620,93.4983,3
1780818622,93.4984,4
1780818624,93.5086,6
1780818626,93.5051,1
1780818628,93.4913,3
1780818630,93.4997,7
1780818632,93.5058,8
1780818634,93.4915,5
1780818636,93.4749,9
1780818638,93.4609,9
1780818640,93.4519,9
1780818642,93.4556,6
1780818644,93.4622,2
1780818646,93.4597,7
1780818648,93.4676,6
1780818650,93.4652,2
1780818652,93.4734,4
1780818654,93.4589,9
1780818656,93.4562,2
1780818658,93.4507,7
1780818660,93.4486,6
1780818662,93.4440,0
1780818664,93.4593,3
1780818666,93.4686,6
1780818668,93.4751,1
1780818670,93.4728,8
1780818672,93.4640,0
1780818674,93.4543,3
1780818676,93.4558,8
1780818678,93.4411,1
1780818680,93.4492,2
1780818682,93.4532,2
1780818684,93.4497,7
1780818686,93.4421,1
1780818688,93.4722,2
1780818690,93.4762,2
1780818692,93.4799,9
1780818694,93.4859,9
1780818696,93.4954,4
1780818698,93.4792,2
1780818700,93.4719,9
1780818702,93.4717,7
1780818704,93.4627,7
1780818706,93.4683,3
1780818708,93.4472,2
1780818710,93.4493,3
1780818712,93.4680,0
1780818714,93.4708,8
1780818716,93.4745,5
1780818718,93.4676,6
1780818720,93.4694,4
1780818722,93.4719,9
1780818724,93.4415,5
1780818726,93.4480,0
1780818728,93.4442,2
1780818730,93.4466,6
1780818732,93.4471,1
1780818734,93.4640,0
1780818736,93.4679,9
1780818738,93.4639,9
1780818740,93.4742,2
1780818742,93.4746,6
1780818744,93.4763,3
1780818746,93.4734,4
1780818748,93.4636,6
1780818750,93.4536,6
1780818752,93.4427,7
1780818754,93.4522,2
1780818756,93.4663,3
1780818758,93.4625,5
1780818760,93.4744,4
1780818762,93.4785,5
1780818764,93.4798,8
1780818766,93.4740,0
1780818768,93.4808,8
1780818770,93.4877,7
1780818772,93.4727,7
1780818774,93.4684,4
1780818776,93.4665,5
1780818778,93.4624,4
1780818780,93.4437,7
1780818782,93.4655,5
1780818784,93.4743,3
1780818786,93.4738,8
1780818788,93.4949,9
1780818790,93.4858,8
1780818792,93.4875,5
1780818794,93.4802,2
1780818796,93.4877,7
1780818798,93.4812,2
1780818800,93.4839,9
1780818802,93.4715,5
1780818804,93.4694,4
1780818806,93.4772,2
1780818808,93.4735,5
1780818810,93.4822,2
1780818812,93.4996,6
1780818814,93.5016,6
1780818816,93.5173,3
1780818818,93.5187,7
1780818820,93.5274,4
1780818822,93.5471,1
1780818824,93.5609,9
1780818826,93.5576,6
1780818828,93.5669,9
1780818830,93.5868,8
1780818832,93.5749,9
1780818834,93.5736,6
1780818836,93.5718,8
1780818838,93.5818,8
1780818840,93.5529,9
1780818842,93.5572,2
1780818844,93.5574,4
1780818846,93.5667,7
1780818848,93.5636,6
1780818850,93.5775,5
1780818852,93.5850,0
1780818854,93.5773,3
1780818856,93.5704,4
1780818858,93.5718,8
1780818860,93.5737,7
1780818862,93.5625,5
1780818864,93.5855,5
1780818866,93.5845,5
1780818868,93.5877,7
1780818870,93.5847,7
1780818872,93.5695,5
1780818874,93.5644,4
1780818876,93.5667,7
1780818878,93.5650,0
1780818880,93.5492,2
1780818882,93.5566,6
1780818884,93.5458,8
1780818886,93.5454,4
1780818888,93.5604,4
1780818890,93.5574,4
1780818892,93.5518,8
1780818894,93.5636,6
1780818896,93.5883,3
1780818898,93.5623,3
1780818900,93.5696,6
1780818902,93.5729,9
1780818904,93.5635,5
1780818906,93.5614,4
1780818908,93.5719,9
1780818910,93.5881,1
1780818912,93.5862,2
1780818914,93.5826,6
1780818916,93.5925,5
1780818918,93.5781,1
1780818920,93.5884,4
1780818922,93.5793,3
1780818924,93.5790,0
1780818926,93.5669,9
1780818928,93.5583,3
1780818930,93.5602,2
1780818932,93.5549,9
1780818934,93.5614,4
1780818936,93.5666,6
1780818938,93.5780,0
1780818940,93.5845,5
1780818942,93.5842,2
1780818944,93.5897,7
1780818946,93.5878,8
1780818948,93.6094,4
1780818950,93.6188,8
1780818952,93.6321,1
1780818954,93.6440,0
1780818956,93.6583,3
1780818958,93.6531,1
1780818960,93.6615,5
1780818962,93.6734,4
1780818964,93.6939,9
1780818966,93.6815,5
1780818968,93.6653,3
1780818970,93.6534,4
1780818972,93.6559,9
1780818974,93.6487,7
1780818976,93.6434,4
1780818978,93.6381,1
1780818980,93.6374,4
1780818982,93.6429,9
1780818984,93.6446,6
1780818986,93.6408,8
1780818988,93.6492,2
1780818990,93.6427,7
1780818992,93.6429,9
1780818994,93.6426,6
1780818996,93.6560,0
1780818998,93.6592,2
1780819000,93.6459,9
1780819002,93.6489,9
1780819004,93.6469,9
1780819006,93.6724,4
1780819008,93.6759,9
1780819010,93.6750,0
1780819012,93.6517,7
1780819014,93.6642,2
1780819016,93.6517,7
1780819018,93.6264,4
1780819020,93.6048,8
1780819022,93.6029,9
1780819024,93.6075,5
1780819026,93.6106,6
1780819028,93.6151,1
1780819030,93.6194,4
1780819032,93.6225,5
1780819034,93.6074,4
1780819036,93.6358,8
1780819038,93.6390,0
1780819040,93.6450,0
1780819042,93.6484,4
1780819044,93.6400,0
1780819046,93.6459,9
1780819048,93.6419,9
1780819050,93.6512,2
1780819052,93.6475,5
1780819054,93.6453,3
1780819056,93.6344,4
1780819058,93.6393,3
1780819060,93.6486,6
1780819062,93.6525,5
1780819064,93.6495,5
1780819066,93.6392,2
1780819068,93.6215,5
1780819070,93.6381,1
1780819072,93.6495,5
1780819074,93.6476,6
1780819076,93.6564,4
1780819078,93.6523,3
1780819080,93.6638,8
1780819082,93.6695,5
1780819084,93.6683,3
1780819086,93.6685,5
1780819088,93.6711,1
1780819090,93.6657,7
1780819092,93.6754,4
1780819094,93.6693,3
1780819096,93.6623,3
1780819098,93.6604,4
1780819100,93.6657,7
1780819102,93.6824,4
1780819104,93.6792,2
1780819106,93.6942,2
1780819108,93.6919,9
1780819110,93.6877,7
1780819112,93.6753,3
1780819114,93.6824,4
1780819116,93.6904,4
1780819118,93.6930,0
1780819120,93.6734,4
1780819122,93.6763,3
1780819124,93.6779,9
1780819126,93.6694,4
1780819128,93.6523,3
1780819130,93.6579,9
1780819132,93.6328,8
1780819134,93.6301,1
1780819136,93.6315,5
1780819138,93.6446,6
1780819140,93.6544,4
1780819142,93.6260,0
1780819144,93.6251,1
1780819146,93.6181,1
1780819148,93.6444,4
1780819150,93.6545,5
1780819152,93.6556,6
1780819154,93.6382,2
1780819156,93.6357,7
1780819158,93.6318,8
1780819160,93.6263,3
1780819162,93.6042,2
1780819164,93.6040,0
1780819166,93.6232,2
1780819168,93.6266,6
1780819170,93.6324,4
1780819172,93.6338,8
1780819174,93.6311,1
1780819176,93.6068,8
1780819178,93.6255,5
1780819180,93.6215,5
1780819182,93.6080,0
1780819184,93.6048,8
1780819186,93.5970,0
1780819188,93.6155,5
1780819190,93.6274,4
1780819192,93.6111,1
1780819194,93.6101,1
1780819196,93.5942,2
1780819198,93.5903,3
1780819200,93.5701,1
1780819202,93.5629,9
1780819204,93.5544,4
1780819206,93.5626,6
1780819208,93.5845,5
1780819210,93.5899,9
1780819212,93.5729,9
1780819214,93.5681,1
1780819216,93.5534,4
1780819218,93.5547,7
1780819220,93.5467,7
1780819222,93.5250,0
1780819224,93.5221,1
1780819226,93.5235,5
1780819228,93.5130,0
1780819230,93.5137,7
1780819232,93.5103,3
1780819234,93.4967,7
1780819236,93.5034,4
1780819238,93.5127,7
1780819240,93.5118,8
1780819242,93.5056,6
1780819244,93.5037,7
1780819246,93.5020,0
1780819248,93.4869,9
1780819250,93.4728,8
1780819252,93.4771,1
1780819254,93.4815,5
1780819256,93.4896,6
1780819258,93.4958,8
1780819260,93.4692,2
1780819262,93.4844,4
1780819264,93.4816,6
1780819266,93.5074,4
1780819268,93.5017,7
1780819270,93.5100,0
1780819272,93.5207,7
1780819274,93.5197,7
1780819276,93.5274,4
1780819278,93.5456,6
1780819280,93.5220,0
1780819282,93.5105,5
1780819284,93.5116,6
1780819286,93.4974,4
1780819288,93.5017,7
1780819290,93.5148,8
1780819292,93.5227,7
1780819294,93.5146,6
1780819296,93.5162,2
1780819298,93.5164,4
1780819300,93.5010,0
1780819302,93.5005,5
1780819304,93.5055,5
1780819306,93.5138,8
1780819308,93.5173,3
1780819310,93.5081,1
1780819312,93.5116,6
1780819314,93.5299,9
1780819316,93.5398,8
1780819318,93.5539,9
1780819320,93.5343,3
1780819322,93.5515,5
1780819324,93.5659,9
1780819326,93.5564,4
1780819328,93.5735,5
1780819330,93.5779,9
1780819332,93.5765,5
1780819334,93.5634,4
1780819336,93.5644,4
1780819338,93.5666,6
1780819340,93.5911,1
1780819342,93.6014,4
1780819344,93.6106,6
1780819346,93.6064,4
1780819348,93.5848,8
1780819350,93.5940,0
1780819352,93.6173,3
1780819354,93.6240,0
1780819356,93.6097,7
1780819358,93.6054,4
1780819360,93.6162,2
1780819362,93.5925,5
1780819364,93.5916,6
1780819366,93.5922,2
1780819368,93.5733,3
1780819370,93.5914,4
1780819372,93.6012,2
1780819374,93.6106,6
1780819376,93.6167,7
1780819378,93.6064,4
1780819380,93.6130,0
1780819382,93.6148,8
1780819384,93.6312,2
1780819386,93.6245,5
1780819388,93.6220,0
1780819390,93.6215,5
1780819392,93.6279,9
1780819394,93.6358,8
1780819396,93.6376,6
1780819398,93.6352,2
1780819400,93.6445,5
1780819402,93.6384,4
1780819404,93.6463,3
1780819406,93.6387,7
1780819408,93.6437,7
1780819410,93.6491,1
1780819412,93.6640,0
1780819414,93.6568,8
1780819416,93.6667,7
1780819418,93.6660,0
1780819420,93.6732,2
1780819422,93.6746,6
1780819424,93.6734,4
1780819426,93.6806,6
1780819428,93.6854,4
1780819430,93.6909,9
1780819432,93.6869,9
1780819434,93.6879,9
1780819436,93.6950,0
1780819438,93.7075,5
1780819440,93.7165,5
1780819442,93.7313,3
1780819444,93.7300,0
1780819446,93.6974,4
1780819448,93.7068,8
1780819450,93.7182,2
1780819452,93.7329,9
1780819454,93.7269,9
1780819456,93.7364,4
1780819458,93.7390,0
1780819460,93.7415,5
1780819462,93.7656,6
1780819464,93.7715,5
1780819466,93.7861,1
1780819468,93.8094,4
1780819470,93.8242,2
1780819472,93.8320,0
1780819474,93.8290,0
1780819476,93.8249,9
1780819478,93.8268,8
1780819480,93.8300,0
1780819482,93.8310,0
1780819484,93.8162,2
1780819486,93.8383,3
1780819488,93.8490,0
1780819490,93.8445,5
1780819492,93.8483,3
1780819494,93.8414,4
1780819496,93.8341,1
1780819498,93.8248,8
1780819500,93.8370,0
1780819502,93.8343,3
1780819504,93.8331,1
1780819506,93.8425,5
1780819508,93.8408,8
1780819510,93.8323,3
1780819512,93.8187,7
1780819514,93.8306,6
1780819516,93.8265,5
1780819518,93.8291,1
1780819520,93.8503,3
1780819522,93.8527,7
1780819524,93.8287,7
1780819526,93.8253,3
1780819528,93.8075,5
1780819530,93.8087,7
1780819532,93.8107,7
1780819534,93.7948,8
1780819536,93.7864,4
1780819538,93.7916,6
1780819540,93.8065,5
1780819542,93.8103,3
1780819544,93.8180,0
1780819546,93.8306,6
1780819548,93.8450,0
1780819550,93.8399,9
1780819552,93.8312,2
1780819554,93.8376,6
1780819556,93.8563,3
1780819558,93.8531,1
1780819560,93.8619,9
1780819562,93.8483,3
1780819564,93.8566,6
1780819566,93.8515,5
1780819568,93.8612,2
1780819570,93.8527,7
1780819572,93.8482,2
1780819574,93.8473,3
1780819576,93.8401,1
1780819578,93.8495,5
1780819580,93.8726,6
1780819582,93.8420,0
1780819584,93.8453,3
1780819586,93.8384,4
1780819588,93.8316,6
1780819590,93.8298,8
1780819592,93.8433,3
1780819594,93.8533,3
1780819596,93.8519,9
1780819598,93.8716,6
1780819600,93.8491,1
1780819602,93.8574,4
1780819604,93.8701,1
1780819606,93.8878,8
1780819608,93.8985,5
1780819610,93.9106,6
1780819612,93.9040,0
1780819614,93.8886,6
1780819616,93.9040,0
1780819618,93.9008,8
1780819620,93.8828,8
1780819622,93.8888,8
1780819624,93.8774,4
1780819626,93.8884,4
1780819628,93.8912,2
1780819630,93.8966,6
1780819632,93.8996,6
1780819634,93.9037,7
1780819636,93.9087,7
1780819638,93.9016,6
1780819640,93.9311,1
1780819642,93.9482,2
1780819644,93.9534,4
1780819646,93.9583,3
1780819648,93.9578,8
1780819650,93.9484,4
1780819652,93.9413,3
1780819654,93.9268,8
1780819656,93.9243,3
1780819658,93.9031,1
1780819660,93.9021,1
1780819662,93.9125,5
1780819664,93.9134,4
1780819666,93.9113,3
1780819668,93.9329,9
1780819670,93.9221,1
1780819672,93.9213,3
1780819674,93.9293,3
1780819676,93.9401,1
1780819678,93.9312,2
1780819680,93.9300,0
1780819682,93.9451,1
1780819684,93.9508,8
1780819686,93.9714,4
1780819688,93.9828,8
1780819690,93.9716,6
1780819692,93.9780,0
1780819694,93.9731,1
1780819696,93.9840,0
1780819698,93.9869,9
1780819700,94.0054,4
1780819702,94.0125,5
1780819704,94.0129,9
1780819706,94.0146,6
1780819708,94.0121,1
1780819710,94.0063,3
1780819712,93.9881,1
1780819714,93.9788,8
1780819716,93.9802,2
1780819718,93.9739,9
1780819720,93.9760,0
1780819722,93.9456,6
1780819724,93.9484,4
1780819726,93.9530,0
1780819728,93.9650,0
1780819730,93.9668,8
1780819732,93.9659,9
1780819734,93.9654,4
1780819736,93.9772,2
1780819738,93.9662,2
1780819740,93.9557,7
1780819742,93.9603,3
1780819744,93.9717,7
1780819746,93.9652,2
1780819748,93.9662,2
1780819750,93.9642,2
1780819752,93.9526,6
1780819754,93.9609,9
1780819756,93.9638,8
1780819758,93.9616,6
1780819760,93.9556,6
1780819762,93.9557,7
1780819764,93.9574,4
1780819766,93.9450,0
1780819768,93.9552,2
1780819770,93.9697,7
1780819772,93.9625,5
1780819774,93.9399,9
1780819776,93.9186,6
1780819778,93.9303,3
1780819780,93.9197,7
1780819782,93.9167,7
1780819784,93.9163,3
1780819786,93.9058,8
1780819788,93.9056,6
1780819790,93.9097,7
1780819792,93.9030,0
1780819794,93.9131,1
1780819796,93.9318,8
1780819798,93.9228,8
1780819800,93.9455,5
1780819802,93.9451,1
1780819804,93.9441,1
1780819806,93.9553,3
1780819808,93.9537,7
1780819810,93.9553,3
1780819812,93.9537,7
1780819814,93.9388,8
1780819816,93.9566,6
1780819818,93.9467,7
1780819820,93.9432,2
1780819822,93.9462,2
1780819824,93.9349,9
1780819826,93.9293,3
1780819828,93.9424,4
1780819830,93.9469,9
1780819832,93.9259,9
1780819834,93.8922,2
1780819836,93.8996,6
1780819838,93.9115,5
1780819840,93.9066,6
1780819842,93.9073,3
1780819844,93.9009,9
1780819846,93.8971,1
1780819848,93.8886,6
1780819850,93.8828,8
1780819852,93.8958,8
1780819854,93.8820,0
1780819856,93.8877,7
1780819858,93.8859,9
1780819860,93.8910,0
1780819862,93.9006,6
1780819864,93.9135,5
1780819866,93.9008,8
1780819868,93.8895,5
1780819870,93.9149,9
1780819872,93.9235,5
1780819874,93.9113,3
1780819876,93.9348,8
1780819878,93.9299,9
1780819880,93.9324,4
1780819882,93.9208,8
1780819884,93.9271,1
1780819886,93.9179,9
1780819888,93.9156,6
1780819890,93.9259,9
1780819892,93.9239,9
1780819894,93.9219,9
1780819896,93.9517,7
1780819898,93.9429,9
1780819900,93.9457,7
1780819902,93.9321,1
1780819904,93.9333,3
1780819906,93.9371,1
1780819908,93.9431,1
1780819910,93.9519,9
1780819912,93.9391,1
1780819914,93.9316,6
1780819916,93.9355,5
1780819918,93.9340,0
1780819920,93.9311,1
1780819922,93.9142,2
1780819924,93.9271,1
1780819926,93.9282,2
1780819928,93.9237,7
1780819930,93.9108,8
1780819932,93.8843,3
1780819934,93.8837,7
1780819936,93.8969,9
1780819938,93.9045,5
1780819940,93.8978,8
1780819942,93.9165,5
1780819944,93.9271,1
1780819946,93.9500,0
1780819948,93.9463,3
1780819950,93.9579,9
1780819952,93.9496,6
1780819954,93.9419,9
1780819956,93.9411,1
1780819958,93.9723,3
1780819960,93.9616,6
1780819962,93.9852,2
1780819964,93.9926,6
1780819966,93.9729,9
1780819968,93.9968,8
1780819970,93.9851,1
1780819972,93.9800,0
1780819974,93.9671,1
1780819976,93.9769,9
1780819978,93.9597,7
1780819980,93.9600,0
1780819982,93.9600,0
1780819984,93.9410,0
1780819986,93.9532,2
1780819988,93.9651,1
1780819990,93.9864,4
1780819992,93.9983,3
1780819994,93.9810,0
1780819996,93.9739,9
1780819998,93.9924,4
1780820000,93.9797,7
1780820002,93.9777,7
1780820004,93.9723,3
1780820006,93.9738,8
1780820008,93.9624,4
1780820010,93.9848,8
1780820012,93.9834,4
1780820014,93.9716,6
1780820016,93.9828,8
1780820018,93.9613,3
1780820020,93.9665,5
1780820022,93.9683,3
1780820024,93.9612,2
1780820026,93.9709,9
1780820028,93.9829,9
1780820030,93.9750,0
1780820032,93.9552,2
1780820034,93.9450,0
1780820036,93.9378,8
1780820038,93.9309,9
1780820040,93.9426,6
1780820042,93.9548,8
1780820044,93.9472,2
1780820046,93.9594,4
1780820048,93.9517,7
1780820050,93.9587,7
1780820052,93.9607,7
1780820054,93.9777,7
1780820056,93.9816,6
1780820058,93.9681,1
1780820060,93.9629,9
1780820062,93.9709,9
1780820064,93.9770,0
1780820066,93.9999,9
1780820068,94.0099,9
1780820070,94.0042,2
1780820072,94.0077,7
1780820074,94.0038,8
1780820076,94.0133,3
1780820078,94.0029,9
1780820080,94.0174,4
1780820082,94.0211,1
1780820084,94.0333,3
1780820086,94.0063,3
1780820088,94.0044,4
1780820090,94.0037,7
1780820092,94.0010,0
1780820094,94.0016,6
1780820096,93.9853,3
1780820098,94.0003,3
1780820100,93.9775,5
1780820102,93.9792,2
1780820104,93.9669,9
1780820106,93.9765,5
1780820108,93.9698,8
1780820110,93.9716,6
1780820112,93.9868,8
1780820114,93.9955,5
1780820116,93.9769,9
1780820118,93.9810,0
1780820120,93.9733,3
1780820122,93.9617,7
1780820124,93.9758,8
1780820126,93.9695,5
1780820128,93.9835,5
1780820130,93.9918,8
1780820132,93.9865,5
1780820134,94.0090,0
1780820136,94.0088,8
1780820138,94.0063,3
1780820140,93.9939,9
1780820142,93.9842,2
1780820144,93.9785,5
1780820146,93.9919,9
1780820148,93.9886,6
1780820150,93.9870,0
1780820152,93.9725,5
1780820154,93.9600,0
1780820156,93.9789,9
1780820158,93.9676,6
1780820160,93.9522,2
1780820162,93.9625,5
1780820164,93.9686,6
1780820166,93.9617,7
1780820168,93.9589,9
1780820170,93.9670,0
1780820172,93.9692,2
1780820174,93.9560,0
1780820176,93.9525,5
1780820178,93.9551,1
1780820180,93.9602,2
1780820182,93.9712,2
1780820184,93.9792,2
1780820186,93.9799,9
1780820188,93.9595,5
1780820190,93.9611,1
1780820192,93.9576,6
1780820194,93.9403,3
1780820196,93.9499,9
1780820198,93.9392,2
1780820200,93.9353,3
1780820202,93.9267,7
1780820204,93.9305,5
1780820206,93.9316,6
1780820208,93.9335,5
1780820210,93.9318,8
1780820212,93.9445,5
1780820214,93.9308,8
1780820216,93.9257,7
1780820218,93.9310,0
1780820220,93.9391,1
1780820222,93.9285,5
1780820224,93.9408,8
1780820226,93.9430,0
1780820228,93.9299,9
1780820230,93.9234,4
1780820232,93.9087,7
1780820234,93.9102,2
1780820236,93.8856,6
1780820238,93.8970,0
1780820240,93.8777,7
1780820242,93.8629,9
1780820244,93.8310,0
1780820246,93.8404,4
1780820248,93.8429,9
1780820250,93.8338,8
1780820252,93.8386,6
1780820254,93.8500,0
1780820256,93.8553,3
1780820258,93.8739,9
1780820260,93.8726,6
1780820262,93.8867,7
1780820264,93.8820,0
1780820266,93.8679,9
1780820268,93.8628,8
1780820270,93.8576,6
1780820272,93.8702,2
1780820274,93.8909,9
1780820276,93.8963,3
1780820278,93.8795,5
1780820280,93.8917,7
1780820282,93.8740,0
1780820284,93.8376,6
1780820286,93.8238,8
1780820288,93.8219,9
1780820290,93.8112,2
1780820292,93.8101,1
1780820294,93.8136,6
1780820296,93.7940,0
1780820298,93.8151,1
1780820300,93.8242,2
1780820302,93.8184,4
1780820304,93.8098,8
1780820306,93.8106,6
1780820308,93.8201,1
1780820310,93.8370,0
1780820312,93.8205,5
1780820314,93.7933,3
1780820316,93.7880,0
1780820318,93.7737,7
1780820320,93.7710,0
1780820322,93.7780,0
1780820324,93.7750,0
1780820326,93.7829,9
1780820328,93.8005,5
1780820330,93.8099,9
1780820332,93.8096,6
1780820334,93.8126,6
1780820336,93.8196,6
1780820338,93.8268,8
1780820340,93.8120,0
1780820342,93.8276,6
1780820344,93.8158,8
1780820346,93.7964,4
1780820348,93.8205,5
1780820350,93.8418,8
1780820352,93.8492,2
1780820354,93.8381,1
1780820356,93.8343,3
1780820358,93.8403,3
1780820360,93.8377,7
1780820362,93.8288,8
1780820364,93.8238,8
1780820366,93.8256,6
1780820368,93.8345,5
1780820370,93.8333,3
1780820372,93.8514,4
1780820374,93.8655,5
1780820376,93.8597,7
1780820378,93.8473,3
1780820380,93.8633,3
1780820382,93.8687,7
1780820384,93.8601,1
1780820386,93.8390,0
1780820388,93.8667,7
1780820390,93.8679,9
1780820392,93.8627,7
1780820394,93.8535,5
1780820396,93.8745,5
1780820398,93.8953,3
1780820400,93.8830,0
1780820402,93.8786,6
1780820404,93.8981,1
1780820406,93.9004,4
1780820408,93.9022,2
1780820410,93.9123,3
1780820412,93.9174,4
1780820414,93.9086,6
1780820416,93.8964,4
1780820418,93.9000,0
1780820420,93.8845,5
1780820422,93.8833,3
1780820424,93.8912,2
1780820426,93.8894,4
1780820428,93.8661,1
1780820430,93.8611,1
1780820432,93.8689,9
1780820434,93.8625,5
1780820436,93.8664,4
1780820438,93.8632,2
1780820440,93.8606,6
1780820442,93.8833,3
1780820444,93.8680,0
1780820446,93.8823,3
1780820448,93.8919,9
1780820450,93.9148,8
1780820452,93.9246,6
1780820454,93.9176,6
1780820456,93.9202,2
1780820458,93.8839,9
1780820460,93.8835,5
1780820462,93.8859,9
1780820464,93.8846,6
1780820466,93.8536,6
1780820468,93.8591,1
1780820470,93.8420,0
1780820472,93.8668,8
1780820474,93.8768,8
1780820476,93.8780,0
1780820478,93.8815,5
1780820480,93.8844,4
1780820482,93.8800,0
1780820484,93.8790,0
1780820486,93.9046,6
1780820488,93.9235,5
1780820490,93.9325,5
1780820492,93.9388,8
1780820494,93.9436,6
1780820496,93.9625,5
1780820498,93.9495,5
1780820500,93.9537,7
1780820502,93.9719,9
1780820504,93.9801,1
1780820506,93.9773,3
1780820508,93.9699,9
1780820510,93.9866,6
1780820512,93.9872,2
1780820514,94.0014,4
1780820516,93.9956,6
1780820518,93.9985,5
1780820520,93.9945,5
1780820522,94.0076,6
1780820524,94.0082,2
1780820526,94.0107,7
1780820528,94.0138,8
1780820530,94.0130,0
1780820532,93.9947,7
1780820534,94.0085,5
1780820536,94.0075,5
1780820538,94.0155,5
1780820540,94.0261,1
1780820542,94.0234,4
1780820544,94.0247,7
1780820546,94.0439,9
1780820548,94.0501,1
1780820550,94.0464,4
1780820552,94.0556,6
1780820554,94.0715,5
1780820556,94.0801,1
1780820558,94.0828,8
1780820560,94.0714,4
1780820562,94.0796,6
1780820564,94.0724,4
1780820566,94.0842,2
1780820568,94.0728,8
1780820570,94.0816,6
1780820572,94.0740,0
1780820574,94.0937,7
1780820576,94.0861,1
1780820578,94.0794,4
1780820580,94.0639,9
1780820582,94.0515,5
1780820584,94.0323,3
1780820586,94.0311,1
1780820588,94.0431,1
1780820590,94.0163,3
1780820592,94.0098,8
1780820594,93.9830,0
1780820596,93.9866,6
1780820598,93.9645,5
1780820600,93.9671,1
1780820602,93.9653,3
1780820604,93.9435,5
1780820606,93.9409,9
1780820608,93.9363,3
1780820610,93.9477,7
1780820612,93.9527,7
1780820614,93.9267,7
1780820616,93.9320,0
1780820618,93.9337,7
1780820620,93.9213,3
1780820622,93.9281,1
1780820624,93.9133,3
1780820626,93.9165,5
1780820628,93.9201,1
1780820630,93.9091,1
1780820632,93.9193,3
1780820634,93.9176,6
1780820636,93.9107,7
1780820638,93.9199,9
1780820640,93.9088,8
1780820642,93.9052,2
1780820644,93.8861,1
1780820646,93.8803,3
1780820648,93.8915,5
1780820650,93.8774,4
1780820652,93.8746,6
1780820654,93.8556,6
1780820656,93.8706,6
1780820658,93.8592,2
1780820660,93.8678,8
1780820662,93.8755,5
1780820664,93.8640,0
1780820666,93.8759,9
1780820668,93.8668,8
1780820670,93.8624,4
1780820672,93.8616,6
1780820674,93.8745,5
1780820676,93.8551,1
1780820678,93.8606,6
1780820680,93.8506,6
1780820682,93.8508,8
1780820684,93.8576,6
1780820686,93.8576,6
1780820688,93.8619,9
1780820690,93.8696,6
1780820692,93.8644,4
1780820694,93.8591,1
1780820696,93.8457,7
1780820698,93.8543,3
1780820700,93.8450,0
1780820702,93.8432,2
1780820704,93.8552,2
1780820706,93.8320,0
1780820708,93.8206,6
1780820710,93.8205,5
1780820712,93.8227,7
1780820714,93.8094,4
1780820716,93.7968,8
1780820718,93.8003,3
1780820720,93.8159,9
1780820722,93.8156,6
1780820724,93.8091,1
1780820726,93.8212,2
1780820728,93.8220,0
1780820730,93.8172,2
1780820732,93.8120,0
1780820734,93.8350,0
1780820736,93.8448,8
1780820738,93.8537,7
1780820740,93.8551,1
1780820742,93.8634,4
1780820744,93.8606,6
1780820746,93.8676,6
1780820748,93.8594,4
1780820750,93.8647,7
1780820752,93.8545,5
1780820754,93.8452,2
1780820756,93.8311,1
1780820758,93.8280,0
1780820760,93.8270,0
1780820762,93.8199,9
1780820764,93.8110,0
1780820766,93.8000,0
1780820768,93.8077,7
1780820770,93.7974,4
1780820772,93.8082,2
1780820774,93.8189,9
1780820776,93.8064,4
1780820778,93.8141,1
1780820780,93.8118,8
1780820782,93.7761,1
1780820784,93.7736,6
1780820786,93.7626,6
1780820788,93.7552,2
1780820790,93.7628,8
1780820792,93.7487,7
1780820794,93.7499,9
1780820796,93.7589,9
1780820798,93.7829,9
1780820800,93.7737,7
1780820802,93.7743,3
1780820804,93.7750,0
1780820806,93.7941,1
1780820808,93.8109,9
1780820810,93.8063,3
1780820812,93.8000,0
1780820814,93.7975,5
1780820816,93.8058,8
1780820818,93.8199,9
1780820820,93.8184,4
1780820822,93.8195,5
1780820824,93.8161,1
1780820826,93.8316,6
1780820828,93.8359,9
1780820830,93.8325,5
1780820832,93.8042,2
1780820834,93.8004,4
1780820836,93.8029,9
1780820838,93.8051,1
1780820840,93.8124,4
1780820842,93.8299,9
1780820844,93.8110,0
1780820846,93.8123,3
1780820848,93.8137,7
1780820850,93.7929,9
1780820852,93.7907,7
1780820854,93.7961,1
1780820856,93.7944,4
1780820858,93.8001,1
1780820860,93.8196,6
1780820862,93.8315,5
1780820864,93.8181,1
1780820866,93.8197,7
1780820868,93.8202,2
1780820870,93.8120,0
1780820872,93.7984,4
1780820874,93.8022,2
1780820876,93.7952,2
1780820878,93.7846,6
1780820880,93.7992,2
1780820882,93.8072,2
1780820884,93.8001,1
1780820886,93.8028,8
1780820888,93.8056,6
1780820890,93.7883,3
1780820892,93.7755,5
1780820894,93.7765,5
1780820896,93.7646,6
1780820898,93.7816,6
1780820900,93.7654,4
1780820902,93.7515,5
1780820904,93.7598,8
1780820906,93.7468,8
1780820908,93.7504,4
1780820910,93.7569,9
1780820912,93.7627,7
1780820914,93.7493,3
1780820916,93.7625,5
1780820918,93.7712,2
1780820920,93.7627,7
1780820922,93.7853,3
1780820924,93.8084,4
1780820926,93.8027,7
1780820928,93.7942,2
1780820930,93.8072,2
1780820932,93.8258,8
