epoch,price,last_digit
1780810936,31947.6442,2
1780810938,31942.7513,3
1780810940,31939.0042,2
1780810942,31934.0655,5
1780810944,31934.6034,4
1780810946,31946.5215,5
1780810948,31951.2588,8
1780810950,31954.0749,9
1780810952,31953.7870,0
1780810954,31944.2002,2
1780810956,31949.0929,9
1780810958,31943.3850,0
1780810960,31945.8505,5
1780810962,31953.7774,4
1780810964,31955.6879,9
1780810966,31961.8365,5
1780810968,31955.4735,5
1780810970,31954.5586,6
1780810972,31961.9547,7
1780810974,31961.5204,4
1780810976,31956.9875,5
1780810978,31951.4379,9
1780810980,31953.1811,1
1780810982,31944.8017,7
1780810984,31947.2168,8
1780810986,31937.9406,6
1780810988,31936.8189,9
1780810990,31937.9995,5
1780810992,31943.3503,3
1780810994,31944.5916,6
1780810996,31940.6168,8
1780810998,31927.9410,0
1780811000,31931.1980,0
1780811002,31935.5808,8
1780811004,31933.4955,5
1780811006,31927.0491,1
1780811008,31926.5616,6
1780811010,31927.4269,9
1780811012,31924.2907,7
1780811014,31916.9049,9
1780811016,31920.5132,2
1780811018,31921.4540,0
1780811020,31931.9990,0
1780811022,31939.9286,6
1780811024,31949.8470,0
1780811026,31952.9449,9
1780811028,31958.4048,8
1780811030,31958.2770,0
1780811032,31950.0088,8
1780811034,31955.3941,1
1780811036,31961.3276,6
1780811038,31957.7746,6
1780811040,31958.6706,6
1780811042,31959.5627,7
1780811044,31955.0840,0
1780811046,31950.0171,1
1780811048,31950.6554,4
1780811050,31948.3496,6
1780811052,31960.3950,0
1780811054,31961.6795,5
1780811056,31945.2484,4
1780811058,31943.3969,9
1780811060,31944.2735,5
1780811062,31943.6760,0
1780811064,31933.6211,1
1780811066,31932.9242,2
1780811068,31937.3956,6
1780811070,31932.7071,1
1780811072,31935.2543,3
1780811074,31934.8013,3
1780811076,31936.7781,1
1780811078,31940.3365,5
1780811080,31942.7856,6
1780811082,31941.8095,5
1780811084,31947.2089,9
1780811086,31937.7462,2
1780811088,31938.9573,3
1780811090,31937.2134,4
1780811092,31925.8028,8
1780811094,31920.7364,4
1780811096,31917.1672,2
1780811098,31923.2774,4
1780811100,31917.8308,8
1780811102,31917.0920,0
1780811104,31927.3500,0
1780811106,31919.6923,3
1780811108,31920.1867,7
1780811110,31923.5866,6
1780811112,31927.8188,8
1780811114,31929.5214,4
1780811116,31924.9293,3
1780811118,31916.9877,7
1780811120,31908.8949,9
1780811122,31919.3170,0
1780811124,31917.4297,7
1780811126,31913.3877,7
1780811128,31923.9606,6
1780811130,31921.7759,9
1780811132,31933.9483,3
1780811134,31940.7311,1
1780811136,31934.2811,1
1780811138,31934.1024,4
1780811140,31929.4086,6
1780811142,31936.7817,7
1780811144,31939.8802,2
1780811146,31943.7965,5
1780811148,31948.5251,1
1780811150,31937.5969,9
1780811152,31941.0199,9
1780811154,31942.5738,8
1780811156,31937.5109,9
1780811158,31937.5101,1
1780811160,31935.0771,1
1780811162,31935.5576,6
1780811164,31931.4129,9
1780811166,31920.0745,5
1780811168,31926.5000,0
1780811170,31926.5391,1
1780811172,31927.9570,0
1780811174,31932.2245,5
1780811176,31931.8518,8
1780811178,31930.9634,4
1780811180,31933.5117,7
1780811182,31923.6368,8
1780811184,31924.3647,7
1780811186,31924.7741,1
1780811188,31923.8708,8
1780811190,31925.9324,4
1780811192,31926.3952,2
1780811194,31931.3025,5
1780811196,31935.1695,5
1780811198,31936.3423,3
1780811200,31943.8990,0
1780811202,31946.9627,7
1780811204,31950.7291,1
1780811206,31941.0742,2
1780811208,31948.6391,1
1780811210,31947.6962,2
1780811212,31950.4722,2
1780811214,31951.6709,9
1780811216,31969.0890,0
1780811218,31957.7790,0
1780811220,31958.3937,7
1780811222,31967.7471,1
1780811224,31960.7762,2
1780811226,31948.7379,9
1780811228,31948.5863,3
1780811230,31952.9485,5
1780811232,31949.9350,0
1780811234,31949.0472,2
1780811236,31944.2595,5
1780811238,31943.8558,8
1780811240,31956.8998,8
1780811242,31957.0283,3
1780811244,31962.0572,2
1780811246,31959.0946,6
1780811248,31959.9202,2
1780811250,31954.3395,5
1780811252,31951.1961,1
1780811254,31946.7075,5
1780811256,31946.6464,4
1780811258,31948.8947,7
1780811260,31964.6283,3
1780811262,31971.5238,8
1780811264,31972.5582,2
1780811266,31974.4941,1
1780811268,31970.8940,0
1780811270,31975.6691,1
1780811272,31976.3394,4
1780811274,31983.4792,2
1780811276,31980.8222,2
1780811278,31985.0551,1
1780811280,31993.3180,0
1780811282,31990.4203,3
1780811284,31992.4698,8
1780811286,31991.9590,0
1780811288,31989.0332,2
1780811290,31988.9227,7
1780811292,31991.9653,3
1780811294,31989.9449,9
1780811296,31991.5012,2
1780811298,31988.4712,2
1780811300,31994.2136,6
1780811302,31995.5925,5
1780811304,32005.8222,2
1780811306,31999.9928,8
1780811308,31989.4282,2
1780811310,31994.6479,9
1780811312,31997.7461,1
1780811314,31994.6117,7
1780811316,31989.8328,8
1780811318,31993.3917,7
1780811320,31991.5664,4
1780811322,31992.7234,4
1780811324,31993.4500,0
1780811326,31991.6101,1
1780811328,31987.8506,6
1780811330,31990.0531,1
1780811332,31988.3460,0
1780811334,31986.5332,2
1780811336,31981.2232,2
1780811338,31984.0759,9
1780811340,31976.9455,5
1780811342,31989.9832,2
1780811344,31993.3056,6
1780811346,31990.1711,1
1780811348,31982.1130,0
1780811350,31987.3059,9
1780811352,31976.7444,4
1780811354,31969.5845,5
1780811356,31980.9831,1
1780811358,31977.5541,1
1780811360,31965.0366,6
1780811362,31958.3933,3
1780811364,31960.8124,4
1780811366,31957.1548,8
1780811368,31947.8203,3
1780811370,31943.4742,2
1780811372,31944.8628,8
1780811374,31941.2003,3
1780811376,31937.7202,2
1780811378,31935.7960,0
1780811380,31943.5907,7
1780811382,31959.7707,7
1780811384,31955.2078,8
1780811386,31968.0112,2
1780811388,31980.2129,9
1780811390,31972.1258,8
1780811392,31961.5533,3
1780811394,31955.4679,9
1780811396,31953.2248,8
1780811398,31955.3025,5
1780811400,31953.3263,3
1780811402,31947.8659,9
1780811404,31952.5201,1
1780811406,31952.0750,0
1780811408,31959.9201,1
1780811410,31947.4838,8
1780811412,31950.1906,6
1780811414,31953.1931,1
1780811416,31946.4447,7
1780811418,31941.2668,8
1780811420,31942.1516,6
1780811422,31946.3570,0
1780811424,31952.7027,7
1780811426,31954.9640,0
1780811428,31960.8154,4
1780811430,31957.0357,7
1780811432,31960.2961,1
1780811434,31958.4822,2
1780811436,31963.7121,1
1780811438,31961.8904,4
1780811440,31964.9385,5
1780811442,31970.0071,1
1780811444,31973.7918,8
1780811446,31981.2106,6
1780811448,31976.8365,5
1780811450,31977.5322,2
1780811452,31979.8588,8
1780811454,31971.8031,1
1780811456,31974.4256,6
1780811458,31970.7640,0
1780811460,31971.8611,1
1780811462,31978.4372,2
1780811464,31987.0944,4
1780811466,31983.4263,3
1780811468,31994.2867,7
1780811470,31987.2945,5
1780811472,31981.3969,9
1780811474,31973.6916,6
1780811476,31972.7078,8
1780811478,31970.9267,7
1780811480,31968.6010,0
1780811482,31952.9351,1
1780811484,31956.1890,0
1780811486,31964.2792,2
1780811488,31976.5516,6
1780811490,31968.8153,3
1780811492,31971.7657,7
1780811494,31975.9064,4
1780811496,31977.6970,0
1780811498,31983.2727,7
1780811500,31983.2687,7
1780811502,31982.8892,2
1780811504,31974.4803,3
1780811506,31977.0317,7
1780811508,31989.6480,0
1780811510,31990.7484,4
1780811512,31980.6614,4
1780811514,31982.0040,0
1780811516,31981.1545,5
1780811518,31975.7646,6
1780811520,31983.0123,3
1780811522,31987.3023,3
1780811524,31988.8042,2
1780811526,31992.7839,9
1780811528,31987.7474,4
1780811530,31990.4269,9
1780811532,31992.1830,0
1780811534,31989.5984,4
1780811536,31988.9652,2
1780811538,31988.0930,0
1780811540,31988.1815,5
1780811542,31984.9353,3
1780811544,31981.3118,8
1780811546,31984.9835,5
1780811548,31985.1010,0
1780811550,31980.8495,5
1780811552,31986.7370,0
1780811554,31989.6769,9
1780811556,31987.4692,2
1780811558,31985.1952,2
1780811560,31980.6756,6
1780811562,31968.2064,4
1780811564,31979.9790,0
1780811566,31981.0628,8
1780811568,31977.9985,5
1780811570,31979.7985,5
1780811572,31985.2307,7
1780811574,31978.0450,0
1780811576,31969.3563,3
1780811578,31975.0058,8
1780811580,31974.1156,6
1780811582,31975.0566,6
1780811584,31974.5124,4
1780811586,31968.3716,6
1780811588,31965.5490,0
1780811590,31954.6786,6
1780811592,31958.1340,0
1780811594,31958.3352,2
1780811596,31965.5354,4
1780811598,31970.3390,0
1780811600,31966.9850,0
1780811602,31964.5880,0
1780811604,31967.0624,4
1780811606,31963.5090,0
1780811608,31971.5760,0
1780811610,31982.0385,5
1780811612,31983.6331,1
1780811614,31985.1734,4
1780811616,31977.7612,2
1780811618,31972.3513,3
1780811620,31973.8887,7
1780811622,31966.6762,2
1780811624,31957.4295,5
1780811626,31959.2253,3
1780811628,31958.8023,3
1780811630,31958.8748,8
1780811632,31971.5501,1
1780811634,31972.7734,4
1780811636,31986.8076,6
1780811638,31975.2789,9
1780811640,31973.0134,4
1780811642,31966.0726,6
1780811644,31966.5562,2
1780811646,31981.3417,7
1780811648,31989.6228,8
1780811650,31995.0741,1
1780811652,31998.5514,4
1780811654,31988.2535,5
1780811656,31994.3929,9
1780811658,31988.9282,2
1780811660,31996.0298,8
1780811662,31999.5899,9
1780811664,31995.1421,1
1780811666,31997.6568,8
1780811668,31999.1462,2
1780811670,31996.7002,2
1780811672,32000.1502,2
1780811674,31992.1250,0
1780811676,31975.8867,7
1780811678,31974.2553,3
1780811680,31970.7254,4
1780811682,31971.5606,6
1780811684,31974.5235,5
1780811686,31978.0295,5
1780811688,31971.8413,3
1780811690,31969.9122,2
1780811692,31968.8854,4
1780811694,31981.0148,8
1780811696,31974.4475,5
1780811698,31970.5057,7
1780811700,31969.3434,4
1780811702,31969.8456,6
1780811704,31972.2052,2
1780811706,31970.0364,4
1780811708,31977.0793,3
1780811710,31981.4493,3
1780811712,31978.6370,0
1780811714,31984.2984,4
1780811716,31995.2648,8
1780811718,31985.3819,9
1780811720,31992.0644,4
1780811722,31981.8963,3
1780811724,31982.5192,2
1780811726,31989.3823,3
1780811728,31983.1885,5
1780811730,31984.6507,7
1780811732,31983.2172,2
1780811734,31983.3269,9
1780811736,31982.1463,3
1780811738,31973.3489,9
1780811740,31969.5687,7
1780811742,31980.6249,9
1780811744,31984.1904,4
1780811746,31973.2764,4
1780811748,31979.0542,2
1780811750,31984.9775,5
1780811752,31980.0257,7
1780811754,31981.5998,8
1780811756,31983.7673,3
1780811758,31981.1432,2
1780811760,31984.8969,9
1780811762,31976.1501,1
1780811764,31973.8671,1
1780811766,31966.7335,5
1780811768,31957.5854,4
1780811770,31955.9577,7
1780811772,31951.9263,3
1780811774,31949.5699,9
1780811776,31953.9943,3
1780811778,31951.3042,2
1780811780,31946.6011,1
1780811782,31950.5673,3
1780811784,31937.9931,1
1780811786,31938.6597,7
1780811788,31934.0439,9
1780811790,31932.2043,3
1780811792,31925.7632,2
1780811794,31942.6833,3
1780811796,31951.9125,5
1780811798,31963.8033,3
1780811800,31962.1574,4
1780811802,31958.8644,4
1780811804,31963.1431,1
1780811806,31957.5384,4
1780811808,31960.4821,1
1780811810,31968.5369,9
1780811812,31966.0942,2
1780811814,31964.5207,7
1780811816,31963.0258,8
1780811818,31959.4665,5
1780811820,31958.3012,2
1780811822,31960.8353,3
1780811824,31967.0580,0
1780811826,31976.3416,6
1780811828,31978.6621,1
1780811830,31974.9846,6
1780811832,31978.4174,4
1780811834,31977.2694,4
1780811836,31978.4523,3
1780811838,31978.5416,6
1780811840,31973.4876,6
1780811842,31970.6894,4
1780811844,31979.9078,8
1780811846,31984.8701,1
1780811848,31984.5414,4
1780811850,31985.4225,5
1780811852,31976.6546,6
1780811854,31971.1685,5
1780811856,31977.7473,3
1780811858,31973.5049,9
1780811860,31971.7056,6
1780811862,31982.8464,4
1780811864,31977.5395,5
1780811866,31974.8523,3
1780811868,31977.8910,0
1780811870,31970.9955,5
1780811872,31967.0086,6
1780811874,31955.7478,8
1780811876,31957.4289,9
1780811878,31954.0599,9
1780811880,31964.1146,6
1780811882,31974.7951,1
1780811884,31973.0042,2
1780811886,31962.7449,9
1780811888,31963.4944,4
1780811890,31964.8858,8
1780811892,31957.9520,0
1780811894,31959.3831,1
1780811896,31949.0412,2
1780811898,31951.8001,1
1780811900,31960.9009,9
1780811902,31968.0056,6
1780811904,31960.1481,1
1780811906,31963.4050,0
1780811908,31952.8007,7
1780811910,31946.0892,2
1780811912,31941.0151,1
1780811914,31939.7155,5
1780811916,31938.2252,2
1780811918,31944.4167,7
1780811920,31938.6150,0
1780811922,31949.3501,1
1780811924,31947.9508,8
1780811926,31946.7297,7
1780811928,31936.8877,7
1780811930,31937.7998,8
1780811932,31933.9897,7
1780811934,31922.2837,7
1780811936,31926.6641,1
1780811938,31924.8264,4
1780811940,31928.8412,2
1780811942,31927.1759,9
1780811944,31937.2362,2
1780811946,31932.6014,4
1780811948,31927.0825,5
1780811950,31922.9443,3
1780811952,31925.6557,7
1780811954,31930.8569,9
1780811956,31930.4500,0
1780811958,31935.4550,0
1780811960,31926.0936,6
1780811962,31928.9537,7
1780811964,31934.3011,1
1780811966,31933.6700,0
1780811968,31939.1919,9
1780811970,31936.6460,0
1780811972,31937.2346,6
1780811974,31930.5958,8
1780811976,31937.4017,7
1780811978,31938.9231,1
1780811980,31935.2502,2
1780811982,31925.0683,3
1780811984,31920.0658,8
1780811986,31923.9022,2
1780811988,31918.9850,0
1780811990,31923.8344,4
1780811992,31914.3719,9
1780811994,31919.7376,6
1780811996,31927.0577,7
1780811998,31916.4729,9
1780812000,31919.9417,7
1780812002,31917.8810,0
1780812004,31912.7686,6
1780812006,31918.6707,7
1780812008,31924.6765,5
1780812010,31923.4405,5
1780812012,31928.4691,1
1780812014,31940.6376,6
1780812016,31942.5837,7
1780812018,31944.2178,8
1780812020,31947.7528,8
1780812022,31941.2907,7
1780812024,31947.8377,7
1780812026,31951.8255,5
1780812028,31942.1189,9
1780812030,31947.6549,9
1780812032,31950.8849,9
1780812034,31952.6097,7
1780812036,31949.7427,7
1780812038,31943.9888,8
1780812040,31938.9703,3
1780812042,31951.5201,1
1780812044,31953.3590,0
1780812046,31951.7988,8
1780812048,31961.4646,6
1780812050,31964.2142,2
1780812052,31958.5018,8
1780812054,31959.7004,4
1780812056,31953.1964,4
1780812058,31959.2290,0
1780812060,31961.9713,3
1780812062,31960.2091,1
1780812064,31963.6131,1
1780812066,31954.6516,6
1780812068,31956.4333,3
1780812070,31949.9783,3
1780812072,31950.4262,2
1780812074,31945.5199,9
1780812076,31950.7120,0
1780812078,31956.5030,0
1780812080,31955.8885,5
1780812082,31954.9132,2
1780812084,31961.9839,9
1780812086,31958.8847,7
1780812088,31965.1239,9
1780812090,31962.2312,2
1780812092,31953.9212,2
1780812094,31952.5346,6
1780812096,31957.4536,6
1780812098,31954.4276,6
1780812100,31959.4097,7
1780812102,31962.5013,3
1780812104,31965.7506,6
1780812106,31961.2883,3
1780812108,31959.1481,1
1780812110,31959.6129,9
1780812112,31959.2348,8
1780812114,31958.5026,6
1780812116,31953.9384,4
1780812118,31952.8123,3
1780812120,31949.1749,9
1780812122,31947.9486,6
1780812124,31953.3611,1
1780812126,31950.1041,1
1780812128,31951.4864,4
1780812130,31949.1810,0
1780812132,31944.8557,7
1780812134,31950.5420,0
1780812136,31951.7467,7
1780812138,31952.1725,5
1780812140,31953.5779,9
1780812142,31947.7629,9
1780812144,31946.3950,0
1780812146,31947.3605,5
1780812148,31952.5946,6
1780812150,31951.4186,6
1780812152,31955.6958,8
1780812154,31961.6341,1
1780812156,31964.8834,4
1780812158,31961.1854,4
1780812160,31959.7386,6
1780812162,31961.1010,0
1780812164,31963.5408,8
1780812166,31963.0150,0
1780812168,31961.4886,6
1780812170,31960.3554,4
1780812172,31958.3026,6
1780812174,31961.3473,3
1780812176,31966.3321,1
1780812178,31971.2824,4
1780812180,31976.0405,5
1780812182,31968.2864,4
1780812184,31982.9470,0
1780812186,31991.8246,6
1780812188,31988.0018,8
1780812190,31991.4685,5
1780812192,31986.0899,9
1780812194,31991.3217,7
1780812196,32004.1496,6
1780812198,32002.8277,7
1780812200,32000.4847,7
1780812202,31995.4655,5
1780812204,32001.8147,7
1780812206,32002.3407,7
1780812208,31995.1448,8
1780812210,31997.4391,1
1780812212,31996.9645,5
1780812214,32001.2814,4
1780812216,31994.8461,1
1780812218,32004.8716,6
1780812220,32003.8304,4
1780812222,32010.7020,0
1780812224,32012.4746,6
1780812226,32021.1073,3
1780812228,32020.8948,8
1780812230,32032.0401,1
1780812232,32044.7963,3
1780812234,32038.9389,9
1780812236,32041.5913,3
1780812238,32040.6911,1
1780812240,32041.5748,8
1780812242,32031.6151,1
1780812244,32028.7879,9
1780812246,32017.6997,7
1780812248,32007.7943,3
1780812250,32012.3079,9
1780812252,32013.1481,1
1780812254,32003.8363,3
1780812256,32003.0277,7
1780812258,32007.5870,0
1780812260,32020.3282,2
1780812262,32028.7325,5
1780812264,32014.3797,7
1780812266,32004.7802,2
1780812268,32005.0589,9
1780812270,32012.7251,1
1780812272,32019.6075,5
1780812274,32015.6154,4
1780812276,32010.0798,8
1780812278,32009.8225,5
1780812280,32003.7341,1
1780812282,31994.7139,9
1780812284,31995.5796,6
1780812286,32008.4556,6
1780812288,32007.4197,7
1780812290,32009.2140,0
1780812292,32015.7179,9
1780812294,32023.6350,0
1780812296,32016.8225,5
1780812298,32016.2473,3
1780812300,32020.1115,5
1780812302,32013.6644,4
1780812304,32025.0971,1
1780812306,32029.0964,4
1780812308,32029.5020,0
1780812310,32030.0063,3
1780812312,32030.0500,0
1780812314,32022.0607,7
1780812316,32033.1335,5
1780812318,32030.0121,1
1780812320,32033.9102,2
1780812322,32033.7281,1
1780812324,32039.3148,8
1780812326,32041.1119,9
1780812328,32046.2073,3
1780812330,32045.1971,1
1780812332,32041.8501,1
1780812334,32038.4121,1
1780812336,32031.4419,9
1780812338,32037.4903,3
1780812340,32034.2886,6
1780812342,32037.3985,5
1780812344,32041.3131,1
1780812346,32048.9423,3
1780812348,32044.7198,8
1780812350,32047.8685,5
1780812352,32062.2571,1
1780812354,32057.8209,9
1780812356,32058.5292,2
1780812358,32056.5334,4
1780812360,32061.9191,1
1780812362,32057.5931,1
1780812364,32065.6892,2
1780812366,32069.7036,6
1780812368,32074.9347,7
1780812370,32078.5132,2
1780812372,32073.1108,8
1780812374,32067.7642,2
1780812376,32075.6820,0
1780812378,32069.8739,9
1780812380,32076.1375,5
1780812382,32068.5056,6
1780812384,32065.4480,0
1780812386,32058.5698,8
1780812388,32051.4250,0
1780812390,32047.9251,1
1780812392,32043.4457,7
1780812394,32037.1205,5
1780812396,32042.3128,8
1780812398,32047.9941,1
1780812400,32049.6058,8
1780812402,32054.3505,5
1780812404,32042.2746,6
1780812406,32040.4181,1
1780812408,32046.1246,6
1780812410,32056.9747,7
1780812412,32057.2460,0
1780812414,32053.0524,4
1780812416,32057.9855,5
1780812418,32062.9043,3
1780812420,32067.9194,4
1780812422,32071.7625,5
1780812424,32078.7353,3
1780812426,32073.3218,8
1780812428,32065.3272,2
1780812430,32059.2189,9
1780812432,32065.0101,1
1780812434,32067.6948,8
1780812436,32063.1589,9
1780812438,32047.5537,7
1780812440,32041.7977,7
1780812442,32043.0906,6
1780812444,32044.4513,3
1780812446,32056.1463,3
1780812448,32050.6902,2
1780812450,32052.9107,7
1780812452,32041.7555,5
1780812454,32047.2234,4
1780812456,32047.6366,6
1780812458,32049.5100,0
1780812460,32046.6062,2
1780812462,32050.7693,3
1780812464,32057.0339,9
1780812466,32065.6763,3
1780812468,32073.0141,1
1780812470,32085.0023,3
1780812472,32079.3693,3
1780812474,32069.2111,1
1780812476,32074.3208,8
1780812478,32069.2635,5
1780812480,32066.5986,6
1780812482,32079.3604,4
1780812484,32080.4529,9
1780812486,32083.3853,3
1780812488,32085.3193,3
1780812490,32093.4348,8
1780812492,32107.4647,7
1780812494,32104.7227,7
1780812496,32096.8076,6
1780812498,32102.9431,1
1780812500,32109.6957,7
1780812502,32101.1919,9
1780812504,32110.1490,0
1780812506,32110.6377,7
1780812508,32102.0049,9
1780812510,32112.1542,2
1780812512,32110.4585,5
1780812514,32116.7895,5
1780812516,32124.0268,8
1780812518,32124.4437,7
1780812520,32125.4870,0
1780812522,32123.4868,8
1780812524,32118.5454,4
1780812526,32106.8168,8
1780812528,32104.9476,6
1780812530,32114.1038,8
1780812532,32115.6768,8
1780812534,32100.3922,2
1780812536,32105.0418,8
1780812538,32115.8247,7
1780812540,32115.7842,2
1780812542,32115.7534,4
1780812544,32118.2576,6
1780812546,32122.8196,6
1780812548,32124.1157,7
1780812550,32128.0706,6
1780812552,32135.0901,1
1780812554,32143.2727,7
1780812556,32139.8822,2
1780812558,32139.6188,8
1780812560,32136.1420,0
1780812562,32136.5591,1
1780812564,32140.4520,0
1780812566,32137.9960,0
1780812568,32131.7982,2
1780812570,32136.9143,3
1780812572,32127.2431,1
1780812574,32125.8772,2
1780812576,32113.4677,7
1780812578,32114.5297,7
1780812580,32125.8589,9
1780812582,32132.9086,6
1780812584,32129.7505,5
1780812586,32132.7916,6
1780812588,32126.4195,5
1780812590,32134.3894,4
1780812592,32130.8991,1
1780812594,32127.2786,6
1780812596,32133.3173,3
1780812598,32131.0259,9
1780812600,32120.7910,0
1780812602,32107.8244,4
1780812604,32105.0941,1
1780812606,32099.9614,4
1780812608,32101.2624,4
1780812610,32099.0264,4
1780812612,32096.4639,9
1780812614,32102.2312,2
1780812616,32098.8936,6
1780812618,32100.5597,7
1780812620,32096.6155,5
1780812622,32085.6236,6
1780812624,32081.0914,4
1780812626,32082.5094,4
1780812628,32075.5904,4
1780812630,32082.9179,9
1780812632,32079.7259,9
1780812634,32070.6627,7
1780812636,32080.3976,6
1780812638,32079.7371,1
1780812640,32074.0940,0
1780812642,32067.8418,8
1780812644,32069.8073,3
1780812646,32073.7016,6
1780812648,32075.0065,5
1780812650,32059.4865,5
1780812652,32044.6298,8
1780812654,32045.8816,6
1780812656,32046.5397,7
1780812658,32037.7119,9
1780812660,32036.3357,7
1780812662,32035.1415,5
1780812664,32041.8082,2
1780812666,32036.1671,1
1780812668,32041.1143,3
1780812670,32037.2576,6
1780812672,32047.2925,5
1780812674,32044.9491,1
1780812676,32040.8405,5
1780812678,32039.0845,5
1780812680,32036.2826,6
1780812682,32037.9114,4
1780812684,32040.0986,6
1780812686,32045.7362,2
1780812688,32046.8297,7
1780812690,32040.3718,8
1780812692,32041.4273,3
1780812694,32037.3767,7
1780812696,32043.4063,3
1780812698,32041.2274,4
1780812700,32030.8896,6
1780812702,32052.6513,3
1780812704,32053.4131,1
1780812706,32054.4664,4
1780812708,32043.8988,8
1780812710,32030.3164,4
1780812712,32036.2091,1
1780812714,32040.5666,6
1780812716,32046.1742,2
1780812718,32048.4812,2
1780812720,32053.7185,5
1780812722,32050.6382,2
1780812724,32052.6175,5
1780812726,32049.6040,0
1780812728,32047.4938,8
1780812730,32038.4350,0
1780812732,32034.0414,4
1780812734,32030.1256,6
1780812736,32022.9854,4
1780812738,32031.0661,1
1780812740,32037.7168,8
1780812742,32044.3735,5
1780812744,32040.0673,3
1780812746,32040.1186,6
1780812748,32044.0505,5
1780812750,32047.0552,2
1780812752,32038.6183,3
1780812754,32028.7508,8
1780812756,32034.6811,1
1780812758,32028.4976,6
1780812760,32038.4076,6
1780812762,32047.9583,3
1780812764,32047.2973,3
1780812766,32041.7277,7
1780812768,32037.9759,9
1780812770,32032.7723,3
1780812772,32038.2210,0
1780812774,32036.8317,7
1780812776,32044.3060,0
1780812778,32055.2153,3
1780812780,32058.0924,4
1780812782,32059.2879,9
1780812784,32054.3858,8
1780812786,32044.8722,2
1780812788,32049.4549,9
1780812790,32053.9918,8
1780812792,32053.8049,9
1780812794,32062.3622,2
1780812796,32062.6629,9
1780812798,32063.2873,3
1780812800,32067.9617,7
1780812802,32070.6054,4
1780812804,32076.5394,4
1780812806,32081.1348,8
1780812808,32073.8790,0
1780812810,32070.5125,5
1780812812,32058.9512,2
1780812814,32054.2129,9
1780812816,32047.4384,4
1780812818,32043.1096,6
1780812820,32050.4827,7
1780812822,32049.6065,5
1780812824,32059.1662,2
1780812826,32069.1176,6
1780812828,32063.6227,7
1780812830,32064.9952,2
1780812832,32070.8273,3
1780812834,32064.0204,4
1780812836,32058.2490,0
1780812838,32058.5278,8
1780812840,32054.1669,9
1780812842,32054.3687,7
1780812844,32051.8961,1
1780812846,32052.7223,3
1780812848,32044.6630,0
1780812850,32056.9617,7
1780812852,32056.4154,4
1780812854,32050.7129,9
1780812856,32046.2006,6
1780812858,32045.6379,9
1780812860,32053.3513,3
1780812862,32052.1453,3
1780812864,32049.5555,5
1780812866,32054.9857,7
1780812868,32056.2533,3
1780812870,32065.7863,3
1780812872,32054.4601,1
1780812874,32060.8612,2
1780812876,32066.0920,0
1780812878,32065.5174,4
1780812880,32053.6523,3
1780812882,32049.9164,4
1780812884,32035.9917,7
1780812886,32044.3726,6
1780812888,32048.9844,4
1780812890,32046.3655,5
1780812892,32049.9297,7
1780812894,32045.9732,2
1780812896,32047.2956,6
1780812898,32033.8502,2
1780812900,32023.1172,2
1780812902,32020.7505,5
1780812904,32020.1882,2
1780812906,32029.1930,0
1780812908,32032.5113,3
1780812910,32029.3163,3
1780812912,32028.6490,0
1780812914,32031.8490,0
1780812916,32030.6302,2
1780812918,32032.9128,8
1780812920,32035.8305,5
1780812922,32035.3533,3
1780812924,32031.4961,1
1780812926,32030.3455,5
1780812928,32025.8050,0
1780812930,32025.5644,4
1780812932,32031.5623,3
1780812934,32026.2989,9
1780812936,32028.6003,3
1780812938,32024.6379,9
1780812940,32023.1456,6
1780812942,32018.3974,4
1780812944,32005.7061,1
1780812946,31997.2923,3
1780812948,31997.7893,3
1780812950,32001.0246,6
1780812952,32009.6960,0
1780812954,32012.5359,9
1780812956,32017.4752,2
1780812958,32010.9679,9
1780812960,32010.1912,2
1780812962,32021.6123,3
1780812964,32019.2850,0
1780812966,32018.6308,8
1780812968,32015.7448,8
1780812970,32021.7002,2
1780812972,32019.2860,0
1780812974,32022.3168,8
1780812976,32028.2940,0
1780812978,32035.7590,0
1780812980,32028.3777,7
1780812982,32016.2148,8
1780812984,32019.1873,3
1780812986,32018.6113,3
1780812988,32018.2140,0
1780812990,32005.9856,6
1780812992,32008.4403,3
1780812994,32019.1740,0
1780812996,32016.3447,7
1780812998,32025.9579,9
1780813000,32024.0689,9
1780813002,32019.5810,0
1780813004,32019.2253,3
1780813006,32012.9187,7
1780813008,31996.3542,2
1780813010,31996.1697,7
1780813012,31990.1969,9
1780813014,31990.3043,3
1780813016,31988.4927,7
1780813018,31983.1665,5
1780813020,31983.3430,0
1780813022,31985.1647,7
1780813024,31987.2635,5
1780813026,31992.9121,1
1780813028,31977.4920,0
1780813030,31977.4688,8
1780813032,31975.3508,8
1780813034,31976.1057,7
1780813036,31980.2167,7
1780813038,31981.1299,9
1780813040,31983.5988,8
1780813042,31987.2125,5
1780813044,31991.9276,6
1780813046,31988.3977,7
1780813048,31991.5585,5
1780813050,31998.8098,8
1780813052,31993.4696,6
1780813054,31992.8945,5
1780813056,31994.8178,8
1780813058,31992.3859,9
1780813060,31998.2941,1
1780813062,31990.6263,3
1780813064,31983.4342,2
1780813066,31983.7006,6
1780813068,31972.2589,9
1780813070,31976.8719,9
1780813072,31967.6467,7
1780813074,31968.8611,1
1780813076,31964.6149,9
1780813078,31959.3910,0
1780813080,31958.7509,9
1780813082,31975.9598,8
1780813084,31978.7624,4
1780813086,31976.9857,7
1780813088,31977.5471,1
1780813090,31981.6988,8
1780813092,31985.0133,3
1780813094,31984.5129,9
1780813096,31987.4371,1
1780813098,31985.6698,8
1780813100,31984.3406,6
1780813102,31994.8689,9
1780813104,31985.4074,4
1780813106,31978.1433,3
1780813108,31985.8704,4
1780813110,31980.8186,6
1780813112,31974.9323,3
1780813114,31979.4960,0
1780813116,31982.9887,7
1780813118,31990.7918,8
1780813120,31990.8230,0
1780813122,31995.9387,7
1780813124,31991.0741,1
1780813126,31982.6695,5
1780813128,31996.5466,6
1780813130,31999.3286,6
1780813132,31988.1588,8
1780813134,31982.2899,9
1780813136,31978.1989,9
1780813138,31984.3428,8
1780813140,31988.8254,4
1780813142,31997.6349,9
1780813144,32000.2685,5
1780813146,32012.5190,0
1780813148,32017.4519,9
1780813150,32019.7059,9
1780813152,32018.3168,8
1780813154,32019.6017,7
1780813156,32013.0805,5
1780813158,32010.9665,5
1780813160,32011.5245,5
1780813162,32006.5862,2
1780813164,32011.2221,1
1780813166,32003.8377,7
1780813168,32004.5025,5
1780813170,32004.4726,6
1780813172,32008.2574,4
1780813174,32017.8251,1
1780813176,32020.8732,2
1780813178,32020.8721,1
1780813180,32014.0571,1
1780813182,32006.7335,5
1780813184,32020.0918,8
1780813186,32010.2812,2
1780813188,32012.3597,7
1780813190,32005.9268,8
1780813192,32003.7279,9
1780813194,32000.1335,5
1780813196,32007.3647,7
1780813198,32010.9172,2
1780813200,32011.2442,2
1780813202,32013.9411,1
1780813204,32011.5140,0
1780813206,32006.4374,4
1780813208,32009.6356,6
1780813210,32009.7382,2
1780813212,32010.4249,9
1780813214,32008.8986,6
1780813216,31998.4367,7
1780813218,31999.5923,3
1780813220,32003.5912,2
1780813222,32012.7580,0
1780813224,32008.3059,9
1780813226,32019.7102,2
1780813228,32014.5619,9
1780813230,32015.6261,1
1780813232,32015.8953,3
1780813234,32018.0467,7
1780813236,32014.5923,3
1780813238,32004.3582,2
1780813240,32004.4185,5
1780813242,32010.3013,3
1780813244,32008.6361,1
1780813246,32009.1617,7
1780813248,31998.3759,9
1780813250,31999.6326,6
1780813252,31994.0025,5
1780813254,32000.6700,0
1780813256,32016.0020,0
1780813258,32013.9551,1
1780813260,32003.2623,3
1780813262,32009.3871,1
1780813264,32017.9902,2
1780813266,32021.3559,9
1780813268,32017.3544,4
1780813270,32027.4144,4
1780813272,32034.6125,5
1780813274,32035.3468,8
1780813276,32029.1556,6
1780813278,32026.6321,1
1780813280,32033.2940,0
1780813282,32027.7656,6
1780813284,32027.9718,8
1780813286,32026.4299,9
1780813288,32033.9540,0
1780813290,32041.2246,6
1780813292,32032.8218,8
1780813294,32024.9958,8
1780813296,32029.5032,2
1780813298,32020.8050,0
1780813300,32026.2979,9
1780813302,32028.9107,7
1780813304,32023.9669,9
1780813306,32017.7537,7
1780813308,32023.4319,9
1780813310,32017.4421,1
1780813312,32007.9252,2
1780813314,32003.2192,2
1780813316,32005.1344,4
1780813318,32007.7644,4
1780813320,32007.2285,5
1780813322,32019.5726,6
1780813324,32020.8917,7
1780813326,32009.6454,4
1780813328,32000.7880,0
1780813330,31993.2486,6
1780813332,31994.3327,7
1780813334,32006.8842,2
1780813336,32003.9408,8
1780813338,32002.5357,7
1780813340,31996.9856,6
1780813342,32007.3713,3
1780813344,32012.3128,8
1780813346,32014.5401,1
1780813348,32020.2213,3
1780813350,32016.1023,3
1780813352,32022.7047,7
1780813354,32022.8324,4
1780813356,32021.4883,3
1780813358,32020.3703,3
1780813360,32018.5919,9
1780813362,32023.8526,6
1780813364,32024.5156,6
1780813366,32023.0746,6
1780813368,32022.1234,4
1780813370,32021.9226,6
1780813372,32021.6034,4
1780813374,32025.0953,3
1780813376,32019.8153,3
1780813378,32008.0142,2
1780813380,32009.7140,0
1780813382,31996.2427,7
1780813384,31995.9495,5
1780813386,32006.1599,9
1780813388,32004.4268,8
1780813390,32026.6119,9
1780813392,32029.2204,4
1780813394,32022.7685,5
1780813396,32025.6480,0
1780813398,32015.4151,1
1780813400,32011.7853,3
1780813402,31997.8111,1
1780813404,32002.8257,7
1780813406,32009.3295,5
1780813408,32005.8771,1
1780813410,32006.3709,9
1780813412,32005.8892,2
1780813414,32003.3518,8
1780813416,31998.9068,8
1780813418,32002.1589,9
1780813420,32002.9856,6
1780813422,31996.6807,7
1780813424,32006.4816,6
1780813426,32003.8674,4
1780813428,31998.5444,4
1780813430,31997.6135,5
1780813432,31996.4192,2
1780813434,31992.1832,2
1780813436,31992.7170,0
1780813438,31999.7654,4
1780813440,32006.3276,6
1780813442,32002.9926,6
1780813444,32003.4116,6
1780813446,32002.3718,8
1780813448,32007.9391,1
1780813450,32001.8978,8
1780813452,32002.8216,6
1780813454,32007.1440,0
1780813456,32004.3369,9
1780813458,32007.4581,1
1780813460,32008.4390,0
1780813462,32000.1991,1
1780813464,32000.4356,6
1780813466,32009.3005,5
1780813468,32003.9845,5
1780813470,31997.9181,1
1780813472,31991.8783,3
1780813474,31998.6856,6
1780813476,31991.2657,7
1780813478,31995.2180,0
1780813480,31983.0481,1
1780813482,31985.3830,0
1780813484,31984.0913,3
1780813486,31977.7682,2
1780813488,31973.7667,7
1780813490,31978.7258,8
1780813492,31986.3073,3
1780813494,31995.3049,9
1780813496,31997.3001,1
1780813498,31995.6756,6
1780813500,31991.0374,4
1780813502,31984.5627,7
1780813504,31988.6671,1
1780813506,31996.1707,7
1780813508,31992.4229,9
1780813510,31984.2040,0
1780813512,31983.8847,7
1780813514,31975.6435,5
1780813516,31968.0030,0
1780813518,31957.9989,9
1780813520,31951.1067,7
1780813522,31951.4046,6
1780813524,31944.1771,1
1780813526,31944.7239,9
1780813528,31947.9102,2
1780813530,31944.1016,6
1780813532,31955.3478,8
1780813534,31951.3761,1
1780813536,31950.9876,6
1780813538,31949.0938,8
1780813540,31952.2631,1
1780813542,31960.2778,8
1780813544,31963.3715,5
1780813546,31961.7335,5
1780813548,31956.8932,2
1780813550,31953.1778,8
1780813552,31955.7199,9
1780813554,31949.5931,1
1780813556,31962.2837,7
1780813558,31968.7517,7
1780813560,31960.9173,3
1780813562,31951.6528,8
1780813564,31949.0222,2
1780813566,31955.2234,4
1780813568,31954.7986,6
1780813570,31960.1550,0
1780813572,31958.0809,9
1780813574,31955.9634,4
1780813576,31957.0994,4
1780813578,31956.4577,7
1780813580,31956.6057,7
1780813582,31960.3702,2
1780813584,31966.9081,1
1780813586,31965.3255,5
1780813588,31964.1219,9
1780813590,31973.0182,2
1780813592,31966.6274,4
1780813594,31969.7974,4
1780813596,31972.3996,6
1780813598,31974.3447,7
1780813600,31967.2856,6
1780813602,31968.3253,3
1780813604,31966.6379,9
1780813606,31970.7597,7
1780813608,31978.5243,3
1780813610,31986.7685,5
1780813612,31981.9959,9
1780813614,31981.0486,6
1780813616,31977.3270,0
1780813618,31979.8536,6
1780813620,31980.9598,8
1780813622,31973.1114,4
1780813624,31978.2865,5
1780813626,31978.5778,8
1780813628,31971.6408,8
1780813630,31975.3341,1
1780813632,31968.4581,1
1780813634,31963.2889,9
1780813636,31962.2723,3
1780813638,31963.8595,5
1780813640,31968.9173,3
1780813642,31965.0555,5
1780813644,31969.7297,7
1780813646,31968.0264,4
1780813648,31962.5493,3
1780813650,31968.4308,8
1780813652,31967.3094,4
1780813654,31964.4322,2
1780813656,31958.5410,0
1780813658,31954.4331,1
1780813660,31952.7328,8
1780813662,31947.6162,2
1780813664,31954.7919,9
1780813666,31951.7093,3
1780813668,31945.3307,7
1780813670,31942.6735,5
1780813672,31948.0461,1
1780813674,31940.7333,3
1780813676,31936.7662,2
1780813678,31936.9277,7
1780813680,31940.8079,9
1780813682,31931.5912,2
1780813684,31938.8376,6
1780813686,31952.5128,8
1780813688,31953.3885,5
1780813690,31957.0456,6
1780813692,31947.8713,3
1780813694,31954.3574,4
1780813696,31955.9959,9
1780813698,31953.7194,4
1780813700,31959.0072,2
1780813702,31962.8027,7
1780813704,31970.8219,9
1780813706,31967.1724,4
1780813708,31969.3915,5
1780813710,31980.1798,8
1780813712,31976.1972,2
1780813714,31966.0508,8
1780813716,31963.3316,6
1780813718,31965.9155,5
1780813720,31963.1595,5
1780813722,31957.6663,3
1780813724,31951.9627,7
1780813726,31959.7336,6
1780813728,31961.8403,3
1780813730,31958.4122,2
1780813732,31965.9285,5
1780813734,31961.3118,8
1780813736,31966.4307,7
1780813738,31966.3225,5
1780813740,31964.8956,6
1780813742,31967.6179,9
1780813744,31968.0767,7
1780813746,31969.6117,7
1780813748,31975.5079,9
1780813750,31979.1039,9
1780813752,31984.0222,2
1780813754,31988.3114,4
1780813756,31989.9883,3
1780813758,32001.6555,5
1780813760,32003.7216,6
1780813762,32012.5531,1
1780813764,32019.8593,3
1780813766,32020.0221,1
1780813768,32020.6923,3
1780813770,32025.3328,8
1780813772,32022.9859,9
1780813774,32017.2852,2
1780813776,32019.4001,1
1780813778,32027.1871,1
1780813780,32028.3442,2
1780813782,32032.5342,2
1780813784,32042.4634,4
1780813786,32039.5903,3
1780813788,32038.0642,2
1780813790,32034.5354,4
1780813792,32033.8702,2
1780813794,32028.8930,0
1780813796,32019.2559,9
1780813798,32018.9750,0
1780813800,32020.1020,0
1780813802,32015.0501,1
1780813804,32020.3603,3
1780813806,32014.3155,5
1780813808,32014.2117,7
1780813810,32022.5871,1
1780813812,32013.1660,0
1780813814,32020.3826,6
1780813816,32012.9841,1
1780813818,32012.1412,2
1780813820,32006.5149,9
1780813822,31998.6091,1
1780813824,31994.1420,0
1780813826,31989.4562,2
1780813828,31991.1432,2
1780813830,32004.1556,6
1780813832,32011.4482,2
1780813834,32007.1858,8
1780813836,32011.8091,1
1780813838,32016.7151,1
1780813840,32017.6494,4
1780813842,32013.6942,2
1780813844,32023.0826,6
1780813846,32024.5199,9
1780813848,32025.9561,1
1780813850,32027.8030,0
1780813852,32029.5352,2
1780813854,32031.0933,3
1780813856,32030.5908,8
1780813858,32030.8414,4
1780813860,32024.5552,2
1780813862,32018.2053,3
1780813864,32028.7282,2
1780813866,32037.4685,5
1780813868,32038.1356,6
1780813870,32037.7019,9
1780813872,32041.9372,2
1780813874,32054.6756,6
1780813876,32063.0605,5
1780813878,32059.5541,1
1780813880,32054.4498,8
1780813882,32047.6360,0
1780813884,32052.6038,8
1780813886,32053.2020,0
1780813888,32055.2650,0
1780813890,32053.7192,2
1780813892,32061.5069,9
1780813894,32055.0534,4
1780813896,32045.7160,0
1780813898,32050.1281,1
1780813900,32046.8944,4
1780813902,32049.8272,2
1780813904,32055.1990,0
1780813906,32055.2292,2
1780813908,32059.4739,9
1780813910,32065.6305,5
1780813912,32073.2402,2
1780813914,32076.0006,6
1780813916,32079.0975,5
1780813918,32080.1143,3
1780813920,32080.2238,8
1780813922,32088.3849,9
1780813924,32082.5365,5
1780813926,32088.8463,3
1780813928,32089.5380,0
1780813930,32087.4171,1
1780813932,32092.6653,3
1780813934,32083.5845,5
1780813936,32072.9199,9
1780813938,32079.3988,8
1780813940,32076.2972,2
1780813942,32093.7882,2
1780813944,32095.1987,7
1780813946,32091.8315,5
1780813948,32090.4912,2
1780813950,32085.4572,2
1780813952,32082.8288,8
1780813954,32077.1277,7
1780813956,32082.2302,2
1780813958,32072.1978,8
1780813960,32065.3382,2
1780813962,32069.4904,4
1780813964,32070.7782,2
1780813966,32068.1868,8
1780813968,32065.9599,9
1780813970,32067.4924,4
1780813972,32058.6784,4
1780813974,32067.1905,5
1780813976,32077.5845,5
1780813978,32075.4666,6
1780813980,32071.5269,9
1780813982,32065.4197,7
1780813984,32068.9081,1
1780813986,32054.0222,2
1780813988,32061.1088,8
1780813990,32061.6169,9
1780813992,32061.1465,5
1780813994,32053.4427,7
1780813996,32050.2953,3
1780813998,32056.0095,5
1780814000,32061.8523,3
1780814002,32065.7860,0
1780814004,32064.1745,5
1780814006,32071.3410,0
1780814008,32070.7816,6
1780814010,32068.4127,7
1780814012,32068.1387,7
1780814014,32070.4583,3
1780814016,32058.6900,0
1780814018,32057.1148,8
1780814020,32060.7826,6
1780814022,32064.4822,2
1780814024,32065.0667,7
1780814026,32067.8368,8
1780814028,32062.4234,4
1780814030,32059.4109,9
1780814032,32059.8216,6
1780814034,32051.2529,9
1780814036,32048.6625,5
1780814038,32047.2683,3
1780814040,32051.4305,5
1780814042,32052.5130,0
1780814044,32054.8588,8
1780814046,32067.3792,2
1780814048,32073.2984,4
1780814050,32078.1005,5
1780814052,32062.7785,5
1780814054,32056.5959,9
1780814056,32053.8958,8
1780814058,32045.3243,3
1780814060,32049.1889,9
1780814062,32056.2581,1
1780814064,32055.2478,8
1780814066,32059.3442,2
1780814068,32049.2463,3
1780814070,32047.9055,5
1780814072,32048.3813,3
1780814074,32044.0370,0
1780814076,32047.2173,3
1780814078,32051.9404,4
1780814080,32042.4894,4
1780814082,32035.3675,5
1780814084,32025.8778,8
1780814086,32015.4333,3
1780814088,32016.3080,0
1780814090,32020.9722,2
1780814092,32018.3164,4
1780814094,32004.8715,5
1780814096,32007.5313,3
1780814098,32008.8720,0
1780814100,32004.8247,7
1780814102,31995.8409,9
1780814104,31999.4260,0
1780814106,32001.5642,2
1780814108,32006.2441,1
1780814110,32010.6527,7
1780814112,32007.0183,3
1780814114,32012.9785,5
1780814116,32011.2837,7
1780814118,32005.0936,6
1780814120,32010.3629,9
1780814122,32009.6290,0
1780814124,32011.1610,0
1780814126,32011.8801,1
1780814128,32019.9056,6
1780814130,32024.8115,5
1780814132,32026.0438,8
1780814134,32032.6750,0
1780814136,32029.8519,9
1780814138,32034.2753,3
1780814140,32023.9790,0
1780814142,32021.6586,6
1780814144,32025.4819,9
1780814146,32027.6261,1
1780814148,32017.2450,0
1780814150,32018.2502,2
1780814152,32028.9117,7
1780814154,32026.4066,6
1780814156,32012.1795,5
1780814158,32017.8039,9
1780814160,32021.7857,7
1780814162,32023.5215,5
1780814164,32026.9411,1
1780814166,32026.8212,2
1780814168,32037.1331,1
1780814170,32051.5990,0
1780814172,32050.0157,7
1780814174,32044.6168,8
1780814176,32049.7579,9
1780814178,32056.5960,0
1780814180,32059.0552,2
1780814182,32062.2907,7
1780814184,32053.4152,2
1780814186,32049.6028,8
1780814188,32053.1899,9
1780814190,32056.4344,4
1780814192,32044.3726,6
1780814194,32046.4875,5
1780814196,32047.6065,5
1780814198,32047.3427,7
1780814200,32042.1336,6
1780814202,32038.2015,5
1780814204,32040.6440,0
1780814206,32038.9930,0
1780814208,32052.0501,1
1780814210,32047.1164,4
1780814212,32051.9974,4
1780814214,32061.1873,3
1780814216,32060.7894,4
1780814218,32057.7332,2
1780814220,32057.9241,1
1780814222,32057.0473,3
1780814224,32067.3460,0
1780814226,32071.8233,3
1780814228,32065.9176,6
1780814230,32070.9943,3
1780814232,32069.2602,2
1780814234,32068.2826,6
1780814236,32072.5929,9
1780814238,32089.7223,3
1780814240,32090.8485,5
1780814242,32075.6339,9
1780814244,32078.8250,0
1780814246,32079.3191,1
1780814248,32076.3114,4
1780814250,32076.9334,4
1780814252,32070.4460,0
1780814254,32063.7449,9
1780814256,32060.3288,8
1780814258,32066.5452,2
1780814260,32070.4427,7
1780814262,32065.1235,5
1780814264,32068.8521,1
1780814266,32072.7613,3
1780814268,32073.7402,2
1780814270,32069.5281,1
1780814272,32067.3801,1
1780814274,32076.0383,3
1780814276,32079.1013,3
1780814278,32075.6961,1
1780814280,32071.4839,9
1780814282,32064.6796,6
1780814284,32075.2473,3
1780814286,32077.2057,7
1780814288,32074.2982,2
1780814290,32080.4836,6
1780814292,32078.5893,3
1780814294,32077.3655,5
1780814296,32075.3916,6
1780814298,32075.7324,4
1780814300,32072.0637,7
1780814302,32068.5590,0
1780814304,32069.8939,9
1780814306,32067.0101,1
1780814308,32070.3247,7
1780814310,32072.0350,0
1780814312,32068.9257,7
1780814314,32070.3956,6
1780814316,32073.8007,7
1780814318,32070.9930,0
1780814320,32060.3827,7
1780814322,32073.7341,1
1780814324,32078.7320,0
1780814326,32076.4069,9
1780814328,32091.7243,3
1780814330,32085.5193,3
1780814332,32076.7007,7
1780814334,32077.8117,7
1780814336,32079.7607,7
1780814338,32075.3597,7
1780814340,32067.2706,6
1780814342,32080.3016,6
1780814344,32083.2117,7
1780814346,32075.4215,5
1780814348,32069.2424,4
1780814350,32066.7832,2
1780814352,32067.4402,2
1780814354,32065.8746,6
1780814356,32063.0675,5
1780814358,32061.7667,7
1780814360,32066.7762,2
1780814362,32068.1768,8
1780814364,32072.7615,5
1780814366,32068.6125,5
1780814368,32074.3417,7
1780814370,32081.4247,7
1780814372,32073.9081,1
1780814374,32071.5593,3
1780814376,32077.5501,1
1780814378,32074.1490,0
1780814380,32078.2515,5
1780814382,32082.4328,8
1780814384,32091.7054,4
1780814386,32086.1698,8
1780814388,32081.0777,7
1780814390,32082.0432,2
1780814392,32084.2671,1
1780814394,32091.5450,0
1780814396,32085.1911,1
1780814398,32082.8095,5
1780814400,32090.3557,7
1780814402,32077.7030,0
1780814404,32068.0663,3
1780814406,32059.4674,4
1780814408,32057.0683,3
1780814410,32063.7233,3
1780814412,32064.4488,8
1780814414,32066.3578,8
1780814416,32069.6203,3
1780814418,32063.1720,0
1780814420,32054.4078,8
1780814422,32049.3138,8
1780814424,32061.3153,3
1780814426,32059.2050,0
1780814428,32071.1453,3
1780814430,32084.4740,0
1780814432,32079.2536,6
1780814434,32069.7872,2
1780814436,32068.6452,2
1780814438,32067.0604,4
1780814440,32070.1390,0
1780814442,32066.4233,3
1780814444,32063.9996,6
1780814446,32069.4752,2
1780814448,32073.2707,7
1780814450,32074.6472,2
1780814452,32076.8216,6
1780814454,32057.4578,8
1780814456,32047.1992,2
1780814458,32052.9390,0
1780814460,32056.2922,2
1780814462,32059.5875,5
1780814464,32063.8823,3
1780814466,32067.9438,8
1780814468,32063.2694,4
1780814470,32061.4487,7
1780814472,32053.9123,3
1780814474,32056.5163,3
1780814476,32043.2051,1
1780814478,32046.8795,5
1780814480,32048.2375,5
1780814482,32053.0906,6
1780814484,32044.7021,1
1780814486,32049.4125,5
1780814488,32048.7646,6
1780814490,32054.0879,9
1780814492,32048.8420,0
1780814494,32063.2817,7
1780814496,32066.6593,3
1780814498,32070.7637,7
1780814500,32069.5810,0
1780814502,32075.1480,0
1780814504,32075.0881,1
1780814506,32075.6426,6
1780814508,32072.5030,0
1780814510,32063.6365,5
1780814512,32067.0663,3
1780814514,32060.1455,5
1780814516,32059.3538,8
1780814518,32058.7622,2
1780814520,32062.0129,9
1780814522,32060.6670,0
1780814524,32067.5141,1
1780814526,32078.5122,2
1780814528,32073.4975,5
1780814530,32070.3111,1
1780814532,32075.4127,7
1780814534,32065.2486,6
1780814536,32064.4155,5
1780814538,32072.5403,3
1780814540,32062.1252,2
1780814542,32059.0275,5
1780814544,32060.3185,5
1780814546,32068.1316,6
1780814548,32064.5817,7
1780814550,32066.7433,3
1780814552,32076.2140,0
1780814554,32078.9050,0
1780814556,32077.5661,1
1780814558,32073.2112,2
1780814560,32072.6638,8
1780814562,32074.2797,7
1780814564,32068.2151,1
1780814566,32062.4626,6
1780814568,32062.9662,2
1780814570,32063.0178,8
1780814572,32058.0262,2
1780814574,32056.2551,1
1780814576,32051.6432,2
1780814578,32053.6393,3
1780814580,32045.4160,0
1780814582,32036.1592,2
1780814584,32038.6858,8
1780814586,32049.9169,9
1780814588,32054.5770,0
1780814590,32056.4500,0
1780814592,32057.5406,6
1780814594,32058.0574,4
1780814596,32060.6807,7
1780814598,32058.3337,7
1780814600,32054.9421,1
1780814602,32050.5110,0
1780814604,32051.1619,9
1780814606,32050.9896,6
1780814608,32045.8900,0
1780814610,32045.7288,8
1780814612,32055.5809,9
1780814614,32052.9089,9
1780814616,32052.3656,6
1780814618,32058.9136,6
1780814620,32056.4615,5
1780814622,32064.1138,8
1780814624,32064.6445,5
1780814626,32059.4938,8
1780814628,32068.0792,2
1780814630,32061.9079,9
1780814632,32063.6063,3
1780814634,32054.8160,0
1780814636,32053.2659,9
1780814638,32051.3232,2
1780814640,32047.7865,5
1780814642,32048.3293,3
1780814644,32047.6714,4
1780814646,32051.5650,0
1780814648,32056.8217,7
1780814650,32057.7497,7
1780814652,32067.0498,8
1780814654,32063.5485,5
1780814656,32069.0387,7
1780814658,32064.3022,2
1780814660,32061.4465,5
1780814662,32070.4468,8
1780814664,32074.2719,9
1780814666,32073.8317,7
1780814668,32068.1044,4
1780814670,32063.3748,8
1780814672,32066.7989,9
1780814674,32074.3381,1
1780814676,32071.4858,8
1780814678,32070.2632,2
1780814680,32067.1742,2
1780814682,32062.9427,7
1780814684,32065.1256,6
1780814686,32054.2979,9
1780814688,32061.4873,3
1780814690,32070.6514,4
1780814692,32069.8960,0
1780814694,32075.1708,8
1780814696,32077.8634,4
1780814698,32084.2665,5
1780814700,32087.5020,0
1780814702,32081.5432,2
1780814704,32077.3385,5
1780814706,32082.4586,6
1780814708,32081.7642,2
1780814710,32072.8436,6
1780814712,32063.2333,3
1780814714,32062.0237,7
1780814716,32063.5023,3
1780814718,32066.4668,8
1780814720,32057.7744,4
1780814722,32065.4978,8
1780814724,32069.0349,9
1780814726,32067.3854,4
1780814728,32073.7117,7
1780814730,32070.2440,0
1780814732,32070.6809,9
1780814734,32068.3158,8
1780814736,32072.2784,4
1780814738,32075.3089,9
1780814740,32070.5234,4
1780814742,32075.8137,7
1780814744,32090.1378,8
1780814746,32089.8447,7
1780814748,32096.5494,4
1780814750,32104.4564,4
1780814752,32090.3602,2
1780814754,32087.6351,1
1780814756,32086.7577,7
1780814758,32092.3868,8
1780814760,32092.6102,2
1780814762,32082.2425,5
1780814764,32079.8243,3
1780814766,32089.2236,6
1780814768,32093.7023,3
1780814770,32090.7055,5
1780814772,32092.2214,4
1780814774,32092.3960,0
1780814776,32088.9967,7
1780814778,32084.1354,4
1780814780,32094.5719,9
1780814782,32090.5401,1
1780814784,32098.2819,9
1780814786,32097.5804,4
1780814788,32104.8607,7
1780814790,32111.0547,7
1780814792,32108.2180,0
1780814794,32104.2693,3
1780814796,32097.9266,6
1780814798,32095.9684,4
1780814800,32101.0528,8
1780814802,32097.5694,4
1780814804,32095.3200,0
1780814806,32093.5706,6
1780814808,32088.5177,7
1780814810,32090.8891,1
1780814812,32083.1035,5
1780814814,32084.0898,8
1780814816,32079.5140,0
1780814818,32082.5300,0
1780814820,32076.7351,1
1780814822,32073.3844,4
1780814824,32065.8441,1
1780814826,32064.2119,9
1780814828,32066.0200,0
1780814830,32059.8712,2
1780814832,32064.9959,9
1780814834,32076.7564,4
1780814836,32079.4852,2
1780814838,32086.2298,8
1780814840,32089.3749,9
1780814842,32098.0528,8
1780814844,32094.2332,2
1780814846,32098.3273,3
1780814848,32109.5591,1
1780814850,32105.5485,5
1780814852,32106.7597,7
1780814854,32115.3146,6
1780814856,32110.7323,3
1780814858,32109.5960,0
1780814860,32120.5431,1
1780814862,32116.7928,8
1780814864,32121.0541,1
1780814866,32118.6664,4
1780814868,32112.8815,5
1780814870,32104.1885,5
1780814872,32108.9371,1
1780814874,32111.3775,5
1780814876,32118.6234,4
1780814878,32126.8013,3
1780814880,32132.7204,4
1780814882,32124.7971,1
1780814884,32126.2519,9
1780814886,32118.2370,0
1780814888,32110.6049,9
1780814890,32105.6917,7
1780814892,32107.0662,2
1780814894,32107.8575,5
1780814896,32114.2268,8
1780814898,32119.1054,4
1780814900,32125.5497,7
1780814902,32126.3330,0
1780814904,32118.2526,6
1780814906,32119.4710,0
1780814908,32128.3409,9
1780814910,32135.6914,4
1780814912,32127.7240,0
1780814914,32132.7384,4
1780814916,32129.4314,4
1780814918,32128.3856,6
1780814920,32135.9681,1
1780814922,32142.5293,3
1780814924,32149.0704,4
1780814926,32160.1620,0
1780814928,32163.2310,0
1780814930,32161.0213,3
1780814932,32158.4651,1
1780814934,32160.2015,5
1780814936,32154.2380,0
1780814938,32160.3795,5
1780814940,32158.7915,5
1780814942,32152.9103,3
1780814944,32155.8381,1
1780814946,32159.0121,1
1780814948,32156.6258,8
1780814950,32160.4432,2
1780814952,32154.1889,9
1780814954,32152.1308,8
1780814956,32143.1242,2
1780814958,32129.3982,2
1780814960,32130.7690,0
1780814962,32133.9368,8
1780814964,32133.3447,7
1780814966,32143.3490,0
1780814968,32137.7663,3
1780814970,32132.6715,5
1780814972,32134.1357,7
1780814974,32137.5078,8
1780814976,32140.7708,8
1780814978,32140.3664,4
1780814980,32142.3067,7
1780814982,32139.7470,0
1780814984,32135.2917,7
1780814986,32125.4038,8
1780814988,32117.0768,8
1780814990,32128.1062,2
1780814992,32132.1270,0
1780814994,32124.9191,1
1780814996,32113.3013,3
1780814998,32113.5123,3
1780815000,32127.1106,6
1780815002,32115.9437,7
1780815004,32122.9597,7
1780815006,32124.7158,8
1780815008,32129.3683,3
1780815010,32123.1547,7
1780815012,32120.8094,4
1780815014,32122.4989,9
1780815016,32133.6365,5
1780815018,32132.6850,0
1780815020,32119.3926,6
1780815022,32122.3571,1
1780815024,32130.8149,9
1780815026,32132.8873,3
1780815028,32134.0693,3
1780815030,32137.0431,1
1780815032,32145.7553,3
1780815034,32150.9629,9
1780815036,32156.3813,3
1780815038,32157.2183,3
1780815040,32155.9690,0
1780815042,32162.4976,6
1780815044,32165.1211,1
1780815046,32170.9057,7
1780815048,32168.3797,7
1780815050,32167.2781,1
1780815052,32165.5056,6
1780815054,32173.4080,0
1780815056,32183.2881,1
1780815058,32183.5447,7
1780815060,32186.2364,4
1780815062,32174.7978,8
1780815064,32176.9996,6
1780815066,32173.4041,1
1780815068,32172.7177,7
1780815070,32175.8041,1
1780815072,32177.2620,0
1780815074,32178.7727,7
1780815076,32182.3256,6
1780815078,32182.3130,0
1780815080,32186.0909,9
1780815082,32187.2172,2
1780815084,32195.2446,6
1780815086,32200.1855,5
1780815088,32196.1843,3
1780815090,32185.3317,7
1780815092,32170.6500,0
1780815094,32178.9243,3
1780815096,32175.4659,9
1780815098,32177.4979,9
1780815100,32182.4741,1
1780815102,32188.2689,9
1780815104,32178.2302,2
1780815106,32175.5849,9
1780815108,32184.6747,7
1780815110,32188.6987,7
1780815112,32196.6539,9
1780815114,32189.0302,2
1780815116,32178.8154,4
1780815118,32181.5200,0
1780815120,32196.4688,8
1780815122,32196.9692,2
1780815124,32198.3193,3
1780815126,32196.3404,4
1780815128,32202.2075,5
1780815130,32205.6240,0
1780815132,32198.0186,6
1780815134,32187.8673,3
1780815136,32179.1896,6
1780815138,32186.5401,1
1780815140,32179.0663,3
1780815142,32176.0681,1
1780815144,32173.0561,1
1780815146,32161.9590,0
1780815148,32157.2253,3
1780815150,32160.2368,8
1780815152,32159.1667,7
1780815154,32157.4021,1
1780815156,32172.7677,7
1780815158,32171.6423,3
1780815160,32160.3779,9
1780815162,32155.9877,7
1780815164,32164.4121,1
1780815166,32172.3231,1
1780815168,32175.8038,8
1780815170,32169.2558,8
1780815172,32172.9760,0
1780815174,32176.0077,7
1780815176,32174.5705,5
1780815178,32167.7051,1
1780815180,32165.6103,3
1780815182,32168.3483,3
1780815184,32168.6646,6
1780815186,32177.2670,0
1780815188,32175.0220,0
1780815190,32181.9154,4
1780815192,32182.1782,2
1780815194,32176.9976,6
1780815196,32171.2569,9
1780815198,32178.3882,2
1780815200,32180.4227,7
1780815202,32188.0731,1
1780815204,32187.3705,5
1780815206,32190.3540,0
1780815208,32189.8290,0
1780815210,32205.0875,5
1780815212,32202.6752,2
1780815214,32205.8295,5
1780815216,32207.9165,5
1780815218,32207.9539,9
1780815220,32206.2640,0
1780815222,32202.1272,2
1780815224,32190.5614,4
1780815226,32190.5444,4
1780815228,32201.7565,5
1780815230,32197.6761,1
1780815232,32197.1677,7
1780815234,32200.6787,7
1780815236,32214.1665,5
1780815238,32209.6883,3
1780815240,32214.6757,7
1780815242,32220.4544,4
1780815244,32222.0359,9
1780815246,32220.4562,2
1780815248,32212.9471,1
1780815250,32211.1519,9
1780815252,32210.8041,1
1780815254,32221.9061,1
1780815256,32220.1443,3
1780815258,32211.6065,5
1780815260,32221.9251,1
1780815262,32223.1437,7
1780815264,32225.8938,8
1780815266,32225.2949,9
1780815268,32209.3506,6
1780815270,32203.6112,2
1780815272,32202.8189,9
1780815274,32207.5961,1
1780815276,32206.7913,3
1780815278,32201.5607,7
1780815280,32214.1958,8
1780815282,32218.8779,9
1780815284,32223.2861,1
1780815286,32218.3480,0
1780815288,32207.2161,1
1780815290,32192.2330,0
1780815292,32184.6780,0
1780815294,32176.5818,8
1780815296,32177.3553,3
1780815298,32184.9630,0
1780815300,32188.9423,3
1780815302,32185.9452,2
1780815304,32175.6034,4
1780815306,32171.3854,4
1780815308,32182.0772,2
1780815310,32184.1983,3
1780815312,32178.9141,1
1780815314,32187.1047,7
1780815316,32192.4175,5
1780815318,32186.4673,3
1780815320,32183.5400,0
1780815322,32186.6640,0
1780815324,32179.8046,6
1780815326,32173.5110,0
1780815328,32170.5777,7
1780815330,32173.1819,9
1780815332,32175.4634,4
1780815334,32177.5811,1
1780815336,32172.9910,0
1780815338,32170.7002,2
1780815340,32171.6468,8
1780815342,32164.2009,9
1780815344,32162.2583,3
1780815346,32169.2530,0
1780815348,32176.8055,5
1780815350,32180.9212,2
1780815352,32181.1761,1
1780815354,32188.6933,3
1780815356,32195.5544,4
1780815358,32188.8583,3
1780815360,32187.1519,9
1780815362,32181.9296,6
1780815364,32185.8685,5
1780815366,32183.0735,5
1780815368,32180.7443,3
1780815370,32175.5843,3
1780815372,32188.3367,7
1780815374,32186.9321,1
1780815376,32177.6915,5
1780815378,32179.1341,1
1780815380,32180.8110,0
1780815382,32180.3576,6
1780815384,32186.6255,5
1780815386,32194.4084,4
1780815388,32180.8209,9
1780815390,32183.5700,0
1780815392,32189.3611,1
1780815394,32192.1272,2
1780815396,32190.3744,4
1780815398,32187.4296,6
1780815400,32193.1900,0
1780815402,32199.4613,3
1780815404,32199.1164,4
1780815406,32200.2953,3
1780815408,32200.6871,1
1780815410,32211.9019,9
1780815412,32214.1224,4
1780815414,32208.7019,9
1780815416,32211.5674,4
1780815418,32215.6199,9
1780815420,32224.8174,4
1780815422,32224.3396,6
1780815424,32218.5726,6
1780815426,32219.6617,7
1780815428,32219.9851,1
1780815430,32232.1905,5
1780815432,32227.9564,4
1780815434,32230.1546,6
1780815436,32224.5154,4
1780815438,32227.1132,2
1780815440,32226.9569,9
1780815442,32222.1943,3
1780815444,32221.8897,7
1780815446,32216.1614,4
1780815448,32221.4538,8
1780815450,32206.8249,9
1780815452,32215.3247,7
1780815454,32226.5373,3
1780815456,32242.4633,3
1780815458,32242.0399,9
1780815460,32236.7407,7
1780815462,32231.1165,5
1780815464,32226.8444,4
1780815466,32229.8899,9
1780815468,32236.0373,3
1780815470,32231.6112,2
1780815472,32240.0791,1
1780815474,32249.2634,4
1780815476,32252.1196,6
1780815478,32261.0827,7
1780815480,32264.8523,3
1780815482,32272.5342,2
1780815484,32271.5688,8
1780815486,32265.7106,6
1780815488,32274.3074,4
1780815490,32273.5114,4
1780815492,32268.1302,2
1780815494,32256.5527,7
1780815496,32254.9159,9
1780815498,32249.3169,9
1780815500,32262.3365,5
1780815502,32263.2769,9
1780815504,32258.7702,2
1780815506,32256.3115,5
1780815508,32259.5752,2
1780815510,32259.8463,3
1780815512,32246.6416,6
1780815514,32247.2771,1
1780815516,32261.2853,3
1780815518,32262.2199,9
1780815520,32260.6825,5
1780815522,32261.4337,7
1780815524,32259.4802,2
1780815526,32260.5232,2
1780815528,32263.4681,1
1780815530,32259.3151,1
1780815532,32251.5001,1
1780815534,32250.8574,4
1780815536,32249.2283,3
1780815538,32247.8323,3
1780815540,32242.7939,9
1780815542,32250.7936,6
1780815544,32257.1664,4
1780815546,32267.3369,9
1780815548,32260.4698,8
1780815550,32258.1342,2
1780815552,32259.0092,2
1780815554,32257.8787,7
1780815556,32252.4867,7
1780815558,32253.2009,9
1780815560,32252.3154,4
1780815562,32246.7682,2
1780815564,32251.4093,3
1780815566,32252.6068,8
1780815568,32264.9141,1
1780815570,32267.0221,1
1780815572,32265.0965,5
1780815574,32263.8521,1
1780815576,32271.2766,6
1780815578,32271.1780,0
1780815580,32272.3943,3
1780815582,32273.5939,9
1780815584,32276.4772,2
1780815586,32274.4381,1
1780815588,32284.9668,8
1780815590,32283.3815,5
1780815592,32292.4835,5
1780815594,32283.7479,9
1780815596,32298.2348,8
1780815598,32293.6366,6
1780815600,32289.4597,7
1780815602,32293.6172,2
1780815604,32291.2370,0
1780815606,32276.4103,3
1780815608,32270.7918,8
1780815610,32279.7860,0
1780815612,32273.5683,3
1780815614,32281.1962,2
1780815616,32283.8569,9
1780815618,32289.6608,8
1780815620,32291.4059,9
1780815622,32284.0920,0
1780815624,32281.4308,8
1780815626,32278.4529,9
1780815628,32282.4425,5
1780815630,32286.3404,4
1780815632,32277.1289,9
1780815634,32293.0944,4
1780815636,32297.9193,3
1780815638,32298.6092,2
1780815640,32289.7895,5
1780815642,32286.1683,3
1780815644,32287.1788,8
1780815646,32283.4827,7
1780815648,32279.4136,6
1780815650,32275.0357,7
1780815652,32281.2694,4
1780815654,32277.5217,7
1780815656,32284.7428,8
1780815658,32289.2569,9
1780815660,32301.6448,8
1780815662,32301.2094,4
1780815664,32306.5908,8
1780815666,32300.3272,2
1780815668,32291.9106,6
1780815670,32290.2561,1
1780815672,32289.6550,0
1780815674,32294.8298,8
1780815676,32293.5212,2
1780815678,32295.0608,8
1780815680,32296.4181,1
1780815682,32295.9347,7
1780815684,32302.8272,2
1780815686,32294.9529,9
1780815688,32303.1935,5
1780815690,32298.1876,6
1780815692,32297.1416,6
1780815694,32296.7200,0
1780815696,32289.0436,6
1780815698,32290.6439,9
1780815700,32285.9388,8
1780815702,32296.6833,3
1780815704,32300.8539,9
1780815706,32302.6046,6
1780815708,32306.1381,1
1780815710,32307.7604,4
1780815712,32311.1949,9
1780815714,32308.2105,5
1780815716,32305.6715,5
1780815718,32300.9275,5
1780815720,32305.9733,3
1780815722,32301.1953,3
1780815724,32300.9187,7
1780815726,32310.8180,0
1780815728,32305.7896,6
1780815730,32315.6026,6
1780815732,32309.0423,3
1780815734,32303.0532,2
1780815736,32301.3865,5
1780815738,32307.7961,1
1780815740,32313.0987,7
1780815742,32321.5157,7
1780815744,32319.9517,7
1780815746,32324.0141,1
1780815748,32324.9770,0
1780815750,32323.3675,5
1780815752,32326.3397,7
1780815754,32331.6230,0
1780815756,32328.4023,3
1780815758,32332.8091,1
1780815760,32331.0425,5
1780815762,32338.3989,9
1780815764,32344.3365,5
1780815766,32343.0790,0
1780815768,32349.3027,7
1780815770,32360.8807,7
1780815772,32351.9104,4
1780815774,32350.8456,6
1780815776,32348.0789,9
1780815778,32342.2107,7
1780815780,32343.6173,3
1780815782,32334.3095,5
1780815784,32329.9405,5
1780815786,32326.1467,7
1780815788,32329.3713,3
1780815790,32318.6972,2
1780815792,32313.0908,8
1780815794,32315.5089,9
1780815796,32306.1014,4
1780815798,32300.0902,2
1780815800,32300.2919,9
1780815802,32310.3298,8
1780815804,32314.5210,0
1780815806,32311.2781,1
1780815808,32314.1546,6
1780815810,32320.4186,6
1780815812,32321.1069,9
1780815814,32320.2035,5
1780815816,32308.3821,1
1780815818,32300.1873,3
1780815820,32296.4526,6
1780815822,32309.8262,2
1780815824,32303.8085,5
1780815826,32301.0724,4
1780815828,32296.5230,0
1780815830,32296.3228,8
1780815832,32296.2874,4
1780815834,32300.5140,0
1780815836,32311.4048,8
1780815838,32316.7243,3
1780815840,32329.2498,8
1780815842,32329.2267,7
1780815844,32330.7896,6
1780815846,32328.7895,5
1780815848,32315.5028,8
1780815850,32311.7851,1
1780815852,32307.3845,5
1780815854,32310.8078,8
1780815856,32322.2217,7
1780815858,32325.3396,6
1780815860,32332.0473,3
1780815862,32337.5974,4
1780815864,32344.3884,4
1780815866,32341.9841,1
1780815868,32335.5108,8
1780815870,32334.7458,8
1780815872,32336.8262,2
1780815874,32341.0834,4
1780815876,32335.8468,8
1780815878,32344.5620,0
1780815880,32353.5421,1
1780815882,32356.0184,4
1780815884,32350.3208,8
1780815886,32350.2992,2
1780815888,32346.8056,6
1780815890,32352.9183,3
1780815892,32356.9064,4
1780815894,32349.0270,0
1780815896,32350.4631,1
1780815898,32347.7250,0
1780815900,32349.3918,8
1780815902,32346.1916,6
1780815904,32346.9647,7
1780815906,32353.4935,5
1780815908,32354.7037,7
1780815910,32348.2713,3
1780815912,32347.9763,3
1780815914,32348.4551,1
1780815916,32346.6666,6
1780815918,32342.3147,7
1780815920,32349.8666,6
1780815922,32351.9351,1
1780815924,32348.1655,5
1780815926,32351.4810,0
1780815928,32349.6473,3
1780815930,32356.0573,3
1780815932,32364.5734,4
1780815934,32358.4861,1
1780815936,32360.6464,4
1780815938,32365.8166,6
1780815940,32374.6226,6
1780815942,32386.2355,5
1780815944,32398.8225,5
1780815946,32378.4670,0
1780815948,32378.7778,8
1780815950,32390.3799,9
1780815952,32387.6768,8
1780815954,32377.4529,9
1780815956,32371.7404,4
1780815958,32367.2416,6
1780815960,32367.7976,6
1780815962,32376.1763,3
1780815964,32378.6788,8
1780815966,32379.7448,8
1780815968,32380.0964,4
1780815970,32379.9465,5
1780815972,32378.2805,5
1780815974,32376.5845,5
1780815976,32369.4870,0
1780815978,32377.9152,2
1780815980,32372.4412,2
1780815982,32373.4701,1
1780815984,32369.0850,0
1780815986,32365.7820,0
1780815988,32367.1286,6
1780815990,32361.1826,6
1780815992,32362.3837,7
1780815994,32367.3197,7
1780815996,32370.8774,4
1780815998,32378.9398,8
1780816000,32381.8619,9
1780816002,32382.2583,3
1780816004,32381.4983,3
1780816006,32378.1383,3
1780816008,32383.9587,7
1780816010,32381.7884,4
1780816012,32384.3638,8
1780816014,32371.6650,0
1780816016,32365.8960,0
1780816018,32362.6341,1
1780816020,32365.8654,4
1780816022,32368.0379,9
1780816024,32373.0101,1
1780816026,32372.0635,5
1780816028,32374.5334,4
1780816030,32363.2656,6
1780816032,32363.2255,5
1780816034,32382.6005,5
1780816036,32388.6824,4
1780816038,32384.5641,1
1780816040,32399.6643,3
1780816042,32399.1724,4
1780816044,32395.3950,0
1780816046,32394.1447,7
1780816048,32392.5835,5
1780816050,32383.2132,2
1780816052,32386.3543,3
1780816054,32380.8186,6
1780816056,32382.5087,7
1780816058,32390.8822,2
1780816060,32388.5190,0
1780816062,32385.3758,8
1780816064,32388.8779,9
1780816066,32382.4649,9
1780816068,32392.0440,0
1780816070,32385.5034,4
1780816072,32378.3591,1
1780816074,32387.1593,3
1780816076,32391.6574,4
1780816078,32385.6850,0
1780816080,32377.6155,5
1780816082,32386.5971,1
1780816084,32388.1529,9
1780816086,32383.8927,7
1780816088,32384.5606,6
1780816090,32375.2788,8
1780816092,32381.5597,7
1780816094,32374.9413,3
1780816096,32380.6177,7
1780816098,32387.1582,2
1780816100,32382.6560,0
1780816102,32380.4352,2
1780816104,32377.4482,2
1780816106,32380.2936,6
1780816108,32378.6705,5
1780816110,32383.2921,1
1780816112,32387.9377,7
1780816114,32379.4312,2
1780816116,32395.1023,3
1780816118,32392.3845,5
1780816120,32384.0530,0
1780816122,32390.3640,0
1780816124,32389.1923,3
1780816126,32388.9828,8
1780816128,32388.4810,0
1780816130,32391.3678,8
1780816132,32382.9520,0
1780816134,32385.1345,5
1780816136,32390.6890,0
1780816138,32395.8205,5
1780816140,32386.9137,7
1780816142,32392.3557,7
1780816144,32398.7397,7
1780816146,32405.6264,4
1780816148,32410.0462,2
1780816150,32404.3445,5
1780816152,32403.8545,5
1780816154,32401.1752,2
1780816156,32394.6723,3
1780816158,32395.2033,3
1780816160,32403.5826,6
1780816162,32406.4198,8
1780816164,32406.1762,2
1780816166,32403.5014,4
1780816168,32411.6529,9
1780816170,32406.0782,2
1780816172,32409.0418,8
1780816174,32416.6615,5
1780816176,32424.5337,7
1780816178,32437.6621,1
1780816180,32443.5915,5
1780816182,32442.5273,3
1780816184,32445.3513,3
1780816186,32454.7741,1
1780816188,32458.9239,9
1780816190,32464.7717,7
1780816192,32463.9325,5
1780816194,32462.2700,0
1780816196,32456.1462,2
1780816198,32458.3455,5
1780816200,32467.4233,3
1780816202,32472.5415,5
1780816204,32474.3582,2
1780816206,32470.4085,5
1780816208,32471.3673,3
1780816210,32471.0584,4
1780816212,32466.0609,9
1780816214,32462.8017,7
1780816216,32458.4438,8
1780816218,32450.9355,5
1780816220,32451.1352,2
1780816222,32443.9756,6
1780816224,32442.3304,4
1780816226,32440.1917,7
1780816228,32447.4435,5
1780816230,32434.4260,0
1780816232,32439.5502,2
1780816234,32442.1947,7
1780816236,32448.5537,7
1780816238,32438.3149,9
1780816240,32442.3576,6
1780816242,32434.4757,7
1780816244,32426.4446,6
1780816246,32422.7541,1
1780816248,32414.4517,7
1780816250,32422.6071,1
1780816252,32416.3542,2
1780816254,32419.8179,9
1780816256,32414.8183,3
1780816258,32410.2479,9
1780816260,32422.2854,4
1780816262,32420.6200,0
1780816264,32423.8805,5
1780816266,32428.8969,9
1780816268,32435.9984,4
1780816270,32441.8269,9
1780816272,32439.0267,7
1780816274,32437.9155,5
1780816276,32437.0781,1
1780816278,32438.8779,9
1780816280,32444.5673,3
1780816282,32453.1898,8
1780816284,32449.4094,4
1780816286,32458.3814,4
1780816288,32464.1709,9
1780816290,32465.7053,3
1780816292,32457.4843,3
1780816294,32452.5005,5
1780816296,32458.2213,3
1780816298,32447.4952,2
1780816300,32446.2120,0
1780816302,32451.7916,6
1780816304,32441.6031,1
1780816306,32445.7581,1
1780816308,32458.4473,3
1780816310,32456.6438,8
1780816312,32456.0232,2
1780816314,32456.2757,7
1780816316,32453.7135,5
1780816318,32458.1036,6
1780816320,32460.6443,3
1780816322,32464.7264,4
1780816324,32468.7562,2
1780816326,32476.7902,2
1780816328,32478.6888,8
1780816330,32478.3594,4
1780816332,32477.5530,0
1780816334,32482.8299,9
1780816336,32490.0929,9
1780816338,32498.1368,8
1780816340,32507.1171,1
1780816342,32518.4290,0
1780816344,32522.9192,2
1780816346,32511.4292,2
1780816348,32504.4603,3
1780816350,32499.2083,3
1780816352,32493.8145,5
1780816354,32497.0502,2
1780816356,32495.0394,4
1780816358,32496.6988,8
1780816360,32495.0814,4
1780816362,32500.9391,1
1780816364,32496.7417,7
1780816366,32487.9580,0
1780816368,32482.5041,1
1780816370,32498.5316,6
1780816372,32500.0185,5
1780816374,32495.9104,4
1780816376,32494.4894,4
1780816378,32496.7633,3
1780816380,32494.6125,5
1780816382,32488.1243,3
1780816384,32489.2172,2
1780816386,32485.0239,9
1780816388,32481.9389,9
1780816390,32488.1603,3
1780816392,32484.2058,8
1780816394,32495.7911,1
1780816396,32496.5592,2
1780816398,32492.7051,1
1780816400,32503.5129,9
1780816402,32512.2372,2
1780816404,32515.4368,8
1780816406,32513.0129,9
1780816408,32519.9123,3
1780816410,32514.5978,8
1780816412,32510.9319,9
1780816414,32515.2455,5
1780816416,32518.0716,6
1780816418,32515.0618,8
1780816420,32512.2873,3
1780816422,32518.5473,3
1780816424,32526.5638,8
1780816426,32517.5122,2
1780816428,32523.5604,4
1780816430,32528.0951,1
1780816432,32530.6907,7
1780816434,32523.5689,9
1780816436,32523.0227,7
1780816438,32515.1402,2
1780816440,32511.9583,3
1780816442,32509.8362,2
1780816444,32502.7427,7
1780816446,32498.4938,8
1780816448,32500.3547,7
1780816450,32493.6877,7
1780816452,32488.6449,9
1780816454,32483.8526,6
1780816456,32488.8885,5
1780816458,32484.7031,1
1780816460,32490.6707,7
1780816462,32478.3014,4
1780816464,32471.7185,5
1780816466,32472.9249,9
1780816468,32464.1115,5
1780816470,32454.8864,4
1780816472,32453.0963,3
1780816474,32465.2397,7
1780816476,32464.4841,1
1780816478,32457.3581,1
1780816480,32458.3777,7
1780816482,32467.9819,9
1780816484,32467.7895,5
1780816486,32468.6613,3
1780816488,32455.7000,0
1780816490,32460.9166,6
1780816492,32456.9159,9
1780816494,32455.3929,9
1780816496,32456.1956,6
1780816498,32457.2156,6
1780816500,32445.0322,2
1780816502,32449.8062,2
1780816504,32438.4536,6
1780816506,32434.6879,9
1780816508,32437.3001,1
1780816510,32446.4685,5
1780816512,32447.7746,6
1780816514,32450.1274,4
1780816516,32459.1799,9
1780816518,32453.5890,0
1780816520,32453.9322,2
1780816522,32441.5412,2
1780816524,32441.0017,7
1780816526,32450.3926,6
1780816528,32457.0043,3
1780816530,32456.3499,9
1780816532,32445.3447,7
1780816534,32457.0885,5
1780816536,32461.7469,9
1780816538,32465.4642,2
1780816540,32464.8736,6
1780816542,32460.1390,0
1780816544,32456.3647,7
1780816546,32459.9346,6
1780816548,32468.2771,1
1780816550,32475.8871,1
1780816552,32487.4983,3
1780816554,32479.5312,2
1780816556,32484.1887,7
1780816558,32489.2250,0
1780816560,32493.1733,3
1780816562,32487.9165,5
1780816564,32495.4417,7
1780816566,32494.2435,5
1780816568,32493.3770,0
1780816570,32498.1855,5
1780816572,32510.2736,6
1780816574,32517.4932,2
1780816576,32524.6301,1
1780816578,32528.6501,1
1780816580,32533.5564,4
1780816582,32527.4907,7
1780816584,32528.3382,2
1780816586,32525.9358,8
1780816588,32522.6020,0
1780816590,32523.2206,6
1780816592,32517.5320,0
1780816594,32510.1453,3
1780816596,32522.9590,0
1780816598,32526.6484,4
1780816600,32533.2980,0
1780816602,32534.4918,8
1780816604,32532.1409,9
1780816606,32540.3663,3
1780816608,32542.4379,9
1780816610,32558.6664,4
1780816612,32557.7930,0
1780816614,32552.9988,8
1780816616,32551.3661,1
1780816618,32557.2472,2
1780816620,32556.8980,0
1780816622,32555.9992,2
1780816624,32550.8096,6
1780816626,32553.5127,7
1780816628,32557.8738,8
1780816630,32559.7610,0
1780816632,32568.8877,7
1780816634,32567.3897,7
1780816636,32570.9543,3
1780816638,32572.1515,5
1780816640,32567.5093,3
1780816642,32570.9119,9
1780816644,32571.7165,5
1780816646,32574.5796,6
1780816648,32578.2120,0
1780816650,32581.5300,0
1780816652,32575.5370,0
1780816654,32564.2101,1
1780816656,32556.6666,6
1780816658,32559.3615,5
1780816660,32549.0586,6
1780816662,32548.4462,2
1780816664,32547.9501,1
1780816666,32544.7344,4
1780816668,32548.0356,6
1780816670,32543.5247,7
1780816672,32541.1828,8
1780816674,32538.3599,9
1780816676,32525.8540,0
1780816678,32520.7556,6
1780816680,32525.2268,8
1780816682,32521.6155,5
1780816684,32520.2770,0
1780816686,32503.7437,7
1780816688,32495.3365,5
1780816690,32500.1310,0
1780816692,32494.6577,7
1780816694,32493.6718,8
1780816696,32497.5930,0
1780816698,32493.5591,1
1780816700,32490.3991,1
1780816702,32490.4926,6
1780816704,32485.5259,9
1780816706,32491.7428,8
1780816708,32489.7496,6
1780816710,32489.8364,4
1780816712,32495.0117,7
1780816714,32504.8614,4
1780816716,32508.8446,6
1780816718,32499.1033,3
1780816720,32495.7959,9
1780816722,32498.6353,3
1780816724,32489.0091,1
1780816726,32493.8297,7
1780816728,32487.4783,3
1780816730,32486.1267,7
1780816732,32479.3182,2
1780816734,32486.4512,2
1780816736,32484.6108,8
1780816738,32495.9269,9
1780816740,32502.7328,8
1780816742,32506.8266,6
1780816744,32510.8580,0
1780816746,32509.3768,8
1780816748,32507.1716,6
1780816750,32508.1661,1
1780816752,32498.4192,2
1780816754,32498.8912,2
1780816756,32501.1490,0
1780816758,32498.6765,5
1780816760,32489.2825,5
1780816762,32494.1599,9
1780816764,32496.2107,7
1780816766,32494.6078,8
1780816768,32500.6265,5
1780816770,32503.6151,1
1780816772,32511.9037,7
1780816774,32517.0976,6
1780816776,32508.5495,5
1780816778,32506.6301,1
1780816780,32507.7309,9
1780816782,32502.3528,8
1780816784,32507.2636,6
1780816786,32506.7864,4
1780816788,32506.2289,9
1780816790,32506.1675,5
1780816792,32500.2087,7
1780816794,32495.0584,4
1780816796,32497.7249,9
1780816798,32494.0265,5
1780816800,32485.0710,0
1780816802,32483.0727,7
1780816804,32481.6412,2
1780816806,32491.4687,7
1780816808,32486.1865,5
1780816810,32483.2934,4
1780816812,32492.3451,1
1780816814,32501.1730,0
1780816816,32497.3986,6
1780816818,32501.5169,9
1780816820,32496.8168,8
1780816822,32491.6031,1
1780816824,32496.1409,9
1780816826,32487.7815,5
1780816828,32489.3863,3
1780816830,32481.5953,3
1780816832,32486.0623,3
1780816834,32476.3050,0
1780816836,32474.8268,8
1780816838,32473.9999,9
1780816840,32468.3059,9
1780816842,32461.6474,4
1780816844,32455.4022,2
1780816846,32450.4829,9
1780816848,32455.9380,0
1780816850,32465.0775,5
1780816852,32457.9520,0
1780816854,32458.3205,5
1780816856,32460.4890,0
1780816858,32464.4961,1
1780816860,32462.3383,3
1780816862,32451.4559,9
1780816864,32455.7491,1
1780816866,32461.8523,3
1780816868,32461.4943,3
1780816870,32460.9127,7
1780816872,32467.1151,1
1780816874,32467.8159,9
1780816876,32462.2835,5
1780816878,32465.9347,7
1780816880,32470.8631,1
1780816882,32458.4437,7
1780816884,32465.4471,1
1780816886,32464.5439,9
1780816888,32464.4979,9
1780816890,32463.7904,4
1780816892,32466.2485,5
1780816894,32462.2726,6
1780816896,32466.9880,0
1780816898,32456.9562,2
1780816900,32463.3417,7
1780816902,32465.8990,0
1780816904,32457.7902,2
1780816906,32463.5743,3
1780816908,32462.5467,7
1780816910,32476.1343,3
1780816912,32476.1845,5
1780816914,32478.7382,2
1780816916,32475.1182,2
1780816918,32470.2816,6
1780816920,32473.7015,5
1780816922,32477.9919,9
1780816924,32475.0269,9
1780816926,32469.1401,1
1780816928,32476.0060,0
1780816930,32485.3782,2
1780816932,32483.7888,8
1780816934,32489.9479,9
1780816936,32493.2952,2
1780816938,32486.4282,2
1780816940,32481.5057,7
1780816942,32475.7935,5
1780816944,32477.9762,2
1780816946,32481.5063,3
1780816948,32477.6745,5
1780816950,32475.4182,2
1780816952,32481.9919,9
1780816954,32485.1510,0
1780816956,32479.2210,0
1780816958,32475.3042,2
1780816960,32469.9081,1
1780816962,32475.7948,8
1780816964,32481.0887,7
1780816966,32472.1129,9
1780816968,32471.8460,0
1780816970,32468.3202,2
1780816972,32470.9241,1
1780816974,32470.2286,6
1780816976,32471.0326,6
1780816978,32470.6176,6
1780816980,32467.5062,2
1780816982,32475.0011,1
1780816984,32477.3832,2
1780816986,32475.0890,0
1780816988,32475.7692,2
1780816990,32476.8510,0
1780816992,32479.1781,1
1780816994,32487.5779,9
1780816996,32477.2504,4
1780816998,32481.5061,1
1780817000,32487.7258,8
1780817002,32487.4117,7
1780817004,32488.9440,0
1780817006,32484.1066,6
1780817008,32486.0631,1
1780817010,32492.8802,2
1780817012,32490.0372,2
1780817014,32487.0566,6
1780817016,32480.4409,9
1780817018,32482.3267,7
1780817020,32493.4871,1
1780817022,32496.9671,1
1780817024,32505.5233,3
1780817026,32505.6880,0
1780817028,32506.8840,0
1780817030,32506.3935,5
1780817032,32506.4153,3
1780817034,32503.4944,4
1780817036,32510.8871,1
1780817038,32498.4130,0
1780817040,32509.5762,2
1780817042,32510.9013,3
1780817044,32507.1809,9
1780817046,32494.6117,7
1780817048,32502.3885,5
1780817050,32499.7435,5
1780817052,32497.1758,8
1780817054,32490.1397,7
1780817056,32496.5305,5
1780817058,32495.9963,3
1780817060,32491.8328,8
1780817062,32490.0077,7
1780817064,32498.1424,4
1780817066,32495.7718,8
1780817068,32491.4903,3
1780817070,32489.5417,7
1780817072,32481.0947,7
1780817074,32477.8685,5
1780817076,32471.8596,6
1780817078,32467.5597,7
1780817080,32470.4036,6
1780817082,32464.4034,4
1780817084,32481.2509,9
1780817086,32486.2564,4
1780817088,32487.6536,6
1780817090,32490.0305,5
1780817092,32489.8564,4
1780817094,32488.8290,0
1780817096,32483.9915,5
1780817098,32484.4624,4
1780817100,32477.5847,7
1780817102,32470.4463,3
1780817104,32464.9154,4
1780817106,32466.7085,5
1780817108,32470.6646,6
1780817110,32465.9224,4
1780817112,32461.7267,7
1780817114,32462.9210,0
1780817116,32472.6937,7
1780817118,32468.2965,5
1780817120,32474.5858,8
1780817122,32467.6147,7
1780817124,32460.8213,3
1780817126,32466.3091,1
1780817128,32469.6323,3
1780817130,32466.5405,5
1780817132,32479.5352,2
1780817134,32462.3686,6
1780817136,32459.8031,1
1780817138,32457.3191,1
1780817140,32461.4027,7
1780817142,32467.9399,9
1780817144,32471.1390,0
1780817146,32471.2497,7
1780817148,32485.4649,9
1780817150,32490.3969,9
1780817152,32479.3386,6
1780817154,32481.1644,4
1780817156,32478.4805,5
1780817158,32479.8900,0
1780817160,32480.7226,6
1780817162,32462.7740,0
1780817164,32476.8860,0
1780817166,32473.8669,9
1780817168,32463.4245,5
1780817170,32469.8244,4
1780817172,32463.1561,1
1780817174,32468.1245,5
1780817176,32458.7276,6
1780817178,32452.0798,8
1780817180,32442.7396,6
1780817182,32434.4362,2
1780817184,32430.8819,9
1780817186,32425.8162,2
1780817188,32423.5192,2
1780817190,32422.6042,2
1780817192,32422.1101,1
1780817194,32428.1582,2
1780817196,32432.2216,6
1780817198,32427.7801,1
1780817200,32422.2496,6
1780817202,32428.7402,2
1780817204,32413.3441,1
1780817206,32407.1890,0
1780817208,32414.4696,6
1780817210,32413.8007,7
1780817212,32415.5416,6
1780817214,32420.1202,2
1780817216,32438.1126,6
1780817218,32429.7143,3
1780817220,32429.7978,8
1780817222,32424.6313,3
1780817224,32423.1288,8
1780817226,32422.3893,3
1780817228,32417.0724,4
1780817230,32425.2193,3
1780817232,32418.8614,4
1780817234,32420.4607,7
1780817236,32406.6559,9
1780817238,32406.2000,0
1780817240,32402.9157,7
1780817242,32420.3063,3
1780817244,32427.9877,7
1780817246,32431.2236,6
1780817248,32424.1777,7
1780817250,32425.9144,4
1780817252,32429.9402,2
1780817254,32431.4814,4
1780817256,32433.6726,6
1780817258,32436.6461,1
1780817260,32425.9827,7
1780817262,32427.1430,0
1780817264,32421.7933,3
1780817266,32416.6090,0
1780817268,32411.1283,3
1780817270,32401.8979,9
1780817272,32397.4939,9
1780817274,32393.1635,5
1780817276,32393.6566,6
1780817278,32401.0168,8
1780817280,32404.0136,6
1780817282,32405.0965,5
1780817284,32411.8868,8
1780817286,32412.1993,3
1780817288,32412.8248,8
1780817290,32413.4224,4
1780817292,32416.5567,7
1780817294,32416.8025,5
1780817296,32412.9097,7
1780817298,32415.1083,3
1780817300,32410.3820,0
1780817302,32405.9249,9
1780817304,32402.6325,5
1780817306,32399.6644,4
1780817308,32395.9238,8
1780817310,32393.1731,1
1780817312,32404.5796,6
1780817314,32411.5776,6
1780817316,32411.5662,2
1780817318,32404.8323,3
1780817320,32402.2087,7
1780817322,32399.5672,2
1780817324,32403.0262,2
1780817326,32402.6607,7
1780817328,32409.1171,1
1780817330,32409.4013,3
1780817332,32403.9470,0
1780817334,32406.7015,5
1780817336,32404.3761,1
1780817338,32403.1447,7
1780817340,32410.4888,8
1780817342,32403.6558,8
1780817344,32406.8608,8
1780817346,32398.5425,5
1780817348,32396.2778,8
1780817350,32397.0478,8
1780817352,32400.0491,1
1780817354,32404.4873,3
1780817356,32400.4112,2
1780817358,32406.6167,7
1780817360,32406.7331,1
1780817362,32416.9342,2
1780817364,32425.0114,4
1780817366,32418.7490,0
1780817368,32409.5395,5
1780817370,32402.4840,0
1780817372,32404.0118,8
1780817374,32404.2353,3
1780817376,32407.7653,3
1780817378,32400.5438,8
1780817380,32405.5155,5
1780817382,32408.9379,9
1780817384,32391.0439,9
1780817386,32389.5319,9
1780817388,32404.3746,6
1780817390,32400.2989,9
1780817392,32413.5414,4
1780817394,32414.1122,2
1780817396,32425.5715,5
1780817398,32423.2079,9
1780817400,32426.3788,8
1780817402,32433.5182,2
1780817404,32438.3624,4
1780817406,32427.2528,8
1780817408,32426.1799,9
1780817410,32431.5046,6
1780817412,32428.8984,4
1780817414,32429.6282,2
1780817416,32422.2229,9
1780817418,32419.5602,2
1780817420,32416.6038,8
1780817422,32415.5109,9
1780817424,32409.1544,4
1780817426,32418.9064,4
1780817428,32427.7552,2
1780817430,32420.3060,0
1780817432,32411.2130,0
1780817434,32415.7841,1
1780817436,32416.8666,6
1780817438,32422.6661,1
1780817440,32419.3595,5
1780817442,32411.4140,0
1780817444,32404.4919,9
1780817446,32394.3639,9
1780817448,32392.1476,6
1780817450,32390.3432,2
1780817452,32386.1074,4
1780817454,32389.5952,2
1780817456,32372.4279,9
1780817458,32373.7335,5
1780817460,32368.9314,4
1780817462,32370.7254,4
1780817464,32358.5311,1
1780817466,32366.4105,5
1780817468,32374.6791,1
1780817470,32380.5618,8
1780817472,32385.4944,4
1780817474,32394.7530,0
1780817476,32388.0297,7
1780817478,32391.0365,5
1780817480,32392.8736,6
1780817482,32399.6655,5
1780817484,32391.4353,3
1780817486,32390.5393,3
1780817488,32393.7864,4
1780817490,32388.8309,9
1780817492,32387.3768,8
1780817494,32379.6242,2
1780817496,32382.5368,8
1780817498,32378.8798,8
1780817500,32376.0659,9
1780817502,32371.7176,6
1780817504,32377.6036,6
1780817506,32384.1507,7
1780817508,32389.2586,6
1780817510,32394.4792,2
1780817512,32405.0952,2
1780817514,32398.1610,0
1780817516,32404.4928,8
1780817518,32409.7805,5
1780817520,32415.3480,0
1780817522,32420.7925,5
1780817524,32418.0894,4
1780817526,32420.0535,5
1780817528,32419.7668,8
1780817530,32432.4234,4
1780817532,32432.7497,7
1780817534,32427.2747,7
1780817536,32426.6810,0
1780817538,32432.4290,0
1780817540,32436.9655,5
1780817542,32446.3999,9
1780817544,32449.3989,9
1780817546,32446.7499,9
1780817548,32453.7318,8
1780817550,32465.8682,2
1780817552,32466.8587,7
1780817554,32458.9366,6
1780817556,32459.5757,7
1780817558,32469.8581,1
1780817560,32463.7219,9
1780817562,32451.7267,7
1780817564,32448.2657,7
1780817566,32441.7503,3
1780817568,32437.0519,9
1780817570,32439.3941,1
1780817572,32435.4843,3
1780817574,32440.9709,9
1780817576,32440.4112,2
1780817578,32433.4758,8
1780817580,32433.3499,9
1780817582,32430.8144,4
1780817584,32427.0889,9
1780817586,32431.5596,6
1780817588,32431.0037,7
1780817590,32429.6439,9
1780817592,32428.6459,9
1780817594,32420.6170,0
1780817596,32423.5346,6
1780817598,32432.3948,8
1780817600,32427.4947,7
1780817602,32426.1659,9
1780817604,32423.6572,2
1780817606,32422.1799,9
1780817608,32418.4200,0
1780817610,32424.4910,0
1780817612,32427.0548,8
1780817614,32428.4377,7
1780817616,32425.5827,7
1780817618,32433.2416,6
1780817620,32434.2593,3
1780817622,32426.2035,5
1780817624,32428.8400,0
1780817626,32422.0476,6
1780817628,32420.6540,0
1780817630,32422.2507,7
1780817632,32419.7450,0
1780817634,32407.8090,0
1780817636,32403.4674,4
1780817638,32410.4144,4
1780817640,32409.5143,3
1780817642,32417.6356,6
1780817644,32408.9151,1
1780817646,32414.0167,7
1780817648,32422.5988,8
1780817650,32407.3970,0
1780817652,32417.9743,3
1780817654,32426.6982,2
1780817656,32427.6352,2
1780817658,32417.1217,7
1780817660,32411.6258,8
1780817662,32408.8666,6
1780817664,32413.8599,9
1780817666,32418.7667,7
1780817668,32427.7989,9
1780817670,32437.7565,5
1780817672,32434.4067,7
1780817674,32429.5656,6
1780817676,32423.2913,3
1780817678,32411.9787,7
1780817680,32415.4427,7
1780817682,32407.0141,1
1780817684,32407.1297,7
1780817686,32410.1561,1
1780817688,32406.1675,5
1780817690,32404.5711,1
1780817692,32391.9250,0
1780817694,32384.5538,8
1780817696,32386.5243,3
1780817698,32386.1946,6
1780817700,32386.9815,5
1780817702,32384.4270,0
1780817704,32375.9138,8
1780817706,32370.0749,9
1780817708,32367.8891,1
1780817710,32385.9818,8
1780817712,32390.3699,9
1780817714,32387.7158,8
1780817716,32399.8524,4
1780817718,32402.7280,0
1780817720,32400.8775,5
1780817722,32396.6090,0
1780817724,32408.8070,0
1780817726,32411.7751,1
1780817728,32401.9924,4
1780817730,32411.2970,0
1780817732,32419.9201,1
1780817734,32420.9066,6
1780817736,32417.4339,9
1780817738,32412.0966,6
1780817740,32407.9175,5
1780817742,32401.3763,3
1780817744,32399.7196,6
1780817746,32397.7754,4
1780817748,32401.3414,4
1780817750,32397.5834,4
1780817752,32397.5207,7
1780817754,32394.9654,4
1780817756,32389.0301,1
1780817758,32389.5448,8
1780817760,32392.7378,8
1780817762,32391.1272,2
1780817764,32391.6960,0
1780817766,32396.1964,4
1780817768,32392.1939,9
1780817770,32393.2656,6
1780817772,32390.7659,9
1780817774,32394.0722,2
1780817776,32394.7646,6
1780817778,32398.7751,1
1780817780,32398.6547,7
1780817782,32403.0362,2
1780817784,32397.6320,0
1780817786,32403.0563,3
1780817788,32395.0266,6
1780817790,32390.1930,0
1780817792,32387.6848,8
1780817794,32391.3284,4
1780817796,32382.8829,9
1780817798,32375.8039,9
1780817800,32374.7067,7
1780817802,32388.7984,4
1780817804,32383.1102,2
1780817806,32381.0190,0
1780817808,32373.3349,9
1780817810,32368.4479,9
1780817812,32374.2557,7
1780817814,32358.5368,8
1780817816,32361.7700,0
1780817818,32362.9345,5
1780817820,32367.4420,0
1780817822,32383.6007,7
1780817824,32389.2699,9
1780817826,32393.4515,5
1780817828,32395.1762,2
1780817830,32387.4174,4
1780817832,32386.2385,5
1780817834,32385.1657,7
1780817836,32382.3568,8
1780817838,32384.1694,4
1780817840,32378.1855,5
1780817842,32378.3817,7
1780817844,32379.8566,6
1780817846,32382.8314,4
1780817848,32368.9255,5
1780817850,32358.7131,1
1780817852,32362.4007,7
1780817854,32360.8766,6
1780817856,32357.7121,1
1780817858,32362.5503,3
1780817860,32368.0673,3
1780817862,32375.7074,4
1780817864,32376.4081,1
1780817866,32385.6118,8
1780817868,32384.3712,2
1780817870,32389.9785,5
1780817872,32392.5740,0
1780817874,32397.3984,4
1780817876,32397.6247,7
1780817878,32406.8040,0
1780817880,32409.2737,7
1780817882,32412.3342,2
1780817884,32415.5083,3
1780817886,32415.4542,2
1780817888,32411.4227,7
1780817890,32400.2345,5
1780817892,32396.1008,8
1780817894,32386.5139,9
1780817896,32385.9500,0
1780817898,32388.3136,6
1780817900,32384.7592,2
1780817902,32390.1472,2
1780817904,32394.9129,9
1780817906,32396.3646,6
1780817908,32394.2655,5
1780817910,32404.8652,2
1780817912,32398.5241,1
1780817914,32406.2644,4
1780817916,32417.7499,9
1780817918,32419.2923,3
1780817920,32430.4794,4
1780817922,32429.6087,7
1780817924,32429.6313,3
1780817926,32434.9638,8
1780817928,32436.0409,9
1780817930,32437.0323,3
1780817932,32433.5900,0
1780817934,32423.6276,6
1780817936,32414.3818,8
1780817938,32412.5369,9
1780817940,32419.2048,8
1780817942,32420.0125,5
1780817944,32429.8331,1
1780817946,32428.0851,1
1780817948,32428.8751,1
1780817950,32425.4584,4
1780817952,32431.4344,4
1780817954,32424.2919,9
1780817956,32421.2279,9
1780817958,32413.3427,7
1780817960,32410.2075,5
1780817962,32408.8628,8
1780817964,32414.9220,0
1780817966,32403.0640,0
1780817968,32391.8655,5
1780817970,32382.1483,3
1780817972,32385.2305,5
1780817974,32383.0931,1
1780817976,32392.2719,9
1780817978,32384.1370,0
1780817980,32381.2935,5
1780817982,32385.2277,7
1780817984,32379.2970,0
1780817986,32381.7117,7
1780817988,32388.3463,3
1780817990,32389.3598,8
1780817992,32394.5054,4
1780817994,32391.1337,7
1780817996,32395.8572,2
1780817998,32398.9084,4
1780818000,32396.4625,5
1780818002,32402.7993,3
1780818004,32398.7441,1
1780818006,32403.1817,7
1780818008,32405.0798,8
1780818010,32405.1748,8
1780818012,32403.8253,3
1780818014,32406.0202,2
1780818016,32408.0879,9
1780818018,32405.8340,0
1780818020,32406.3744,4
1780818022,32399.1956,6
1780818024,32396.7302,2
1780818026,32401.5500,0
1780818028,32411.4792,2
1780818030,32405.3754,4
1780818032,32408.0822,2
1780818034,32411.5773,3
1780818036,32411.5587,7
1780818038,32407.7378,8
1780818040,32406.3020,0
1780818042,32402.6586,6
1780818044,32414.1221,1
1780818046,32409.7086,6
1780818048,32400.6965,5
1780818050,32410.8551,1
1780818052,32403.3746,6
1780818054,32404.0527,7
1780818056,32391.7356,6
1780818058,32397.3775,5
1780818060,32398.6350,0
1780818062,32406.6671,1
1780818064,32420.6093,3
1780818066,32418.6817,7
1780818068,32422.1282,2
1780818070,32419.1192,2
1780818072,32418.2729,9
1780818074,32409.8325,5
1780818076,32409.4050,0
1780818078,32414.9574,4
1780818080,32410.7125,5
1780818082,32400.9814,4
1780818084,32402.5455,5
1780818086,32393.0668,8
1780818088,32409.5254,4
1780818090,32399.3535,5
1780818092,32404.9432,2
1780818094,32410.6028,8
1780818096,32414.2843,3
1780818098,32410.7169,9
1780818100,32406.4880,0
1780818102,32400.0503,3
1780818104,32391.8882,2
1780818106,32397.3127,7
1780818108,32402.9030,0
1780818110,32395.2972,2
1780818112,32388.3958,8
1780818114,32388.0562,2
1780818116,32389.4368,8
1780818118,32393.7080,0
1780818120,32386.8287,7
1780818122,32386.7222,2
1780818124,32387.7458,8
1780818126,32390.3113,3
1780818128,32384.5519,9
1780818130,32387.2163,3
1780818132,32398.6798,8
1780818134,32400.2625,5
1780818136,32396.5842,2
1780818138,32397.0536,6
1780818140,32401.8558,8
1780818142,32404.7479,9
1780818144,32406.0591,1
1780818146,32385.2208,8
1780818148,32379.1465,5
1780818150,32381.1819,9
1780818152,32379.1278,8
1780818154,32369.6553,3
1780818156,32364.0284,4
1780818158,32362.6971,1
1780818160,32361.2927,7
1780818162,32358.6775,5
1780818164,32353.4416,6
1780818166,32353.1773,3
1780818168,32358.9892,2
1780818170,32356.4005,5
1780818172,32363.1922,2
1780818174,32363.6726,6
1780818176,32365.6474,4
1780818178,32370.2795,5
1780818180,32379.4497,7
1780818182,32385.3648,8
1780818184,32383.6286,6
1780818186,32379.0695,5
1780818188,32382.6548,8
1780818190,32385.2504,4
1780818192,32386.6526,6
1780818194,32390.4994,4
1780818196,32391.0965,5
1780818198,32378.0988,8
1780818200,32381.0616,6
1780818202,32380.8395,5
1780818204,32389.6471,1
1780818206,32375.9588,8
1780818208,32374.8752,2
1780818210,32375.5799,9
1780818212,32391.1151,1
1780818214,32388.1233,3
1780818216,32387.5902,2
1780818218,32386.0302,2
1780818220,32389.6882,2
1780818222,32377.7117,7
1780818224,32385.0422,2
1780818226,32383.1795,5
1780818228,32392.0792,2
1780818230,32389.4917,7
1780818232,32387.6298,8
1780818234,32382.8517,7
1780818236,32391.4060,0
1780818238,32390.9712,2
1780818240,32395.8844,4
1780818242,32399.2231,1
1780818244,32390.4678,8
1780818246,32394.4997,7
1780818248,32394.0316,6
1780818250,32393.3557,7
1780818252,32392.6740,0
1780818254,32389.9176,6
1780818256,32397.7354,4
1780818258,32387.1773,3
1780818260,32386.2828,8
1780818262,32376.1620,0
1780818264,32385.2093,3
1780818266,32388.6778,8
1780818268,32386.6493,3
1780818270,32377.5002,2
1780818272,32371.2627,7
1780818274,32382.1091,1
1780818276,32397.5811,1
1780818278,32391.3522,2
1780818280,32390.7375,5
1780818282,32403.5149,9
1780818284,32402.1548,8
1780818286,32403.1653,3
1780818288,32410.4542,2
1780818290,32409.6367,7
1780818292,32409.4813,3
1780818294,32406.8721,1
1780818296,32405.6983,3
1780818298,32395.6602,2
1780818300,32404.1857,7
1780818302,32398.7315,5
1780818304,32400.0125,5
1780818306,32412.7099,9
1780818308,32416.0171,1
1780818310,32419.4574,4
1780818312,32410.1983,3
1780818314,32406.7311,1
1780818316,32401.1733,3
1780818318,32404.7473,3
1780818320,32394.0562,2
1780818322,32397.0413,3
1780818324,32393.7359,9
1780818326,32394.4156,6
1780818328,32395.5332,2
1780818330,32398.8940,0
1780818332,32404.6010,0
1780818334,32387.8527,7
1780818336,32380.1491,1
1780818338,32376.7652,2
1780818340,32365.9758,8
1780818342,32360.1362,2
1780818344,32372.0649,9
1780818346,32371.2234,4
1780818348,32383.0746,6
1780818350,32393.9699,9
1780818352,32401.3111,1
1780818354,32402.4714,4
1780818356,32400.8869,9
1780818358,32403.7993,3
1780818360,32404.4476,6
1780818362,32405.0957,7
1780818364,32410.5797,7
1780818366,32401.5631,1
1780818368,32403.4741,1
1780818370,32393.1070,0
1780818372,32402.0455,5
1780818374,32403.8147,7
1780818376,32408.6350,0
1780818378,32418.2471,1
1780818380,32424.0967,7
1780818382,32417.2394,4
1780818384,32415.7851,1
1780818386,32405.6597,7
1780818388,32412.8170,0
1780818390,32409.2780,0
1780818392,32413.3763,3
1780818394,32412.2485,5
1780818396,32418.3975,5
1780818398,32420.7085,5
1780818400,32421.3826,6
1780818402,32416.8682,2
1780818404,32420.0854,4
1780818406,32412.2135,5
1780818408,32417.1010,0
1780818410,32415.3447,7
1780818412,32413.8230,0
1780818414,32414.8812,2
1780818416,32401.9851,1
1780818418,32412.3475,5
1780818420,32409.3912,2
1780818422,32412.9347,7
1780818424,32412.1827,7
1780818426,32409.3495,5
1780818428,32403.5983,3
1780818430,32396.8991,1
1780818432,32392.2051,1
1780818434,32390.5829,9
1780818436,32382.8868,8
1780818438,32384.3630,0
1780818440,32384.2725,5
1780818442,32390.1373,3
1780818444,32389.5166,6
1780818446,32395.6744,4
1780818448,32396.6627,7
1780818450,32399.0195,5
1780818452,32406.9166,6
1780818454,32406.2496,6
1780818456,32406.5946,6
1780818458,32411.3228,8
1780818460,32420.6448,8
1780818462,32415.6077,7
1780818464,32409.7758,8
1780818466,32400.1121,1
1780818468,32393.9455,5
1780818470,32398.1165,5
1780818472,32389.5512,2
1780818474,32386.5022,2
1780818476,32389.7293,3
1780818478,32388.2804,4
1780818480,32387.4941,1
1780818482,32395.5095,5
1780818484,32397.8396,6
1780818486,32398.3514,4
1780818488,32405.1171,1
1780818490,32402.8006,6
1780818492,32413.2796,6
1780818494,32416.1014,4
1780818496,32401.8958,8
1780818498,32404.1973,3
1780818500,32415.8467,7
1780818502,32418.7386,6
1780818504,32411.5033,3
1780818506,32396.4536,6
1780818508,32390.1358,8
1780818510,32381.0150,0
1780818512,32383.7238,8
1780818514,32384.4633,3
1780818516,32386.6514,4
1780818518,32379.3958,8
1780818520,32373.3169,9
1780818522,32381.8833,3
1780818524,32386.5522,2
1780818526,32386.6741,1
1780818528,32385.3869,9
1780818530,32378.4071,1
1780818532,32383.7059,9
1780818534,32394.7563,3
1780818536,32390.2858,8
1780818538,32403.1403,3
1780818540,32400.9811,1
1780818542,32398.3118,8
1780818544,32390.7843,3
1780818546,32386.6378,8
1780818548,32389.0319,9
1780818550,32392.6703,3
1780818552,32396.4663,3
1780818554,32394.8350,0
1780818556,32391.8607,7
1780818558,32393.2696,6
1780818560,32391.2061,1
1780818562,32385.2870,0
1780818564,32381.8993,3
1780818566,32391.2830,0
1780818568,32382.9104,4
1780818570,32383.9592,2
1780818572,32385.9660,0
1780818574,32381.0376,6
1780818576,32375.2692,2
1780818578,32368.6178,8
1780818580,32366.8058,8
1780818582,32364.5668,8
1780818584,32363.4082,2
1780818586,32354.8119,9
1780818588,32356.2014,4
1780818590,32360.7915,5
1780818592,32355.8420,0
1780818594,32364.2255,5
1780818596,32374.9251,1
1780818598,32392.0551,1
1780818600,32392.4675,5
1780818602,32394.3490,0
1780818604,32393.7105,5
1780818606,32389.9366,6
1780818608,32390.9567,7
1780818610,32389.5979,9
1780818612,32392.3449,9
1780818614,32388.3411,1
1780818616,32392.4207,7
1780818618,32397.2319,9
1780818620,32392.4988,8
1780818622,32401.9052,2
1780818624,32400.8842,2
1780818626,32405.2455,5
1780818628,32409.7975,5
1780818630,32408.5090,0
1780818632,32416.1560,0
1780818634,32411.4029,9
1780818636,32406.9527,7
1780818638,32400.6014,4
1780818640,32399.5830,0
1780818642,32402.0812,2
1780818644,32400.3000,0
1780818646,32401.1692,2
1780818648,32399.6248,8
1780818650,32401.2613,3
1780818652,32401.1787,7
1780818654,32398.0015,5
1780818656,32389.0449,9
1780818658,32399.0318,8
1780818660,32394.5399,9
1780818662,32398.7903,3
1780818664,32385.3529,9
1780818666,32393.6926,6
1780818668,32397.7103,3
1780818670,32394.6215,5
1780818672,32396.3321,1
1780818674,32390.4695,5
1780818676,32380.2387,7
1780818678,32382.4635,5
1780818680,32393.3664,4
1780818682,32387.6308,8
1780818684,32397.0522,2
1780818686,32403.6205,5
1780818688,32398.7670,0
1780818690,32391.1792,2
1780818692,32396.4475,5
1780818694,32389.5184,4
1780818696,32389.9883,3
1780818698,32397.6833,3
1780818700,32406.0659,9
1780818702,32406.8452,2
1780818704,32406.1050,0
1780818706,32403.3418,8
1780818708,32411.1132,2
1780818710,32408.1393,3
1780818712,32397.5948,8
1780818714,32396.4704,4
1780818716,32379.7569,9
1780818718,32383.5787,7
1780818720,32389.4230,0
1780818722,32387.0696,6
1780818724,32390.0010,0
1780818726,32385.3493,3
1780818728,32393.6430,0
1780818730,32392.7473,3
1780818732,32392.5429,9
1780818734,32386.0974,4
1780818736,32384.0561,1
1780818738,32386.5585,5
1780818740,32389.7112,2
1780818742,32394.3014,4
1780818744,32409.9122,2
1780818746,32400.8777,7
1780818748,32408.1895,5
1780818750,32407.1884,4
1780818752,32408.5752,2
1780818754,32415.5529,9
1780818756,32409.6466,6
1780818758,32407.7285,5
1780818760,32407.7540,0
1780818762,32414.9347,7
1780818764,32413.2148,8
1780818766,32406.6417,7
1780818768,32417.2358,8
1780818770,32413.2592,2
1780818772,32405.8899,9
1780818774,32394.6329,9
1780818776,32399.1432,2
1780818778,32404.8986,6
1780818780,32412.4444,4
1780818782,32408.6206,6
1780818784,32417.3488,8
1780818786,32416.9643,3
1780818788,32419.7983,3
1780818790,32427.9476,6
1780818792,32417.6652,2
1780818794,32422.5493,3
1780818796,32416.0476,6
1780818798,32414.9229,9
1780818800,32418.3167,7
1780818802,32418.8861,1
1780818804,32424.6202,2
1780818806,32428.4569,9
1780818808,32432.4697,7
1780818810,32426.2527,7
1780818812,32416.2229,9
1780818814,32425.8502,2
1780818816,32422.0231,1
1780818818,32414.7156,6
1780818820,32406.7672,2
1780818822,32402.9670,0
1780818824,32403.0795,5
1780818826,32395.0629,9
1780818828,32392.7244,4
1780818830,32397.2080,0
1780818832,32394.2076,6
1780818834,32395.2394,4
1780818836,32399.3248,8
1780818838,32402.4818,8
1780818840,32393.9443,3
1780818842,32404.2645,5
1780818844,32409.6614,4
1780818846,32418.2251,1
1780818848,32417.1741,1
1780818850,32409.1381,1
1780818852,32410.3455,5
1780818854,32412.9839,9
1780818856,32418.4187,7
1780818858,32408.4219,9
1780818860,32407.2005,5
1780818862,32410.1139,9
1780818864,32410.6370,0
1780818866,32407.4785,5
1780818868,32408.7209,9
1780818870,32399.6664,4
1780818872,32394.9068,8
1780818874,32397.9657,7
1780818876,32402.5383,3
1780818878,32393.1239,9
1780818880,32390.9813,3
1780818882,32389.4172,2
1780818884,32385.5105,5
1780818886,32389.4228,8
1780818888,32379.7064,4
1780818890,32376.9581,1
1780818892,32369.5474,4
1780818894,32377.9973,3
1780818896,32377.7276,6
1780818898,32375.7410,0
1780818900,32367.9893,3
1780818902,32374.6254,4
1780818904,32377.7877,7
1780818906,32373.8103,3
1780818908,32373.2775,5
1780818910,32369.7188,8
1780818912,32366.5680,0
1780818914,32368.7260,0
1780818916,32376.9981,1
1780818918,32372.8254,4
1780818920,32368.8030,0
1780818922,32363.1825,5
1780818924,32366.2549,9
1780818926,32366.2392,2
1780818928,32369.9733,3
1780818930,32383.4578,8
1780818932,32384.2123,3
1780818934,32374.5795,5
1780818936,32362.0704,4
1780818938,32367.5995,5
1780818940,32359.8576,6
1780818942,32352.6759,9
1780818944,32360.1517,7
1780818946,32353.9000,0
1780818948,32354.3250,0
1780818950,32352.8509,9
1780818952,32342.7308,8
1780818954,32351.6842,2
1780818956,32351.1871,1
1780818958,32354.1035,5
1780818960,32352.0979,9
1780818962,32354.3387,7
1780818964,32354.8664,4
1780818966,32345.4458,8
1780818968,32330.9414,4
1780818970,32328.3594,4
1780818972,32330.6649,9
1780818974,32331.2450,0
1780818976,32331.9440,0
1780818978,32332.3055,5
1780818980,32342.6244,4
1780818982,32339.5455,5
1780818984,32343.2515,5
1780818986,32351.8184,4
1780818988,32345.0052,2
1780818990,32354.4466,6
1780818992,32356.8794,4
1780818994,32343.7686,6
1780818996,32347.8202,2
1780818998,32350.0001,1
1780819000,32350.5758,8
1780819002,32356.8351,1
1780819004,32362.1017,7
1780819006,32370.9979,9
1780819008,32383.0843,3
1780819010,32391.1183,3
1780819012,32401.8019,9
1780819014,32400.9870,0
1780819016,32401.8696,6
1780819018,32403.2751,1
1780819020,32406.8105,5
1780819022,32409.0917,7
1780819024,32425.9396,6
1780819026,32429.3582,2
1780819028,32423.6826,6
1780819030,32424.0237,7
1780819032,32414.8757,7
1780819034,32414.1158,8
1780819036,32411.0642,2
1780819038,32396.3063,3
1780819040,32397.4909,9
1780819042,32395.7394,4
1780819044,32389.8139,9
1780819046,32394.3421,1
1780819048,32387.8733,3
1780819050,32389.6771,1
1780819052,32391.1339,9
1780819054,32406.7358,8
1780819056,32407.0890,0
1780819058,32404.5589,9
1780819060,32393.5642,2
1780819062,32400.6635,5
1780819064,32412.5027,7
1780819066,32415.5565,5
1780819068,32409.8841,1
1780819070,32411.8902,2
1780819072,32416.6222,2
1780819074,32403.3768,8
1780819076,32407.0244,4
1780819078,32405.9790,0
1780819080,32406.3579,9
1780819082,32413.1498,8
1780819084,32413.5430,0
1780819086,32421.9876,6
1780819088,32437.3382,2
1780819090,32443.8164,4
1780819092,32437.4399,9
1780819094,32434.7392,2
1780819096,32432.6591,1
1780819098,32427.7681,1
1780819100,32422.9770,0
1780819102,32425.3118,8
1780819104,32424.8996,6
1780819106,32424.5324,4
1780819108,32418.2965,5
1780819110,32413.6255,5
1780819112,32407.6795,5
1780819114,32408.5951,1
1780819116,32416.6316,6
1780819118,32410.7379,9
1780819120,32419.8011,1
1780819122,32426.2858,8
1780819124,32436.5234,4
1780819126,32446.4285,5
1780819128,32442.7070,0
1780819130,32443.1559,9
1780819132,32443.8021,1
1780819134,32446.0312,2
1780819136,32435.8652,2
1780819138,32440.6082,2
1780819140,32457.7374,4
1780819142,32453.6174,4
1780819144,32457.9853,3
1780819146,32464.7747,7
1780819148,32459.4991,1
1780819150,32464.4715,5
1780819152,32464.4173,3
1780819154,32466.6048,8
1780819156,32468.3591,1
1780819158,32478.7338,8
1780819160,32477.1774,4
1780819162,32477.9556,6
1780819164,32482.5281,1
1780819166,32485.5764,4
1780819168,32482.6377,7
1780819170,32487.1158,8
1780819172,32491.4502,2
1780819174,32498.4738,8
1780819176,32493.3718,8
1780819178,32502.7098,8
1780819180,32499.5386,6
1780819182,32499.0320,0
1780819184,32492.6019,9
1780819186,32490.5453,3
1780819188,32494.4051,1
1780819190,32496.7956,6
1780819192,32496.7345,5
1780819194,32496.5257,7
1780819196,32489.7769,9
1780819198,32497.0460,0
1780819200,32500.1034,4
1780819202,32493.8605,5
1780819204,32484.6717,7
1780819206,32484.3252,2
1780819208,32494.4123,3
1780819210,32495.6702,2
1780819212,32497.5180,0
1780819214,32501.0157,7
1780819216,32502.4780,0
1780819218,32500.4635,5
1780819220,32490.6737,7
1780819222,32499.0315,5
1780819224,32499.2812,2
1780819226,32501.6537,7
1780819228,32500.1626,6
1780819230,32497.9600,0
1780819232,32489.6657,7
1780819234,32489.2702,2
1780819236,32492.3080,0
1780819238,32500.6353,3
1780819240,32497.6430,0
1780819242,32503.8189,9
1780819244,32506.8510,0
1780819246,32502.6481,1
1780819248,32509.2896,6
1780819250,32518.2342,2
1780819252,32519.7647,7
1780819254,32510.7507,7
1780819256,32512.0093,3
1780819258,32525.7489,9
1780819260,32515.5948,8
1780819262,32521.4725,5
1780819264,32513.0250,0
1780819266,32519.2767,7
1780819268,32518.6865,5
1780819270,32513.8757,7
1780819272,32512.8948,8
1780819274,32508.8741,1
1780819276,32497.4598,8
1780819278,32501.7483,3
1780819280,32498.8910,0
1780819282,32492.5002,2
1780819284,32483.2084,4
1780819286,32483.4543,3
1780819288,32493.7279,9
1780819290,32491.4794,4
1780819292,32488.8961,1
1780819294,32487.9454,4
1780819296,32502.8581,1
1780819298,32502.4214,4
1780819300,32514.4709,9
1780819302,32514.8377,7
1780819304,32514.1924,4
1780819306,32518.8810,0
1780819308,32513.4129,9
1780819310,32515.2209,9
1780819312,32518.6074,4
1780819314,32520.5537,7
1780819316,32521.6360,0
1780819318,32531.6923,3
1780819320,32531.4585,5
1780819322,32537.6023,3
1780819324,32541.3396,6
1780819326,32537.4601,1
1780819328,32526.0640,0
1780819330,32523.9638,8
1780819332,32538.4382,2
1780819334,32534.1556,6
1780819336,32542.9894,4
1780819338,32548.5440,0
1780819340,32560.8226,6
1780819342,32549.6731,1
1780819344,32561.3851,1
1780819346,32555.3376,6
1780819348,32555.2870,0
1780819350,32555.6140,0
1780819352,32550.2373,3
1780819354,32548.7701,1
1780819356,32549.6485,5
1780819358,32557.2670,0
1780819360,32561.5696,6
1780819362,32560.8733,3
1780819364,32559.2038,8
1780819366,32552.0642,2
1780819368,32537.2087,7
1780819370,32528.2425,5
1780819372,32525.2496,6
1780819374,32518.0274,4
1780819376,32516.7535,5
1780819378,32517.5861,1
1780819380,32519.5897,7
1780819382,32516.6695,5
1780819384,32522.4994,4
1780819386,32523.6731,1
1780819388,32523.6641,1
1780819390,32518.8536,6
1780819392,32518.3474,4
1780819394,32518.0415,5
1780819396,32530.0043,3
1780819398,32529.3572,2
1780819400,32522.6287,7
1780819402,32518.3473,3
1780819404,32514.9882,2
1780819406,32521.7586,6
1780819408,32517.1083,3
1780819410,32522.4859,9
1780819412,32524.7368,8
1780819414,32523.4342,2
1780819416,32535.0449,9
1780819418,32536.3668,8
1780819420,32530.8934,4
1780819422,32527.1355,5
1780819424,32518.8406,6
1780819426,32512.7193,3
1780819428,32509.0944,4
1780819430,32508.2525,5
1780819432,32516.6385,5
1780819434,32525.9288,8
1780819436,32529.0640,0
1780819438,32526.8447,7
1780819440,32534.3091,1
1780819442,32541.9197,7
1780819444,32545.4005,5
1780819446,32542.0356,6
1780819448,32546.6824,4
1780819450,32547.1686,6
1780819452,32554.3689,9
1780819454,32544.8355,5
1780819456,32544.6253,3
1780819458,32549.3374,4
1780819460,32549.6836,6
1780819462,32548.3124,4
1780819464,32543.5678,8
1780819466,32540.9291,1
1780819468,32547.8323,3
1780819470,32538.9817,7
1780819472,32535.6635,5
1780819474,32527.9505,5
1780819476,32519.3235,5
1780819478,32512.7009,9
1780819480,32508.4280,0
1780819482,32502.0094,4
1780819484,32503.2212,2
1780819486,32493.1539,9
1780819488,32496.5939,9
1780819490,32492.0112,2
1780819492,32495.7566,6
1780819494,32499.8488,8
1780819496,32490.0743,3
1780819498,32481.6984,4
1780819500,32485.1246,6
1780819502,32481.7742,2
1780819504,32482.4331,1
1780819506,32481.4991,1
1780819508,32491.0425,5
1780819510,32490.6768,8
1780819512,32490.6185,5
1780819514,32496.8255,5
1780819516,32500.3717,7
1780819518,32506.8724,4
1780819520,32502.7438,8
1780819522,32500.0761,1
1780819524,32511.2855,5
1780819526,32501.6020,0
1780819528,32503.4363,3
1780819530,32504.8135,5
1780819532,32492.4055,5
1780819534,32501.1146,6
1780819536,32489.9668,8
1780819538,32489.9326,6
1780819540,32484.4119,9
1780819542,32482.8109,9
1780819544,32471.9551,1
1780819546,32480.9843,3
1780819548,32468.6205,5
1780819550,32467.1681,1
1780819552,32458.0813,3
1780819554,32452.5161,1
1780819556,32458.6689,9
1780819558,32463.5630,0
1780819560,32465.5229,9
1780819562,32468.3511,1
1780819564,32464.7453,3
1780819566,32472.5207,7
1780819568,32470.1878,8
1780819570,32470.3585,5
1780819572,32473.0798,8
1780819574,32465.0589,9
1780819576,32463.5131,1
1780819578,32464.2119,9
1780819580,32465.3646,6
1780819582,32468.0125,5
1780819584,32468.9897,7
1780819586,32457.9735,5
1780819588,32456.0412,2
1780819590,32466.4288,8
1780819592,32472.5667,7
1780819594,32477.9268,8
1780819596,32465.1513,3
1780819598,32470.4932,2
1780819600,32464.7693,3
1780819602,32452.4610,0
1780819604,32453.7320,0
1780819606,32452.7522,2
1780819608,32460.8914,4
1780819610,32456.0841,1
1780819612,32458.9080,0
1780819614,32467.5136,6
1780819616,32471.9764,4
1780819618,32466.0805,5
1780819620,32464.0421,1
1780819622,32467.1882,2
1780819624,32476.3569,9
1780819626,32476.1244,4
1780819628,32483.0941,1
1780819630,32480.9983,3
1780819632,32466.6782,2
1780819634,32469.1402,2
1780819636,32462.4728,8
1780819638,32459.8246,6
1780819640,32452.9580,0
1780819642,32457.4121,1
1780819644,32450.6199,9
1780819646,32453.6531,1
1780819648,32460.0001,1
1780819650,32446.5518,8
1780819652,32442.6615,5
1780819654,32435.0460,0
1780819656,32437.2957,7
1780819658,32439.8556,6
1780819660,32436.6918,8
1780819662,32445.8006,6
1780819664,32445.2188,8
1780819666,32450.3655,5
1780819668,32447.4189,9
1780819670,32454.6793,3
1780819672,32456.8944,4
1780819674,32460.1129,9
1780819676,32458.6339,9
1780819678,32461.9787,7
1780819680,32460.1918,8
1780819682,32459.9234,4
1780819684,32454.7247,7
1780819686,32455.8001,1
1780819688,32450.6924,4
1780819690,32436.9118,8
1780819692,32437.9383,3
1780819694,32450.6491,1
1780819696,32448.4053,3
1780819698,32439.3603,3
1780819700,32431.1681,1
1780819702,32434.1327,7
1780819704,32433.2433,3
1780819706,32429.6348,8
1780819708,32433.8741,1
1780819710,32435.6532,2
1780819712,32438.0863,3
1780819714,32434.3435,5
1780819716,32432.7126,6
1780819718,32434.4163,3
1780819720,32436.2886,6
1780819722,32443.3727,7
1780819724,32456.3309,9
1780819726,32448.6621,1
1780819728,32455.7492,2
1780819730,32455.8003,3
1780819732,32446.9472,2
1780819734,32446.9878,8
1780819736,32442.7327,7
1780819738,32451.8072,2
1780819740,32453.7208,8
1780819742,32452.6512,2
1780819744,32445.4051,1
1780819746,32435.6169,9
1780819748,32441.3192,2
1780819750,32447.2226,6
1780819752,32449.2767,7
1780819754,32440.1349,9
1780819756,32428.4896,6
1780819758,32439.1077,7
1780819760,32437.4193,3
1780819762,32450.2439,9
1780819764,32450.3644,4
1780819766,32446.2856,6
1780819768,32444.6168,8
1780819770,32448.3122,2
1780819772,32456.8768,8
1780819774,32458.5353,3
1780819776,32470.6608,8
1780819778,32458.4243,3
1780819780,32453.9462,2
1780819782,32452.2638,8
1780819784,32446.3418,8
1780819786,32449.4617,7
1780819788,32454.8348,8
1780819790,32462.2868,8
1780819792,32480.1776,6
1780819794,32473.8810,0
1780819796,32477.4322,2
1780819798,32481.9638,8
1780819800,32491.7517,7
1780819802,32499.8906,6
1780819804,32493.3919,9
1780819806,32491.1355,5
1780819808,32485.5155,5
1780819810,32488.0179,9
1780819812,32484.7901,1
1780819814,32478.1790,0
1780819816,32486.1051,1
1780819818,32485.5879,9
1780819820,32486.9892,2
1780819822,32483.5575,5
1780819824,32481.8553,3
1780819826,32490.3046,6
1780819828,32496.8330,0
1780819830,32495.9348,8
1780819832,32500.4452,2
1780819834,32511.8549,9
1780819836,32505.8832,2
1780819838,32511.0526,6
1780819840,32517.0987,7
1780819842,32508.6782,2
1780819844,32514.4828,8
1780819846,32508.0042,2
1780819848,32512.8512,2
1780819850,32499.2524,4
1780819852,32504.6066,6
1780819854,32501.5789,9
1780819856,32518.2271,1
1780819858,32516.4461,1
1780819860,32518.1651,1
1780819862,32505.6553,3
1780819864,32505.7873,3
1780819866,32519.9367,7
1780819868,32518.4866,6
1780819870,32507.1906,6
1780819872,32504.7601,1
1780819874,32512.2762,2
1780819876,32504.6583,3
1780819878,32491.9333,3
1780819880,32495.0205,5
1780819882,32492.9990,0
1780819884,32501.3067,7
1780819886,32492.0610,0
1780819888,32495.2897,7
1780819890,32507.0182,2
1780819892,32515.7842,2
1780819894,32515.8866,6
1780819896,32515.5455,5
1780819898,32511.6727,7
1780819900,32506.5441,1
1780819902,32508.0293,3
1780819904,32510.4925,5
1780819906,32505.7067,7
1780819908,32508.4435,5
1780819910,32512.8746,6
1780819912,32512.3804,4
1780819914,32508.8794,4
1780819916,32506.3012,2
1780819918,32503.2731,1
1780819920,32506.4100,0
1780819922,32501.6294,4
1780819924,32504.8004,4
1780819926,32508.4157,7
1780819928,32503.0986,6
1780819930,32501.7667,7
1780819932,32515.3265,5
1780819934,32522.1972,2
1780819936,32520.0827,7
1780819938,32514.5206,6
1780819940,32517.6417,7
1780819942,32521.1285,5
1780819944,32525.4164,4
1780819946,32523.4376,6
1780819948,32519.2507,7
1780819950,32525.5081,1
1780819952,32533.7060,0
1780819954,32541.3135,5
1780819956,32538.9931,1
1780819958,32539.1995,5
1780819960,32536.0086,6
1780819962,32526.1316,6
1780819964,32522.9017,7
1780819966,32517.6510,0
1780819968,32524.4839,9
1780819970,32519.4452,2
1780819972,32513.0278,8
1780819974,32518.9535,5
1780819976,32509.7923,3
1780819978,32514.6296,6
1780819980,32514.3647,7
1780819982,32511.0481,1
1780819984,32520.6732,2
1780819986,32520.0150,0
1780819988,32522.4603,3
1780819990,32521.6125,5
1780819992,32525.5238,8
1780819994,32529.7733,3
1780819996,32531.4696,6
1780819998,32527.1221,1
1780820000,32536.4392,2
1780820002,32535.9409,9
1780820004,32541.5329,9
1780820006,32534.0646,6
1780820008,32531.4480,0
1780820010,32539.5111,1
1780820012,32545.1254,4
1780820014,32545.9204,4
1780820016,32539.0781,1
1780820018,32533.8040,0
1780820020,32546.8282,2
1780820022,32536.6026,6
1780820024,32530.9287,7
1780820026,32543.6933,3
1780820028,32541.6764,4
1780820030,32550.9096,6
1780820032,32552.2038,8
1780820034,32554.4090,0
1780820036,32560.7313,3
1780820038,32566.7853,3
1780820040,32557.9602,2
1780820042,32557.3814,4
1780820044,32551.0405,5
1780820046,32547.1605,5
1780820048,32549.2474,4
1780820050,32538.7052,2
1780820052,32545.6627,7
1780820054,32538.8816,6
1780820056,32533.2330,0
1780820058,32532.7771,1
1780820060,32533.0146,6
1780820062,32545.2770,0
1780820064,32558.0851,1
1780820066,32574.2387,7
1780820068,32569.8266,6
1780820070,32568.9618,8
1780820072,32571.9868,8
1780820074,32567.7797,7
1780820076,32574.1813,3
1780820078,32576.3979,9
1780820080,32571.3144,4
1780820082,32568.2341,1
1780820084,32570.0680,0
1780820086,32568.0538,8
1780820088,32571.1947,7
1780820090,32575.0990,0
1780820092,32579.9983,3
1780820094,32583.5534,4
1780820096,32578.1036,6
1780820098,32574.9913,3
1780820100,32561.1094,4
1780820102,32563.6184,4
1780820104,32571.9267,7
1780820106,32573.4244,4
1780820108,32568.7768,8
1780820110,32560.3666,6
1780820112,32556.3281,1
1780820114,32557.6077,7
1780820116,32565.1620,0
1780820118,32557.2104,4
1780820120,32563.9918,8
1780820122,32558.5242,2
1780820124,32556.6946,6
1780820126,32547.7536,6
1780820128,32555.5018,8
1780820130,32555.6764,4
1780820132,32550.7498,8
1780820134,32552.1328,8
1780820136,32544.1253,3
1780820138,32545.7468,8
1780820140,32541.1414,4
1780820142,32541.6362,2
1780820144,32546.4651,1
1780820146,32540.3314,4
1780820148,32543.9112,2
1780820150,32539.3759,9
1780820152,32548.4899,9
1780820154,32551.4790,0
1780820156,32546.2741,1
1780820158,32546.9273,3
1780820160,32548.6572,2
1780820162,32548.0397,7
1780820164,32556.0128,8
1780820166,32550.7988,8
1780820168,32550.8230,0
1780820170,32554.7003,3
1780820172,32552.2997,7
1780820174,32560.6335,5
1780820176,32560.1796,6
1780820178,32553.0883,3
1780820180,32549.7049,9
1780820182,32548.3250,0
1780820184,32551.4055,5
1780820186,32554.7854,4
1780820188,32556.8556,6
1780820190,32551.4754,4
1780820192,32550.6330,0
1780820194,32547.1998,8
1780820196,32549.0450,0
1780820198,32544.7631,1
1780820200,32542.9152,2
1780820202,32552.7672,2
1780820204,32551.3472,2
1780820206,32551.1843,3
1780820208,32544.7272,2
1780820210,32549.6180,0
1780820212,32558.9307,7
1780820214,32557.4185,5
1780820216,32557.1084,4
1780820218,32553.7505,5
1780820220,32562.8589,9
1780820222,32559.4924,4
1780820224,32560.5612,2
1780820226,32557.1059,9
1780820228,32552.7865,5
1780820230,32555.7135,5
1780820232,32551.2942,2
1780820234,32559.8296,6
1780820236,32558.4113,3
1780820238,32561.2124,4
1780820240,32576.4627,7
1780820242,32581.3137,7
1780820244,32581.9710,0
1780820246,32586.6018,8
1780820248,32580.8694,4
1780820250,32583.8330,0
1780820252,32584.8129,9
1780820254,32581.8674,4
1780820256,32577.5076,6
1780820258,32585.8890,0
1780820260,32584.5119,9
1780820262,32580.5974,4
1780820264,32571.6875,5
1780820266,32579.2259,9
1780820268,32567.4191,1
1780820270,32567.9327,7
1780820272,32557.7237,7
1780820274,32566.3921,1
1780820276,32562.8733,3
1780820278,32558.6193,3
1780820280,32558.7538,8
1780820282,32552.2377,7
1780820284,32545.9968,8
1780820286,32552.9033,3
1780820288,32540.1037,7
1780820290,32548.7307,7
1780820292,32538.4986,6
1780820294,32541.2312,2
1780820296,32536.7122,2
1780820298,32529.9199,9
1780820300,32532.0478,8
1780820302,32536.8643,3
1780820304,32550.7458,8
1780820306,32547.7363,3
1780820308,32544.1979,9
1780820310,32552.7409,9
1780820312,32556.3867,7
1780820314,32553.1144,4
1780820316,32554.2002,2
1780820318,32556.2203,3
1780820320,32556.6932,2
1780820322,32554.0314,4
1780820324,32557.6090,0
1780820326,32558.7489,9
1780820328,32555.6980,0
1780820330,32556.9117,7
1780820332,32565.0613,3
1780820334,32571.1405,5
1780820336,32561.6549,9
1780820338,32562.5786,6
1780820340,32561.1317,7
1780820342,32569.9912,2
1780820344,32564.9188,8
1780820346,32574.1947,7
1780820348,32571.6991,1
1780820350,32568.1198,8
1780820352,32573.8720,0
1780820354,32579.4324,4
1780820356,32568.6674,4
1780820358,32578.8792,2
1780820360,32578.6854,4
1780820362,32578.3412,2
1780820364,32569.6439,9
1780820366,32567.2134,4
1780820368,32573.8179,9
1780820370,32575.4517,7
1780820372,32576.1046,6
1780820374,32573.6468,8
1780820376,32572.6591,1
1780820378,32574.0469,9
1780820380,32570.6444,4
1780820382,32573.5166,6
1780820384,32570.5293,3
1780820386,32564.3437,7
1780820388,32569.8448,8
1780820390,32567.9679,9
1780820392,32564.6051,1
1780820394,32559.6858,8
1780820396,32563.3566,6
1780820398,32562.1642,2
1780820400,32559.8930,0
1780820402,32548.8471,1
1780820404,32545.8631,1
1780820406,32553.2812,2
1780820408,32556.8422,2
1780820410,32560.2583,3
1780820412,32557.5929,9
1780820414,32558.1030,0
1780820416,32559.6573,3
1780820418,32564.3711,1
1780820420,32558.4434,4
1780820422,32556.2616,6
1780820424,32564.8488,8
1780820426,32558.3707,7
1780820428,32557.3842,2
1780820430,32544.2361,1
1780820432,32536.4045,5
1780820434,32539.6962,2
1780820436,32553.3256,6
1780820438,32552.5538,8
1780820440,32542.0336,6
1780820442,32536.1392,2
1780820444,32525.7603,3
1780820446,32518.5111,1
1780820448,32519.0184,4
1780820450,32517.4871,1
1780820452,32518.8611,1
1780820454,32510.9714,4
1780820456,32514.3768,8
1780820458,32513.9603,3
1780820460,32514.6844,4
1780820462,32511.6141,1
1780820464,32506.2033,3
1780820466,32502.1018,8
1780820468,32513.4041,1
1780820470,32524.0135,5
1780820472,32528.0606,6
1780820474,32530.6124,4
1780820476,32533.8195,5
1780820478,32530.1351,1
1780820480,32534.3981,1
1780820482,32549.4026,6
1780820484,32567.9275,5
1780820486,32575.0109,9
1780820488,32580.6351,1
1780820490,32578.3919,9
1780820492,32563.0422,2
1780820494,32574.7798,8
1780820496,32578.4432,2
1780820498,32588.4972,2
1780820500,32604.1310,0
1780820502,32604.8527,7
1780820504,32611.2023,3
1780820506,32610.7294,4
1780820508,32602.8784,4
1780820510,32601.4476,6
1780820512,32605.5104,4
1780820514,32601.6323,3
1780820516,32604.6666,6
1780820518,32615.6122,2
1780820520,32619.6731,1
1780820522,32611.3640,0
1780820524,32602.8721,1
1780820526,32604.6498,8
1780820528,32605.5437,7
1780820530,32602.4015,5
1780820532,32605.1027,7
1780820534,32612.8053,3
1780820536,32608.9495,5
1780820538,32606.1575,5
1780820540,32615.0238,8
1780820542,32619.6084,4
1780820544,32629.1410,0
1780820546,32618.9330,0
1780820548,32628.7560,0
1780820550,32628.0954,4
1780820552,32620.7241,1
1780820554,32629.1308,8
1780820556,32624.6752,2
1780820558,32627.8248,8
1780820560,32618.6589,9
1780820562,32621.1109,9
1780820564,32618.0207,7
1780820566,32618.4866,6
1780820568,32631.6887,7
1780820570,32630.0743,3
1780820572,32623.1433,3
1780820574,32627.2961,1
1780820576,32625.8376,6
1780820578,32622.4459,9
1780820580,32619.2200,0
1780820582,32619.2898,8
1780820584,32630.9640,0
1780820586,32633.3150,0
1780820588,32628.5500,0
1780820590,32640.3471,1
1780820592,32631.1358,8
1780820594,32625.9246,6
1780820596,32617.7038,8
1780820598,32616.0115,5
1780820600,32619.1044,4
1780820602,32619.8724,4
1780820604,32619.5356,6
1780820606,32624.5041,1
1780820608,32620.2724,4
1780820610,32621.8593,3
1780820612,32622.9850,0
1780820614,32626.5086,6
1780820616,32624.4506,6
1780820618,32619.1751,1
1780820620,32624.1109,9
1780820622,32620.9823,3
1780820624,32616.4364,4
1780820626,32614.6436,6
1780820628,32605.0587,7
1780820630,32602.0556,6
1780820632,32595.3606,6
1780820634,32597.8924,4
1780820636,32589.2870,0
1780820638,32602.7368,8
1780820640,32604.1920,0
1780820642,32614.9182,2
1780820644,32611.9895,5
1780820646,32606.9063,3
1780820648,32608.8029,9
1780820650,32613.7749,9
1780820652,32614.9983,3
1780820654,32622.2639,9
1780820656,32616.6610,0
1780820658,32608.1278,8
1780820660,32614.5771,1
1780820662,32614.6156,6
1780820664,32612.5847,7
1780820666,32616.9882,2
1780820668,32612.9207,7
1780820670,32617.2575,5
1780820672,32617.7412,2
1780820674,32608.2441,1
1780820676,32615.8322,2
1780820678,32612.9903,3
1780820680,32626.9408,8
1780820682,32623.9265,5
1780820684,32628.4863,3
1780820686,32633.8824,4
1780820688,32634.7483,3
1780820690,32641.4205,5
1780820692,32649.3467,7
1780820694,32650.3227,7
1780820696,32642.7396,6
1780820698,32645.2459,9
1780820700,32643.3545,5
1780820702,32630.5608,8
1780820704,32640.0985,5
1780820706,32632.3163,3
1780820708,32636.1720,0
1780820710,32633.2867,7
1780820712,32640.6217,7
1780820714,32637.3876,6
1780820716,32639.4557,7
1780820718,32629.1881,1
1780820720,32629.5826,6
1780820722,32638.3611,1
1780820724,32645.9141,1
1780820726,32646.4536,6
1780820728,32643.4356,6
1780820730,32639.7347,7
1780820732,32630.0565,5
1780820734,32629.9186,6
1780820736,32638.0131,1
1780820738,32647.4026,6
1780820740,32647.2256,6
1780820742,32642.7799,9
1780820744,32653.3500,0
1780820746,32657.1194,4
1780820748,32655.2490,0
1780820750,32652.6897,7
1780820752,32654.2119,9
1780820754,32639.4228,8
1780820756,32637.3665,5
1780820758,32630.3931,1
1780820760,32629.5459,9
1780820762,32625.1754,4
1780820764,32614.1604,4
1780820766,32613.6416,6
1780820768,32622.5203,3
1780820770,32621.9247,7
1780820772,32623.3800,0
1780820774,32621.2511,1
1780820776,32617.9747,7
1780820778,32613.0848,8
1780820780,32611.2746,6
1780820782,32621.9305,5
1780820784,32623.1199,9
1780820786,32633.5809,9
1780820788,32631.3444,4
1780820790,32637.9561,1
1780820792,32638.0544,4
1780820794,32646.9154,4
1780820796,32643.8616,6
1780820798,32650.9104,4
1780820800,32658.2552,2
1780820802,32663.9604,4
1780820804,32658.9684,4
1780820806,32654.7813,3
1780820808,32650.1428,8
1780820810,32647.6448,8
1780820812,32648.2545,5
1780820814,32656.3850,0
1780820816,32649.5633,3
1780820818,32650.0645,5
1780820820,32651.4550,0
1780820822,32651.7821,1
1780820824,32654.3257,7
1780820826,32661.4953,3
1780820828,32658.8423,3
1780820830,32661.0334,4
1780820832,32658.3013,3
1780820834,32656.9147,7
1780820836,32662.4717,7
1780820838,32660.8638,8
1780820840,32645.2014,4
1780820842,32652.5660,0
1780820844,32644.2851,1
1780820846,32642.2704,4
1780820848,32638.5160,0
1780820850,32635.0107,7
1780820852,32634.5043,3
1780820854,32635.5131,1
1780820856,32637.3157,7
1780820858,32636.7394,4
1780820860,32637.2535,5
1780820862,32641.3376,6
1780820864,32657.8557,7
1780820866,32652.5676,6
1780820868,32657.2490,0
1780820870,32666.6732,2
1780820872,32664.3998,8
1780820874,32655.8571,1
1780820876,32655.2452,2
1780820878,32656.8641,1
1780820880,32658.0735,5
1780820882,32652.7611,1
1780820884,32656.3854,4
1780820886,32657.4932,2
1780820888,32657.4139,9
1780820890,32648.6875,5
1780820892,32648.2910,0
1780820894,32653.0887,7
1780820896,32651.1673,3
1780820898,32653.2623,3
1780820900,32653.5153,3
1780820902,32650.9781,1
1780820904,32647.1264,4
1780820906,32640.8079,9
1780820908,32634.4487,7
1780820910,32642.7502,2
1780820912,32651.6974,4
1780820914,32656.7854,4
1780820916,32649.2313,3
1780820918,32640.7731,1
1780820920,32636.2089,9
1780820922,32644.0689,9
1780820924,32638.3769,9
1780820926,32639.5141,1
1780820928,32638.7556,6
1780820930,32632.8710,0
1780820932,32629.0757,7
1780820934,32623.9561,1
